split,seed,episode_id,method,mask_f1,precision,recall,occluded_recall,passive_false_attribution,effect_error,target_success,unsafe_contact,brier,calibration_error,success_probability,unsafe_probability,passive_amp,occlusion,articulation,distractor
combined_hard_shift,0,0,full_causal_scene_flow_model,0.74074,0.58824,1.00000,1.00000,0.32558,0.38253,1,0,0.12254,0.24012,0.57124,0.10092,0.62000,0.34000,0.48000,0.40000
combined_hard_shift,0,0,minus_action_conditioning,0.74074,0.58824,1.00000,1.00000,0.32558,0.39592,0,0,0.14596,0.24936,0.55490,0.14016,0.62000,0.34000,0.48000,0.40000
combined_hard_shift,0,0,minus_passive_flow_factor,0.61538,0.44444,1.00000,1.00000,0.58140,0.46080,0,0,0.17327,0.30264,0.38903,0.21179,0.62000,0.34000,0.48000,0.40000
combined_hard_shift,0,0,minus_articulation_graph,0.73077,0.59375,0.95000,0.85714,0.30233,0.36394,0,0,0.12558,0.21781,0.55763,0.13765,0.62000,0.34000,0.48000,0.40000
combined_hard_shift,0,0,minus_occlusion_reasoning,0.74074,0.58824,1.00000,1.00000,0.32558,0.38253,1,0,0.12685,0.24156,0.55624,0.14016,0.62000,0.34000,0.48000,0.40000
combined_hard_shift,0,0,correlation_only_causal_head,0.72727,0.57143,1.00000,1.00000,0.34884,0.38599,1,1,0.14734,0.24922,0.53995,0.14667,0.62000,0.34000,0.48000,0.40000
combined_hard_shift,0,0,mask_only_no_effect_predictor,0.74074,0.58824,1.00000,1.00000,0.32558,0.80253,1,0,0.12254,0.24012,0.39424,0.14016,0.62000,0.34000,0.48000,0.40000
combined_hard_shift,0,1,full_causal_scene_flow_model,0.49438,0.32836,1.00000,1.00000,0.93750,0.46614,0,0,0.23087,0.36522,0.21909,0.22428,0.62000,0.34000,0.48000,0.40000
combined_hard_shift,0,1,minus_action_conditioning,0.55000,0.37931,1.00000,1.00000,0.75000,0.44353,0,1,0.19130,0.30134,0.29778,0.25900,0.62000,0.34000,0.48000,0.40000
combined_hard_shift,0,1,minus_passive_flow_factor,0.48889,0.32353,1.00000,1.00000,0.95833,0.46762,1,0,0.20353,0.33859,0.19426,0.31733,0.62000,0.34000,0.48000,0.40000
combined_hard_shift,0,1,minus_articulation_graph,0.50000,0.33333,1.00000,1.00000,0.91667,0.46470,0,1,0.21061,0.32811,0.21400,0.30567,0.62000,0.34000,0.48000,0.40000
combined_hard_shift,0,1,minus_occlusion_reasoning,0.49438,0.32836,1.00000,1.00000,0.93750,0.46614,0,1,0.22609,0.35579,0.20409,0.31150,0.62000,0.34000,0.48000,0.40000
combined_hard_shift,0,1,correlation_only_causal_head,0.51163,0.34375,1.00000,1.00000,0.87500,0.45900,1,0,0.18896,0.30264,0.23437,0.29400,0.62000,0.34000,0.48000,0.40000
combined_hard_shift,0,1,mask_only_no_effect_predictor,0.49438,0.32836,1.00000,1.00000,0.93750,0.88614,0,0,0.23087,0.36522,0.04209,0.31150,0.62000,0.34000,0.48000,0.40000
combined_hard_shift,0,2,full_causal_scene_flow_model,0.91429,1.00000,0.84211,0.66667,0.00000,0.79677,0,0,0.07780,0.08283,0.74246,0.04437,0.62000,0.34000,0.48000,0.40000
combined_hard_shift,0,2,minus_action_conditioning,0.91892,0.94444,0.89474,0.83333,0.02222,0.86522,0,0,0.12143,0.16728,0.71763,0.06364,0.62000,0.34000,0.48000,0.40000
combined_hard_shift,0,2,minus_passive_flow_factor,0.45783,0.29688,1.00000,1.00000,1.00000,0.80972,0,1,0.25082,0.39119,0.12664,0.32900,0.62000,0.34000,0.48000,0.40000
combined_hard_shift,0,2,minus_articulation_graph,0.53846,1.00000,0.36842,0.33333,0.00000,0.76401,0,0,0.10286,0.07040,0.46766,0.09953,0.62000,0.34000,0.48000,0.40000
combined_hard_shift,0,2,minus_occlusion_reasoning,0.81250,1.00000,0.68421,0.16667,0.00000,0.63211,1,0,0.08970,0.08917,0.67267,0.07426,0.62000,0.34000,0.48000,0.40000
combined_hard_shift,0,2,correlation_only_causal_head,0.46753,0.31034,0.94737,0.83333,0.88889,0.76849,0,0,0.19567,0.30123,0.16867,0.30210,0.62000,0.34000,0.48000,0.40000
combined_hard_shift,0,2,mask_only_no_effect_predictor,0.91429,1.00000,0.84211,0.66667,0.00000,1.21677,0,0,0.07780,0.08283,0.58713,0.06163,0.62000,0.34000,0.48000,0.40000
combined_hard_shift,0,3,full_causal_scene_flow_model,0.75000,0.60000,1.00000,1.00000,0.31111,0.98395,0,0,0.08574,0.16143,0.52163,0.09800,0.62000,0.34000,0.48000,0.40000
combined_hard_shift,0,3,minus_action_conditioning,0.67742,0.51220,1.00000,1.00000,0.44444,1.06767,0,0,0.16204,0.24473,0.41688,0.17344,0.62000,0.34000,0.48000,0.40000
combined_hard_shift,0,3,minus_passive_flow_factor,0.77778,0.63636,1.00000,1.00000,0.26667,0.91031,1,0,0.13446,0.27107,0.54588,0.12367,0.62000,0.34000,0.48000,0.40000
combined_hard_shift,0,3,minus_articulation_graph,0.84444,0.79167,0.90476,0.71429,0.11111,0.78322,1,0,0.09234,0.13460,0.64881,0.08773,0.62000,0.34000,0.48000,0.40000
combined_hard_shift,0,3,minus_occlusion_reasoning,0.75472,0.62500,0.95238,0.85714,0.26667,0.94504,0,1,0.09130,0.15819,0.52627,0.12748,0.62000,0.34000,0.48000,0.40000
combined_hard_shift,0,3,correlation_only_causal_head,0.93023,0.90909,0.95238,0.85714,0.04444,0.68769,1,0,0.11532,0.20663,0.73708,0.06525,0.62000,0.34000,0.48000,0.40000
combined_hard_shift,0,3,mask_only_no_effect_predictor,0.75000,0.60000,1.00000,1.00000,0.31111,1.40395,0,0,0.08574,0.16143,0.38502,0.13611,0.62000,0.34000,0.48000,0.40000
combined_hard_shift,0,4,full_causal_scene_flow_model,0.72727,0.58537,0.96000,0.87500,0.45946,0.52301,0,0,0.10423,0.18900,0.51028,0.13021,0.62000,0.34000,0.48000,0.40000
combined_hard_shift,0,4,minus_action_conditioning,0.74627,0.59524,1.00000,1.00000,0.45946,0.53217,1,0,0.13266,0.21231,0.50766,0.17765,0.62000,0.34000,0.48000,0.40000
combined_hard_shift,0,4,minus_passive_flow_factor,0.72464,0.56818,1.00000,1.00000,0.51351,0.54327,1,0,0.13945,0.24858,0.47627,0.19278,0.62000,0.34000,0.48000,0.40000
combined_hard_shift,0,4,minus_articulation_graph,0.75000,0.61538,0.96000,0.87500,0.40541,0.51371,1,0,0.10322,0.16216,0.52725,0.16571,0.62000,0.34000,0.48000,0.40000
combined_hard_shift,0,4,minus_occlusion_reasoning,0.72727,0.58537,0.96000,0.87500,0.45946,0.52301,0,0,0.10753,0.18492,0.49528,0.18085,0.62000,0.34000,0.48000,0.40000
combined_hard_shift,0,4,correlation_only_causal_head,0.72727,0.58537,0.96000,0.87500,0.45946,0.51855,1,1,0.12193,0.18931,0.49572,0.18085,0.62000,0.34000,0.48000,0.40000
combined_hard_shift,0,4,mask_only_no_effect_predictor,0.72727,0.58537,0.96000,0.87500,0.45946,0.94301,0,0,0.10423,0.18900,0.33328,0.18085,0.62000,0.34000,0.48000,0.40000
combined_hard_shift,0,5,full_causal_scene_flow_model,0.66667,0.54286,0.86364,0.57143,0.32653,1.00025,0,0,0.13895,0.20416,0.45737,0.10896,0.62000,0.34000,0.48000,0.40000
combined_hard_shift,0,5,minus_action_conditioning,0.64706,0.47826,1.00000,1.00000,0.48980,1.12328,0,0,0.20680,0.26012,0.38293,0.18614,0.62000,0.34000,0.48000,0.40000
combined_hard_shift,0,5,minus_passive_flow_factor,0.56410,0.39286,1.00000,1.00000,0.69388,0.83798,0,0,0.17600,0.31861,0.28392,0.24329,0.62000,0.34000,0.48000,0.40000
combined_hard_shift,0,5,minus_articulation_graph,0.69565,0.66667,0.72727,0.14286,0.16327,0.76678,0,1,0.14578,0.16765,0.53170,0.11653,0.62000,0.34000,0.48000,0.40000
combined_hard_shift,0,5,minus_occlusion_reasoning,0.69231,0.60000,0.81818,0.42857,0.24490,0.90667,0,0,0.14293,0.20023,0.49251,0.13212,0.62000,0.34000,0.48000,0.40000
combined_hard_shift,0,5,correlation_only_causal_head,0.70968,0.55000,1.00000,1.00000,0.36735,0.73032,0,0,0.15722,0.25735,0.48802,0.15186,0.62000,0.34000,0.48000,0.40000
combined_hard_shift,0,5,mask_only_no_effect_predictor,0.66667,0.54286,0.86364,0.57143,0.32653,1.42025,0,0,0.13895,0.20416,0.32237,0.15134,0.62000,0.34000,0.48000,0.40000
combined_hard_shift,0,6,full_causal_scene_flow_model,0.89362,0.80769,1.00000,1.00000,0.10870,0.70441,1,0,0.08365,0.19775,0.70679,0.05719,0.62000,0.34000,0.48000,0.40000
combined_hard_shift,0,6,minus_action_conditioning,0.64615,0.47727,1.00000,1.00000,0.50000,1.03718,0,0,0.15186,0.25817,0.37944,0.18900,0.62000,0.34000,0.48000,0.40000
combined_hard_shift,0,6,minus_passive_flow_factor,0.82353,0.70000,1.00000,1.00000,0.19565,0.79359,0,0,0.14032,0.28067,0.60946,0.10378,0.62000,0.34000,0.48000,0.40000
combined_hard_shift,0,6,minus_articulation_graph,0.93333,0.87500,1.00000,1.00000,0.06522,0.65105,1,0,0.08515,0.17347,0.73710,0.06726,0.62000,0.34000,0.48000,0.40000
combined_hard_shift,0,6,minus_occlusion_reasoning,0.93333,0.87500,1.00000,1.00000,0.06522,0.65105,1,0,0.08816,0.19685,0.73710,0.06726,0.62000,0.34000,0.48000,0.40000
combined_hard_shift,0,6,correlation_only_causal_head,0.97674,0.95455,1.00000,1.00000,0.02174,0.58161,1,0,0.11480,0.21947,0.78661,0.05509,0.62000,0.34000,0.48000,0.40000
combined_hard_shift,0,6,mask_only_no_effect_predictor,0.89362,0.80769,1.00000,1.00000,0.10870,1.12441,1,0,0.08365,0.19775,0.54223,0.07943,0.62000,0.34000,0.48000,0.40000
combined_hard_shift,0,7,full_causal_scene_flow_model,1.00000,1.00000,1.00000,1.00000,0.00000,0.36109,1,0,0.06146,0.12467,0.84603,0.03528,0.62000,0.34000,0.48000,0.40000
combined_hard_shift,0,7,minus_action_conditioning,0.78873,0.66667,0.96552,0.90000,0.35897,0.70052,1,0,0.13957,0.17201,0.54868,0.15227,0.62000,0.34000,0.48000,0.40000
combined_hard_shift,0,7,minus_passive_flow_factor,0.78378,0.64444,1.00000,1.00000,0.41026,0.52356,0,0,0.11638,0.21884,0.54856,0.16387,0.62000,0.34000,0.48000,0.40000
combined_hard_shift,0,7,minus_articulation_graph,0.96429,1.00000,0.93103,0.80000,0.00000,0.33004,1,0,0.07846,0.09457,0.80913,0.05452,0.62000,0.34000,0.48000,0.40000
combined_hard_shift,0,7,minus_occlusion_reasoning,0.98246,1.00000,0.96552,0.90000,0.00000,0.34311,1,0,0.07243,0.11912,0.82054,0.05176,0.62000,0.34000,0.48000,0.40000
combined_hard_shift,0,7,correlation_only_causal_head,1.00000,1.00000,1.00000,1.00000,0.00000,0.36109,0,0,0.10340,0.15315,0.83103,0.04900,0.62000,0.34000,0.48000,0.40000
combined_hard_shift,0,7,mask_only_no_effect_predictor,1.00000,1.00000,1.00000,1.00000,0.00000,0.78109,0,0,0.06146,0.12467,0.66903,0.04900,0.62000,0.34000,0.48000,0.40000
combined_hard_shift,0,8,full_causal_scene_flow_model,0.67857,0.51351,1.00000,1.00000,0.41860,0.37152,0,0,0.12297,0.23962,0.50277,0.11967,0.62000,0.34000,0.48000,0.40000
combined_hard_shift,0,8,minus_action_conditioning,0.67857,0.51351,1.00000,1.00000,0.41860,0.37152,0,0,0.14890,0.26476,0.48777,0.16621,0.62000,0.34000,0.48000,0.40000
combined_hard_shift,0,8,minus_passive_flow_factor,0.67857,0.51351,1.00000,1.00000,0.41860,0.37152,1,0,0.13213,0.26047,0.48777,0.16621,0.62000,0.34000,0.48000,0.40000
combined_hard_shift,0,8,minus_articulation_graph,0.69091,0.52778,1.00000,1.00000,0.39535,0.36785,1,0,0.11929,0.22029,0.50329,0.15970,0.62000,0.34000,0.48000,0.40000
combined_hard_shift,0,8,minus_occlusion_reasoning,0.67857,0.51351,1.00000,1.00000,0.41860,0.37152,0,0,0.12494,0.23787,0.48777,0.16621,0.62000,0.34000,0.48000,0.40000
combined_hard_shift,0,8,correlation_only_causal_head,0.76000,0.61290,1.00000,1.00000,0.27907,0.34548,1,1,0.11575,0.20524,0.58645,0.12714,0.62000,0.34000,0.48000,0.40000
combined_hard_shift,0,8,mask_only_no_effect_predictor,0.67857,0.51351,1.00000,1.00000,0.41860,0.79152,0,0,0.12297,0.23962,0.32577,0.16621,0.62000,0.34000,0.48000,0.40000
combined_hard_shift,0,9,full_causal_scene_flow_model,1.00000,1.00000,1.00000,1.00000,0.00000,0.14900,0,0,0.06206,0.18159,0.86723,0.03528,0.62000,0.34000,0.48000,0.40000
combined_hard_shift,0,9,minus_action_conditioning,0.80702,0.67647,1.00000,1.00000,0.22000,0.41393,1,0,0.14242,0.24466,0.62905,0.11060,0.62000,0.34000,0.48000,0.40000
combined_hard_shift,0,9,minus_passive_flow_factor,0.80702,0.67647,1.00000,1.00000,0.22000,0.41472,1,0,0.12061,0.23695,0.62898,0.11060,0.62000,0.34000,0.48000,0.40000
combined_hard_shift,0,9,minus_articulation_graph,1.00000,1.00000,1.00000,1.00000,0.00000,0.14900,1,0,0.06625,0.16042,0.85223,0.04900,0.62000,0.34000,0.48000,0.40000
combined_hard_shift,0,9,minus_occlusion_reasoning,1.00000,1.00000,1.00000,1.00000,0.00000,0.14900,1,0,0.06845,0.18045,0.85223,0.04900,0.62000,0.34000,0.48000,0.40000
combined_hard_shift,0,9,correlation_only_causal_head,1.00000,1.00000,1.00000,1.00000,0.00000,0.14900,1,0,0.10136,0.17298,0.85223,0.04900,0.62000,0.34000,0.48000,0.40000
combined_hard_shift,0,9,mask_only_no_effect_predictor,1.00000,1.00000,1.00000,1.00000,0.00000,0.56900,1,0,0.06206,0.18159,0.69023,0.04900,0.62000,0.34000,0.48000,0.40000
combined_hard_shift,0,10,full_causal_scene_flow_model,0.78378,0.64444,1.00000,1.00000,0.39024,0.41037,0,0,0.12150,0.22470,0.58048,0.11395,0.62000,0.34000,0.48000,0.40000
combined_hard_shift,0,10,minus_action_conditioning,0.78378,0.64444,1.00000,1.00000,0.39024,0.41037,1,0,0.15095,0.22762,0.56548,0.15827,0.62000,0.34000,0.48000,0.40000
combined_hard_shift,0,10,minus_passive_flow_factor,0.82857,0.70732,1.00000,1.00000,0.29268,0.37384,1,0,0.10933,0.20275,0.62780,0.13095,0.62000,0.34000,0.48000,0.40000
combined_hard_shift,0,10,minus_articulation_graph,0.78378,0.64444,1.00000,1.00000,0.39024,0.41037,1,0,0.11480,0.20075,0.56548,0.15827,0.62000,0.34000,0.48000,0.40000
combined_hard_shift,0,10,minus_occlusion_reasoning,0.78378,0.64444,1.00000,1.00000,0.39024,0.41037,1,0,0.12259,0.21855,0.56548,0.15827,0.62000,0.34000,0.48000,0.40000
combined_hard_shift,0,10,correlation_only_causal_head,0.87879,0.78378,1.00000,1.00000,0.19512,0.32234,0,0,0.10370,0.14838,0.69542,0.10363,0.62000,0.34000,0.48000,0.40000
combined_hard_shift,0,10,mask_only_no_effect_predictor,0.78378,0.64444,1.00000,1.00000,0.39024,0.83037,1,0,0.12150,0.22470,0.40348,0.15827,0.62000,0.34000,0.48000,0.40000
combined_hard_shift,0,11,full_causal_scene_flow_model,0.77143,0.64286,0.96429,0.90000,0.44118,0.28989,1,0,0.14413,0.23420,0.56962,0.12628,0.62000,0.34000,0.48000,0.40000
combined_hard_shift,0,11,minus_action_conditioning,0.76056,0.62791,0.96429,0.90000,0.47059,0.30078,0,0,0.14867,0.21233,0.53769,0.18362,0.62000,0.34000,0.48000,0.40000
combined_hard_shift,0,11,minus_passive_flow_factor,0.78873,0.65116,1.00000,1.00000,0.44118,0.28938,1,0,0.12847,0.21499,0.56678,0.17253,0.62000,0.34000,0.48000,0.40000
combined_hard_shift,0,11,minus_articulation_graph,0.77143,0.64286,0.96429,0.90000,0.44118,0.28989,0,1,0.13981,0.21056,0.55462,0.17539,0.62000,0.34000,0.48000,0.40000
combined_hard_shift,0,11,minus_occlusion_reasoning,0.77143,0.64286,0.96429,0.90000,0.44118,0.28989,1,0,0.14512,0.22959,0.55462,0.17539,0.62000,0.34000,0.48000,0.40000
combined_hard_shift,0,11,correlation_only_causal_head,0.79412,0.67500,0.96429,0.90000,0.38235,0.28010,0,0,0.12162,0.15949,0.58795,0.15892,0.62000,0.34000,0.48000,0.40000
combined_hard_shift,0,11,mask_only_no_effect_predictor,0.77143,0.64286,0.96429,0.90000,0.44118,0.70989,1,0,0.14413,0.23420,0.39262,0.17539,0.62000,0.34000,0.48000,0.40000
combined_hard_shift,0,12,full_causal_scene_flow_model,0.75325,0.60417,1.00000,1.00000,0.38776,0.74859,1,0,0.09718,0.20054,0.52598,0.11345,0.62000,0.34000,0.48000,0.40000
combined_hard_shift,0,12,minus_action_conditioning,0.70732,0.54717,1.00000,1.00000,0.48980,0.83073,0,0,0.18421,0.25049,0.44204,0.18614,0.62000,0.34000,0.48000,0.40000
combined_hard_shift,0,12,minus_passive_flow_factor,0.79452,0.65909,1.00000,1.00000,0.30612,0.68270,0,0,0.11739,0.21276,0.56931,0.13471,0.62000,0.34000,0.48000,0.40000
combined_hard_shift,0,12,minus_articulation_graph,0.90625,0.82857,1.00000,1.00000,0.12245,0.49694,1,0,0.09479,0.16350,0.71753,0.08329,0.62000,0.34000,0.48000,0.40000
combined_hard_shift,0,12,minus_occlusion_reasoning,0.79452,0.65909,1.00000,1.00000,0.30612,0.68270,1,0,0.09976,0.19193,0.56931,0.13471,0.62000,0.34000,0.48000,0.40000
combined_hard_shift,0,12,correlation_only_causal_head,0.96667,0.93548,1.00000,1.00000,0.04082,0.38715,1,0,0.11054,0.16154,0.79366,0.06043,0.62000,0.34000,0.48000,0.40000
combined_hard_shift,0,12,mask_only_no_effect_predictor,0.75325,0.60417,1.00000,1.00000,0.38776,1.16859,1,0,0.09718,0.20054,0.36584,0.15757,0.62000,0.34000,0.48000,0.40000
combined_hard_shift,0,13,full_causal_scene_flow_model,0.87719,0.80645,0.96154,0.88889,0.17647,0.95720,1,0,0.09501,0.08907,0.65104,0.07307,0.62000,0.34000,0.48000,0.40000
combined_hard_shift,0,13,minus_action_conditioning,0.77612,0.63415,1.00000,1.00000,0.44118,1.07344,1,0,0.14643,0.16142,0.48689,0.17253,0.62000,0.34000,0.48000,0.40000
combined_hard_shift,0,13,minus_passive_flow_factor,0.63415,0.46429,1.00000,1.00000,0.88235,0.80591,1,0,0.16081,0.26588,0.28339,0.29606,0.62000,0.34000,0.48000,0.40000
combined_hard_shift,0,13,minus_articulation_graph,0.76596,0.85714,0.69231,0.44444,0.08824,0.86851,1,0,0.12004,0.05835,0.59175,0.09832,0.62000,0.34000,0.48000,0.40000
combined_hard_shift,0,13,minus_occlusion_reasoning,0.85714,0.80000,0.92308,0.77778,0.17647,0.94622,0,0,0.10420,0.08758,0.62310,0.10457,0.62000,0.34000,0.48000,0.40000
combined_hard_shift,0,13,correlation_only_causal_head,0.78788,0.65000,1.00000,1.00000,0.41176,0.80659,0,0,0.14045,0.19049,0.52270,0.16429,0.62000,0.34000,0.48000,0.40000
combined_hard_shift,0,13,mask_only_no_effect_predictor,0.87719,0.80645,0.96154,0.88889,0.17647,1.37720,0,0,0.09501,0.08907,0.51176,0.10149,0.62000,0.34000,0.48000,0.40000
combined_hard_shift,0,14,full_causal_scene_flow_model,0.65854,0.50000,0.96429,0.90000,0.65854,0.74487,0,0,0.14891,0.21071,0.38423,0.17010,0.62000,0.34000,0.48000,0.40000
combined_hard_shift,0,14,minus_action_conditioning,0.73684,0.58333,1.00000,1.00000,0.48780,0.90607,1,0,0.17969,0.20421,0.45573,0.18559,0.62000,0.34000,0.48000,0.40000
combined_hard_shift,0,14,minus_passive_flow_factor,0.62222,0.45161,1.00000,1.00000,0.82927,0.60143,0,1,0.18515,0.29161,0.31035,0.28120,0.62000,0.34000,0.48000,0.40000
combined_hard_shift,0,14,minus_articulation_graph,0.65672,0.56410,0.78571,0.40000,0.41463,0.55359,1,0,0.15726,0.16842,0.45538,0.18224,0.62000,0.34000,0.48000,0.40000
combined_hard_shift,0,14,minus_occlusion_reasoning,0.63291,0.49020,0.89286,0.70000,0.63415,0.69032,1,1,0.15881,0.19735,0.36358,0.23513,0.62000,0.34000,0.48000,0.40000
combined_hard_shift,0,14,correlation_only_causal_head,0.69136,0.52830,1.00000,1.00000,0.60976,0.49842,1,0,0.17080,0.22670,0.43051,0.21973,0.62000,0.34000,0.48000,0.40000
combined_hard_shift,0,14,mask_only_no_effect_predictor,0.65854,0.50000,0.96429,0.90000,0.65854,1.16487,0,0,0.14891,0.21071,0.22372,0.23625,0.62000,0.34000,0.48000,0.40000
combined_hard_shift,0,15,full_causal_scene_flow_model,0.78261,0.72000,0.85714,0.57143,0.15909,0.87110,1,0,0.09714,0.14023,0.59831,0.07558,0.62000,0.34000,0.48000,0.40000
combined_hard_shift,0,15,minus_action_conditioning,0.65625,0.48837,1.00000,1.00000,0.50000,1.14793,0,0,0.17175,0.23407,0.38651,0.18900,0.62000,0.34000,0.48000,0.40000
combined_hard_shift,0,15,minus_passive_flow_factor,0.79245,0.65625,1.00000,1.00000,0.25000,0.94160,1,0,0.13335,0.27623,0.55769,0.11900,0.62000,0.34000,0.48000,0.40000
combined_hard_shift,0,15,minus_articulation_graph,0.78947,0.88235,0.71429,0.14286,0.04545,0.58885,1,0,0.10879,0.11075,0.64815,0.08458,0.62000,0.34000,0.48000,0.40000
combined_hard_shift,0,15,minus_occlusion_reasoning,0.74419,0.72727,0.76190,0.28571,0.13636,0.79807,1,0,0.10268,0.13897,0.57008,0.10623,0.62000,0.34000,0.48000,0.40000
combined_hard_shift,0,15,correlation_only_causal_head,0.97674,0.95455,1.00000,1.00000,0.02273,0.66821,0,0,0.11488,0.21190,0.77767,0.05536,0.62000,0.34000,0.48000,0.40000
combined_hard_shift,0,15,mask_only_no_effect_predictor,0.78261,0.72000,0.85714,0.57143,0.15909,1.29110,1,0,0.09714,0.14023,0.45042,0.10497,0.62000,0.34000,0.48000,0.40000
combined_hard_shift,0,16,full_causal_scene_flow_model,0.90000,0.81818,1.00000,1.00000,0.08889,0.54552,1,0,0.06978,0.16147,0.73269,0.05320,0.62000,0.34000,0.48000,0.40000
combined_hard_shift,0,16,minus_action_conditioning,1.00000,1.00000,1.00000,1.00000,0.00000,0.62206,1,0,0.12503,0.22483,0.80493,0.04900,0.62000,0.34000,0.48000,0.40000
combined_hard_shift,0,16,minus_passive_flow_factor,0.62069,0.45000,1.00000,1.00000,0.48889,0.54951,0,0,0.16889,0.30525,0.40978,0.18589,0.62000,0.34000,0.48000,0.40000
combined_hard_shift,0,16,minus_articulation_graph,0.94737,0.90000,1.00000,1.00000,0.04444,0.57130,1,0,0.08399,0.14337,0.76072,0.06144,0.62000,0.34000,0.48000,0.40000
combined_hard_shift,0,16,minus_occlusion_reasoning,0.90000,0.81818,1.00000,1.00000,0.08889,0.54552,1,0,0.08044,0.16113,0.71769,0.07389,0.62000,0.34000,0.48000,0.40000
combined_hard_shift,0,16,correlation_only_causal_head,0.70588,0.54545,1.00000,1.00000,0.33333,0.50981,0,0,0.13468,0.23213,0.51694,0.14233,0.62000,0.34000,0.48000,0.40000
combined_hard_shift,0,16,mask_only_no_effect_predictor,0.90000,0.81818,1.00000,1.00000,0.08889,0.96552,0,0,0.06978,0.16147,0.55569,0.07389,0.62000,0.34000,0.48000,0.40000
combined_hard_shift,0,17,full_causal_scene_flow_model,0.87500,0.95455,0.80769,0.44444,0.02273,0.55185,1,0,0.09804,0.10608,0.73309,0.05094,0.62000,0.34000,0.48000,0.40000
combined_hard_shift,0,17,minus_action_conditioning,0.80645,0.69444,0.96154,0.88889,0.25000,0.74609,1,0,0.14104,0.15764,0.58704,0.12208,0.62000,0.34000,0.48000,0.40000
combined_hard_shift,0,17,minus_passive_flow_factor,0.54167,0.37143,1.00000,1.00000,1.00000,0.72429,1,0,0.22759,0.34268,0.19387,0.32900,0.62000,0.34000,0.48000,0.40000
combined_hard_shift,0,17,minus_articulation_graph,0.79070,1.00000,0.65385,0.00000,0.00000,0.36765,1,0,0.12221,0.07915,0.68386,0.07669,0.62000,0.34000,0.48000,0.40000
combined_hard_shift,0,17,minus_occlusion_reasoning,0.81818,1.00000,0.69231,0.11111,0.00000,0.41086,0,0,0.10879,0.10811,0.69878,0.07362,0.62000,0.34000,0.48000,0.40000
combined_hard_shift,0,17,correlation_only_causal_head,0.57778,0.40625,1.00000,1.00000,0.86364,0.72164,0,0,0.18878,0.26250,0.25760,0.29082,0.62000,0.34000,0.48000,0.40000
combined_hard_shift,0,17,mask_only_no_effect_predictor,0.87500,0.95455,0.80769,0.44444,0.02273,0.97185,1,0,0.09804,0.10608,0.55609,0.07075,0.62000,0.34000,0.48000,0.40000
combined_hard_shift,0,18,full_causal_scene_flow_model,0.97143,1.00000,0.94444,0.83333,0.00000,0.80277,1,0,0.06967,0.09747,0.78186,0.03848,0.62000,0.34000,0.48000,0.40000
combined_hard_shift,0,18,minus_action_conditioning,0.87805,0.78261,1.00000,1.00000,0.11111,0.93624,0,0,0.13699,0.20616,0.65703,0.08011,0.62000,0.34000,0.48000,0.40000
combined_hard_shift,0,18,minus_passive_flow_factor,0.55385,0.38298,1.00000,1.00000,0.64444,1.06760,0,0,0.17629,0.32815,0.27438,0.22944,0.62000,0.34000,0.48000,0.40000
combined_hard_shift,0,18,minus_articulation_graph,0.50000,1.00000,0.33333,0.50000,0.00000,1.06283,0,1,0.09364,0.07787,0.41713,0.10233,0.62000,0.34000,0.48000,0.40000
combined_hard_shift,0,18,minus_occlusion_reasoning,0.90909,1.00000,0.83333,0.50000,0.00000,0.73165,1,0,0.08101,0.09930,0.73033,0.06233,0.62000,0.34000,0.48000,0.40000
combined_hard_shift,0,18,correlation_only_causal_head,0.87805,0.78261,1.00000,1.00000,0.11111,0.87494,0,0,0.13829,0.24261,0.66316,0.08011,0.62000,0.34000,0.48000,0.40000
combined_hard_shift,0,18,mask_only_no_effect_predictor,0.97143,1.00000,0.94444,0.83333,0.00000,1.22277,1,1,0.06967,0.09747,0.62713,0.05344,0.62000,0.34000,0.48000,0.40000
combined_hard_shift,0,19,full_causal_scene_flow_model,0.97959,1.00000,0.96000,0.87500,0.00000,0.45780,0,1,0.04457,0.12202,0.82207,0.03758,0.62000,0.34000,0.48000,0.40000
combined_hard_shift,0,19,minus_action_conditioning,0.92593,0.86207,1.00000,1.00000,0.11429,0.48067,0,0,0.09436,0.17518,0.73522,0.08100,0.62000,0.34000,0.48000,0.40000
combined_hard_shift,0,19,minus_passive_flow_factor,0.89286,0.80645,1.00000,1.00000,0.17143,0.49658,0,0,0.10165,0.21566,0.69448,0.09700,0.62000,0.34000,0.48000,0.40000
combined_hard_shift,0,19,minus_articulation_graph,0.97959,1.00000,0.96000,0.87500,0.00000,0.45780,1,0,0.05448,0.11004,0.80707,0.05220,0.62000,0.34000,0.48000,0.40000
combined_hard_shift,0,19,minus_occlusion_reasoning,0.97959,1.00000,0.96000,0.87500,0.00000,0.45780,1,0,0.05077,0.12516,0.80707,0.05220,0.62000,0.34000,0.48000,0.40000
combined_hard_shift,0,19,correlation_only_causal_head,0.97959,1.00000,0.96000,0.87500,0.00000,0.45780,1,0,0.08278,0.14761,0.80707,0.05220,0.62000,0.34000,0.48000,0.40000
combined_hard_shift,0,19,mask_only_no_effect_predictor,0.97959,1.00000,0.96000,0.87500,0.00000,0.87780,1,0,0.04457,0.12202,0.64507,0.05220,0.62000,0.34000,0.48000,0.40000
combined_hard_shift,0,20,full_causal_scene_flow_model,0.71875,0.56098,1.00000,1.00000,0.48649,0.56132,0,0,0.16261,0.25815,0.49291,0.13336,0.62000,0.34000,0.48000,0.40000
combined_hard_shift,0,20,minus_action_conditioning,0.74194,0.58974,1.00000,1.00000,0.43243,0.62674,0,0,0.15089,0.23438,0.50273,0.17008,0.62000,0.34000,0.48000,0.40000
combined_hard_shift,0,20,minus_passive_flow_factor,0.64789,0.47917,1.00000,1.00000,0.67568,0.38691,0,0,0.17011,0.28099,0.39278,0.23819,0.62000,0.34000,0.48000,0.40000
combined_hard_shift,0,20,minus_articulation_graph,0.67742,0.53846,0.91304,1.00000,0.48649,0.58585,0,0,0.16413,0.23091,0.44653,0.19217,0.62000,0.34000,0.48000,0.40000
combined_hard_shift,0,20,minus_occlusion_reasoning,0.70769,0.54762,1.00000,1.00000,0.51351,0.53229,0,0,0.16631,0.25168,0.46551,0.19278,0.62000,0.34000,0.48000,0.40000
combined_hard_shift,0,20,correlation_only_causal_head,0.73016,0.57500,1.00000,1.00000,0.45946,0.59127,1,0,0.15615,0.22155,0.49047,0.17765,0.62000,0.34000,0.48000,0.40000
combined_hard_shift,0,20,mask_only_no_effect_predictor,0.71875,0.56098,1.00000,1.00000,0.48649,0.98132,1,0,0.16261,0.25815,0.31591,0.18522,0.62000,0.34000,0.48000,0.40000
combined_hard_shift,0,21,full_causal_scene_flow_model,0.73418,0.58000,1.00000,1.00000,0.48837,0.29344,1,1,0.15302,0.25185,0.52997,0.13374,0.62000,0.34000,0.48000,0.40000
combined_hard_shift,0,21,minus_action_conditioning,0.72500,0.56863,1.00000,1.00000,0.51163,0.27907,0,0,0.17278,0.24102,0.50347,0.19226,0.62000,0.34000,0.48000,0.40000
combined_hard_shift,0,21,minus_passive_flow_factor,0.74359,0.59184,1.00000,1.00000,0.46512,0.28160,1,0,0.13043,0.21599,0.52926,0.17923,0.62000,0.34000,0.48000,0.40000
combined_hard_shift,0,21,minus_articulation_graph,0.73418,0.58000,1.00000,1.00000,0.48837,0.29344,1,0,0.14269,0.21801,0.51497,0.18574,0.62000,0.34000,0.48000,0.40000
combined_hard_shift,0,21,minus_occlusion_reasoning,0.73418,0.58000,1.00000,1.00000,0.48837,0.29344,1,0,0.15204,0.24345,0.51497,0.18574,0.62000,0.34000,0.48000,0.40000
combined_hard_shift,0,21,correlation_only_causal_head,0.81690,0.69048,1.00000,1.00000,0.30233,0.20358,0,0,0.12392,0.16094,0.63396,0.13365,0.62000,0.34000,0.48000,0.40000
combined_hard_shift,0,21,mask_only_no_effect_predictor,0.73418,0.58000,1.00000,1.00000,0.48837,0.71344,1,0,0.15302,0.25185,0.35297,0.18574,0.62000,0.34000,0.48000,0.40000
combined_hard_shift,0,22,full_causal_scene_flow_model,0.66667,0.50000,1.00000,1.00000,0.48837,0.30715,1,0,0.17903,0.29293,0.48134,0.13374,0.62000,0.34000,0.48000,0.40000
combined_hard_shift,0,22,minus_action_conditioning,0.54545,0.37500,1.00000,1.00000,0.81395,0.74342,1,0,0.18484,0.28791,0.24670,0.27691,0.62000,0.34000,0.48000,0.40000
combined_hard_shift,0,22,minus_passive_flow_factor,0.66667,0.50000,1.00000,1.00000,0.48837,0.30715,1,0,0.15994,0.27577,0.46634,0.18574,0.62000,0.34000,0.48000,0.40000
combined_hard_shift,0,22,minus_articulation_graph,0.66667,0.50000,1.00000,1.00000,0.48837,0.30715,0,0,0.16986,0.26254,0.46634,0.18574,0.62000,0.34000,0.48000,0.40000
combined_hard_shift,0,22,minus_occlusion_reasoning,0.66667,0.50000,1.00000,1.00000,0.48837,0.30715,1,0,0.17811,0.28618,0.46634,0.18574,0.62000,0.34000,0.48000,0.40000
combined_hard_shift,0,22,correlation_only_causal_head,0.66667,0.50000,1.00000,1.00000,0.48837,0.30715,0,0,0.15084,0.23372,0.46634,0.18574,0.62000,0.34000,0.48000,0.40000
combined_hard_shift,0,22,mask_only_no_effect_predictor,0.66667,0.50000,1.00000,1.00000,0.48837,0.72715,1,0,0.17903,0.29293,0.30434,0.18574,0.62000,0.34000,0.48000,0.40000
combined_hard_shift,0,23,full_causal_scene_flow_model,0.76471,0.61905,1.00000,1.00000,0.36364,0.77369,0,0,0.10344,0.20851,0.53824,0.10859,0.62000,0.34000,0.48000,0.40000
combined_hard_shift,0,23,minus_action_conditioning,0.59770,0.42623,1.00000,1.00000,0.79545,0.97577,1,0,0.18718,0.25319,0.26522,0.27173,0.62000,0.34000,0.48000,0.40000
combined_hard_shift,0,23,minus_passive_flow_factor,0.82540,0.70270,1.00000,1.00000,0.25000,0.68174,0,0,0.11488,0.22476,0.60674,0.11900,0.62000,0.34000,0.48000,0.40000
combined_hard_shift,0,23,minus_articulation_graph,0.90909,0.86207,0.96154,0.88889,0.09091,0.46566,0,0,0.10351,0.16724,0.73148,0.07753,0.62000,0.34000,0.48000,0.40000
combined_hard_shift,0,23,minus_occlusion_reasoning,0.76923,0.64103,0.96154,0.88889,0.31818,0.73668,1,0,0.10976,0.19706,0.54284,0.14117,0.62000,0.34000,0.48000,0.40000
combined_hard_shift,0,23,correlation_only_causal_head,0.98113,0.96296,1.00000,1.00000,0.02273,0.38717,1,0,0.11265,0.17631,0.80885,0.05536,0.62000,0.34000,0.48000,0.40000
combined_hard_shift,0,23,mask_only_no_effect_predictor,0.76471,0.61905,1.00000,1.00000,0.36364,1.19369,0,0,0.10344,0.20851,0.38061,0.15082,0.62000,0.34000,0.48000,0.40000
combined_hard_shift,0,24,full_causal_scene_flow_model,0.71605,0.55769,1.00000,1.00000,0.54762,0.56086,0,0,0.13663,0.24219,0.47395,0.14568,0.62000,0.34000,0.48000,0.40000
combined_hard_shift,0,24,minus_action_conditioning,0.71605,0.55769,1.00000,1.00000,0.54762,0.56086,1,0,0.16649,0.24024,0.45895,0.20233,0.62000,0.34000,0.48000,0.40000
combined_hard_shift,0,24,minus_passive_flow_factor,0.80556,0.67442,1.00000,1.00000,0.33333,0.46621,1,0,0.11732,0.21463,0.59107,0.14233,0.62000,0.34000,0.48000,0.40000
combined_hard_shift,0,24,minus_articulation_graph,0.71605,0.55769,1.00000,1.00000,0.54762,0.56086,1,1,0.12385,0.21272,0.45895,0.20233,0.62000,0.34000,0.48000,0.40000
combined_hard_shift,0,24,minus_occlusion_reasoning,0.71605,0.55769,1.00000,1.00000,0.54762,0.56086,1,1,0.13638,0.23406,0.45895,0.20233,0.62000,0.34000,0.48000,0.40000
combined_hard_shift,0,24,correlation_only_causal_head,0.90625,0.82857,1.00000,1.00000,0.14286,0.35712,1,0,0.10755,0.15589,0.72580,0.08900,0.62000,0.34000,0.48000,0.40000
combined_hard_shift,0,24,mask_only_no_effect_predictor,0.71605,0.55769,1.00000,1.00000,0.54762,0.98086,1,1,0.13663,0.24219,0.29695,0.20233,0.62000,0.34000,0.48000,0.40000
combined_hard_shift,0,25,full_causal_scene_flow_model,0.73016,0.57500,1.00000,1.00000,0.34694,0.42028,1,1,0.11134,0.24342,0.55407,0.10522,0.62000,0.34000,0.48000,0.40000
combined_hard_shift,0,25,minus_action_conditioning,0.66667,0.50000,1.00000,1.00000,0.46939,0.53422,1,0,0.16402,0.27100,0.44895,0.18043,0.62000,0.34000,0.48000,0.40000
combined_hard_shift,0,25,minus_passive_flow_factor,0.68657,0.52273,1.00000,1.00000,0.42857,0.46192,0,0,0.13855,0.25969,0.48154,0.16900,0.62000,0.34000,0.48000,0.40000
combined_hard_shift,0,25,minus_articulation_graph,0.82143,0.69697,1.00000,1.00000,0.20408,0.33153,1,1,0.10863,0.21546,0.65184,0.10614,0.62000,0.34000,0.48000,0.40000
combined_hard_shift,0,25,minus_occlusion_reasoning,0.73016,0.57500,1.00000,1.00000,0.34694,0.42028,0,0,0.11602,0.23808,0.53907,0.14614,0.62000,0.34000,0.48000,0.40000
combined_hard_shift,0,25,correlation_only_causal_head,0.88462,0.79310,1.00000,1.00000,0.12245,0.27065,1,0,0.11869,0.20367,0.72501,0.08329,0.62000,0.34000,0.48000,0.40000
combined_hard_shift,0,25,mask_only_no_effect_predictor,0.73016,0.57500,1.00000,1.00000,0.34694,0.84028,0,0,0.11134,0.24342,0.37707,0.14614,0.62000,0.34000,0.48000,0.40000
combined_hard_shift,0,26,full_causal_scene_flow_model,0.79070,0.68000,0.94444,0.83333,0.19512,0.45873,0,0,0.10987,0.18219,0.63512,0.07782,0.62000,0.34000,0.48000,0.40000
combined_hard_shift,0,26,minus_action_conditioning,0.53333,0.38095,0.88889,0.66667,0.63415,1.16113,1,0,0.16892,0.23415,0.26291,0.23545,0.62000,0.34000,0.48000,0.40000
combined_hard_shift,0,26,minus_passive_flow_factor,0.65455,0.48649,1.00000,1.00000,0.46341,0.50694,0,0,0.16539,0.29948,0.44487,0.17876,0.62000,0.34000,0.48000,0.40000
combined_hard_shift,0,26,minus_articulation_graph,0.72222,0.72222,0.72222,0.33333,0.12195,0.36074,0,1,0.12114,0.15676,0.60247,0.10537,0.62000,0.34000,0.48000,0.40000
combined_hard_shift,0,26,minus_occlusion_reasoning,0.70000,0.63636,0.77778,0.33333,0.19512,0.39938,0,0,0.12012,0.17898,0.56256,0.12141,0.62000,0.34000,0.48000,0.40000
combined_hard_shift,0,26,correlation_only_causal_head,0.62963,0.47222,0.94444,0.83333,0.46341,0.49202,0,0,0.14524,0.23599,0.42892,0.18320,0.62000,0.34000,0.48000,0.40000
combined_hard_shift,0,26,mask_only_no_effect_predictor,0.79070,0.68000,0.94444,0.83333,0.19512,0.87873,1,1,0.10987,0.18219,0.45812,0.10808,0.62000,0.34000,0.48000,0.40000
combined_hard_shift,0,27,full_causal_scene_flow_model,0.64286,0.47368,1.00000,1.00000,0.44444,0.63282,0,0,0.11928,0.21047,0.44441,0.12488,0.62000,0.34000,0.48000,0.40000
combined_hard_shift,0,27,minus_action_conditioning,0.66667,0.50000,1.00000,1.00000,0.40000,0.63444,0,0,0.14643,0.25481,0.45836,0.16100,0.62000,0.34000,0.48000,0.40000
combined_hard_shift,0,27,minus_passive_flow_factor,0.63158,0.46154,1.00000,1.00000,0.46667,0.62865,1,0,0.16953,0.30471,0.41571,0.17967,0.62000,0.34000,0.48000,0.40000
combined_hard_shift,0,27,minus_articulation_graph,0.62963,0.47222,0.94444,0.83333,0.42222,0.62112,1,1,0.12178,0.18910,0.42754,0.17167,0.62000,0.34000,0.48000,0.40000
combined_hard_shift,0,27,minus_occlusion_reasoning,0.64286,0.47368,1.00000,1.00000,0.44444,0.63282,1,0,0.12405,0.20719,0.42941,0.17344,0.62000,0.34000,0.48000,0.40000
combined_hard_shift,0,27,correlation_only_causal_head,0.63158,0.46154,1.00000,1.00000,0.46667,0.62865,0,0,0.14640,0.24583,0.41571,0.17967,0.62000,0.34000,0.48000,0.40000
combined_hard_shift,0,27,mask_only_no_effect_predictor,0.64286,0.47368,1.00000,1.00000,0.44444,1.05282,0,0,0.11928,0.21047,0.27269,0.17344,0.62000,0.34000,0.48000,0.40000
combined_hard_shift,0,28,full_causal_scene_flow_model,0.76712,0.62222,1.00000,1.00000,0.45946,0.41301,0,0,0.14068,0.23224,0.54917,0.12791,0.62000,0.34000,0.48000,0.40000
combined_hard_shift,0,28,minus_action_conditioning,0.61905,0.46429,0.92857,0.80000,0.81081,0.73972,0,0,0.17030,0.22303,0.29947,0.28174,0.62000,0.34000,0.48000,0.40000
combined_hard_shift,0,28,minus_passive_flow_factor,0.76712,0.62222,1.00000,1.00000,0.45946,0.41301,1,0,0.13191,0.22403,0.53417,0.17765,0.62000,0.34000,0.48000,0.40000
combined_hard_shift,0,28,minus_articulation_graph,0.73239,0.60465,0.92857,0.80000,0.45946,0.39420,1,1,0.13873,0.19726,0.51174,0.18336,0.62000,0.34000,0.48000,0.40000
combined_hard_shift,0,28,minus_occlusion_reasoning,0.73239,0.60465,0.92857,0.80000,0.45946,0.39438,1,0,0.14703,0.21814,0.51172,0.18336,0.62000,0.34000,0.48000,0.40000
combined_hard_shift,0,28,correlation_only_causal_head,0.73239,0.60465,0.92857,0.80000,0.45946,0.39438,1,0,0.13206,0.17492,0.51172,0.18336,0.62000,0.34000,0.48000,0.40000
combined_hard_shift,0,28,mask_only_no_effect_predictor,0.76712,0.62222,1.00000,1.00000,0.45946,0.83301,0,0,0.14068,0.23224,0.37217,0.17765,0.62000,0.34000,0.48000,0.40000
combined_hard_shift,0,29,full_causal_scene_flow_model,0.69841,0.53659,1.00000,1.00000,0.47500,0.72599,1,0,0.12453,0.22377,0.46542,0.13104,0.62000,0.34000,0.48000,0.40000
combined_hard_shift,0,29,minus_action_conditioning,0.62857,0.45833,1.00000,1.00000,0.65000,0.75924,0,0,0.17993,0.26685,0.34921,0.23100,0.62000,0.34000,0.48000,0.40000
combined_hard_shift,0,29,minus_passive_flow_factor,0.69841,0.53659,1.00000,1.00000,0.47500,0.72599,1,0,0.13806,0.25845,0.45042,0.18200,0.62000,0.34000,0.48000,0.40000
combined_hard_shift,0,29,minus_articulation_graph,0.68852,0.53846,0.95455,0.85714,0.45000,0.71188,0,0,0.12366,0.19308,0.45191,0.17864,0.62000,0.34000,0.48000,0.40000
combined_hard_shift,0,29,minus_occlusion_reasoning,0.67742,0.52500,0.95455,0.85714,0.47500,0.72377,1,0,0.12750,0.21641,0.43595,0.18564,0.62000,0.34000,0.48000,0.40000
combined_hard_shift,0,29,correlation_only_causal_head,0.70968,0.55000,1.00000,1.00000,0.45000,0.71433,0,0,0.13073,0.21192,0.46648,0.17500,0.62000,0.34000,0.48000,0.40000
combined_hard_shift,0,29,mask_only_no_effect_predictor,0.69841,0.53659,1.00000,1.00000,0.47500,1.14599,0,0,0.12453,0.22377,0.30302,0.18200,0.62000,0.34000,0.48000,0.40000
combined_hard_shift,0,30,full_causal_scene_flow_model,0.69091,0.52778,1.00000,1.00000,0.38636,0.63560,0,1,0.13705,0.23186,0.49403,0.11317,0.62000,0.34000,0.48000,0.40000
combined_hard_shift,0,30,minus_action_conditioning,0.69091,0.52778,1.00000,1.00000,0.38636,0.63560,0,0,0.14660,0.25893,0.47903,0.15718,0.62000,0.34000,0.48000,0.40000
combined_hard_shift,0,30,minus_passive_flow_factor,0.69091,0.52778,1.00000,1.00000,0.38636,0.63560,1,0,0.14309,0.27734,0.47903,0.15718,0.62000,0.34000,0.48000,0.40000
combined_hard_shift,0,30,minus_articulation_graph,0.66667,0.51429,0.94737,0.83333,0.38636,0.63671,0,1,0.13242,0.21807,0.46195,0.16139,0.62000,0.34000,0.48000,0.40000
combined_hard_shift,0,30,minus_occlusion_reasoning,0.69091,0.52778,1.00000,1.00000,0.38636,0.63560,0,0,0.13788,0.23002,0.47903,0.15718,0.62000,0.34000,0.48000,0.40000
combined_hard_shift,0,30,correlation_only_causal_head,0.66667,0.51429,0.94737,0.83333,0.38636,0.63671,0,0,0.12439,0.21863,0.46195,0.16139,0.62000,0.34000,0.48000,0.40000
combined_hard_shift,0,30,mask_only_no_effect_predictor,0.69091,0.52778,1.00000,1.00000,0.38636,1.05560,0,0,0.13705,0.23186,0.32259,0.15718,0.62000,0.34000,0.48000,0.40000
combined_hard_shift,0,31,full_causal_scene_flow_model,0.71642,0.55814,1.00000,1.00000,0.44186,0.40347,0,0,0.14633,0.26325,0.51956,0.12436,0.62000,0.34000,0.48000,0.40000
combined_hard_shift,0,31,minus_action_conditioning,0.71642,0.55814,1.00000,1.00000,0.44186,0.40347,0,0,0.16188,0.26525,0.50456,0.17272,0.62000,0.34000,0.48000,0.40000
combined_hard_shift,0,31,minus_passive_flow_factor,0.72727,0.57143,1.00000,1.00000,0.41860,0.39937,1,0,0.12249,0.23800,0.51908,0.16621,0.62000,0.34000,0.48000,0.40000
combined_hard_shift,0,31,minus_articulation_graph,0.71642,0.55814,1.00000,1.00000,0.44186,0.40347,0,0,0.13575,0.23938,0.50456,0.17272,0.62000,0.34000,0.48000,0.40000
combined_hard_shift,0,31,minus_occlusion_reasoning,0.71642,0.55814,1.00000,1.00000,0.44186,0.40347,0,0,0.14526,0.25938,0.50456,0.17272,0.62000,0.34000,0.48000,0.40000
combined_hard_shift,0,31,correlation_only_causal_head,0.82759,0.70588,1.00000,1.00000,0.23256,0.31608,1,0,0.11117,0.18650,0.64972,0.11412,0.62000,0.34000,0.48000,0.40000
combined_hard_shift,0,31,mask_only_no_effect_predictor,0.71642,0.55814,1.00000,1.00000,0.44186,0.82347,0,0,0.14633,0.26325,0.34256,0.17272,0.62000,0.34000,0.48000,0.40000
combined_hard_shift,0,32,full_causal_scene_flow_model,0.92857,0.86667,1.00000,1.00000,0.07692,0.45177,1,0,0.06939,0.15447,0.76542,0.05079,0.62000,0.34000,0.48000,0.40000
combined_hard_shift,0,32,minus_action_conditioning,0.91228,0.83871,1.00000,1.00000,0.09615,0.45327,1,0,0.11595,0.19889,0.73348,0.07592,0.62000,0.34000,0.48000,0.40000
combined_hard_shift,0,32,minus_passive_flow_factor,0.71233,0.55319,1.00000,1.00000,0.40385,0.52072,1,0,0.13588,0.24724,0.50062,0.16208,0.62000,0.34000,0.48000,0.40000
combined_hard_shift,0,32,minus_articulation_graph,0.90909,0.86207,0.96154,0.88889,0.07692,0.44189,1,0,0.07751,0.13309,0.73777,0.07362,0.62000,0.34000,0.48000,0.40000
combined_hard_shift,0,32,minus_occlusion_reasoning,0.88889,0.85714,0.92308,0.77778,0.07692,0.43245,1,0,0.07827,0.15303,0.72457,0.07669,0.62000,0.34000,0.48000,0.40000
combined_hard_shift,0,32,correlation_only_causal_head,0.90909,0.86207,0.96154,0.88889,0.07692,0.44189,1,0,0.10722,0.17078,0.73777,0.07362,0.62000,0.34000,0.48000,0.40000
combined_hard_shift,0,32,mask_only_no_effect_predictor,0.92857,0.86667,1.00000,1.00000,0.07692,0.87177,1,0,0.06939,0.15447,0.58842,0.07054,0.62000,0.34000,0.48000,0.40000
combined_hard_shift,0,33,full_causal_scene_flow_model,0.70968,0.55000,1.00000,1.00000,0.47222,0.47742,1,0,0.14341,0.24169,0.49894,0.13048,0.62000,0.34000,0.48000,0.40000
combined_hard_shift,0,33,minus_action_conditioning,0.72131,0.56410,1.00000,1.00000,0.47222,0.48692,1,1,0.14343,0.23078,0.49114,0.18122,0.62000,0.34000,0.48000,0.40000
combined_hard_shift,0,33,minus_passive_flow_factor,0.74576,0.59459,1.00000,1.00000,0.41667,0.47791,0,0,0.12295,0.23125,0.52471,0.16567,0.62000,0.34000,0.48000,0.40000
combined_hard_shift,0,33,minus_articulation_graph,0.70968,0.55000,1.00000,1.00000,0.47222,0.47742,0,1,0.14130,0.22260,0.48394,0.18122,0.62000,0.34000,0.48000,0.40000
combined_hard_shift,0,33,minus_occlusion_reasoning,0.70968,0.55000,1.00000,1.00000,0.47222,0.47742,0,0,0.14628,0.23689,0.48394,0.18122,0.62000,0.34000,0.48000,0.40000
combined_hard_shift,0,33,correlation_only_causal_head,0.71698,0.61290,0.86364,0.57143,0.33333,0.49353,1,0,0.11513,0.16822,0.52634,0.15324,0.62000,0.34000,0.48000,0.40000
combined_hard_shift,0,33,mask_only_no_effect_predictor,0.70968,0.55000,1.00000,1.00000,0.47222,0.89742,0,0,0.14341,0.24169,0.32194,0.18122,0.62000,0.34000,0.48000,0.40000
combined_hard_shift,0,34,full_causal_scene_flow_model,0.78261,0.64286,1.00000,1.00000,0.36585,0.92515,0,0,0.08664,0.14242,0.53501,0.10904,0.62000,0.34000,0.48000,0.40000
combined_hard_shift,0,34,minus_action_conditioning,0.71233,0.56522,0.96296,0.88889,0.48780,0.99938,0,0,0.17666,0.21940,0.42924,0.18855,0.62000,0.34000,0.48000,0.40000
combined_hard_shift,0,34,minus_passive_flow_factor,0.84375,0.72973,1.00000,1.00000,0.24390,0.82186,1,0,0.11322,0.22264,0.60728,0.11729,0.62000,0.34000,0.48000,0.40000
combined_hard_shift,0,34,minus_articulation_graph,0.86667,0.78788,0.96296,0.88889,0.17073,0.75329,0,1,0.09553,0.10557,0.65067,0.09977,0.62000,0.34000,0.48000,0.40000
combined_hard_shift,0,34,minus_occlusion_reasoning,0.79365,0.69444,0.92593,0.77778,0.26829,0.84038,1,0,0.09439,0.13349,0.56353,0.13005,0.62000,0.34000,0.48000,0.40000
combined_hard_shift,0,34,correlation_only_causal_head,0.94545,0.92857,0.96296,0.88889,0.04878,0.60630,1,0,0.10507,0.15952,0.75467,0.06562,0.62000,0.34000,0.48000,0.40000
combined_hard_shift,0,34,mask_only_no_effect_predictor,0.78261,0.64286,1.00000,1.00000,0.36585,1.34515,0,0,0.08664,0.14242,0.39252,0.15144,0.62000,0.34000,0.48000,0.40000
combined_hard_shift,0,35,full_causal_scene_flow_model,0.67797,0.51282,1.00000,1.00000,0.42222,0.37575,1,0,0.14968,0.27320,0.50091,0.12040,0.62000,0.34000,0.48000,0.40000
combined_hard_shift,0,35,minus_action_conditioning,0.50667,0.34545,0.95000,0.85714,0.80000,0.62174,0,0,0.17698,0.28218,0.23563,0.27700,0.62000,0.34000,0.48000,0.40000
combined_hard_shift,0,35,minus_passive_flow_factor,0.64516,0.47619,1.00000,1.00000,0.48889,0.40006,0,0,0.16926,0.30063,0.44185,0.18589,0.62000,0.34000,0.48000,0.40000
combined_hard_shift,0,35,minus_articulation_graph,0.66667,0.51351,0.95000,0.85714,0.40000,0.35475,0,0,0.14263,0.24172,0.48633,0.16500,0.62000,0.34000,0.48000,0.40000
combined_hard_shift,0,35,minus_occlusion_reasoning,0.65517,0.50000,0.95000,0.85714,0.42222,0.36153,0,1,0.15235,0.26524,0.47138,0.17122,0.62000,0.34000,0.48000,0.40000
combined_hard_shift,0,35,correlation_only_causal_head,0.66667,0.50000,1.00000,1.00000,0.44444,0.38421,1,0,0.15237,0.25324,0.47094,0.17344,0.62000,0.34000,0.48000,0.40000
combined_hard_shift,0,35,mask_only_no_effect_predictor,0.67797,0.51282,1.00000,1.00000,0.42222,0.79575,0,1,0.14968,0.27320,0.32391,0.16722,0.62000,0.34000,0.48000,0.40000
combined_hard_shift,0,36,full_causal_scene_flow_model,0.70000,0.53846,1.00000,1.00000,0.41860,0.95573,1,0,0.10426,0.22094,0.45935,0.11967,0.62000,0.34000,0.48000,0.40000
combined_hard_shift,0,36,minus_action_conditioning,0.58333,0.41176,1.00000,1.00000,0.69767,1.07331,0,1,0.20063,0.29452,0.28012,0.24435,0.62000,0.34000,0.48000,0.40000
combined_hard_shift,0,36,minus_passive_flow_factor,0.73684,0.58333,1.00000,1.00000,0.34884,0.90133,0,0,0.12193,0.25442,0.49512,0.14667,0.62000,0.34000,0.48000,0.40000
combined_hard_shift,0,36,minus_articulation_graph,0.87500,0.77778,1.00000,1.00000,0.13953,0.66057,1,0,0.10179,0.18853,0.67451,0.08807,0.62000,0.34000,0.48000,0.40000
combined_hard_shift,0,36,minus_occlusion_reasoning,0.71186,0.55263,1.00000,1.00000,0.39535,0.93538,0,0,0.10802,0.21432,0.46120,0.15970,0.62000,0.34000,0.48000,0.40000
combined_hard_shift,0,36,correlation_only_causal_head,0.97674,0.95455,1.00000,1.00000,0.02326,0.45086,1,0,0.11263,0.20790,0.79926,0.05551,0.62000,0.34000,0.48000,0.40000
combined_hard_shift,0,36,mask_only_no_effect_predictor,0.70000,0.53846,1.00000,1.00000,0.41860,1.37573,0,0,0.10426,0.22094,0.31993,0.16621,0.62000,0.34000,0.48000,0.40000
combined_hard_shift,0,37,full_causal_scene_flow_model,0.79412,0.65854,1.00000,1.00000,0.30769,0.24027,1,0,0.09046,0.20071,0.62784,0.09731,0.62000,0.34000,0.48000,0.40000
combined_hard_shift,0,37,minus_action_conditioning,0.87097,0.77143,1.00000,1.00000,0.20513,0.23767,0,0,0.11532,0.20220,0.69561,0.10644,0.62000,0.34000,0.48000,0.40000
combined_hard_shift,0,37,minus_passive_flow_factor,0.81818,0.69231,1.00000,1.00000,0.30769,0.23337,0,0,0.11325,0.21578,0.63037,0.13515,0.62000,0.34000,0.48000,0.40000
combined_hard_shift,0,37,minus_articulation_graph,0.88525,0.79412,1.00000,1.00000,0.17949,0.23637,1,1,0.08902,0.18268,0.71291,0.09926,0.62000,0.34000,0.48000,0.40000
combined_hard_shift,0,37,minus_occlusion_reasoning,0.80597,0.67500,1.00000,1.00000,0.30769,0.23401,1,0,0.09442,0.19803,0.62176,0.13515,0.62000,0.34000,0.48000,0.40000
combined_hard_shift,0,37,correlation_only_causal_head,0.94737,0.90000,1.00000,1.00000,0.07692,0.30278,1,0,0.09570,0.14819,0.77848,0.07054,0.62000,0.34000,0.48000,0.40000
combined_hard_shift,0,37,mask_only_no_effect_predictor,0.79412,0.65854,1.00000,1.00000,0.30769,0.66027,1,0,0.09046,0.20071,0.45084,0.13515,0.62000,0.34000,0.48000,0.40000
combined_hard_shift,0,38,full_causal_scene_flow_model,0.70588,0.54545,1.00000,1.00000,0.36585,0.21091,1,0,0.15113,0.27209,0.55272,0.10904,0.62000,0.34000,0.48000,0.40000
combined_hard_shift,0,38,minus_action_conditioning,0.70588,0.54545,1.00000,1.00000,0.36585,0.21091,1,0,0.15253,0.27716,0.53772,0.15144,0.62000,0.34000,0.48000,0.40000
combined_hard_shift,0,38,minus_passive_flow_factor,0.70588,0.54545,1.00000,1.00000,0.36585,0.21091,0,0,0.12962,0.26158,0.53772,0.15144,0.62000,0.34000,0.48000,0.40000
combined_hard_shift,0,38,minus_articulation_graph,0.70588,0.54545,1.00000,1.00000,0.36585,0.21091,1,0,0.14589,0.25792,0.53772,0.15144,0.62000,0.34000,0.48000,0.40000
combined_hard_shift,0,38,minus_occlusion_reasoning,0.70588,0.54545,1.00000,1.00000,0.36585,0.21091,0,0,0.15216,0.27192,0.53772,0.15144,0.62000,0.34000,0.48000,0.40000
combined_hard_shift,0,38,correlation_only_causal_head,0.70588,0.54545,1.00000,1.00000,0.36585,0.21091,0,0,0.11591,0.20987,0.53772,0.15144,0.62000,0.34000,0.48000,0.40000
combined_hard_shift,0,38,mask_only_no_effect_predictor,0.70588,0.54545,1.00000,1.00000,0.36585,0.63091,0,0,0.15113,0.27209,0.37572,0.15144,0.62000,0.34000,0.48000,0.40000
combined_hard_shift,0,39,full_causal_scene_flow_model,0.70000,0.53846,1.00000,1.00000,0.45000,0.69165,0,0,0.10351,0.22587,0.47697,0.12600,0.62000,0.34000,0.48000,0.40000
combined_hard_shift,0,39,minus_action_conditioning,0.68852,0.52500,1.00000,1.00000,0.47500,0.70344,0,0,0.15572,0.26177,0.44576,0.18200,0.62000,0.34000,0.48000,0.40000
combined_hard_shift,0,39,minus_passive_flow_factor,0.76364,0.61765,1.00000,1.00000,0.32500,0.62468,1,0,0.12117,0.25589,0.54821,0.14000,0.62000,0.34000,0.48000,0.40000
combined_hard_shift,0,39,minus_articulation_graph,0.73684,0.58333,1.00000,1.00000,0.37500,0.65091,1,0,0.09741,0.20653,0.51283,0.15400,0.62000,0.34000,0.48000,0.40000
combined_hard_shift,0,39,minus_occlusion_reasoning,0.68966,0.54054,0.95238,0.85714,0.42500,0.67922,1,0,0.10691,0.22413,0.46297,0.17181,0.62000,0.34000,0.48000,0.40000
combined_hard_shift,0,39,correlation_only_causal_head,0.95238,0.95238,0.95238,0.85714,0.02500,0.35702,1,0,0.10428,0.20228,0.79110,0.05981,0.62000,0.34000,0.48000,0.40000
combined_hard_shift,0,39,mask_only_no_effect_predictor,0.70000,0.53846,1.00000,1.00000,0.45000,1.11165,0,0,0.10351,0.22587,0.31113,0.17500,0.62000,0.34000,0.48000,0.40000
combined_hard_shift,0,40,full_causal_scene_flow_model,0.62295,0.45238,1.00000,1.00000,0.51111,0.51774,1,0,0.18243,0.29393,0.42331,0.13832,0.62000,0.34000,0.48000,0.40000
combined_hard_shift,0,40,minus_action_conditioning,0.62295,0.45238,1.00000,1.00000,0.51111,0.51774,1,0,0.17477,0.29634,0.40831,0.19211,0.62000,0.34000,0.48000,0.40000
combined_hard_shift,0,40,minus_passive_flow_factor,0.62295,0.45238,1.00000,1.00000,0.51111,0.51774,1,0,0.14673,0.28736,0.40831,0.19211,0.62000,0.34000,0.48000,0.40000
combined_hard_shift,0,40,minus_articulation_graph,0.62295,0.45238,1.00000,1.00000,0.51111,0.51774,0,0,0.16741,0.27857,0.40831,0.19211,0.62000,0.34000,0.48000,0.40000
combined_hard_shift,0,40,minus_occlusion_reasoning,0.62295,0.45238,1.00000,1.00000,0.51111,0.51774,0,0,0.17905,0.29330,0.40831,0.19211,0.62000,0.34000,0.48000,0.40000
combined_hard_shift,0,40,correlation_only_causal_head,0.62295,0.45238,1.00000,1.00000,0.51111,0.51774,1,0,0.12418,0.23261,0.40831,0.19211,0.62000,0.34000,0.48000,0.40000
combined_hard_shift,0,40,mask_only_no_effect_predictor,0.62295,0.45238,1.00000,1.00000,0.51111,0.93774,0,0,0.18243,0.29393,0.24631,0.19211,0.62000,0.34000,0.48000,0.40000
combined_hard_shift,0,41,full_causal_scene_flow_model,0.68966,0.52632,1.00000,1.00000,0.42857,1.08890,0,0,0.10963,0.20488,0.44489,0.12168,0.62000,0.34000,0.48000,0.40000
combined_hard_shift,0,41,minus_action_conditioning,0.54795,0.37736,1.00000,1.00000,0.78571,1.31322,0,1,0.19801,0.28109,0.23070,0.26900,0.62000,0.34000,0.48000,0.40000
combined_hard_shift,0,41,minus_passive_flow_factor,0.76923,0.62500,1.00000,1.00000,0.28571,0.97196,0,0,0.12435,0.25721,0.52840,0.12900,0.62000,0.34000,0.48000,0.40000
combined_hard_shift,0,41,minus_articulation_graph,0.86364,0.79167,0.95000,0.85714,0.11905,0.78841,0,0,0.11295,0.17118,0.65951,0.08633,0.62000,0.34000,0.48000,0.40000
combined_hard_shift,0,41,minus_occlusion_reasoning,0.71429,0.55556,1.00000,1.00000,0.38095,1.05382,1,0,0.11305,0.19898,0.46047,0.15567,0.62000,0.34000,0.48000,0.40000
combined_hard_shift,0,41,correlation_only_causal_head,1.00000,1.00000,1.00000,1.00000,0.00000,0.54672,1,0,0.11807,0.20917,0.81246,0.04900,0.62000,0.34000,0.48000,0.40000
combined_hard_shift,0,41,mask_only_no_effect_predictor,0.68966,0.52632,1.00000,1.00000,0.42857,1.50890,0,1,0.10963,0.20488,0.30989,0.16900,0.62000,0.34000,0.48000,0.40000
combined_hard_shift,1,0,full_causal_scene_flow_model,1.00000,1.00000,1.00000,1.00000,0.00000,0.35747,1,0,0.04492,0.14998,0.84639,0.03528,0.62000,0.34000,0.48000,0.40000
combined_hard_shift,1,0,minus_action_conditioning,0.97872,0.95833,1.00000,1.00000,0.02439,0.36779,0,0,0.09740,0.19687,0.80863,0.05583,0.62000,0.34000,0.48000,0.40000
combined_hard_shift,1,0,minus_passive_flow_factor,0.76667,0.62162,1.00000,1.00000,0.34146,0.55288,0,0,0.11470,0.23639,0.55290,0.14461,0.62000,0.34000,0.48000,0.40000
combined_hard_shift,1,0,minus_articulation_graph,1.00000,1.00000,1.00000,1.00000,0.00000,0.35747,1,0,0.05357,0.14214,0.83139,0.04900,0.62000,0.34000,0.48000,0.40000
combined_hard_shift,1,0,minus_occlusion_reasoning,1.00000,1.00000,1.00000,1.00000,0.00000,0.35747,0,0,0.05337,0.15115,0.83139,0.04900,0.62000,0.34000,0.48000,0.40000
combined_hard_shift,1,0,correlation_only_causal_head,0.97778,1.00000,0.95652,0.87500,0.00000,0.35620,0,0,0.08994,0.16105,0.81596,0.05248,0.62000,0.34000,0.48000,0.40000
combined_hard_shift,1,0,mask_only_no_effect_predictor,1.00000,1.00000,1.00000,1.00000,0.00000,0.77747,1,0,0.04492,0.14998,0.66939,0.04900,0.62000,0.34000,0.48000,0.40000
combined_hard_shift,1,1,full_causal_scene_flow_model,0.76923,0.65789,0.92593,0.77778,0.32500,0.69173,0,0,0.11074,0.15949,0.56042,0.10507,0.62000,0.34000,0.48000,0.40000
combined_hard_shift,1,1,minus_action_conditioning,0.79412,0.65854,1.00000,1.00000,0.35000,0.70552,0,0,0.13660,0.17327,0.55447,0.14700,0.62000,0.34000,0.48000,0.40000
combined_hard_shift,1,1,minus_passive_flow_factor,0.57447,0.40299,1.00000,1.00000,1.00000,0.55425,0,0,0.20331,0.31203,0.23384,0.32900,0.62000,0.34000,0.48000,0.40000
combined_hard_shift,1,1,minus_articulation_graph,0.73684,0.70000,0.77778,0.44444,0.22500,0.63734,1,0,0.12766,0.12972,0.55619,0.12978,0.62000,0.34000,0.48000,0.40000
combined_hard_shift,1,1,minus_occlusion_reasoning,0.74194,0.65714,0.85185,0.55556,0.30000,0.66830,1,0,0.11884,0.15820,0.53566,0.14485,0.62000,0.34000,0.48000,0.40000
combined_hard_shift,1,1,correlation_only_causal_head,0.62069,0.45000,1.00000,1.00000,0.82500,0.57438,0,1,0.17258,0.24079,0.31318,0.28000,0.62000,0.34000,0.48000,0.40000
combined_hard_shift,1,1,mask_only_no_effect_predictor,0.76923,0.65789,0.92593,0.77778,0.32500,1.11173,1,1,0.11074,0.15949,0.39460,0.14593,0.62000,0.34000,0.48000,0.40000
combined_hard_shift,1,2,full_causal_scene_flow_model,0.85185,0.74194,1.00000,1.00000,0.22857,0.57367,1,0,0.08987,0.20905,0.65706,0.08136,0.62000,0.34000,0.48000,0.40000
combined_hard_shift,1,2,minus_action_conditioning,0.56790,0.39655,1.00000,1.00000,1.00000,1.11573,1,0,0.16255,0.25056,0.18467,0.32900,0.62000,0.34000,0.48000,0.40000
combined_hard_shift,1,2,minus_passive_flow_factor,0.85185,0.74194,1.00000,1.00000,0.22857,0.56242,1,0,0.10334,0.22171,0.64319,0.11300,0.62000,0.34000,0.48000,0.40000
combined_hard_shift,1,2,minus_articulation_graph,0.91667,0.88000,0.95652,0.87500,0.08571,0.40839,1,0,0.09084,0.18092,0.74396,0.07648,0.62000,0.34000,0.48000,0.40000
combined_hard_shift,1,2,minus_occlusion_reasoning,0.84615,0.75862,0.95652,0.87500,0.20000,0.53535,0,0,0.09488,0.20303,0.64991,0.10848,0.62000,0.34000,0.48000,0.40000
combined_hard_shift,1,2,correlation_only_causal_head,0.95833,0.92000,1.00000,1.00000,0.05714,0.37723,1,0,0.10126,0.18032,0.78424,0.06500,0.62000,0.34000,0.48000,0.40000
combined_hard_shift,1,2,mask_only_no_effect_predictor,0.85185,0.74194,1.00000,1.00000,0.22857,0.99367,1,0,0.08987,0.20905,0.48006,0.11300,0.62000,0.34000,0.48000,0.40000
combined_hard_shift,1,3,full_causal_scene_flow_model,0.76190,0.61538,1.00000,1.00000,0.31250,0.83570,1,1,0.11167,0.16516,0.54440,0.09828,0.62000,0.34000,0.48000,0.40000
combined_hard_shift,1,3,minus_action_conditioning,0.65672,0.51163,0.91667,0.75000,0.43750,0.92135,1,0,0.19679,0.23818,0.41220,0.17817,0.62000,0.34000,0.48000,0.40000
combined_hard_shift,1,3,minus_passive_flow_factor,0.76190,0.61538,1.00000,1.00000,0.31250,0.78137,0,0,0.14050,0.27206,0.53483,0.13650,0.62000,0.34000,0.48000,0.40000
combined_hard_shift,1,3,minus_articulation_graph,0.80851,0.82609,0.79167,0.37500,0.08333,0.53208,1,0,0.12414,0.12779,0.65655,0.08900,0.62000,0.34000,0.48000,0.40000
combined_hard_shift,1,3,minus_occlusion_reasoning,0.67857,0.59375,0.79167,0.37500,0.27083,0.77341,0,0,0.12255,0.15596,0.48896,0.14150,0.62000,0.34000,0.48000,0.40000
combined_hard_shift,1,3,correlation_only_causal_head,0.92308,0.85714,1.00000,1.00000,0.08333,0.60094,1,0,0.13163,0.20917,0.72986,0.07233,0.62000,0.34000,0.48000,0.40000
combined_hard_shift,1,3,mask_only_no_effect_predictor,0.76190,0.61538,1.00000,1.00000,0.31250,1.25570,1,0,0.11167,0.16516,0.39297,0.13650,0.62000,0.34000,0.48000,0.40000
combined_hard_shift,1,4,full_causal_scene_flow_model,0.73016,0.57500,1.00000,1.00000,0.38636,0.96104,0,1,0.10381,0.15054,0.48896,0.11317,0.62000,0.34000,0.48000,0.40000
combined_hard_shift,1,4,minus_action_conditioning,0.71875,0.56098,1.00000,1.00000,0.40909,0.97720,1,0,0.17130,0.22831,0.45799,0.16355,0.62000,0.34000,0.48000,0.40000
combined_hard_shift,1,4,minus_passive_flow_factor,0.71875,0.56098,1.00000,1.00000,0.40909,0.97720,0,0,0.14715,0.26355,0.45799,0.16355,0.62000,0.34000,0.48000,0.40000
combined_hard_shift,1,4,minus_articulation_graph,0.72414,0.60000,0.91304,0.87500,0.31818,0.93139,1,0,0.11433,0.11614,0.49180,0.14505,0.62000,0.34000,0.48000,0.40000
combined_hard_shift,1,4,minus_occlusion_reasoning,0.71186,0.58333,0.91304,0.75000,0.34091,0.93637,0,0,0.11345,0.13973,0.47635,0.15141,0.62000,0.34000,0.48000,0.40000
combined_hard_shift,1,4,correlation_only_causal_head,0.73016,0.57500,1.00000,1.00000,0.38636,0.96104,1,0,0.13547,0.19437,0.47396,0.15718,0.62000,0.34000,0.48000,0.40000
combined_hard_shift,1,4,mask_only_no_effect_predictor,0.73016,0.57500,1.00000,1.00000,0.38636,1.38104,1,1,0.10381,0.15054,0.35006,0.15718,0.62000,0.34000,0.48000,0.40000
combined_hard_shift,1,5,full_causal_scene_flow_model,0.97561,1.00000,0.95238,0.85714,0.00000,0.59761,0,1,0.04010,0.10397,0.80530,0.03802,0.62000,0.34000,0.48000,0.40000
combined_hard_shift,1,5,minus_action_conditioning,0.93333,0.87500,1.00000,1.00000,0.08571,0.64206,1,0,0.09610,0.18409,0.73226,0.07300,0.62000,0.34000,0.48000,0.40000
combined_hard_shift,1,5,minus_passive_flow_factor,0.77778,0.63636,1.00000,1.00000,0.34286,0.69952,1,0,0.11994,0.25206,0.54563,0.14500,0.62000,0.34000,0.48000,0.40000
combined_hard_shift,1,5,minus_articulation_graph,0.97561,1.00000,0.95238,0.85714,0.00000,0.59761,1,0,0.05335,0.09429,0.79030,0.05281,0.62000,0.34000,0.48000,0.40000
combined_hard_shift,1,5,minus_occlusion_reasoning,0.97561,1.00000,0.95238,0.85714,0.00000,0.59761,0,0,0.04700,0.10920,0.79030,0.05281,0.62000,0.34000,0.48000,0.40000
combined_hard_shift,1,5,correlation_only_causal_head,0.95238,0.95238,0.95238,0.85714,0.02857,0.59569,1,0,0.09155,0.18012,0.76623,0.06081,0.62000,0.34000,0.48000,0.40000
combined_hard_shift,1,5,mask_only_no_effect_predictor,0.97561,1.00000,0.95238,0.85714,0.00000,1.01761,1,1,0.04010,0.10397,0.63006,0.05281,0.62000,0.34000,0.48000,0.40000
combined_hard_shift,1,6,full_causal_scene_flow_model,0.64368,0.47458,1.00000,1.00000,0.77500,0.73069,0,0,0.14350,0.25400,0.34264,0.19152,0.62000,0.34000,0.48000,0.40000
combined_hard_shift,1,6,minus_action_conditioning,0.60870,0.43750,1.00000,1.00000,0.90000,0.80837,0,0,0.17968,0.24373,0.26038,0.30100,0.62000,0.34000,0.48000,0.40000
combined_hard_shift,1,6,minus_passive_flow_factor,0.70000,0.53846,1.00000,1.00000,0.60000,0.68782,0,1,0.13808,0.24869,0.42035,0.21700,0.62000,0.34000,0.48000,0.40000
combined_hard_shift,1,6,minus_articulation_graph,0.75676,0.60870,1.00000,1.00000,0.45000,0.56675,1,0,0.13648,0.21104,0.51419,0.17500,0.62000,0.34000,0.48000,0.40000
combined_hard_shift,1,6,minus_occlusion_reasoning,0.64368,0.47458,1.00000,1.00000,0.77500,0.73069,1,0,0.14729,0.23846,0.32764,0.26600,0.62000,0.34000,0.48000,0.40000
combined_hard_shift,1,6,correlation_only_causal_head,0.87500,0.77778,1.00000,1.00000,0.20000,0.44376,1,0,0.13596,0.20166,0.67926,0.10500,0.62000,0.34000,0.48000,0.40000
combined_hard_shift,1,6,mask_only_no_effect_predictor,0.64368,0.47458,1.00000,1.00000,0.77500,1.15069,0,0,0.14350,0.25400,0.18071,0.26600,0.62000,0.34000,0.48000,0.40000
combined_hard_shift,1,7,full_causal_scene_flow_model,0.95000,0.90476,1.00000,1.00000,0.05128,0.55358,0,0,0.06825,0.18008,0.77742,0.04562,0.62000,0.34000,0.48000,0.40000
combined_hard_shift,1,7,minus_action_conditioning,0.88372,0.79167,1.00000,1.00000,0.12821,0.58351,0,0,0.11882,0.23029,0.69149,0.08490,0.62000,0.34000,0.48000,0.40000
combined_hard_shift,1,7,minus_passive_flow_factor,0.60317,0.43182,1.00000,1.00000,0.64103,0.50348,1,0,0.14979,0.29424,0.35952,0.22849,0.62000,0.34000,0.48000,0.40000
combined_hard_shift,1,7,minus_articulation_graph,0.97297,1.00000,0.94737,0.83333,0.00000,0.52307,1,0,0.07843,0.16598,0.79591,0.05321,0.62000,0.34000,0.48000,0.40000
combined_hard_shift,1,7,minus_occlusion_reasoning,0.97297,1.00000,0.94737,0.83333,0.00000,0.52307,1,0,0.07799,0.18163,0.79591,0.05321,0.62000,0.34000,0.48000,0.40000
combined_hard_shift,1,7,correlation_only_causal_head,0.92308,0.90000,0.94737,0.83333,0.05128,0.53092,1,0,0.12179,0.23116,0.74584,0.06757,0.62000,0.34000,0.48000,0.40000
combined_hard_shift,1,7,mask_only_no_effect_predictor,0.95000,0.90476,1.00000,1.00000,0.05128,0.97358,0,0,0.06825,0.18008,0.60042,0.06336,0.62000,0.34000,0.48000,0.40000
combined_hard_shift,1,8,full_causal_scene_flow_model,0.66667,0.53333,0.88889,0.83333,0.36842,1.24101,1,0,0.10457,0.12792,0.44564,0.11595,0.62000,0.34000,0.48000,0.40000
combined_hard_shift,1,8,minus_action_conditioning,0.67925,0.51429,1.00000,1.00000,0.44737,1.26925,1,0,0.16493,0.21705,0.41734,0.17426,0.62000,0.34000,0.48000,0.40000
combined_hard_shift,1,8,minus_passive_flow_factor,0.51429,0.34615,1.00000,1.00000,0.89474,0.94291,0,0,0.17462,0.32668,0.18232,0.29953,0.62000,0.34000,0.48000,0.40000
combined_hard_shift,1,8,minus_articulation_graph,0.34483,0.45455,0.27778,0.16667,0.15789,1.24113,0,0,0.11936,0.10517,0.26430,0.15099,0.62000,0.34000,0.48000,0.40000
combined_hard_shift,1,8,minus_occlusion_reasoning,0.61905,0.54167,0.72222,0.33333,0.28947,1.16853,0,0,0.11312,0.12677,0.41942,0.15227,0.62000,0.34000,0.48000,0.40000
combined_hard_shift,1,8,correlation_only_causal_head,0.75000,0.60000,1.00000,1.00000,0.31579,0.80532,1,0,0.14670,0.25303,0.52318,0.13742,0.62000,0.34000,0.48000,0.40000
combined_hard_shift,1,8,mask_only_no_effect_predictor,0.66667,0.53333,0.88889,0.83333,0.36842,1.66101,0,0,0.10457,0.12792,0.31064,0.16105,0.62000,0.34000,0.48000,0.40000
combined_hard_shift,1,9,full_causal_scene_flow_model,0.70769,0.57500,0.92000,0.75000,0.39535,1.04316,0,1,0.12332,0.10405,0.46682,0.11959,0.62000,0.34000,0.48000,0.40000
combined_hard_shift,1,9,minus_action_conditioning,0.64706,0.51163,0.88000,0.75000,0.48837,1.09939,0,0,0.19601,0.19454,0.38333,0.19534,0.62000,0.34000,0.48000,0.40000
combined_hard_shift,1,9,minus_passive_flow_factor,0.72464,0.56818,1.00000,1.00000,0.44186,1.02837,0,0,0.15373,0.27546,0.45066,0.17272,0.62000,0.34000,0.48000,0.40000
combined_hard_shift,1,9,minus_articulation_graph,0.48649,0.75000,0.36000,0.12500,0.06977,0.68774,0,0,0.14286,0.06942,0.41937,0.11973,0.62000,0.34000,0.48000,0.40000
combined_hard_shift,1,9,minus_occlusion_reasoning,0.67797,0.58824,0.80000,0.37500,0.32558,0.97837,0,0,0.13237,0.09803,0.45271,0.15616,0.62000,0.34000,0.48000,0.40000
combined_hard_shift,1,9,correlation_only_causal_head,0.86207,0.75758,1.00000,1.00000,0.18605,0.86402,0,0,0.14186,0.20127,0.63209,0.10109,0.62000,0.34000,0.48000,0.40000
combined_hard_shift,1,9,mask_only_no_effect_predictor,0.70769,0.57500,0.92000,0.75000,0.39535,1.46316,0,0,0.12332,0.10405,0.33182,0.16610,0.62000,0.34000,0.48000,0.40000
combined_hard_shift,1,10,full_causal_scene_flow_model,0.87500,0.77778,1.00000,1.00000,0.14634,0.75444,1,0,0.11646,0.15525,0.67822,0.06478,0.62000,0.34000,0.48000,0.40000
combined_hard_shift,1,10,minus_action_conditioning,0.68966,0.54054,0.95238,0.85714,0.41463,0.97940,0,0,0.16292,0.20533,0.43586,0.16891,0.62000,0.34000,0.48000,0.40000
combined_hard_shift,1,10,minus_passive_flow_factor,0.50602,0.33871,1.00000,1.00000,1.00000,0.88540,0,1,0.21954,0.34696,0.15281,0.32900,0.62000,0.34000,0.48000,0.40000
combined_hard_shift,1,10,minus_articulation_graph,0.62500,0.90909,0.47619,0.42857,0.02439,0.67471,0,0,0.13663,0.12536,0.53033,0.09773,0.62000,0.34000,0.48000,0.40000
combined_hard_shift,1,10,minus_occlusion_reasoning,0.80952,0.80952,0.80952,0.42857,0.09756,0.62701,1,0,0.12991,0.14964,0.64378,0.09156,0.62000,0.34000,0.48000,0.40000
combined_hard_shift,1,10,correlation_only_causal_head,0.53165,0.36207,1.00000,1.00000,0.90244,0.87773,0,1,0.19004,0.26964,0.19883,0.30168,0.62000,0.34000,0.48000,0.40000
combined_hard_shift,1,10,mask_only_no_effect_predictor,0.87500,0.77778,1.00000,1.00000,0.14634,1.17444,1,0,0.11646,0.15525,0.51866,0.08998,0.62000,0.34000,0.48000,0.40000
combined_hard_shift,1,11,full_causal_scene_flow_model,0.64516,0.47619,1.00000,1.00000,0.52381,0.62607,0,0,0.15649,0.25044,0.42447,0.14088,0.62000,0.34000,0.48000,0.40000
combined_hard_shift,1,11,minus_action_conditioning,0.55072,0.38776,0.95000,0.85714,0.71429,0.61015,0,1,0.18320,0.26894,0.29163,0.25300,0.62000,0.34000,0.48000,0.40000
combined_hard_shift,1,11,minus_passive_flow_factor,0.60606,0.43478,1.00000,1.00000,0.61905,0.60439,0,0,0.19069,0.32194,0.35761,0.22233,0.62000,0.34000,0.48000,0.40000
combined_hard_shift,1,11,minus_articulation_graph,0.56140,0.43243,0.80000,0.42857,0.50000,0.60464,1,0,0.15419,0.21638,0.35965,0.20500,0.62000,0.34000,0.48000,0.40000
combined_hard_shift,1,11,minus_occlusion_reasoning,0.60000,0.45000,0.90000,0.71429,0.52381,0.61490,0,0,0.16092,0.24315,0.37898,0.20367,0.62000,0.34000,0.48000,0.40000
combined_hard_shift,1,11,correlation_only_causal_head,0.63492,0.46512,1.00000,1.00000,0.54762,0.62868,0,0,0.17287,0.26747,0.39538,0.20233,0.62000,0.34000,0.48000,0.40000
combined_hard_shift,1,11,mask_only_no_effect_predictor,0.64516,0.47619,1.00000,1.00000,0.52381,1.04607,0,0,0.15649,0.25044,0.25208,0.19567,0.62000,0.34000,0.48000,0.40000
combined_hard_shift,1,12,full_causal_scene_flow_model,0.95238,0.95238,0.95238,0.85714,0.03125,0.56292,1,0,0.07327,0.15393,0.78376,0.04432,0.62000,0.34000,0.48000,0.40000
combined_hard_shift,1,12,minus_action_conditioning,0.64615,0.47727,1.00000,1.00000,0.71875,1.08435,0,0,0.15192,0.22010,0.31819,0.25025,0.62000,0.34000,0.48000,0.40000
combined_hard_shift,1,12,minus_passive_flow_factor,0.87500,0.77778,1.00000,1.00000,0.18750,0.68126,1,0,0.10529,0.22858,0.65901,0.10150,0.62000,0.34000,0.48000,0.40000
combined_hard_shift,1,12,minus_articulation_graph,0.97561,1.00000,0.95238,0.85714,0.00000,0.54004,0,0,0.08664,0.12538,0.79606,0.05281,0.62000,0.34000,0.48000,0.40000
combined_hard_shift,1,12,minus_occlusion_reasoning,0.95238,0.95238,0.95238,0.85714,0.03125,0.56292,1,0,0.08218,0.14913,0.76876,0.06156,0.62000,0.34000,0.48000,0.40000
combined_hard_shift,1,12,correlation_only_causal_head,1.00000,1.00000,1.00000,1.00000,0.00000,0.54666,1,0,0.10066,0.17513,0.81247,0.04900,0.62000,0.34000,0.48000,0.40000
combined_hard_shift,1,12,mask_only_no_effect_predictor,0.95238,0.95238,0.95238,0.85714,0.03125,0.98292,1,0,0.07327,0.15393,0.60676,0.06156,0.62000,0.34000,0.48000,0.40000
combined_hard_shift,1,13,full_causal_scene_flow_model,0.58667,0.41509,1.00000,1.00000,0.75610,0.40282,0,0,0.15348,0.27905,0.34081,0.18771,0.62000,0.34000,0.48000,0.40000
combined_hard_shift,1,13,minus_action_conditioning,0.74576,0.59459,1.00000,1.00000,0.36585,0.66074,1,1,0.16311,0.25798,0.52066,0.15144,0.62000,0.34000,0.48000,0.40000
combined_hard_shift,1,13,minus_passive_flow_factor,0.57143,0.40000,1.00000,1.00000,0.80488,0.35488,1,0,0.17678,0.31204,0.30628,0.27437,0.62000,0.34000,0.48000,0.40000
combined_hard_shift,1,13,minus_articulation_graph,0.63768,0.46809,1.00000,1.00000,0.60976,0.32190,0,0,0.14930,0.25001,0.41059,0.21973,0.62000,0.34000,0.48000,0.40000
combined_hard_shift,1,13,minus_occlusion_reasoning,0.60274,0.43137,1.00000,1.00000,0.70732,0.36829,0,0,0.15799,0.27126,0.35417,0.24705,0.62000,0.34000,0.48000,0.40000
combined_hard_shift,1,13,correlation_only_causal_head,0.64706,0.47826,1.00000,1.00000,0.58537,0.27394,0,0,0.15950,0.26238,0.42878,0.21290,0.62000,0.34000,0.48000,0.40000
combined_hard_shift,1,13,mask_only_no_effect_predictor,0.58667,0.41509,1.00000,1.00000,0.75610,0.82282,0,0,0.15348,0.27905,0.16381,0.26071,0.62000,0.34000,0.48000,0.40000
combined_hard_shift,1,14,full_causal_scene_flow_model,0.65517,0.50000,0.95000,0.85714,0.38776,0.96412,0,0,0.11340,0.18152,0.43577,0.11633,0.62000,0.34000,0.48000,0.40000
combined_hard_shift,1,14,minus_action_conditioning,0.59375,0.43182,0.95000,0.85714,0.51020,1.01944,0,0,0.19344,0.26599,0.33990,0.19586,0.62000,0.34000,0.48000,0.40000
combined_hard_shift,1,14,minus_passive_flow_factor,0.66667,0.50000,1.00000,1.00000,0.40816,0.95510,0,0,0.14543,0.27522,0.42401,0.16329,0.62000,0.34000,0.48000,0.40000
combined_hard_shift,1,14,minus_articulation_graph,0.69388,0.58621,0.85000,0.57143,0.24490,0.88553,0,0,0.11867,0.14995,0.49573,0.12957,0.62000,0.34000,0.48000,0.40000
combined_hard_shift,1,14,minus_occlusion_reasoning,0.65385,0.53125,0.85000,0.57143,0.30612,0.93029,0,0,0.11910,0.17605,0.44608,0.14671,0.62000,0.34000,0.48000,0.40000
combined_hard_shift,1,14,correlation_only_causal_head,0.74074,0.58824,1.00000,1.00000,0.28571,0.88547,0,0,0.13315,0.21602,0.51711,0.12900,0.62000,0.34000,0.48000,0.40000
combined_hard_shift,1,14,mask_only_no_effect_predictor,0.65517,0.50000,0.95000,0.85714,0.38776,1.38412,1,0,0.11340,0.18152,0.29718,0.16157,0.62000,0.34000,0.48000,0.40000
combined_hard_shift,1,15,full_causal_scene_flow_model,0.56522,0.39394,1.00000,1.00000,1.00000,0.42410,0,0,0.21431,0.32177,0.25538,0.23688,0.62000,0.34000,0.48000,0.40000
combined_hard_shift,1,15,minus_action_conditioning,0.60465,0.43333,1.00000,1.00000,0.85000,0.42725,0,0,0.18034,0.26433,0.30967,0.28700,0.62000,0.34000,0.48000,0.40000
combined_hard_shift,1,15,minus_passive_flow_factor,0.56522,0.39394,1.00000,1.00000,1.00000,0.42410,0,0,0.19993,0.31442,0.24038,0.32900,0.62000,0.34000,0.48000,0.40000
combined_hard_shift,1,15,minus_articulation_graph,0.56522,0.39394,1.00000,1.00000,1.00000,0.42410,0,0,0.20029,0.28459,0.24038,0.32900,0.62000,0.34000,0.48000,0.40000
combined_hard_shift,1,15,minus_occlusion_reasoning,0.56522,0.39394,1.00000,1.00000,1.00000,0.42410,0,1,0.21102,0.31118,0.24038,0.32900,0.62000,0.34000,0.48000,0.40000
combined_hard_shift,1,15,correlation_only_causal_head,0.57143,0.40000,1.00000,1.00000,0.97500,0.42014,0,0,0.18654,0.27103,0.25212,0.32200,0.62000,0.34000,0.48000,0.40000
combined_hard_shift,1,15,mask_only_no_effect_predictor,0.56522,0.39394,1.00000,1.00000,1.00000,0.84410,0,0,0.21431,0.32177,0.07838,0.32900,0.62000,0.34000,0.48000,0.40000
combined_hard_shift,1,16,full_causal_scene_flow_model,0.61017,0.43902,1.00000,1.00000,0.56098,0.70184,1,0,0.13085,0.24447,0.38200,0.14837,0.62000,0.34000,0.48000,0.40000
combined_hard_shift,1,16,minus_action_conditioning,0.61017,0.43902,1.00000,1.00000,0.56098,0.70184,0,0,0.15637,0.27139,0.36700,0.20607,0.62000,0.34000,0.48000,0.40000
combined_hard_shift,1,16,minus_passive_flow_factor,0.60000,0.42857,1.00000,1.00000,0.58537,0.69265,0,0,0.16249,0.30771,0.35397,0.21290,0.62000,0.34000,0.48000,0.40000
combined_hard_shift,1,16,minus_articulation_graph,0.60714,0.44737,0.94444,0.83333,0.51220,0.69215,0,1,0.12450,0.22192,0.37951,0.19686,0.62000,0.34000,0.48000,0.40000
combined_hard_shift,1,16,minus_occlusion_reasoning,0.58621,0.42500,0.94444,0.83333,0.56098,0.69925,0,1,0.13237,0.24151,0.35048,0.21052,0.62000,0.34000,0.48000,0.40000
combined_hard_shift,1,16,correlation_only_causal_head,0.63158,0.46154,1.00000,1.00000,0.51220,0.69492,0,0,0.13969,0.25176,0.39633,0.19241,0.62000,0.34000,0.48000,0.40000
combined_hard_shift,1,16,mask_only_no_effect_predictor,0.61017,0.43902,1.00000,1.00000,0.56098,1.12184,1,0,0.13085,0.24447,0.21718,0.20607,0.62000,0.34000,0.48000,0.40000
combined_hard_shift,1,17,full_causal_scene_flow_model,0.95000,1.00000,0.90476,0.71429,0.00000,0.61417,1,1,0.06350,0.07322,0.78572,0.04077,0.62000,0.34000,0.48000,0.40000
combined_hard_shift,1,17,minus_action_conditioning,0.97561,1.00000,0.95238,0.85714,0.00000,0.63646,1,0,0.12565,0.16638,0.78642,0.05281,0.62000,0.34000,0.48000,0.40000
combined_hard_shift,1,17,minus_passive_flow_factor,0.56757,0.39623,1.00000,1.00000,0.71111,0.86708,0,0,0.19680,0.33567,0.27861,0.24811,0.62000,0.34000,0.48000,0.40000
combined_hard_shift,1,17,minus_articulation_graph,0.72727,1.00000,0.57143,0.28571,0.00000,0.46704,0,0,0.08955,0.05616,0.62952,0.08329,0.62000,0.34000,0.48000,0.40000
combined_hard_shift,1,17,minus_occlusion_reasoning,0.89474,1.00000,0.80952,0.42857,0.00000,0.53627,1,1,0.07671,0.07560,0.73982,0.06424,0.62000,0.34000,0.48000,0.40000
combined_hard_shift,1,17,correlation_only_causal_head,0.76364,0.61765,1.00000,1.00000,0.28889,0.75790,0,0,0.15124,0.24362,0.54500,0.12989,0.62000,0.34000,0.48000,0.40000
combined_hard_shift,1,17,mask_only_no_effect_predictor,0.95000,1.00000,0.90476,0.71429,0.00000,1.03417,0,0,0.06350,0.07322,0.61213,0.05662,0.62000,0.34000,0.48000,0.40000
combined_hard_shift,1,18,full_causal_scene_flow_model,1.00000,1.00000,1.00000,1.00000,0.00000,0.50807,1,0,0.04163,0.12754,0.83133,0.03528,0.62000,0.34000,0.48000,0.40000
combined_hard_shift,1,18,minus_action_conditioning,0.88136,0.78788,1.00000,1.00000,0.14286,0.62981,1,0,0.11096,0.19554,0.68110,0.08900,0.62000,0.34000,0.48000,0.40000
combined_hard_shift,1,18,minus_passive_flow_factor,0.80000,0.66667,1.00000,1.00000,0.26531,0.71630,1,0,0.11836,0.22438,0.58122,0.12329,0.62000,0.34000,0.48000,0.40000
combined_hard_shift,1,18,minus_articulation_graph,1.00000,1.00000,1.00000,1.00000,0.00000,0.50807,1,0,0.05026,0.10930,0.81633,0.04900,0.62000,0.34000,0.48000,0.40000
combined_hard_shift,1,18,minus_occlusion_reasoning,1.00000,1.00000,1.00000,1.00000,0.00000,0.50807,1,0,0.04928,0.12684,0.81633,0.04900,0.62000,0.34000,0.48000,0.40000
combined_hard_shift,1,18,correlation_only_causal_head,1.00000,1.00000,1.00000,1.00000,0.00000,0.50807,1,0,0.09361,0.14928,0.81633,0.04900,0.62000,0.34000,0.48000,0.40000
combined_hard_shift,1,18,mask_only_no_effect_predictor,1.00000,1.00000,1.00000,1.00000,0.00000,0.92807,1,0,0.04163,0.12754,0.65433,0.04900,0.62000,0.34000,0.48000,0.40000
combined_hard_shift,1,19,full_causal_scene_flow_model,0.97297,1.00000,0.94737,0.83333,0.00000,0.35403,1,0,0.07010,0.17564,0.82781,0.03831,0.62000,0.34000,0.48000,0.40000
combined_hard_shift,1,19,minus_action_conditioning,0.59016,0.42857,0.94737,0.83333,0.61538,1.05603,0,1,0.15486,0.25160,0.30794,0.22552,0.62000,0.34000,0.48000,0.40000
combined_hard_shift,1,19,minus_passive_flow_factor,0.80851,0.67857,1.00000,1.00000,0.23077,0.60945,0,0,0.11502,0.24712,0.60753,0.11362,0.62000,0.34000,0.48000,0.40000
combined_hard_shift,1,19,minus_articulation_graph,0.94444,1.00000,0.89474,0.66667,0.00000,0.35306,0,0,0.07833,0.15480,0.79294,0.05742,0.62000,0.34000,0.48000,0.40000
combined_hard_shift,1,19,minus_occlusion_reasoning,0.97297,1.00000,0.94737,0.83333,0.00000,0.35403,1,0,0.07671,0.17611,0.81281,0.05321,0.62000,0.34000,0.48000,0.40000
combined_hard_shift,1,19,correlation_only_causal_head,0.97297,1.00000,0.94737,0.83333,0.00000,0.35403,1,0,0.10108,0.19599,0.81281,0.05321,0.62000,0.34000,0.48000,0.40000
combined_hard_shift,1,19,mask_only_no_effect_predictor,0.97297,1.00000,0.94737,0.83333,0.00000,0.77403,1,0,0.07010,0.17564,0.65081,0.05321,0.62000,0.34000,0.48000,0.40000
combined_hard_shift,1,20,full_causal_scene_flow_model,0.65714,0.48936,1.00000,1.00000,0.54545,0.51983,1,0,0.18646,0.30625,0.43743,0.14524,0.62000,0.34000,0.48000,0.40000
combined_hard_shift,1,20,minus_action_conditioning,0.68657,0.52273,1.00000,1.00000,0.47727,0.61033,1,0,0.17860,0.27288,0.45306,0.18264,0.62000,0.34000,0.48000,0.40000
combined_hard_shift,1,20,minus_passive_flow_factor,0.66667,0.50000,1.00000,1.00000,0.52273,0.53849,0,0,0.16909,0.28684,0.43359,0.19536,0.62000,0.34000,0.48000,0.40000
combined_hard_shift,1,20,minus_articulation_graph,0.67647,0.51111,1.00000,1.00000,0.50000,0.57590,1,1,0.17377,0.27400,0.44307,0.18900,0.62000,0.34000,0.48000,0.40000
combined_hard_shift,1,20,minus_occlusion_reasoning,0.64789,0.47917,1.00000,1.00000,0.56818,0.48583,1,1,0.18565,0.29856,0.41298,0.20809,0.62000,0.34000,0.48000,0.40000
combined_hard_shift,1,20,correlation_only_causal_head,0.68657,0.52273,1.00000,1.00000,0.47727,0.61033,0,0,0.15338,0.23404,0.45306,0.18264,0.62000,0.34000,0.48000,0.40000
combined_hard_shift,1,20,mask_only_no_effect_predictor,0.65714,0.48936,1.00000,1.00000,0.54545,0.93983,1,1,0.18646,0.30625,0.26043,0.20173,0.62000,0.34000,0.48000,0.40000
combined_hard_shift,1,21,full_causal_scene_flow_model,0.52055,0.35185,1.00000,1.00000,0.92105,0.53950,1,1,0.16579,0.27999,0.23467,0.22096,0.62000,0.34000,0.48000,0.40000
combined_hard_shift,1,21,minus_action_conditioning,0.58462,0.41304,1.00000,1.00000,0.71053,0.55319,0,0,0.16696,0.26890,0.32210,0.24795,0.62000,0.34000,0.48000,0.40000
combined_hard_shift,1,21,minus_passive_flow_factor,0.52055,0.35185,1.00000,1.00000,0.92105,0.53386,0,0,0.17135,0.31046,0.22024,0.30689,0.62000,0.34000,0.48000,0.40000
combined_hard_shift,1,21,minus_articulation_graph,0.52174,0.36000,0.94737,0.83333,0.84211,0.54354,1,0,0.15660,0.25347,0.24221,0.28900,0.62000,0.34000,0.48000,0.40000
combined_hard_shift,1,21,minus_occlusion_reasoning,0.50000,0.33962,0.94737,0.83333,0.92105,0.53986,0,0,0.16632,0.27425,0.20525,0.31111,0.62000,0.34000,0.48000,0.40000
combined_hard_shift,1,21,correlation_only_causal_head,0.57576,0.40426,1.00000,1.00000,0.73684,0.52460,0,0,0.15618,0.26454,0.31139,0.25532,0.62000,0.34000,0.48000,0.40000
combined_hard_shift,1,21,mask_only_no_effect_predictor,0.52055,0.35185,1.00000,1.00000,0.92105,0.95950,0,0,0.16579,0.27999,0.05767,0.30689,0.62000,0.34000,0.48000,0.40000
combined_hard_shift,1,22,full_causal_scene_flow_model,0.69231,0.58065,0.85714,0.57143,0.33333,1.05314,0,0,0.11208,0.13624,0.47342,0.11071,0.62000,0.34000,0.48000,0.40000
combined_hard_shift,1,22,minus_action_conditioning,0.66667,0.52778,0.90476,0.71429,0.43590,1.12530,1,0,0.18314,0.22267,0.41175,0.17867,0.62000,0.34000,0.48000,0.40000
combined_hard_shift,1,22,minus_passive_flow_factor,0.72414,0.56757,1.00000,1.00000,0.41026,0.98035,1,0,0.14604,0.28830,0.46113,0.16387,0.62000,0.34000,0.48000,0.40000
combined_hard_shift,1,22,minus_articulation_graph,0.54054,0.62500,0.47619,0.14286,0.15385,0.93068,0,0,0.12686,0.10846,0.40937,0.13398,0.62000,0.34000,0.48000,0.40000
combined_hard_shift,1,22,minus_occlusion_reasoning,0.63830,0.57692,0.71429,0.14286,0.28205,0.98978,1,0,0.11867,0.13455,0.43599,0.15083,0.62000,0.34000,0.48000,0.40000
combined_hard_shift,1,22,correlation_only_causal_head,0.91304,0.84000,1.00000,1.00000,0.10256,0.82328,1,0,0.13161,0.22493,0.69522,0.07772,0.62000,0.34000,0.48000,0.40000
combined_hard_shift,1,22,mask_only_no_effect_predictor,0.69231,0.58065,0.85714,0.57143,0.33333,1.47314,0,0,0.11208,0.13624,0.33842,0.15376,0.62000,0.34000,0.48000,0.40000
combined_hard_shift,1,23,full_causal_scene_flow_model,0.83333,1.00000,0.71429,0.14286,0.00000,0.58763,1,0,0.08943,0.08562,0.70671,0.05174,0.62000,0.34000,0.48000,0.40000
combined_hard_shift,1,23,minus_action_conditioning,0.90476,0.90476,0.90476,0.71429,0.05000,0.75884,1,0,0.12680,0.16006,0.71058,0.07062,0.62000,0.34000,0.48000,0.40000
combined_hard_shift,1,23,minus_passive_flow_factor,0.51220,0.34426,1.00000,1.00000,1.00000,0.70864,0,0,0.20542,0.33450,0.17481,0.32900,0.62000,0.34000,0.48000,0.40000
combined_hard_shift,1,23,minus_articulation_graph,0.50000,1.00000,0.33333,0.00000,0.00000,0.53120,1,0,0.11602,0.06986,0.46402,0.10233,0.62000,0.34000,0.48000,0.40000
combined_hard_shift,1,23,minus_occlusion_reasoning,0.80000,1.00000,0.66667,0.00000,0.00000,0.54204,1,0,0.09916,0.09337,0.67293,0.07567,0.62000,0.34000,0.48000,0.40000
combined_hard_shift,1,23,correlation_only_causal_head,0.60606,0.44444,0.95238,0.85714,0.62500,0.61583,0,0,0.16622,0.25227,0.35479,0.22781,0.62000,0.34000,0.48000,0.40000
combined_hard_shift,1,23,mask_only_no_effect_predictor,0.83333,1.00000,0.71429,0.14286,0.00000,1.00763,1,0,0.08943,0.08562,0.53047,0.07186,0.62000,0.34000,0.48000,0.40000
combined_hard_shift,1,24,full_causal_scene_flow_model,0.70588,0.54545,1.00000,1.00000,0.40000,0.34616,1,0,0.10260,0.22412,0.52964,0.11592,0.62000,0.34000,0.48000,0.40000
combined_hard_shift,1,24,minus_action_conditioning,0.72000,0.56250,1.00000,1.00000,0.40000,0.34555,0,1,0.12479,0.24572,0.52458,0.16100,0.62000,0.34000,0.48000,0.40000
combined_hard_shift,1,24,minus_passive_flow_factor,0.78261,0.64286,1.00000,1.00000,0.28571,0.28274,1,0,0.11016,0.24907,0.60669,0.12900,0.62000,0.34000,0.48000,0.40000
combined_hard_shift,1,24,minus_articulation_graph,0.73469,0.58065,1.00000,1.00000,0.37143,0.32955,1,0,0.10173,0.21568,0.54447,0.15300,0.62000,0.34000,0.48000,0.40000
combined_hard_shift,1,24,minus_occlusion_reasoning,0.72000,0.56250,1.00000,1.00000,0.40000,0.34555,1,1,0.10622,0.22552,0.52458,0.16100,0.62000,0.34000,0.48000,0.40000
combined_hard_shift,1,24,correlation_only_causal_head,0.82927,0.73913,0.94444,0.83333,0.17143,0.21840,1,0,0.09471,0.19319,0.67778,0.10144,0.62000,0.34000,0.48000,0.40000
combined_hard_shift,1,24,mask_only_no_effect_predictor,0.70588,0.54545,1.00000,1.00000,0.40000,0.76616,1,1,0.10260,0.22412,0.35264,0.16100,0.62000,0.34000,0.48000,0.40000
combined_hard_shift,1,25,full_causal_scene_flow_model,0.66667,0.50000,1.00000,1.00000,0.45000,0.46310,0,0,0.11543,0.24215,0.47649,0.12600,0.62000,0.34000,0.48000,0.40000
combined_hard_shift,1,25,minus_action_conditioning,0.64286,0.47368,1.00000,1.00000,0.50000,0.42399,0,0,0.15475,0.27442,0.43474,0.18900,0.62000,0.34000,0.48000,0.40000
combined_hard_shift,1,25,minus_passive_flow_factor,0.66667,0.50000,1.00000,1.00000,0.45000,0.45711,0,0,0.13182,0.26683,0.46209,0.17500,0.62000,0.34000,0.48000,0.40000
combined_hard_shift,1,25,minus_articulation_graph,0.72000,0.56250,1.00000,1.00000,0.35000,0.42744,1,0,0.11342,0.21920,0.53039,0.14700,0.62000,0.34000,0.48000,0.40000
combined_hard_shift,1,25,minus_occlusion_reasoning,0.64151,0.48571,0.94444,0.83333,0.45000,0.46968,0,0,0.12035,0.23814,0.44322,0.17944,0.62000,0.34000,0.48000,0.40000
combined_hard_shift,1,25,correlation_only_causal_head,0.78261,0.64286,1.00000,1.00000,0.25000,0.39510,1,1,0.11741,0.21360,0.60545,0.11900,0.62000,0.34000,0.48000,0.40000
combined_hard_shift,1,25,mask_only_no_effect_predictor,0.66667,0.50000,1.00000,1.00000,0.45000,0.88310,0,1,0.11543,0.24215,0.29949,0.17500,0.62000,0.34000,0.48000,0.40000
combined_hard_shift,1,26,full_causal_scene_flow_model,0.51282,0.35088,0.95238,0.85714,1.00000,0.28736,0,1,0.22751,0.34077,0.23237,0.23962,0.62000,0.34000,0.48000,0.40000
combined_hard_shift,1,26,minus_action_conditioning,0.53333,0.37037,0.95238,0.85714,0.91892,0.27714,0,1,0.17158,0.27953,0.25546,0.31011,0.62000,0.34000,0.48000,0.40000
combined_hard_shift,1,26,minus_passive_flow_factor,0.53165,0.36207,1.00000,1.00000,1.00000,0.29305,0,0,0.19007,0.32265,0.22998,0.32900,0.62000,0.34000,0.48000,0.40000
combined_hard_shift,1,26,minus_articulation_graph,0.51282,0.35088,0.95238,0.85714,1.00000,0.28736,0,0,0.20767,0.31154,0.21737,0.33281,0.62000,0.34000,0.48000,0.40000
combined_hard_shift,1,26,minus_occlusion_reasoning,0.51282,0.35088,0.95238,0.85714,1.00000,0.28736,0,0,0.22239,0.33396,0.21737,0.33281,0.62000,0.34000,0.48000,0.40000
combined_hard_shift,1,26,correlation_only_causal_head,0.51948,0.35714,0.95238,0.85714,0.97297,0.27945,0,0,0.17864,0.28598,0.23039,0.32524,0.62000,0.34000,0.48000,0.40000
combined_hard_shift,1,26,mask_only_no_effect_predictor,0.51282,0.35088,0.95238,0.85714,1.00000,0.70736,0,1,0.22751,0.34077,0.05537,0.33281,0.62000,0.34000,0.48000,0.40000
combined_hard_shift,1,27,full_causal_scene_flow_model,1.00000,1.00000,1.00000,1.00000,0.00000,0.55360,1,0,0.06633,0.15337,0.82678,0.03528,0.62000,0.34000,0.48000,0.40000
combined_hard_shift,1,27,minus_action_conditioning,0.72727,0.57143,1.00000,1.00000,0.34884,0.88801,0,0,0.14598,0.23883,0.48975,0.14667,0.62000,0.34000,0.48000,0.40000
combined_hard_shift,1,27,minus_passive_flow_factor,0.72727,0.57143,1.00000,1.00000,0.34884,0.87823,1,0,0.13154,0.27717,0.49073,0.14667,0.62000,0.34000,0.48000,0.40000
combined_hard_shift,1,27,minus_articulation_graph,1.00000,1.00000,1.00000,1.00000,0.00000,0.55360,1,0,0.07680,0.12965,0.81178,0.04900,0.62000,0.34000,0.48000,0.40000
combined_hard_shift,1,27,minus_occlusion_reasoning,0.97436,1.00000,0.95000,0.85714,0.00000,0.52541,1,1,0.07560,0.15102,0.79665,0.05300,0.62000,0.34000,0.48000,0.40000
combined_hard_shift,1,27,correlation_only_causal_head,1.00000,1.00000,1.00000,1.00000,0.00000,0.55360,1,0,0.10789,0.21032,0.81178,0.04900,0.62000,0.34000,0.48000,0.40000
combined_hard_shift,1,27,mask_only_no_effect_predictor,1.00000,1.00000,1.00000,1.00000,0.00000,0.97360,0,0,0.06633,0.15337,0.64978,0.04900,0.62000,0.34000,0.48000,0.40000
combined_hard_shift,1,28,full_causal_scene_flow_model,0.62500,0.50000,0.83333,0.83333,0.42857,1.27539,0,0,0.10583,0.11789,0.39963,0.13128,0.62000,0.34000,0.48000,0.40000
combined_hard_shift,1,28,minus_action_conditioning,0.61224,0.48387,0.83333,1.00000,0.45714,1.31411,0,0,0.15789,0.19973,0.36771,0.19033,0.62000,0.34000,0.48000,0.40000
combined_hard_shift,1,28,minus_passive_flow_factor,0.51429,0.34615,1.00000,1.00000,0.97143,0.96225,0,1,0.18221,0.33155,0.15891,0.32100,0.62000,0.34000,0.48000,0.40000
combined_hard_shift,1,28,minus_articulation_graph,0.27586,0.36364,0.22222,0.33333,0.20000,1.48880,1,0,0.12170,0.09901,0.20424,0.16722,0.62000,0.34000,0.48000,0.40000
combined_hard_shift,1,28,minus_occlusion_reasoning,0.62222,0.51852,0.77778,0.66667,0.37143,1.24276,0,0,0.11310,0.11894,0.39869,0.17078,0.62000,0.34000,0.48000,0.40000
combined_hard_shift,1,28,correlation_only_causal_head,0.64286,0.47368,1.00000,1.00000,0.57143,0.86938,0,0,0.15311,0.25667,0.37020,0.20900,0.62000,0.34000,0.48000,0.40000
combined_hard_shift,1,28,mask_only_no_effect_predictor,0.62500,0.50000,0.83333,0.83333,0.42857,1.69539,0,0,0.10583,0.11789,0.26463,0.18233,0.62000,0.34000,0.48000,0.40000
combined_hard_shift,1,29,full_causal_scene_flow_model,0.73077,0.57576,1.00000,1.00000,0.33333,0.48626,1,0,0.12054,0.21943,0.55171,0.10248,0.62000,0.34000,0.48000,0.40000
combined_hard_shift,1,29,minus_action_conditioning,0.97297,1.00000,0.94737,0.83333,0.00000,0.52009,1,0,0.12720,0.21697,0.79621,0.05321,0.62000,0.34000,0.48000,0.40000
combined_hard_shift,1,29,minus_passive_flow_factor,0.47500,0.31148,1.00000,1.00000,1.00000,0.47156,0,1,0.22977,0.36516,0.17248,0.32900,0.62000,0.34000,0.48000,0.40000
combined_hard_shift,1,29,minus_articulation_graph,0.66667,0.55172,0.84211,0.50000,0.30952,0.46723,0,0,0.13238,0.19538,0.50041,0.14830,0.62000,0.34000,0.48000,0.40000
combined_hard_shift,1,29,minus_occlusion_reasoning,0.66667,0.53125,0.89474,0.66667,0.35714,0.47627,1,0,0.13168,0.21857,0.48617,0.15742,0.62000,0.34000,0.48000,0.40000
combined_hard_shift,1,29,correlation_only_causal_head,0.51351,0.34545,1.00000,1.00000,0.85714,0.45331,0,0,0.19057,0.29569,0.24126,0.28900,0.62000,0.34000,0.48000,0.40000
combined_hard_shift,1,29,mask_only_no_effect_predictor,0.73077,0.57576,1.00000,1.00000,0.33333,0.90626,0,0,0.12054,0.21943,0.37471,0.14233,0.62000,0.34000,0.48000,0.40000
combined_hard_shift,1,30,full_causal_scene_flow_model,0.94118,0.92308,0.96000,0.87500,0.04444,0.81144,1,0,0.08060,0.08248,0.74737,0.04654,0.62000,0.34000,0.48000,0.40000
combined_hard_shift,1,30,minus_action_conditioning,0.74627,0.59524,1.00000,1.00000,0.37778,1.09169,0,0,0.14812,0.17554,0.48375,0.15478,0.62000,0.34000,0.48000,0.40000
combined_hard_shift,1,30,minus_passive_flow_factor,0.78125,0.64103,1.00000,1.00000,0.31111,1.05138,0,0,0.13794,0.25985,0.52690,0.13611,0.62000,0.34000,0.48000,0.40000
combined_hard_shift,1,30,minus_articulation_graph,0.86957,0.95238,0.80000,0.50000,0.02222,0.71460,0,0,0.10237,0.05420,0.69815,0.07122,0.62000,0.34000,0.48000,0.40000
combined_hard_shift,1,30,minus_occlusion_reasoning,0.92000,0.92000,0.92000,0.75000,0.04444,0.79413,1,1,0.08856,0.08120,0.71928,0.06784,0.62000,0.34000,0.48000,0.40000
combined_hard_shift,1,30,correlation_only_causal_head,1.00000,1.00000,1.00000,1.00000,0.00000,0.76167,1,0,0.11624,0.18361,0.79097,0.04900,0.62000,0.34000,0.48000,0.40000
combined_hard_shift,1,30,mask_only_no_effect_predictor,0.94118,0.92308,0.96000,0.87500,0.04444,1.23144,1,0,0.08060,0.08248,0.59351,0.06464,0.62000,0.34000,0.48000,0.40000
combined_hard_shift,1,31,full_causal_scene_flow_model,0.66667,0.50000,1.00000,1.00000,0.51111,0.58446,0,0,0.17584,0.26999,0.44724,0.13832,0.62000,0.34000,0.48000,0.40000
combined_hard_shift,1,31,minus_action_conditioning,0.66667,0.50000,1.00000,1.00000,0.51111,0.58446,0,1,0.16611,0.26435,0.43224,0.19211,0.62000,0.34000,0.48000,0.40000
combined_hard_shift,1,31,minus_passive_flow_factor,0.66667,0.50000,1.00000,1.00000,0.51111,0.58446,0,0,0.16758,0.27957,0.43224,0.19211,0.62000,0.34000,0.48000,0.40000
combined_hard_shift,1,31,minus_articulation_graph,0.66667,0.50000,1.00000,1.00000,0.51111,0.58446,1,0,0.16505,0.24871,0.43224,0.19211,0.62000,0.34000,0.48000,0.40000
combined_hard_shift,1,31,minus_occlusion_reasoning,0.66667,0.50000,1.00000,1.00000,0.51111,0.58446,0,1,0.17355,0.26882,0.43224,0.19211,0.62000,0.34000,0.48000,0.40000
combined_hard_shift,1,31,correlation_only_causal_head,0.68657,0.52273,1.00000,1.00000,0.46667,0.57973,0,0,0.14654,0.22457,0.45909,0.17967,0.62000,0.34000,0.48000,0.40000
combined_hard_shift,1,31,mask_only_no_effect_predictor,0.66667,0.50000,1.00000,1.00000,0.51111,1.00446,1,0,0.17584,0.26999,0.27069,0.19211,0.62000,0.34000,0.48000,0.40000
combined_hard_shift,1,32,full_causal_scene_flow_model,0.67925,0.51429,1.00000,1.00000,0.45946,0.70538,0,0,0.12275,0.21346,0.45842,0.12791,0.62000,0.34000,0.48000,0.40000
combined_hard_shift,1,32,minus_action_conditioning,0.67925,0.51429,1.00000,1.00000,0.45946,0.70538,0,0,0.14587,0.25886,0.44342,0.17765,0.62000,0.34000,0.48000,0.40000
combined_hard_shift,1,32,minus_passive_flow_factor,0.67925,0.51429,1.00000,1.00000,0.45946,0.70538,0,0,0.14831,0.28811,0.44342,0.17765,0.62000,0.34000,0.48000,0.40000
combined_hard_shift,1,32,minus_articulation_graph,0.67925,0.51429,1.00000,1.00000,0.45946,0.70538,0,0,0.11804,0.19630,0.44342,0.17765,0.62000,0.34000,0.48000,0.40000
combined_hard_shift,1,32,minus_occlusion_reasoning,0.67925,0.51429,1.00000,1.00000,0.45946,0.70538,0,1,0.12330,0.21309,0.44342,0.17765,0.62000,0.34000,0.48000,0.40000
combined_hard_shift,1,32,correlation_only_causal_head,0.67925,0.51429,1.00000,1.00000,0.45946,0.70538,1,0,0.12837,0.23444,0.44342,0.17765,0.62000,0.34000,0.48000,0.40000
combined_hard_shift,1,32,mask_only_no_effect_predictor,0.67925,0.51429,1.00000,1.00000,0.45946,1.12538,0,1,0.12275,0.21346,0.29396,0.17765,0.62000,0.34000,0.48000,0.40000
combined_hard_shift,1,33,full_causal_scene_flow_model,0.84444,0.73077,1.00000,1.00000,0.21875,0.30291,0,0,0.09131,0.23194,0.68170,0.07938,0.62000,0.34000,0.48000,0.40000
combined_hard_shift,1,33,minus_action_conditioning,0.71698,0.55882,1.00000,1.00000,0.46875,0.55615,1,0,0.13810,0.25459,0.48216,0.18025,0.62000,0.34000,0.48000,0.40000
combined_hard_shift,1,33,minus_passive_flow_factor,0.84444,0.73077,1.00000,1.00000,0.21875,0.30504,0,1,0.10624,0.23679,0.66649,0.11025,0.62000,0.34000,0.48000,0.40000
combined_hard_shift,1,33,minus_articulation_graph,0.92683,0.86364,1.00000,1.00000,0.09375,0.28422,1,0,0.09326,0.21505,0.76124,0.07525,0.62000,0.34000,0.48000,0.40000
combined_hard_shift,1,33,minus_occlusion_reasoning,0.84444,0.73077,1.00000,1.00000,0.21875,0.30291,1,0,0.09625,0.22999,0.66670,0.11025,0.62000,0.34000,0.48000,0.40000
combined_hard_shift,1,33,correlation_only_causal_head,0.97436,0.95000,1.00000,1.00000,0.03125,0.32420,1,0,0.09749,0.18956,0.80802,0.05775,0.62000,0.34000,0.48000,0.40000
combined_hard_shift,1,33,mask_only_no_effect_predictor,0.84444,0.73077,1.00000,1.00000,0.21875,0.72291,1,0,0.09131,0.23194,0.50470,0.11025,0.62000,0.34000,0.48000,0.40000
combined_hard_shift,1,34,full_causal_scene_flow_model,0.76056,0.61364,1.00000,1.00000,0.42500,0.55837,0,0,0.11436,0.21188,0.53969,0.12096,0.62000,0.34000,0.48000,0.40000
combined_hard_shift,1,34,minus_action_conditioning,0.71053,0.55102,1.00000,1.00000,0.55000,0.64833,0,0,0.15921,0.23392,0.44567,0.20300,0.62000,0.34000,0.48000,0.40000
combined_hard_shift,1,34,minus_passive_flow_factor,0.76056,0.61364,1.00000,1.00000,0.42500,0.55837,1,0,0.12375,0.22400,0.52469,0.16800,0.62000,0.34000,0.48000,0.40000
combined_hard_shift,1,34,minus_articulation_graph,0.76056,0.61364,1.00000,1.00000,0.42500,0.55837,1,0,0.11290,0.18166,0.52469,0.16800,0.62000,0.34000,0.48000,0.40000
combined_hard_shift,1,34,minus_occlusion_reasoning,0.76056,0.61364,1.00000,1.00000,0.42500,0.55837,1,0,0.11682,0.20514,0.52469,0.16800,0.62000,0.34000,0.48000,0.40000
combined_hard_shift,1,34,correlation_only_causal_head,0.81818,0.69231,1.00000,1.00000,0.30000,0.51137,1,0,0.11754,0.17645,0.60473,0.13300,0.62000,0.34000,0.48000,0.40000
combined_hard_shift,1,34,mask_only_no_effect_predictor,0.76056,0.61364,1.00000,1.00000,0.42500,0.97837,0,1,0.11436,0.21188,0.36269,0.16800,0.62000,0.34000,0.48000,0.40000
combined_hard_shift,1,35,full_causal_scene_flow_model,0.91304,0.95455,0.87500,0.62500,0.02439,0.65145,1,0,0.09725,0.10679,0.74929,0.04740,0.62000,0.34000,0.48000,0.40000
combined_hard_shift,1,35,minus_action_conditioning,0.75410,0.62162,0.95833,0.87500,0.34146,0.89585,1,0,0.15634,0.17673,0.50981,0.14794,0.62000,0.34000,0.48000,0.40000
combined_hard_shift,1,35,minus_passive_flow_factor,0.56471,0.39344,1.00000,1.00000,0.90244,0.92349,0,0,0.17984,0.30660,0.21740,0.30168,0.62000,0.34000,0.48000,0.40000
combined_hard_shift,1,35,minus_articulation_graph,0.82927,1.00000,0.70833,0.50000,0.00000,0.59224,1,0,0.11991,0.07822,0.68840,0.07233,0.62000,0.34000,0.48000,0.40000
combined_hard_shift,1,35,minus_occlusion_reasoning,0.88889,0.95238,0.83333,0.50000,0.02439,0.62140,1,0,0.10545,0.10776,0.72039,0.06916,0.62000,0.34000,0.48000,0.40000
combined_hard_shift,1,35,correlation_only_causal_head,0.69565,0.53333,1.00000,1.00000,0.51220,0.84399,0,0,0.15558,0.23255,0.42628,0.19241,0.62000,0.34000,0.48000,0.40000
combined_hard_shift,1,35,mask_only_no_effect_predictor,0.91304,0.95455,0.87500,0.62500,0.02439,1.07145,1,0,0.09725,0.10679,0.57944,0.06583,0.62000,0.34000,0.48000,0.40000
combined_hard_shift,1,36,full_causal_scene_flow_model,0.55263,0.38182,1.00000,1.00000,0.70833,0.35470,0,1,0.19566,0.31569,0.33517,0.17808,0.62000,0.34000,0.48000,0.40000
combined_hard_shift,1,36,minus_action_conditioning,0.58824,0.42553,0.95238,0.85714,0.56250,0.52838,0,0,0.18635,0.28748,0.36856,0.21031,0.62000,0.34000,0.48000,0.40000
combined_hard_shift,1,36,minus_passive_flow_factor,0.49412,0.32812,1.00000,1.00000,0.89583,0.23916,0,0,0.20428,0.33255,0.23827,0.29983,0.62000,0.34000,0.48000,0.40000
combined_hard_shift,1,36,minus_articulation_graph,0.54795,0.38462,0.95238,0.85714,0.66667,0.35596,0,0,0.18350,0.28238,0.32843,0.23948,0.62000,0.34000,0.48000,0.40000
combined_hard_shift,1,36,minus_occlusion_reasoning,0.52632,0.36364,0.95238,0.85714,0.72917,0.33484,0,1,0.19505,0.30958,0.29791,0.25698,0.62000,0.34000,0.48000,0.40000
combined_hard_shift,1,36,correlation_only_causal_head,0.55556,0.39216,0.95238,0.85714,0.64583,0.30963,0,0,0.18000,0.27963,0.34423,0.23364,0.62000,0.34000,0.48000,0.40000
combined_hard_shift,1,36,mask_only_no_effect_predictor,0.55263,0.38182,1.00000,1.00000,0.70833,0.77470,0,0,0.19566,0.31569,0.15817,0.24733,0.62000,0.34000,0.48000,0.40000
combined_hard_shift,1,37,full_causal_scene_flow_model,0.65455,0.48649,1.00000,1.00000,0.45946,0.24195,1,0,0.15195,0.27734,0.48747,0.12791,0.62000,0.34000,0.48000,0.40000
combined_hard_shift,1,37,minus_action_conditioning,0.67925,0.51429,1.00000,1.00000,0.45946,0.24161,0,0,0.14807,0.27545,0.48980,0.17765,0.62000,0.34000,0.48000,0.40000
combined_hard_shift,1,37,minus_passive_flow_factor,0.67925,0.51429,1.00000,1.00000,0.45946,0.24161,0,1,0.13321,0.27240,0.48980,0.17765,0.62000,0.34000,0.48000,0.40000
combined_hard_shift,1,37,minus_articulation_graph,0.66667,0.50000,1.00000,1.00000,0.45946,0.24195,0,0,0.14291,0.26338,0.48096,0.17765,0.62000,0.34000,0.48000,0.40000
combined_hard_shift,1,37,minus_occlusion_reasoning,0.66667,0.50000,1.00000,1.00000,0.45946,0.24195,0,0,0.15154,0.27604,0.48096,0.17765,0.62000,0.34000,0.48000,0.40000
combined_hard_shift,1,37,correlation_only_causal_head,0.69231,0.52941,1.00000,1.00000,0.43243,0.24082,1,0,0.11803,0.22293,0.50659,0.17008,0.62000,0.34000,0.48000,0.40000
combined_hard_shift,1,37,mask_only_no_effect_predictor,0.65455,0.48649,1.00000,1.00000,0.45946,0.66195,0,0,0.15195,0.27734,0.31047,0.17765,0.62000,0.34000,0.48000,0.40000
combined_hard_shift,1,38,full_causal_scene_flow_model,0.62295,0.45238,1.00000,1.00000,0.48936,0.30483,0,0,0.14144,0.26497,0.45070,0.13394,0.62000,0.34000,0.48000,0.40000
combined_hard_shift,1,38,minus_action_conditioning,0.63333,0.46341,1.00000,1.00000,0.46809,0.30786,1,0,0.14378,0.26705,0.44862,0.18006,0.62000,0.34000,0.48000,0.40000
combined_hard_shift,1,38,minus_passive_flow_factor,0.60317,0.43182,1.00000,1.00000,0.53191,0.31316,0,0,0.15955,0.29060,0.40910,0.19794,0.62000,0.34000,0.48000,0.40000
combined_hard_shift,1,38,minus_articulation_graph,0.62295,0.45238,1.00000,1.00000,0.48936,0.30483,1,0,0.13437,0.24432,0.43570,0.18602,0.62000,0.34000,0.48000,0.40000
combined_hard_shift,1,38,minus_occlusion_reasoning,0.62295,0.45238,1.00000,1.00000,0.48936,0.30483,0,1,0.14217,0.26294,0.43570,0.18602,0.62000,0.34000,0.48000,0.40000
combined_hard_shift,1,38,correlation_only_causal_head,0.66667,0.50000,1.00000,1.00000,0.40426,0.29009,0,1,0.13009,0.22608,0.49160,0.16219,0.62000,0.34000,0.48000,0.40000
combined_hard_shift,1,38,mask_only_no_effect_predictor,0.62295,0.45238,1.00000,1.00000,0.48936,0.72483,1,0,0.14144,0.26497,0.27370,0.18602,0.62000,0.34000,0.48000,0.40000
combined_hard_shift,1,39,full_causal_scene_flow_model,0.77778,0.65625,0.95455,0.85714,0.27500,1.13253,1,0,0.08350,0.13933,0.54958,0.09334,0.62000,0.34000,0.48000,0.40000
combined_hard_shift,1,39,minus_action_conditioning,0.74576,0.59459,1.00000,1.00000,0.37500,1.22213,0,0,0.15155,0.21327,0.48417,0.15400,0.62000,0.34000,0.48000,0.40000
combined_hard_shift,1,39,minus_passive_flow_factor,0.63768,0.46809,1.00000,1.00000,0.62500,0.77282,0,0,0.15650,0.29165,0.36123,0.22400,0.62000,0.34000,0.48000,0.40000
combined_hard_shift,1,39,minus_articulation_graph,0.83721,0.85714,0.81818,0.42857,0.07500,0.84606,1,0,0.09510,0.11292,0.64758,0.08455,0.62000,0.34000,0.48000,0.40000
combined_hard_shift,1,39,minus_occlusion_reasoning,0.76000,0.67857,0.86364,0.57143,0.22500,1.07537,1,0,0.09214,0.13705,0.53613,0.12291,0.62000,0.34000,0.48000,0.40000
combined_hard_shift,1,39,correlation_only_causal_head,0.88000,0.78571,1.00000,1.00000,0.15000,0.73586,1,0,0.13015,0.22039,0.66755,0.09100,0.62000,0.34000,0.48000,0.40000
combined_hard_shift,1,39,mask_only_no_effect_predictor,0.77778,0.65625,0.95455,0.85714,0.27500,1.55253,0,0,0.08350,0.13933,0.41458,0.12964,0.62000,0.34000,0.48000,0.40000
combined_hard_shift,1,40,full_causal_scene_flow_model,0.94118,0.96000,0.92308,0.77778,0.01961,0.69760,1,0,0.09934,0.08733,0.76571,0.04366,0.62000,0.34000,0.48000,0.40000
combined_hard_shift,1,40,minus_action_conditioning,0.73529,0.59524,0.96154,0.88889,0.33333,0.88011,0,0,0.16086,0.17143,0.50050,0.14541,0.62000,0.34000,0.48000,0.40000
combined_hard_shift,1,40,minus_passive_flow_factor,0.60465,0.43333,1.00000,1.00000,0.66667,0.84061,1,0,0.20198,0.31490,0.31966,0.23567,0.62000,0.34000,0.48000,0.40000
combined_hard_shift,1,40,minus_articulation_graph,0.82609,0.95000,0.73077,0.44444,0.01961,0.63181,1,0,0.12284,0.05652,0.67673,0.07603,0.62000,0.34000,0.48000,0.40000
combined_hard_shift,1,40,minus_occlusion_reasoning,0.89796,0.95652,0.84615,0.55556,0.01961,0.64172,1,0,0.10951,0.08480,0.72604,0.06680,0.62000,0.34000,0.48000,0.40000
combined_hard_shift,1,40,correlation_only_causal_head,0.68493,0.53191,0.96154,0.88889,0.43137,0.88296,0,0,0.17052,0.23043,0.43751,0.17286,0.62000,0.34000,0.48000,0.40000
combined_hard_shift,1,40,mask_only_no_effect_predictor,0.94118,0.96000,0.92308,0.77778,0.01961,1.11760,1,0,0.09934,0.08733,0.60047,0.06064,0.62000,0.34000,0.48000,0.40000
combined_hard_shift,1,41,full_causal_scene_flow_model,0.89796,0.88000,0.91667,0.75000,0.06977,0.59195,0,0,0.09257,0.12618,0.73198,0.05415,0.62000,0.34000,0.48000,0.40000
combined_hard_shift,1,41,minus_action_conditioning,0.69697,0.54762,0.95833,0.87500,0.44186,0.92346,1,0,0.17168,0.20778,0.43895,0.17605,0.62000,0.34000,0.48000,0.40000
combined_hard_shift,1,41,minus_passive_flow_factor,0.82759,0.70588,1.00000,1.00000,0.23256,0.74428,1,0,0.13302,0.25435,0.60690,0.11412,0.62000,0.34000,0.48000,0.40000
combined_hard_shift,1,41,minus_articulation_graph,0.82927,1.00000,0.70833,0.25000,0.00000,0.38184,0,0,0.10917,0.09667,0.70944,0.07233,0.62000,0.34000,0.48000,0.40000
combined_hard_shift,1,41,minus_occlusion_reasoning,0.87500,0.87500,0.87500,0.62500,0.06977,0.57217,1,0,0.10041,0.12504,0.70288,0.07853,0.62000,0.34000,0.48000,0.40000
combined_hard_shift,1,41,correlation_only_causal_head,1.00000,1.00000,1.00000,1.00000,0.00000,0.54162,0,0,0.11972,0.18864,0.81297,0.04900,0.62000,0.34000,0.48000,0.40000
combined_hard_shift,1,41,mask_only_no_effect_predictor,0.89796,0.88000,0.91667,0.75000,0.06977,1.01195,1,0,0.09257,0.12618,0.55617,0.07520,0.62000,0.34000,0.48000,0.40000
combined_hard_shift,2,0,full_causal_scene_flow_model,0.73418,0.58000,1.00000,1.00000,0.46667,0.86019,1,0,0.14961,0.22624,0.47937,0.12936,0.62000,0.34000,0.48000,0.40000
combined_hard_shift,2,0,minus_action_conditioning,0.73418,0.58000,1.00000,1.00000,0.46667,0.88943,1,0,0.17415,0.21690,0.46145,0.17967,0.62000,0.34000,0.48000,0.40000
combined_hard_shift,2,0,minus_passive_flow_factor,0.56863,0.39726,1.00000,1.00000,0.97778,0.54376,0,0,0.20325,0.30096,0.23702,0.32278,0.62000,0.34000,0.48000,0.40000
combined_hard_shift,2,0,minus_articulation_graph,0.71053,0.57447,0.93103,0.80000,0.44444,0.87785,1,1,0.15271,0.18700,0.45227,0.17896,0.62000,0.34000,0.48000,0.40000
combined_hard_shift,2,0,minus_occlusion_reasoning,0.70886,0.56000,0.96552,0.90000,0.48889,0.83702,1,0,0.15632,0.21435,0.44275,0.18865,0.62000,0.34000,0.48000,0.40000
combined_hard_shift,2,0,correlation_only_causal_head,0.65169,0.48333,1.00000,1.00000,0.68889,0.66141,0,0,0.18084,0.23232,0.36428,0.24189,0.62000,0.34000,0.48000,0.40000
combined_hard_shift,2,0,mask_only_no_effect_predictor,0.73418,0.58000,1.00000,1.00000,0.46667,1.28019,1,0,0.14961,0.22624,0.33039,0.17967,0.62000,0.34000,0.48000,0.40000
combined_hard_shift,2,1,full_causal_scene_flow_model,0.74359,0.59184,1.00000,1.00000,0.40816,0.49692,1,0,0.10725,0.19990,0.53867,0.11757,0.62000,0.34000,0.48000,0.40000
combined_hard_shift,2,1,minus_action_conditioning,0.74359,0.59184,1.00000,1.00000,0.40816,0.49692,1,0,0.14282,0.21458,0.52367,0.16329,0.62000,0.34000,0.48000,0.40000
combined_hard_shift,2,1,minus_passive_flow_factor,0.72500,0.56863,1.00000,1.00000,0.44898,0.50290,0,0,0.14104,0.23861,0.49863,0.17471,0.62000,0.34000,0.48000,0.40000
combined_hard_shift,2,1,minus_articulation_graph,0.77333,0.63043,1.00000,1.00000,0.34694,0.48583,0,0,0.10759,0.16937,0.56274,0.14614,0.62000,0.34000,0.48000,0.40000
combined_hard_shift,2,1,minus_occlusion_reasoning,0.74359,0.59184,1.00000,1.00000,0.40816,0.49692,0,0,0.11166,0.19056,0.52367,0.16329,0.62000,0.34000,0.48000,0.40000
combined_hard_shift,2,1,correlation_only_causal_head,0.77333,0.63043,1.00000,1.00000,0.34694,0.48197,0,0,0.12431,0.17399,0.56313,0.14614,0.62000,0.34000,0.48000,0.40000
combined_hard_shift,2,1,mask_only_no_effect_predictor,0.74359,0.59184,1.00000,1.00000,0.40816,0.91692,1,0,0.10725,0.19990,0.36167,0.16329,0.62000,0.34000,0.48000,0.40000
combined_hard_shift,2,2,full_causal_scene_flow_model,0.67647,0.51111,1.00000,1.00000,0.46809,0.81554,0,0,0.11044,0.22735,0.44305,0.12965,0.62000,0.34000,0.48000,0.40000
combined_hard_shift,2,2,minus_action_conditioning,0.63889,0.46939,1.00000,1.00000,0.55319,0.88274,1,0,0.18167,0.27727,0.37119,0.20389,0.62000,0.34000,0.48000,0.40000
combined_hard_shift,2,2,minus_passive_flow_factor,0.71875,0.56098,1.00000,1.00000,0.38298,0.77957,1,0,0.12775,0.24584,0.48507,0.15623,0.62000,0.34000,0.48000,0.40000
combined_hard_shift,2,2,minus_articulation_graph,0.77966,0.63889,1.00000,1.00000,0.27660,0.68504,1,1,0.10139,0.20140,0.56695,0.12645,0.62000,0.34000,0.48000,0.40000
combined_hard_shift,2,2,minus_occlusion_reasoning,0.67647,0.51111,1.00000,1.00000,0.46809,0.81554,1,0,0.11053,0.22165,0.42805,0.18006,0.62000,0.34000,0.48000,0.40000
combined_hard_shift,2,2,correlation_only_causal_head,0.93878,0.88462,1.00000,1.00000,0.06383,0.45395,1,0,0.11301,0.18741,0.76101,0.06687,0.62000,0.34000,0.48000,0.40000
combined_hard_shift,2,2,mask_only_no_effect_predictor,0.67647,0.51111,1.00000,1.00000,0.46809,1.23554,0,0,0.11044,0.22735,0.28960,0.18006,0.62000,0.34000,0.48000,0.40000
combined_hard_shift,2,3,full_causal_scene_flow_model,0.70370,0.54286,1.00000,1.00000,0.37209,0.72361,1,0,0.11171,0.20133,0.49818,0.11029,0.62000,0.34000,0.48000,0.40000
combined_hard_shift,2,3,minus_action_conditioning,0.70370,0.54286,1.00000,1.00000,0.37209,0.72361,0,0,0.15123,0.25984,0.48318,0.15319,0.62000,0.34000,0.48000,0.40000
combined_hard_shift,2,3,minus_passive_flow_factor,0.70370,0.54286,1.00000,1.00000,0.37209,0.72361,1,0,0.14460,0.28205,0.48318,0.15319,0.62000,0.34000,0.48000,0.40000
combined_hard_shift,2,3,minus_articulation_graph,0.67925,0.52941,0.94737,0.83333,0.37209,0.71545,0,0,0.10954,0.17952,0.46688,0.15740,0.62000,0.34000,0.48000,0.40000
combined_hard_shift,2,3,minus_occlusion_reasoning,0.67925,0.52941,0.94737,0.83333,0.37209,0.71545,1,0,0.11469,0.19924,0.46688,0.15740,0.62000,0.34000,0.48000,0.40000
combined_hard_shift,2,3,correlation_only_causal_head,0.67925,0.52941,0.94737,0.83333,0.37209,0.71545,1,0,0.12664,0.22616,0.46688,0.15740,0.62000,0.34000,0.48000,0.40000
combined_hard_shift,2,3,mask_only_no_effect_predictor,0.70370,0.54286,1.00000,1.00000,0.37209,1.14361,1,0,0.11171,0.20133,0.33554,0.15319,0.62000,0.34000,0.48000,0.40000
combined_hard_shift,2,4,full_causal_scene_flow_model,0.82143,0.69697,1.00000,1.00000,0.23256,0.16749,1,0,0.11147,0.24485,0.67527,0.08216,0.62000,0.34000,0.48000,0.40000
combined_hard_shift,2,4,minus_action_conditioning,0.80702,0.67647,1.00000,1.00000,0.25581,0.29711,1,0,0.13437,0.23109,0.63071,0.12063,0.62000,0.34000,0.48000,0.40000
combined_hard_shift,2,4,minus_passive_flow_factor,0.71875,0.56098,1.00000,1.00000,0.41860,0.32812,1,0,0.14236,0.26297,0.52024,0.16621,0.62000,0.34000,0.48000,0.40000
combined_hard_shift,2,4,minus_articulation_graph,0.86792,0.76667,1.00000,1.00000,0.16279,0.14735,1,0,0.11197,0.22124,0.71437,0.09458,0.62000,0.34000,0.48000,0.40000
combined_hard_shift,2,4,minus_occlusion_reasoning,0.83636,0.71875,1.00000,1.00000,0.20930,0.15239,1,0,0.11774,0.24132,0.67875,0.10760,0.62000,0.34000,0.48000,0.40000
combined_hard_shift,2,4,correlation_only_causal_head,0.95833,0.92000,1.00000,1.00000,0.04651,0.21394,0,0,0.12124,0.20264,0.80355,0.06202,0.62000,0.34000,0.48000,0.40000
combined_hard_shift,2,4,mask_only_no_effect_predictor,0.82143,0.69697,1.00000,1.00000,0.23256,0.58749,0,0,0.11147,0.24485,0.49827,0.11412,0.62000,0.34000,0.48000,0.40000
combined_hard_shift,2,5,full_causal_scene_flow_model,0.71875,0.56098,1.00000,1.00000,0.45000,0.76609,0,0,0.10708,0.19903,0.48265,0.12600,0.62000,0.34000,0.48000,0.40000
combined_hard_shift,2,5,minus_action_conditioning,0.71875,0.56098,1.00000,1.00000,0.45000,0.76609,1,0,0.14873,0.23590,0.46765,0.17500,0.62000,0.34000,0.48000,0.40000
combined_hard_shift,2,5,minus_passive_flow_factor,0.65714,0.48936,1.00000,1.00000,0.60000,0.65258,1,0,0.15293,0.27913,0.39388,0.21700,0.62000,0.34000,0.48000,0.40000
combined_hard_shift,2,5,minus_articulation_graph,0.69841,0.55000,0.95652,0.87500,0.45000,0.76780,0,0,0.10929,0.17664,0.45324,0.17848,0.62000,0.34000,0.48000,0.40000
combined_hard_shift,2,5,minus_occlusion_reasoning,0.69841,0.55000,0.95652,0.87500,0.45000,0.76780,0,1,0.11069,0.19849,0.45324,0.17848,0.62000,0.34000,0.48000,0.40000
combined_hard_shift,2,5,correlation_only_causal_head,0.72131,0.57895,0.95652,0.87500,0.40000,0.74904,0,0,0.13061,0.21980,0.48515,0.16448,0.62000,0.34000,0.48000,0.40000
combined_hard_shift,2,5,mask_only_no_effect_predictor,0.71875,0.56098,1.00000,1.00000,0.45000,1.18609,1,0,0.10708,0.19903,0.32426,0.17500,0.62000,0.34000,0.48000,0.40000
combined_hard_shift,2,6,full_causal_scene_flow_model,0.67742,0.51220,1.00000,1.00000,0.52632,0.52334,1,0,0.15819,0.27825,0.45663,0.14139,0.62000,0.34000,0.48000,0.40000
combined_hard_shift,2,6,minus_action_conditioning,0.66667,0.50000,1.00000,1.00000,0.55263,0.51664,0,0,0.17043,0.28045,0.42740,0.20374,0.62000,0.34000,0.48000,0.40000
combined_hard_shift,2,6,minus_passive_flow_factor,0.68852,0.52500,1.00000,1.00000,0.50000,0.51149,1,0,0.13169,0.25547,0.45795,0.18900,0.62000,0.34000,0.48000,0.40000
combined_hard_shift,2,6,minus_articulation_graph,0.67742,0.51220,1.00000,1.00000,0.52632,0.52334,0,0,0.14650,0.25695,0.44163,0.19637,0.62000,0.34000,0.48000,0.40000
combined_hard_shift,2,6,minus_occlusion_reasoning,0.67742,0.51220,1.00000,1.00000,0.52632,0.52334,0,1,0.15602,0.27733,0.44163,0.19637,0.62000,0.34000,0.48000,0.40000
combined_hard_shift,2,6,correlation_only_causal_head,0.76364,0.61765,1.00000,1.00000,0.34211,0.44790,1,0,0.11703,0.20702,0.56110,0.14479,0.62000,0.34000,0.48000,0.40000
combined_hard_shift,2,6,mask_only_no_effect_predictor,0.67742,0.51220,1.00000,1.00000,0.52632,0.94334,1,0,0.15819,0.27825,0.27963,0.19637,0.62000,0.34000,0.48000,0.40000
combined_hard_shift,2,7,full_causal_scene_flow_model,1.00000,1.00000,1.00000,1.00000,0.00000,0.53946,0,0,0.04905,0.14310,0.82819,0.03528,0.62000,0.34000,0.48000,0.40000
combined_hard_shift,2,7,minus_action_conditioning,1.00000,1.00000,1.00000,1.00000,0.00000,0.53946,1,0,0.09696,0.18496,0.81319,0.04900,0.62000,0.34000,0.48000,0.40000
combined_hard_shift,2,7,minus_passive_flow_factor,0.81356,0.68571,1.00000,1.00000,0.28947,0.45830,1,1,0.11159,0.22374,0.60974,0.13005,0.62000,0.34000,0.48000,0.40000
combined_hard_shift,2,7,minus_articulation_graph,1.00000,1.00000,1.00000,1.00000,0.00000,0.53946,1,0,0.05872,0.13004,0.81319,0.04900,0.62000,0.34000,0.48000,0.40000
combined_hard_shift,2,7,minus_occlusion_reasoning,1.00000,1.00000,1.00000,1.00000,0.00000,0.53946,0,0,0.05715,0.14187,0.81319,0.04900,0.62000,0.34000,0.48000,0.40000
combined_hard_shift,2,7,correlation_only_causal_head,1.00000,1.00000,1.00000,1.00000,0.00000,0.53946,1,0,0.09087,0.15099,0.81319,0.04900,0.62000,0.34000,0.48000,0.40000
combined_hard_shift,2,7,mask_only_no_effect_predictor,1.00000,1.00000,1.00000,1.00000,0.00000,0.95946,1,0,0.04905,0.14310,0.65119,0.04900,0.62000,0.34000,0.48000,0.40000
combined_hard_shift,2,8,full_causal_scene_flow_model,1.00000,1.00000,1.00000,1.00000,0.00000,0.60173,1,0,0.06868,0.12007,0.82196,0.03528,0.62000,0.34000,0.48000,0.40000
combined_hard_shift,2,8,minus_action_conditioning,0.97436,0.95000,1.00000,1.00000,0.02273,0.61469,1,0,0.14336,0.21082,0.78135,0.05536,0.62000,0.34000,0.48000,0.40000
combined_hard_shift,2,8,minus_passive_flow_factor,0.70370,0.54286,1.00000,1.00000,0.36364,0.62508,0,0,0.14571,0.27919,0.49540,0.15082,0.62000,0.34000,0.48000,0.40000
combined_hard_shift,2,8,minus_articulation_graph,0.77419,1.00000,0.63158,0.16667,0.00000,0.42809,1,0,0.09190,0.10034,0.66626,0.07847,0.62000,0.34000,0.48000,0.40000
combined_hard_shift,2,8,minus_occlusion_reasoning,0.91429,1.00000,0.84211,0.50000,0.00000,0.50888,1,0,0.08332,0.11866,0.75625,0.06163,0.62000,0.34000,0.48000,0.40000
combined_hard_shift,2,8,correlation_only_causal_head,0.76000,0.61290,1.00000,1.00000,0.27273,0.60072,0,0,0.12389,0.20844,0.56270,0.12536,0.62000,0.34000,0.48000,0.40000
combined_hard_shift,2,8,mask_only_no_effect_predictor,1.00000,1.00000,1.00000,1.00000,0.00000,1.02173,0,0,0.06868,0.12007,0.64713,0.04900,0.62000,0.34000,0.48000,0.40000
combined_hard_shift,2,9,full_causal_scene_flow_model,0.67568,0.51020,1.00000,1.00000,0.51111,0.59795,1,1,0.15728,0.27291,0.45220,0.13832,0.62000,0.34000,0.48000,0.40000
combined_hard_shift,2,9,minus_action_conditioning,0.68493,0.52083,1.00000,1.00000,0.51111,0.60571,1,1,0.18184,0.27546,0.44291,0.19211,0.62000,0.34000,0.48000,0.40000
combined_hard_shift,2,9,minus_passive_flow_factor,0.73529,0.58140,1.00000,1.00000,0.40000,0.55232,0,0,0.13053,0.24231,0.51461,0.16100,0.62000,0.34000,0.48000,0.40000
combined_hard_shift,2,9,minus_articulation_graph,0.68493,0.52083,1.00000,1.00000,0.51111,0.60571,0,0,0.14541,0.24555,0.44291,0.19211,0.62000,0.34000,0.48000,0.40000
combined_hard_shift,2,9,minus_occlusion_reasoning,0.67568,0.51020,1.00000,1.00000,0.51111,0.59795,0,0,0.15519,0.26462,0.43720,0.19211,0.62000,0.34000,0.48000,0.40000
combined_hard_shift,2,9,correlation_only_causal_head,0.78125,0.64103,1.00000,1.00000,0.31111,0.51403,1,0,0.11998,0.18765,0.57550,0.13611,0.62000,0.34000,0.48000,0.40000
combined_hard_shift,2,9,mask_only_no_effect_predictor,0.67568,0.51020,1.00000,1.00000,0.51111,1.01795,0,0,0.15728,0.27291,0.27700,0.19211,0.62000,0.34000,0.48000,0.40000
combined_hard_shift,2,10,full_causal_scene_flow_model,0.73333,0.57895,1.00000,1.00000,0.32653,0.81872,0,0,0.10244,0.18046,0.52217,0.10111,0.62000,0.34000,0.48000,0.40000
combined_hard_shift,2,10,minus_action_conditioning,0.63768,0.46809,1.00000,1.00000,0.51020,0.90897,0,0,0.19086,0.26513,0.37976,0.19186,0.62000,0.34000,0.48000,0.40000
combined_hard_shift,2,10,minus_passive_flow_factor,0.69841,0.53659,1.00000,1.00000,0.38776,0.84662,1,0,0.13723,0.27214,0.46279,0.15757,0.62000,0.34000,0.48000,0.40000
combined_hard_shift,2,10,minus_articulation_graph,0.80000,0.71429,0.90909,0.71429,0.16327,0.69689,1,0,0.10474,0.14723,0.61173,0.10199,0.62000,0.34000,0.48000,0.40000
combined_hard_shift,2,10,minus_occlusion_reasoning,0.73684,0.60000,0.95455,0.85714,0.28571,0.78204,1,0,0.10648,0.17499,0.52472,0.13264,0.62000,0.34000,0.48000,0.40000
combined_hard_shift,2,10,correlation_only_causal_head,0.81481,0.68750,1.00000,1.00000,0.20408,0.73001,0,0,0.12222,0.21466,0.60736,0.10614,0.62000,0.34000,0.48000,0.40000
combined_hard_shift,2,10,mask_only_no_effect_predictor,0.73333,0.57895,1.00000,1.00000,0.32653,1.23872,0,0,0.10244,0.18046,0.36904,0.14043,0.62000,0.34000,0.48000,0.40000
combined_hard_shift,2,11,full_causal_scene_flow_model,0.50575,0.33846,1.00000,1.00000,0.91489,0.77908,1,0,0.18948,0.30558,0.20208,0.21972,0.62000,0.34000,0.48000,0.40000
combined_hard_shift,2,11,minus_action_conditioning,0.48837,0.32812,0.95455,0.85714,0.91489,0.80885,0,0,0.21045,0.28944,0.17194,0.30881,0.62000,0.34000,0.48000,0.40000
combined_hard_shift,2,11,minus_passive_flow_factor,0.51765,0.34921,1.00000,1.00000,0.87234,0.77232,0,1,0.18313,0.31813,0.20800,0.29326,0.62000,0.34000,0.48000,0.40000
combined_hard_shift,2,11,minus_articulation_graph,0.56757,0.40385,0.95455,0.85714,0.65957,0.72193,1,1,0.17653,0.25875,0.30756,0.23732,0.62000,0.34000,0.48000,0.40000
combined_hard_shift,2,11,minus_occlusion_reasoning,0.50000,0.33871,0.95455,0.85714,0.87234,0.76835,0,0,0.19064,0.29027,0.19604,0.29689,0.62000,0.34000,0.48000,0.40000
combined_hard_shift,2,11,correlation_only_causal_head,0.57895,0.40741,1.00000,1.00000,0.68085,0.72754,0,0,0.17561,0.27138,0.30901,0.23964,0.62000,0.34000,0.48000,0.40000
combined_hard_shift,2,11,mask_only_no_effect_predictor,0.50575,0.33846,1.00000,1.00000,0.91489,1.19908,0,0,0.18948,0.30558,0.04499,0.30517,0.62000,0.34000,0.48000,0.40000
combined_hard_shift,2,12,full_causal_scene_flow_model,0.86957,0.86957,0.86957,0.62500,0.08571,0.64416,0,0,0.08374,0.10595,0.70241,0.06007,0.62000,0.34000,0.48000,0.40000
combined_hard_shift,2,12,minus_action_conditioning,0.73333,0.59459,0.95652,0.87500,0.42857,0.81606,1,0,0.14808,0.18888,0.47886,0.17248,0.62000,0.34000,0.48000,0.40000
combined_hard_shift,2,12,minus_passive_flow_factor,0.74194,0.58974,1.00000,1.00000,0.45714,0.81418,0,0,0.14217,0.26635,0.47707,0.17700,0.62000,0.34000,0.48000,0.40000
combined_hard_shift,2,12,minus_articulation_graph,0.88372,0.95000,0.82609,0.50000,0.02857,0.58111,1,1,0.10258,0.07942,0.71963,0.07091,0.62000,0.34000,0.48000,0.40000
combined_hard_shift,2,12,minus_occlusion_reasoning,0.86364,0.90476,0.82609,0.50000,0.05714,0.59473,0,0,0.09277,0.10354,0.69621,0.07891,0.62000,0.34000,0.48000,0.40000
combined_hard_shift,2,12,correlation_only_causal_head,0.74194,0.58974,1.00000,1.00000,0.45714,0.81418,1,0,0.12667,0.19881,0.47707,0.17700,0.62000,0.34000,0.48000,0.40000
combined_hard_shift,2,12,mask_only_no_effect_predictor,0.86957,0.86957,0.86957,0.62500,0.08571,1.06416,1,0,0.08374,0.10595,0.53183,0.08343,0.62000,0.34000,0.48000,0.40000
combined_hard_shift,2,13,full_causal_scene_flow_model,0.72222,0.57778,0.96296,0.88889,0.39583,0.89628,1,0,0.11209,0.15218,0.48723,0.11721,0.62000,0.34000,0.48000,0.40000
combined_hard_shift,2,13,minus_action_conditioning,0.70270,0.55319,0.96296,0.88889,0.43750,0.92165,1,0,0.18285,0.22409,0.44436,0.17446,0.62000,0.34000,0.48000,0.40000
combined_hard_shift,2,13,minus_passive_flow_factor,0.72973,0.57447,1.00000,1.00000,0.41667,0.90398,1,0,0.14213,0.24204,0.47088,0.16567,0.62000,0.34000,0.48000,0.40000
combined_hard_shift,2,13,minus_articulation_graph,0.76190,0.66667,0.88889,0.66667,0.25000,0.81076,1,0,0.12006,0.11181,0.54939,0.12789,0.62000,0.34000,0.48000,0.40000
combined_hard_shift,2,13,minus_occlusion_reasoning,0.72222,0.57778,0.96296,0.88889,0.39583,0.89628,1,0,0.11452,0.14848,0.47223,0.16280,0.62000,0.34000,0.48000,0.40000
combined_hard_shift,2,13,correlation_only_causal_head,0.73973,0.58696,1.00000,1.00000,0.39583,0.89331,1,0,0.13214,0.18072,0.48478,0.15983,0.62000,0.34000,0.48000,0.40000
combined_hard_shift,2,13,mask_only_no_effect_predictor,0.72222,0.57778,0.96296,0.88889,0.39583,1.31628,1,0,0.11209,0.15218,0.34186,0.16280,0.62000,0.34000,0.48000,0.40000
combined_hard_shift,2,14,full_causal_scene_flow_model,1.00000,1.00000,1.00000,1.00000,0.00000,0.33530,1,0,0.05620,0.16393,0.84860,0.03528,0.62000,0.34000,0.48000,0.40000
combined_hard_shift,2,14,minus_action_conditioning,0.95652,0.91667,1.00000,1.00000,0.05263,0.41286,1,0,0.12336,0.22350,0.78068,0.06374,0.62000,0.34000,0.48000,0.40000
combined_hard_shift,2,14,minus_passive_flow_factor,0.75862,0.61111,1.00000,1.00000,0.36842,0.64672,1,0,0.11567,0.23946,0.53034,0.15216,0.62000,0.34000,0.48000,0.40000
combined_hard_shift,2,14,minus_articulation_graph,0.97674,1.00000,0.95455,0.85714,0.00000,0.32237,1,0,0.06434,0.14992,0.81862,0.05264,0.62000,0.34000,0.48000,0.40000
combined_hard_shift,2,14,minus_occlusion_reasoning,0.97674,1.00000,0.95455,0.85714,0.00000,0.32237,0,0,0.06462,0.16601,0.81862,0.05264,0.62000,0.34000,0.48000,0.40000
combined_hard_shift,2,14,correlation_only_causal_head,0.95238,1.00000,0.90909,0.71429,0.00000,0.30831,1,0,0.09407,0.17961,0.80297,0.05627,0.62000,0.34000,0.48000,0.40000
combined_hard_shift,2,14,mask_only_no_effect_predictor,1.00000,1.00000,1.00000,1.00000,0.00000,0.75530,0,0,0.05620,0.16393,0.67160,0.04900,0.62000,0.34000,0.48000,0.40000
combined_hard_shift,2,15,full_causal_scene_flow_model,0.68852,0.52500,1.00000,1.00000,0.41304,0.86728,1,0,0.11650,0.22295,0.46172,0.11855,0.62000,0.34000,0.48000,0.40000
combined_hard_shift,2,15,minus_action_conditioning,0.68852,0.52500,1.00000,1.00000,0.41304,0.86728,1,0,0.15417,0.25114,0.44672,0.16465,0.62000,0.34000,0.48000,0.40000
combined_hard_shift,2,15,minus_passive_flow_factor,0.65625,0.48837,1.00000,1.00000,0.47826,0.74833,0,0,0.15954,0.29609,0.41776,0.18291,0.62000,0.34000,0.48000,0.40000
combined_hard_shift,2,15,minus_articulation_graph,0.70000,0.53846,1.00000,1.00000,0.39130,0.85452,1,0,0.11288,0.19853,0.46212,0.15857,0.62000,0.34000,0.48000,0.40000
combined_hard_shift,2,15,minus_occlusion_reasoning,0.68852,0.52500,1.00000,1.00000,0.41304,0.86728,1,0,0.11966,0.21981,0.44672,0.16465,0.62000,0.34000,0.48000,0.40000
combined_hard_shift,2,15,correlation_only_causal_head,0.73684,0.58333,1.00000,1.00000,0.32609,0.81814,0,0,0.13313,0.22988,0.50981,0.14030,0.62000,0.34000,0.48000,0.40000
combined_hard_shift,2,15,mask_only_no_effect_predictor,0.68852,0.52500,1.00000,1.00000,0.41304,1.28728,1,0,0.11650,0.22295,0.31345,0.16465,0.62000,0.34000,0.48000,0.40000
combined_hard_shift,2,16,full_causal_scene_flow_model,0.78378,0.64444,1.00000,1.00000,0.42105,0.64675,0,1,0.12288,0.19310,0.54821,0.12016,0.62000,0.34000,0.48000,0.40000
combined_hard_shift,2,16,minus_action_conditioning,0.78378,0.64444,1.00000,1.00000,0.42105,0.64675,1,0,0.16404,0.21124,0.53321,0.16689,0.62000,0.34000,0.48000,0.40000
combined_hard_shift,2,16,minus_passive_flow_factor,0.78378,0.64444,1.00000,1.00000,0.42105,0.64675,1,0,0.13663,0.22388,0.53321,0.16689,0.62000,0.34000,0.48000,0.40000
combined_hard_shift,2,16,minus_articulation_graph,0.78378,0.64444,1.00000,1.00000,0.42105,0.64675,1,1,0.12626,0.15391,0.53321,0.16689,0.62000,0.34000,0.48000,0.40000
combined_hard_shift,2,16,minus_occlusion_reasoning,0.78378,0.64444,1.00000,1.00000,0.42105,0.64675,1,0,0.12715,0.18181,0.53321,0.16689,0.62000,0.34000,0.48000,0.40000
combined_hard_shift,2,16,correlation_only_causal_head,0.78378,0.64444,1.00000,1.00000,0.42105,0.64675,1,0,0.13265,0.16808,0.53321,0.16689,0.62000,0.34000,0.48000,0.40000
combined_hard_shift,2,16,mask_only_no_effect_predictor,0.78378,0.64444,1.00000,1.00000,0.42105,1.06675,1,0,0.12288,0.19310,0.37789,0.16689,0.62000,0.34000,0.48000,0.40000
combined_hard_shift,2,17,full_causal_scene_flow_model,0.76923,0.62500,1.00000,1.00000,0.34286,0.42910,0,0,0.08371,0.19552,0.58169,0.10440,0.62000,0.34000,0.48000,0.40000
combined_hard_shift,2,17,minus_action_conditioning,0.78431,0.64516,1.00000,1.00000,0.31429,0.42689,1,0,0.12218,0.23122,0.58547,0.13700,0.62000,0.34000,0.48000,0.40000
combined_hard_shift,2,17,minus_passive_flow_factor,0.74074,0.58824,1.00000,1.00000,0.40000,0.43465,0,0,0.11844,0.23945,0.53019,0.16100,0.62000,0.34000,0.48000,0.40000
combined_hard_shift,2,17,minus_articulation_graph,0.81633,0.68966,1.00000,1.00000,0.25714,0.41539,1,0,0.08539,0.18028,0.62502,0.12100,0.62000,0.34000,0.48000,0.40000
combined_hard_shift,2,17,minus_occlusion_reasoning,0.76923,0.62500,1.00000,1.00000,0.34286,0.42910,0,0,0.08830,0.19604,0.56669,0.14500,0.62000,0.34000,0.48000,0.40000
combined_hard_shift,2,17,correlation_only_causal_head,0.86957,0.76923,1.00000,1.00000,0.17143,0.41290,0,0,0.09989,0.18096,0.68654,0.09700,0.62000,0.34000,0.48000,0.40000
combined_hard_shift,2,17,mask_only_no_effect_predictor,0.76923,0.62500,1.00000,1.00000,0.34286,0.84910,0,0,0.08371,0.19552,0.40469,0.14500,0.62000,0.34000,0.48000,0.40000
combined_hard_shift,2,18,full_causal_scene_flow_model,0.79365,0.65789,1.00000,1.00000,0.30233,0.32912,0,0,0.08578,0.18819,0.62013,0.09623,0.62000,0.34000,0.48000,0.40000
combined_hard_shift,2,18,minus_action_conditioning,0.81967,0.69444,1.00000,1.00000,0.25581,0.32845,1,1,0.10429,0.20025,0.63643,0.12063,0.62000,0.34000,0.48000,0.40000
combined_hard_shift,2,18,minus_passive_flow_factor,0.76923,0.62500,1.00000,1.00000,0.34884,0.33634,0,0,0.11816,0.23060,0.57429,0.14667,0.62000,0.34000,0.48000,0.40000
combined_hard_shift,2,18,minus_articulation_graph,0.80645,0.67568,1.00000,1.00000,0.27907,0.32678,1,0,0.08570,0.17514,0.62083,0.12714,0.62000,0.34000,0.48000,0.40000
combined_hard_shift,2,18,minus_occlusion_reasoning,0.79365,0.65789,1.00000,1.00000,0.30233,0.32912,1,1,0.08914,0.18898,0.60513,0.13365,0.62000,0.34000,0.48000,0.40000
combined_hard_shift,2,18,correlation_only_causal_head,0.89286,0.80645,1.00000,1.00000,0.13953,0.32661,0,0,0.09481,0.16206,0.72040,0.08807,0.62000,0.34000,0.48000,0.40000
combined_hard_shift,2,18,mask_only_no_effect_predictor,0.79365,0.65789,1.00000,1.00000,0.30233,0.74912,1,0,0.08578,0.18819,0.44313,0.13365,0.62000,0.34000,0.48000,0.40000
combined_hard_shift,2,19,full_causal_scene_flow_model,0.97297,1.00000,0.94737,0.83333,0.00000,0.57283,1,0,0.04922,0.12891,0.80593,0.03831,0.62000,0.34000,0.48000,0.40000
combined_hard_shift,2,19,minus_action_conditioning,1.00000,1.00000,1.00000,1.00000,0.00000,0.58650,0,0,0.09383,0.19694,0.80848,0.04900,0.62000,0.34000,0.48000,0.40000
combined_hard_shift,2,19,minus_passive_flow_factor,0.67857,0.51351,1.00000,1.00000,0.40909,0.63638,0,0,0.13450,0.27015,0.46395,0.16355,0.62000,0.34000,0.48000,0.40000
combined_hard_shift,2,19,minus_articulation_graph,0.97297,1.00000,0.94737,0.83333,0.00000,0.57283,1,0,0.05961,0.11931,0.79093,0.05321,0.62000,0.34000,0.48000,0.40000
combined_hard_shift,2,19,minus_occlusion_reasoning,0.97297,1.00000,0.94737,0.83333,0.00000,0.57283,1,0,0.05569,0.13489,0.79093,0.05321,0.62000,0.34000,0.48000,0.40000
combined_hard_shift,2,19,correlation_only_causal_head,0.88372,0.79167,1.00000,1.00000,0.11364,0.56310,1,0,0.09982,0.19643,0.69761,0.08082,0.62000,0.34000,0.48000,0.40000
combined_hard_shift,2,19,mask_only_no_effect_predictor,0.97297,1.00000,0.94737,0.83333,0.00000,0.99283,0,0,0.04922,0.12891,0.62893,0.05321,0.62000,0.34000,0.48000,0.40000
combined_hard_shift,2,20,full_causal_scene_flow_model,0.72464,0.58140,0.96154,0.88889,0.37500,1.08816,1,1,0.13500,0.17953,0.48438,0.11310,0.62000,0.34000,0.48000,0.40000
combined_hard_shift,2,20,minus_action_conditioning,0.67568,0.52083,0.96154,0.88889,0.47917,1.16940,1,0,0.20123,0.22553,0.40594,0.18624,0.62000,0.34000,0.48000,0.40000
combined_hard_shift,2,20,minus_passive_flow_factor,0.62651,0.45614,1.00000,1.00000,0.64583,0.86252,0,0,0.17037,0.28494,0.33860,0.22983,0.62000,0.34000,0.48000,0.40000
combined_hard_shift,2,20,minus_articulation_graph,0.75000,0.70000,0.80769,0.44444,0.18750,0.87785,1,0,0.14573,0.13625,0.55185,0.11688,0.62000,0.34000,0.48000,0.40000
combined_hard_shift,2,20,minus_occlusion_reasoning,0.74627,0.60976,0.96154,0.88889,0.33333,1.04672,1,0,0.13922,0.17459,0.49619,0.14541,0.62000,0.34000,0.48000,0.40000
combined_hard_shift,2,20,correlation_only_causal_head,0.83871,0.72222,1.00000,1.00000,0.20833,0.65896,0,0,0.15513,0.21937,0.63000,0.10733,0.62000,0.34000,0.48000,0.40000
combined_hard_shift,2,20,mask_only_no_effect_predictor,0.72464,0.58140,0.96154,0.88889,0.37500,1.50816,0,0,0.13500,0.17953,0.34938,0.15708,0.62000,0.34000,0.48000,0.40000
combined_hard_shift,2,21,full_causal_scene_flow_model,0.98182,1.00000,0.96429,0.90000,0.00000,0.76725,1,0,0.08872,0.07277,0.79268,0.03734,0.62000,0.34000,0.48000,0.40000
combined_hard_shift,2,21,minus_action_conditioning,0.98246,0.96552,1.00000,1.00000,0.02326,0.79257,1,0,0.12997,0.11950,0.76909,0.05551,0.62000,0.34000,0.48000,0.40000
combined_hard_shift,2,21,minus_passive_flow_factor,0.56566,0.39437,1.00000,1.00000,1.00000,0.73014,0,0,0.23629,0.33593,0.21008,0.32900,0.62000,0.34000,0.48000,0.40000
combined_hard_shift,2,21,minus_articulation_graph,0.80851,1.00000,0.67857,0.40000,0.00000,0.65074,1,0,0.12113,0.04222,0.66802,0.07471,0.62000,0.34000,0.48000,0.40000
combined_hard_shift,2,21,minus_occlusion_reasoning,0.85714,1.00000,0.75000,0.30000,0.00000,0.62923,0,0,0.10835,0.06764,0.70421,0.06900,0.62000,0.34000,0.48000,0.40000
combined_hard_shift,2,21,correlation_only_causal_head,0.60215,0.43077,1.00000,1.00000,0.86047,0.73275,1,0,0.19441,0.24110,0.27444,0.28993,0.62000,0.34000,0.48000,0.40000
combined_hard_shift,2,21,mask_only_no_effect_predictor,0.98182,1.00000,0.96429,0.90000,0.00000,1.18725,1,0,0.08872,0.07277,0.63441,0.05186,0.62000,0.34000,0.48000,0.40000
combined_hard_shift,2,22,full_causal_scene_flow_model,0.75000,0.60000,1.00000,1.00000,0.39024,0.49788,1,0,0.11595,0.21180,0.54808,0.11395,0.62000,0.34000,0.48000,0.40000
combined_hard_shift,2,22,minus_action_conditioning,0.75000,0.60000,1.00000,1.00000,0.39024,0.49788,1,1,0.12512,0.21342,0.53308,0.15827,0.62000,0.34000,0.48000,0.40000
combined_hard_shift,2,22,minus_passive_flow_factor,0.75000,0.60000,1.00000,1.00000,0.39024,0.49788,0,0,0.14622,0.25384,0.53308,0.15827,0.62000,0.34000,0.48000,0.40000
combined_hard_shift,2,22,minus_articulation_graph,0.75000,0.60000,1.00000,1.00000,0.39024,0.49788,0,0,0.11659,0.19164,0.53308,0.15827,0.62000,0.34000,0.48000,0.40000
combined_hard_shift,2,22,minus_occlusion_reasoning,0.75000,0.60000,1.00000,1.00000,0.39024,0.49788,0,0,0.11953,0.20847,0.53308,0.15827,0.62000,0.34000,0.48000,0.40000
combined_hard_shift,2,22,correlation_only_causal_head,0.76190,0.61538,1.00000,1.00000,0.36585,0.48970,1,0,0.12634,0.18922,0.54906,0.15144,0.62000,0.34000,0.48000,0.40000
combined_hard_shift,2,22,mask_only_no_effect_predictor,0.75000,0.60000,1.00000,1.00000,0.39024,0.91788,0,0,0.11595,0.21180,0.37108,0.15827,0.62000,0.34000,0.48000,0.40000
combined_hard_shift,2,23,full_causal_scene_flow_model,0.70732,0.54717,1.00000,1.00000,0.48980,0.64576,0,0,0.16105,0.25100,0.47554,0.13402,0.62000,0.34000,0.48000,0.40000
combined_hard_shift,2,23,minus_action_conditioning,0.70732,0.54717,1.00000,1.00000,0.48980,0.64576,1,1,0.17654,0.24430,0.46054,0.18614,0.62000,0.34000,0.48000,0.40000
combined_hard_shift,2,23,minus_passive_flow_factor,0.70732,0.54717,1.00000,1.00000,0.48980,0.64576,0,1,0.14778,0.23832,0.46054,0.18614,0.62000,0.34000,0.48000,0.40000
combined_hard_shift,2,23,minus_articulation_graph,0.70732,0.54717,1.00000,1.00000,0.48980,0.64576,1,0,0.15177,0.21760,0.46054,0.18614,0.62000,0.34000,0.48000,0.40000
combined_hard_shift,2,23,minus_occlusion_reasoning,0.70732,0.54717,1.00000,1.00000,0.48980,0.64576,0,0,0.16046,0.23991,0.46054,0.18614,0.62000,0.34000,0.48000,0.40000
combined_hard_shift,2,23,correlation_only_causal_head,0.72500,0.56863,1.00000,1.00000,0.44898,0.63720,1,0,0.13658,0.17646,0.48520,0.17471,0.62000,0.34000,0.48000,0.40000
combined_hard_shift,2,23,mask_only_no_effect_predictor,0.70732,0.54717,1.00000,1.00000,0.48980,1.06576,1,1,0.16105,0.25100,0.30511,0.18614,0.62000,0.34000,0.48000,0.40000
combined_hard_shift,2,24,full_causal_scene_flow_model,0.76596,0.66667,0.90000,0.71429,0.25000,1.02649,0,0,0.09789,0.11171,0.54831,0.09144,0.62000,0.34000,0.48000,0.40000
combined_hard_shift,2,24,minus_action_conditioning,0.67925,0.54545,0.90000,0.71429,0.41667,1.12507,0,0,0.16284,0.20605,0.42594,0.17367,0.62000,0.34000,0.48000,0.40000
combined_hard_shift,2,24,minus_passive_flow_factor,0.64516,0.47619,1.00000,1.00000,0.61111,0.96792,0,0,0.15259,0.28956,0.35085,0.22011,0.62000,0.34000,0.48000,0.40000
combined_hard_shift,2,24,minus_articulation_graph,0.51613,0.72727,0.40000,0.14286,0.08333,0.84498,0,0,0.11525,0.08830,0.42059,0.12033,0.62000,0.34000,0.48000,0.40000
combined_hard_shift,2,24,minus_occlusion_reasoning,0.66667,0.63636,0.70000,0.14286,0.22222,0.96440,0,0,0.10818,0.10955,0.47514,0.13522,0.62000,0.34000,0.48000,0.40000
combined_hard_shift,2,24,correlation_only_causal_head,0.80000,0.66667,1.00000,1.00000,0.27778,1.04366,0,0,0.13676,0.22037,0.54936,0.12678,0.62000,0.34000,0.48000,0.40000
combined_hard_shift,2,24,mask_only_no_effect_predictor,0.76596,0.66667,0.90000,0.71429,0.25000,1.44649,0,0,0.09789,0.11171,0.41331,0.12700,0.62000,0.34000,0.48000,0.40000
combined_hard_shift,2,25,full_causal_scene_flow_model,0.96000,1.00000,0.92308,0.88889,0.00000,0.77804,1,0,0.09893,0.05954,0.77633,0.03971,0.62000,0.34000,0.48000,0.40000
combined_hard_shift,2,25,minus_action_conditioning,0.82759,0.75000,0.92308,0.88889,0.21053,0.88628,1,0,0.16242,0.14777,0.59887,0.11410,0.62000,0.34000,0.48000,0.40000
combined_hard_shift,2,25,minus_passive_flow_factor,0.64198,0.47273,1.00000,1.00000,0.76316,0.86813,0,0,0.16926,0.27991,0.31602,0.26268,0.62000,0.34000,0.48000,0.40000
combined_hard_shift,2,25,minus_articulation_graph,0.14286,1.00000,0.07692,0.22222,0.00000,1.53956,0,0,0.13141,0.03011,0.16714,0.12285,0.62000,0.34000,0.48000,0.40000
combined_hard_shift,2,25,minus_occlusion_reasoning,0.84444,1.00000,0.73077,0.33333,0.00000,0.63881,1,0,0.11448,0.05422,0.69436,0.07054,0.62000,0.34000,0.48000,0.40000
combined_hard_shift,2,25,correlation_only_causal_head,0.81250,0.68421,1.00000,1.00000,0.31579,0.89104,1,0,0.15217,0.19667,0.55836,0.13742,0.62000,0.34000,0.48000,0.40000
combined_hard_shift,2,25,mask_only_no_effect_predictor,0.96000,1.00000,0.92308,0.88889,0.00000,1.19804,0,0,0.09893,0.05954,0.61913,0.05515,0.62000,0.34000,0.48000,0.40000
combined_hard_shift,2,26,full_causal_scene_flow_model,0.73077,0.57576,1.00000,1.00000,0.35000,0.58925,1,0,0.10700,0.20982,0.53675,0.10584,0.62000,0.34000,0.48000,0.40000
combined_hard_shift,2,26,minus_action_conditioning,0.73077,0.57576,1.00000,1.00000,0.35000,0.58925,0,0,0.12989,0.24017,0.52175,0.14700,0.62000,0.34000,0.48000,0.40000
combined_hard_shift,2,26,minus_passive_flow_factor,0.73077,0.57576,1.00000,1.00000,0.35000,0.58925,0,0,0.13600,0.27261,0.52175,0.14700,0.62000,0.34000,0.48000,0.40000
combined_hard_shift,2,26,minus_articulation_graph,0.73077,0.57576,1.00000,1.00000,0.35000,0.58925,1,0,0.10490,0.19706,0.52175,0.14700,0.62000,0.34000,0.48000,0.40000
combined_hard_shift,2,26,minus_occlusion_reasoning,0.73077,0.57576,1.00000,1.00000,0.35000,0.58925,0,1,0.11001,0.21159,0.52175,0.14700,0.62000,0.34000,0.48000,0.40000
combined_hard_shift,2,26,correlation_only_causal_head,0.76000,0.61290,1.00000,1.00000,0.30000,0.57318,1,0,0.11381,0.21374,0.55782,0.13300,0.62000,0.34000,0.48000,0.40000
combined_hard_shift,2,26,mask_only_no_effect_predictor,0.73077,0.57576,1.00000,1.00000,0.35000,1.00925,0,0,0.10700,0.20982,0.36067,0.14700,0.62000,0.34000,0.48000,0.40000
combined_hard_shift,2,27,full_causal_scene_flow_model,1.00000,1.00000,1.00000,1.00000,0.00000,0.39006,1,0,0.05644,0.15346,0.84313,0.03528,0.62000,0.34000,0.48000,0.40000
combined_hard_shift,2,27,minus_action_conditioning,0.78873,0.65116,1.00000,1.00000,0.40541,0.98126,1,0,0.13241,0.19252,0.50761,0.16251,0.62000,0.34000,0.48000,0.40000
combined_hard_shift,2,27,minus_passive_flow_factor,0.83582,0.71795,1.00000,1.00000,0.29730,0.50562,1,0,0.10995,0.20590,0.61840,0.13224,0.62000,0.34000,0.48000,0.40000
combined_hard_shift,2,27,minus_articulation_graph,1.00000,1.00000,1.00000,1.00000,0.00000,0.39006,1,0,0.06585,0.12579,0.82813,0.04900,0.62000,0.34000,0.48000,0.40000
combined_hard_shift,2,27,minus_occlusion_reasoning,1.00000,1.00000,1.00000,1.00000,0.00000,0.39006,1,0,0.06690,0.14539,0.82813,0.04900,0.62000,0.34000,0.48000,0.40000
combined_hard_shift,2,27,correlation_only_causal_head,1.00000,1.00000,1.00000,1.00000,0.00000,0.39006,1,0,0.09827,0.14164,0.82813,0.04900,0.62000,0.34000,0.48000,0.40000
combined_hard_shift,2,27,mask_only_no_effect_predictor,1.00000,1.00000,1.00000,1.00000,0.00000,0.81006,1,0,0.05644,0.15346,0.66613,0.04900,0.62000,0.34000,0.48000,0.40000
combined_hard_shift,2,28,full_causal_scene_flow_model,0.79452,0.65909,1.00000,1.00000,0.34091,0.69403,1,0,0.08842,0.18227,0.57344,0.10401,0.62000,0.34000,0.48000,0.40000
combined_hard_shift,2,28,minus_action_conditioning,0.72500,0.56863,1.00000,1.00000,0.50000,0.79402,1,1,0.15928,0.22425,0.45523,0.18900,0.62000,0.34000,0.48000,0.40000
combined_hard_shift,2,28,minus_passive_flow_factor,0.84058,0.72500,1.00000,1.00000,0.25000,0.61806,1,0,0.11397,0.20405,0.62373,0.11900,0.62000,0.34000,0.48000,0.40000
combined_hard_shift,2,28,minus_articulation_graph,0.90625,0.82857,1.00000,1.00000,0.13636,0.53456,1,0,0.08678,0.15186,0.70987,0.08718,0.62000,0.34000,0.48000,0.40000
combined_hard_shift,2,28,minus_occlusion_reasoning,0.81690,0.69048,1.00000,1.00000,0.29545,0.66252,0,0,0.09261,0.17414,0.58999,0.13173,0.62000,0.34000,0.48000,0.40000
combined_hard_shift,2,28,correlation_only_causal_head,0.94915,0.93333,0.96552,0.90000,0.04545,0.46240,1,0,0.10666,0.14294,0.77257,0.06449,0.62000,0.34000,0.48000,0.40000
combined_hard_shift,2,28,mask_only_no_effect_predictor,0.79452,0.65909,1.00000,1.00000,0.34091,1.11403,0,0,0.08842,0.18227,0.40784,0.14445,0.62000,0.34000,0.48000,0.40000
combined_hard_shift,2,29,full_causal_scene_flow_model,0.91228,0.92857,0.89655,0.70000,0.05000,0.75221,1,0,0.09485,0.05002,0.73151,0.05132,0.62000,0.34000,0.48000,0.40000
combined_hard_shift,2,29,minus_action_conditioning,0.81159,0.70000,0.96552,0.90000,0.30000,0.85804,0,0,0.14002,0.11739,0.56545,0.13576,0.62000,0.34000,0.48000,0.40000
combined_hard_shift,2,29,minus_passive_flow_factor,0.65909,0.49153,1.00000,1.00000,0.75000,0.77396,1,0,0.18763,0.28265,0.34110,0.25900,0.62000,0.34000,0.48000,0.40000
combined_hard_shift,2,29,minus_articulation_graph,0.68085,0.88889,0.55172,0.30000,0.05000,0.70006,1,0,0.12530,0.01745,0.55972,0.09886,0.62000,0.34000,0.48000,0.40000
combined_hard_shift,2,29,minus_occlusion_reasoning,0.85185,0.92000,0.79310,0.40000,0.05000,0.69522,1,0,0.10722,0.04694,0.67991,0.07955,0.62000,0.34000,0.48000,0.40000
combined_hard_shift,2,29,correlation_only_causal_head,0.76316,0.61702,1.00000,1.00000,0.45000,0.85499,0,0,0.16164,0.19487,0.48985,0.17500,0.62000,0.34000,0.48000,0.40000
combined_hard_shift,2,29,mask_only_no_effect_predictor,0.91228,0.92857,0.89655,0.70000,0.05000,1.17221,1,0,0.09485,0.05002,0.57173,0.07128,0.62000,0.34000,0.48000,0.40000
combined_hard_shift,2,30,full_causal_scene_flow_model,0.69444,0.53191,1.00000,1.00000,0.46809,0.56786,1,0,0.13803,0.21932,0.48040,0.12965,0.62000,0.34000,0.48000,0.40000
combined_hard_shift,2,30,minus_action_conditioning,0.69444,0.53191,1.00000,1.00000,0.46809,0.56786,1,1,0.14978,0.23366,0.46540,0.18006,0.62000,0.34000,0.48000,0.40000
combined_hard_shift,2,30,minus_passive_flow_factor,0.69444,0.53191,1.00000,1.00000,0.46809,0.56786,1,0,0.16701,0.27718,0.46540,0.18006,0.62000,0.34000,0.48000,0.40000
combined_hard_shift,2,30,minus_articulation_graph,0.69444,0.53191,1.00000,1.00000,0.46809,0.56786,1,0,0.13226,0.19072,0.46540,0.18006,0.62000,0.34000,0.48000,0.40000
combined_hard_shift,2,30,minus_occlusion_reasoning,0.69444,0.53191,1.00000,1.00000,0.46809,0.56786,0,0,0.13873,0.21123,0.46540,0.18006,0.62000,0.34000,0.48000,0.40000
combined_hard_shift,2,30,correlation_only_causal_head,0.69444,0.53191,1.00000,1.00000,0.46809,0.56786,1,0,0.14593,0.21443,0.46540,0.18006,0.62000,0.34000,0.48000,0.40000
combined_hard_shift,2,30,mask_only_no_effect_predictor,0.69444,0.53191,1.00000,1.00000,0.46809,0.98786,0,0,0.13803,0.21932,0.30340,0.18006,0.62000,0.34000,0.48000,0.40000
combined_hard_shift,2,31,full_causal_scene_flow_model,0.78689,0.64865,1.00000,1.00000,0.36111,0.48066,0,0,0.09455,0.20974,0.58378,0.10808,0.62000,0.34000,0.48000,0.40000
combined_hard_shift,2,31,minus_action_conditioning,0.69565,0.53333,1.00000,1.00000,0.58333,0.52336,0,0,0.13824,0.22236,0.43842,0.21233,0.62000,0.34000,0.48000,0.40000
combined_hard_shift,2,31,minus_passive_flow_factor,0.84211,0.72727,1.00000,1.00000,0.25000,0.33096,0,1,0.11697,0.22767,0.65351,0.11900,0.62000,0.34000,0.48000,0.40000
combined_hard_shift,2,31,minus_articulation_graph,0.90566,0.82759,1.00000,1.00000,0.13889,0.30458,1,0,0.09471,0.18503,0.73175,0.08789,0.62000,0.34000,0.48000,0.40000
combined_hard_shift,2,31,minus_occlusion_reasoning,0.80000,0.66667,1.00000,1.00000,0.33333,0.49806,1,0,0.09812,0.20717,0.58400,0.14233,0.62000,0.34000,0.48000,0.40000
combined_hard_shift,2,31,correlation_only_causal_head,1.00000,1.00000,1.00000,1.00000,0.00000,0.09220,1,0,0.10464,0.17387,0.85791,0.04900,0.62000,0.34000,0.48000,0.40000
combined_hard_shift,2,31,mask_only_no_effect_predictor,0.78689,0.64865,1.00000,1.00000,0.36111,0.90066,0,1,0.09455,0.20974,0.40678,0.15011,0.62000,0.34000,0.48000,0.40000
combined_hard_shift,2,32,full_causal_scene_flow_model,0.84375,0.72973,1.00000,1.00000,0.22222,0.80056,1,0,0.08687,0.18409,0.63048,0.08008,0.62000,0.34000,0.48000,0.40000
combined_hard_shift,2,32,minus_action_conditioning,0.72000,0.56250,1.00000,1.00000,0.46667,0.96643,1,1,0.14975,0.22025,0.44383,0.17967,0.62000,0.34000,0.48000,0.40000
combined_hard_shift,2,32,minus_passive_flow_factor,0.71053,0.55102,1.00000,1.00000,0.48889,0.78892,0,0,0.14449,0.25995,0.44872,0.18589,0.62000,0.34000,0.48000,0.40000
combined_hard_shift,2,32,minus_articulation_graph,0.96429,0.93103,1.00000,1.00000,0.04444,0.60556,1,0,0.08981,0.15231,0.76914,0.06144,0.62000,0.34000,0.48000,0.40000
combined_hard_shift,2,32,minus_occlusion_reasoning,0.84375,0.72973,1.00000,1.00000,0.22222,0.80056,1,1,0.09361,0.17679,0.61548,0.11122,0.62000,0.34000,0.48000,0.40000
combined_hard_shift,2,32,correlation_only_causal_head,0.98182,0.96429,1.00000,1.00000,0.02222,0.57790,1,0,0.12147,0.18948,0.79040,0.05522,0.62000,0.34000,0.48000,0.40000
combined_hard_shift,2,32,mask_only_no_effect_predictor,0.84375,0.72973,1.00000,1.00000,0.22222,1.22056,0,0,0.08687,0.18409,0.47554,0.11122,0.62000,0.34000,0.48000,0.40000
combined_hard_shift,2,33,full_causal_scene_flow_model,0.67742,0.51220,1.00000,1.00000,0.44444,0.75756,1,0,0.13686,0.24301,0.45613,0.12488,0.62000,0.34000,0.48000,0.40000
combined_hard_shift,2,33,minus_action_conditioning,0.67742,0.51220,1.00000,1.00000,0.44444,0.75756,0,0,0.16612,0.27260,0.44113,0.17344,0.62000,0.34000,0.48000,0.40000
combined_hard_shift,2,33,minus_passive_flow_factor,0.68852,0.52500,1.00000,1.00000,0.42222,0.75043,0,0,0.12840,0.25797,0.45584,0.16722,0.62000,0.34000,0.48000,0.40000
combined_hard_shift,2,33,minus_articulation_graph,0.67742,0.51220,1.00000,1.00000,0.44444,0.75756,1,0,0.12662,0.22537,0.44113,0.17344,0.62000,0.34000,0.48000,0.40000
combined_hard_shift,2,33,minus_occlusion_reasoning,0.67742,0.51220,1.00000,1.00000,0.44444,0.75756,0,0,0.13516,0.24114,0.44113,0.17344,0.62000,0.34000,0.48000,0.40000
combined_hard_shift,2,33,correlation_only_causal_head,0.75000,0.60000,1.00000,1.00000,0.31111,0.70225,1,0,0.10983,0.20192,0.53480,0.13611,0.62000,0.34000,0.48000,0.40000
combined_hard_shift,2,33,mask_only_no_effect_predictor,0.67742,0.51220,1.00000,1.00000,0.44444,1.17756,1,0,0.13686,0.24301,0.29688,0.17344,0.62000,0.34000,0.48000,0.40000
combined_hard_shift,2,34,full_causal_scene_flow_model,0.76923,0.64103,0.96154,0.88889,0.38889,0.44400,1,1,0.11394,0.18166,0.56731,0.11590,0.62000,0.34000,0.48000,0.40000
combined_hard_shift,2,34,minus_action_conditioning,0.63291,0.47170,0.96154,0.88889,0.77778,0.86768,1,1,0.16099,0.20574,0.30563,0.26985,0.62000,0.34000,0.48000,0.40000
combined_hard_shift,2,34,minus_passive_flow_factor,0.75362,0.60465,1.00000,1.00000,0.47222,0.46921,1,1,0.14916,0.24550,0.51553,0.18122,0.62000,0.34000,0.48000,0.40000
combined_hard_shift,2,34,minus_articulation_graph,0.75000,0.63158,0.92308,0.77778,0.38889,0.43219,1,0,0.12330,0.14482,0.54003,0.16404,0.62000,0.34000,0.48000,0.40000
combined_hard_shift,2,34,minus_occlusion_reasoning,0.75000,0.63158,0.92308,0.77778,0.38889,0.43219,1,0,0.12140,0.17350,0.54003,0.16404,0.62000,0.34000,0.48000,0.40000
combined_hard_shift,2,34,correlation_only_causal_head,0.77612,0.63415,1.00000,1.00000,0.41667,0.45375,0,0,0.13898,0.18894,0.54838,0.16567,0.62000,0.34000,0.48000,0.40000
combined_hard_shift,2,34,mask_only_no_effect_predictor,0.76923,0.64103,0.96154,0.88889,0.38889,0.86400,1,1,0.11394,0.18166,0.39031,0.16097,0.62000,0.34000,0.48000,0.40000
combined_hard_shift,2,35,full_causal_scene_flow_model,0.50000,0.33333,1.00000,1.00000,0.95652,0.46043,1,0,0.21471,0.33910,0.21827,0.22811,0.62000,0.34000,0.48000,0.40000
combined_hard_shift,2,35,minus_action_conditioning,0.52500,0.36207,0.95455,0.85714,0.80435,0.41769,0,1,0.18416,0.27766,0.26765,0.27785,0.62000,0.34000,0.48000,0.40000
combined_hard_shift,2,35,minus_passive_flow_factor,0.50000,0.33333,1.00000,1.00000,0.95652,0.46043,1,1,0.20862,0.33229,0.20327,0.31683,0.62000,0.34000,0.48000,0.40000
combined_hard_shift,2,35,minus_articulation_graph,0.50000,0.33871,0.95455,0.85714,0.89130,0.45314,0,1,0.20070,0.30040,0.22226,0.30220,0.62000,0.34000,0.48000,0.40000
combined_hard_shift,2,35,minus_occlusion_reasoning,0.46512,0.31250,0.90909,0.71429,0.95652,0.46730,0,0,0.21622,0.32592,0.17816,0.32410,0.62000,0.34000,0.48000,0.40000
combined_hard_shift,2,35,correlation_only_causal_head,0.48193,0.32787,0.90909,0.71429,0.89130,0.44138,1,1,0.19326,0.28403,0.21078,0.30584,0.62000,0.34000,0.48000,0.40000
combined_hard_shift,2,35,mask_only_no_effect_predictor,0.50000,0.33333,1.00000,1.00000,0.95652,0.88043,0,0,0.21471,0.33910,0.04127,0.31683,0.62000,0.34000,0.48000,0.40000
combined_hard_shift,2,36,full_causal_scene_flow_model,0.73469,0.58065,1.00000,1.00000,0.40625,0.53010,1,0,0.10100,0.17753,0.52966,0.11718,0.62000,0.34000,0.48000,0.40000
combined_hard_shift,2,36,minus_action_conditioning,0.73469,0.58065,1.00000,1.00000,0.40625,0.53010,0,0,0.12563,0.22871,0.51466,0.16275,0.62000,0.34000,0.48000,0.40000
combined_hard_shift,2,36,minus_passive_flow_factor,0.73469,0.58065,1.00000,1.00000,0.40625,0.53010,1,1,0.13946,0.26757,0.51466,0.16275,0.62000,0.34000,0.48000,0.40000
combined_hard_shift,2,36,minus_articulation_graph,0.70833,0.56667,0.94444,0.83333,0.40625,0.52359,0,0,0.10641,0.16432,0.49686,0.16719,0.62000,0.34000,0.48000,0.40000
combined_hard_shift,2,36,minus_occlusion_reasoning,0.73469,0.58065,1.00000,1.00000,0.40625,0.53010,0,1,0.10255,0.18270,0.51466,0.16275,0.62000,0.34000,0.48000,0.40000
combined_hard_shift,2,36,correlation_only_causal_head,0.73469,0.58065,1.00000,1.00000,0.40625,0.53010,0,0,0.12120,0.21542,0.51466,0.16275,0.62000,0.34000,0.48000,0.40000
combined_hard_shift,2,36,mask_only_no_effect_predictor,0.73469,0.58065,1.00000,1.00000,0.40625,0.95010,0,0,0.10100,0.17753,0.35266,0.16275,0.62000,0.34000,0.48000,0.40000
combined_hard_shift,2,37,full_causal_scene_flow_model,0.68750,0.55000,0.91667,0.75000,0.50000,0.91956,1,0,0.12386,0.17225,0.43143,0.14088,0.62000,0.34000,0.48000,0.40000
combined_hard_shift,2,37,minus_action_conditioning,0.73016,0.58974,0.95833,0.87500,0.44444,0.99458,1,0,0.16147,0.20203,0.45434,0.17678,0.62000,0.34000,0.48000,0.40000
combined_hard_shift,2,37,minus_passive_flow_factor,0.59259,0.42105,1.00000,1.00000,0.91667,0.74707,0,0,0.17544,0.29719,0.25058,0.30567,0.62000,0.34000,0.48000,0.40000
combined_hard_shift,2,37,minus_articulation_graph,0.68000,0.65385,0.70833,0.25000,0.25000,0.63585,0,0,0.13582,0.14041,0.50955,0.14233,0.62000,0.34000,0.48000,0.40000
combined_hard_shift,2,37,minus_occlusion_reasoning,0.63492,0.51282,0.83333,0.50000,0.52778,0.85631,0,1,0.12984,0.16985,0.37817,0.21011,0.62000,0.34000,0.48000,0.40000
combined_hard_shift,2,37,correlation_only_causal_head,0.68571,0.52174,1.00000,1.00000,0.61111,0.53653,1,0,0.15489,0.23277,0.42237,0.22011,0.62000,0.34000,0.48000,0.40000
combined_hard_shift,2,37,mask_only_no_effect_predictor,0.68750,0.55000,0.91667,0.75000,0.50000,1.33956,1,0,0.12386,0.17225,0.28838,0.19567,0.62000,0.34000,0.48000,0.40000
combined_hard_shift,2,38,full_causal_scene_flow_model,0.98182,1.00000,0.96429,0.90000,0.00000,0.77113,1,0,0.05968,0.07174,0.79229,0.03734,0.62000,0.34000,0.48000,0.40000
combined_hard_shift,2,38,minus_action_conditioning,0.90323,0.82353,1.00000,1.00000,0.13636,0.85226,0,1,0.12766,0.15943,0.67599,0.08718,0.62000,0.34000,0.48000,0.40000
combined_hard_shift,2,38,minus_passive_flow_factor,0.87500,0.77778,1.00000,1.00000,0.18182,0.85406,1,0,0.11980,0.21600,0.64332,0.09991,0.62000,0.34000,0.48000,0.40000
combined_hard_shift,2,38,minus_articulation_graph,0.92308,1.00000,0.85714,0.60000,0.00000,0.75177,0,0,0.08450,0.04040,0.73811,0.06043,0.62000,0.34000,0.48000,0.40000
combined_hard_shift,2,38,minus_occlusion_reasoning,0.96296,1.00000,0.92857,0.80000,0.00000,0.76109,1,0,0.07180,0.06695,0.76510,0.05471,0.62000,0.34000,0.48000,0.40000
combined_hard_shift,2,38,correlation_only_causal_head,1.00000,1.00000,1.00000,1.00000,0.00000,0.77638,1,0,0.10566,0.13802,0.78950,0.04900,0.62000,0.34000,0.48000,0.40000
combined_hard_shift,2,38,mask_only_no_effect_predictor,0.98182,1.00000,0.96429,0.90000,0.00000,1.19113,0,0,0.05968,0.07174,0.63441,0.05186,0.62000,0.34000,0.48000,0.40000
combined_hard_shift,2,39,full_causal_scene_flow_model,0.81690,0.69048,1.00000,1.00000,0.34211,0.18950,1,0,0.13351,0.22931,0.63923,0.10425,0.62000,0.34000,0.48000,0.40000
combined_hard_shift,2,39,minus_action_conditioning,0.81690,0.69048,1.00000,1.00000,0.34211,0.18950,1,0,0.14129,0.21863,0.62423,0.14479,0.62000,0.34000,0.48000,0.40000
combined_hard_shift,2,39,minus_passive_flow_factor,0.81690,0.69048,1.00000,1.00000,0.34211,0.18950,0,0,0.12027,0.21048,0.62423,0.14479,0.62000,0.34000,0.48000,0.40000
combined_hard_shift,2,39,minus_articulation_graph,0.81690,0.69048,1.00000,1.00000,0.34211,0.18950,0,0,0.12829,0.20846,0.62423,0.14479,0.62000,0.34000,0.48000,0.40000
combined_hard_shift,2,39,minus_occlusion_reasoning,0.81690,0.69048,1.00000,1.00000,0.34211,0.18950,1,0,0.13433,0.22486,0.62423,0.14479,0.62000,0.34000,0.48000,0.40000
combined_hard_shift,2,39,correlation_only_causal_head,0.82857,0.70732,1.00000,1.00000,0.31579,0.19084,0,0,0.11337,0.15496,0.63963,0.13742,0.62000,0.34000,0.48000,0.40000
combined_hard_shift,2,39,mask_only_no_effect_predictor,0.81690,0.69048,1.00000,1.00000,0.34211,0.60950,1,0,0.13351,0.22931,0.46223,0.14479,0.62000,0.34000,0.48000,0.40000
combined_hard_shift,2,40,full_causal_scene_flow_model,0.66667,0.50000,1.00000,1.00000,0.51351,0.43626,0,0,0.13303,0.23156,0.46139,0.13880,0.62000,0.34000,0.48000,0.40000
combined_hard_shift,2,40,minus_action_conditioning,0.66667,0.50000,1.00000,1.00000,0.51351,0.43626,1,0,0.14409,0.25625,0.44639,0.19278,0.62000,0.34000,0.48000,0.40000
combined_hard_shift,2,40,minus_passive_flow_factor,0.66667,0.50000,1.00000,1.00000,0.51351,0.43626,1,0,0.16023,0.28839,0.44639,0.19278,0.62000,0.34000,0.48000,0.40000
combined_hard_shift,2,40,minus_articulation_graph,0.66667,0.50000,1.00000,1.00000,0.51351,0.43626,1,0,0.12914,0.21103,0.44639,0.19278,0.62000,0.34000,0.48000,0.40000
combined_hard_shift,2,40,minus_occlusion_reasoning,0.66667,0.50000,1.00000,1.00000,0.51351,0.43626,0,0,0.13456,0.22832,0.44639,0.19278,0.62000,0.34000,0.48000,0.40000
combined_hard_shift,2,40,correlation_only_causal_head,0.66667,0.50000,1.00000,1.00000,0.51351,0.43626,0,0,0.14054,0.23443,0.44639,0.19278,0.62000,0.34000,0.48000,0.40000
combined_hard_shift,2,40,mask_only_no_effect_predictor,0.66667,0.50000,1.00000,1.00000,0.51351,0.85626,0,1,0.13303,0.23156,0.28439,0.19278,0.62000,0.34000,0.48000,0.40000
combined_hard_shift,2,41,full_causal_scene_flow_model,0.70000,0.53846,1.00000,1.00000,0.39130,0.42121,0,0,0.13020,0.25624,0.52045,0.11417,0.62000,0.34000,0.48000,0.40000
combined_hard_shift,2,41,minus_action_conditioning,0.87500,0.77778,1.00000,1.00000,0.13043,0.52291,0,0,0.13353,0.23400,0.69082,0.08552,0.62000,0.34000,0.48000,0.40000
combined_hard_shift,2,41,minus_passive_flow_factor,0.47727,0.31343,1.00000,1.00000,1.00000,0.47881,0,0,0.20656,0.33537,0.17335,0.32900,0.62000,0.34000,0.48000,0.40000
combined_hard_shift,2,41,minus_articulation_graph,0.76364,0.61765,1.00000,1.00000,0.28261,0.39955,0,0,0.13497,0.22578,0.58260,0.12813,0.62000,0.34000,0.48000,0.40000
combined_hard_shift,2,41,minus_occlusion_reasoning,0.68852,0.52500,1.00000,1.00000,0.41304,0.42113,1,0,0.13989,0.24960,0.49134,0.16465,0.62000,0.34000,0.48000,0.40000
combined_hard_shift,2,41,correlation_only_causal_head,0.58333,0.41176,1.00000,1.00000,0.65217,0.44108,1,0,0.17323,0.26539,0.34875,0.23161,0.62000,0.34000,0.48000,0.40000
combined_hard_shift,2,41,mask_only_no_effect_predictor,0.70000,0.53846,1.00000,1.00000,0.39130,0.84121,1,0,0.13020,0.25624,0.34345,0.15857,0.62000,0.34000,0.48000,0.40000
combined_hard_shift,3,0,full_causal_scene_flow_model,0.72727,0.57143,1.00000,1.00000,0.37500,0.59888,0,0,0.13405,0.23156,0.52634,0.11088,0.62000,0.34000,0.48000,0.40000
combined_hard_shift,3,0,minus_action_conditioning,0.72727,0.57143,1.00000,1.00000,0.37500,0.59888,0,0,0.14158,0.25102,0.51134,0.15400,0.62000,0.34000,0.48000,0.40000
combined_hard_shift,3,0,minus_passive_flow_factor,0.72727,0.57143,1.00000,1.00000,0.37500,0.59888,1,0,0.13902,0.26979,0.51134,0.15400,0.62000,0.34000,0.48000,0.40000
combined_hard_shift,3,0,minus_articulation_graph,0.72727,0.57143,1.00000,1.00000,0.37500,0.59888,0,0,0.13066,0.22044,0.51134,0.15400,0.62000,0.34000,0.48000,0.40000
combined_hard_shift,3,0,minus_occlusion_reasoning,0.72727,0.57143,1.00000,1.00000,0.37500,0.59888,1,0,0.13558,0.22967,0.51134,0.15400,0.62000,0.34000,0.48000,0.40000
combined_hard_shift,3,0,correlation_only_causal_head,0.72727,0.57143,1.00000,1.00000,0.37500,0.59888,0,1,0.12199,0.21283,0.51134,0.15400,0.62000,0.34000,0.48000,0.40000
combined_hard_shift,3,0,mask_only_no_effect_predictor,0.72727,0.57143,1.00000,1.00000,0.37500,1.01888,0,0,0.13405,0.23156,0.35123,0.15400,0.62000,0.34000,0.48000,0.40000
combined_hard_shift,3,1,full_causal_scene_flow_model,0.75000,0.60000,1.00000,1.00000,0.40909,0.52048,1,0,0.12635,0.19988,0.54054,0.11775,0.62000,0.34000,0.48000,0.40000
combined_hard_shift,3,1,minus_action_conditioning,0.78261,0.64286,1.00000,1.00000,0.34091,0.53095,0,0,0.14384,0.19131,0.56641,0.14445,0.62000,0.34000,0.48000,0.40000
combined_hard_shift,3,1,minus_passive_flow_factor,0.58065,0.40909,1.00000,1.00000,0.88636,0.55281,0,0,0.20381,0.30810,0.27012,0.29718,0.62000,0.34000,0.48000,0.40000
combined_hard_shift,3,1,minus_articulation_graph,0.74194,0.65714,0.85185,0.55556,0.27273,0.48295,1,0,0.13750,0.16352,0.56183,0.13722,0.62000,0.34000,0.48000,0.40000
combined_hard_shift,3,1,minus_occlusion_reasoning,0.69565,0.57143,0.88889,0.66667,0.40909,0.49548,1,0,0.13612,0.19162,0.49000,0.17243,0.62000,0.34000,0.48000,0.40000
combined_hard_shift,3,1,correlation_only_causal_head,0.67500,0.50943,1.00000,1.00000,0.59091,0.52825,1,0,0.17723,0.23617,0.42136,0.21445,0.62000,0.34000,0.48000,0.40000
combined_hard_shift,3,1,mask_only_no_effect_predictor,0.75000,0.60000,1.00000,1.00000,0.40909,0.94048,1,0,0.12635,0.19988,0.36354,0.16355,0.62000,0.34000,0.48000,0.40000
combined_hard_shift,3,2,full_causal_scene_flow_model,1.00000,1.00000,1.00000,1.00000,0.00000,0.91408,1,0,0.07268,0.07401,0.79073,0.03528,0.62000,0.34000,0.48000,0.40000
combined_hard_shift,3,2,minus_action_conditioning,0.97959,0.96000,1.00000,1.00000,0.02174,0.91655,0,0,0.12366,0.15084,0.75511,0.05509,0.62000,0.34000,0.48000,0.40000
combined_hard_shift,3,2,minus_passive_flow_factor,0.51064,0.34286,1.00000,1.00000,1.00000,0.87006,0,0,0.19795,0.31538,0.15758,0.32900,0.62000,0.34000,0.48000,0.40000
combined_hard_shift,3,2,minus_articulation_graph,0.73684,1.00000,0.58333,0.62500,0.00000,0.91889,1,0,0.10323,0.04849,0.59104,0.08233,0.62000,0.34000,0.48000,0.40000
combined_hard_shift,3,2,minus_occlusion_reasoning,0.93333,1.00000,0.87500,0.62500,0.00000,0.84732,1,0,0.08770,0.07352,0.73574,0.05900,0.62000,0.34000,0.48000,0.40000
combined_hard_shift,3,2,correlation_only_causal_head,0.77419,0.63158,1.00000,1.00000,0.30435,0.81262,0,0,0.15781,0.22263,0.54259,0.13422,0.62000,0.34000,0.48000,0.40000
combined_hard_shift,3,2,mask_only_no_effect_predictor,1.00000,1.00000,1.00000,1.00000,0.00000,1.33408,0,0,0.07268,0.07401,0.64713,0.04900,0.62000,0.34000,0.48000,0.40000
combined_hard_shift,3,3,full_causal_scene_flow_model,0.73418,0.58000,1.00000,1.00000,0.43750,0.45497,1,0,0.12011,0.21192,0.52806,0.12348,0.62000,0.34000,0.48000,0.40000
combined_hard_shift,3,3,minus_action_conditioning,0.74359,0.59184,1.00000,1.00000,0.41667,0.44874,1,0,0.15510,0.22025,0.52611,0.16567,0.62000,0.34000,0.48000,0.40000
combined_hard_shift,3,3,minus_passive_flow_factor,0.73418,0.58000,1.00000,1.00000,0.43750,0.45497,1,0,0.13781,0.22602,0.51306,0.17150,0.62000,0.34000,0.48000,0.40000
combined_hard_shift,3,3,minus_articulation_graph,0.75325,0.60417,1.00000,1.00000,0.39583,0.44264,1,1,0.11654,0.17663,0.53931,0.15983,0.62000,0.34000,0.48000,0.40000
combined_hard_shift,3,3,minus_occlusion_reasoning,0.73418,0.58000,1.00000,1.00000,0.43750,0.45497,0,1,0.12364,0.20119,0.51306,0.17150,0.62000,0.34000,0.48000,0.40000
combined_hard_shift,3,3,correlation_only_causal_head,0.78378,0.64444,1.00000,1.00000,0.33333,0.42206,0,0,0.12650,0.16395,0.58024,0.14233,0.62000,0.34000,0.48000,0.40000
combined_hard_shift,3,3,mask_only_no_effect_predictor,0.73418,0.58000,1.00000,1.00000,0.43750,0.87497,0,0,0.12011,0.21192,0.35106,0.17150,0.62000,0.34000,0.48000,0.40000
combined_hard_shift,3,4,full_causal_scene_flow_model,0.71233,0.55319,1.00000,1.00000,0.46667,0.81622,1,0,0.15154,0.24544,0.46848,0.12936,0.62000,0.34000,0.48000,0.40000
combined_hard_shift,3,4,minus_action_conditioning,0.69444,0.54348,0.96154,0.88889,0.46667,0.82199,1,1,0.17337,0.24437,0.44038,0.18274,0.62000,0.34000,0.48000,0.40000
combined_hard_shift,3,4,minus_passive_flow_factor,0.71233,0.55319,1.00000,1.00000,0.46667,0.81622,1,0,0.15679,0.25971,0.45348,0.17967,0.62000,0.34000,0.48000,0.40000
combined_hard_shift,3,4,minus_articulation_graph,0.69444,0.54348,0.96154,0.88889,0.46667,0.82199,0,0,0.14471,0.21672,0.44038,0.18274,0.62000,0.34000,0.48000,0.40000
combined_hard_shift,3,4,minus_occlusion_reasoning,0.69444,0.54348,0.96154,0.88889,0.46667,0.82199,0,0,0.15354,0.23963,0.44038,0.18274,0.62000,0.34000,0.48000,0.40000
combined_hard_shift,3,4,correlation_only_causal_head,0.69444,0.54348,0.96154,0.88889,0.46667,0.82199,1,0,0.13927,0.19807,0.44038,0.18274,0.62000,0.34000,0.48000,0.40000
combined_hard_shift,3,4,mask_only_no_effect_predictor,0.71233,0.55319,1.00000,1.00000,0.46667,1.23622,0,0,0.15154,0.24544,0.31510,0.17967,0.62000,0.34000,0.48000,0.40000
combined_hard_shift,3,5,full_causal_scene_flow_model,0.72000,0.58065,0.94737,0.83333,0.31707,1.02636,0,1,0.09282,0.15943,0.49735,0.10223,0.62000,0.34000,0.48000,0.40000
combined_hard_shift,3,5,minus_action_conditioning,0.66667,0.50000,1.00000,1.00000,0.46341,1.11690,1,0,0.16525,0.24194,0.40405,0.17876,0.62000,0.34000,0.48000,0.40000
combined_hard_shift,3,5,minus_passive_flow_factor,0.56716,0.39583,1.00000,1.00000,0.70732,0.79532,0,1,0.15821,0.30574,0.28657,0.24705,0.62000,0.34000,0.48000,0.40000
combined_hard_shift,3,5,minus_articulation_graph,0.71795,0.70000,0.73684,0.33333,0.14634,0.83800,1,1,0.10247,0.13800,0.54492,0.11103,0.62000,0.34000,0.48000,0.40000
combined_hard_shift,3,5,minus_occlusion_reasoning,0.70833,0.58621,0.89474,0.66667,0.29268,1.00153,1,0,0.09830,0.15941,0.48102,0.13937,0.62000,0.34000,0.48000,0.40000
combined_hard_shift,3,5,correlation_only_causal_head,0.82609,0.70370,1.00000,1.00000,0.19512,0.80018,1,0,0.13235,0.23854,0.61074,0.10363,0.62000,0.34000,0.48000,0.40000
combined_hard_shift,3,5,mask_only_no_effect_predictor,0.72000,0.58065,0.94737,0.83333,0.31707,1.44636,0,0,0.09282,0.15943,0.36235,0.14199,0.62000,0.34000,0.48000,0.40000
combined_hard_shift,3,6,full_causal_scene_flow_model,0.69388,0.56667,0.89474,0.66667,0.34211,0.64807,0,0,0.09543,0.15640,0.50725,0.11031,0.62000,0.34000,0.48000,0.40000
combined_hard_shift,3,6,minus_action_conditioning,0.74510,0.59375,1.00000,1.00000,0.34211,0.66659,0,0,0.13755,0.21786,0.52626,0.14479,0.62000,0.34000,0.48000,0.40000
combined_hard_shift,3,6,minus_passive_flow_factor,0.67857,0.51351,1.00000,1.00000,0.47368,0.67017,1,0,0.17521,0.31009,0.44249,0.18163,0.62000,0.34000,0.48000,0.40000
combined_hard_shift,3,6,minus_articulation_graph,0.71111,0.61538,0.84211,0.50000,0.26316,0.60499,0,0,0.10632,0.13634,0.53073,0.13532,0.62000,0.34000,0.48000,0.40000
combined_hard_shift,3,6,minus_occlusion_reasoning,0.66667,0.55172,0.84211,0.50000,0.34211,0.63228,1,0,0.10283,0.15631,0.47478,0.15742,0.62000,0.34000,0.48000,0.40000
combined_hard_shift,3,6,correlation_only_causal_head,0.69091,0.52778,1.00000,1.00000,0.44737,0.68212,1,0,0.14745,0.24297,0.45730,0.17426,0.62000,0.34000,0.48000,0.40000
combined_hard_shift,3,6,mask_only_no_effect_predictor,0.69388,0.56667,0.89474,0.66667,0.34211,1.06807,1,0,0.09543,0.15640,0.33706,0.15321,0.62000,0.34000,0.48000,0.40000
combined_hard_shift,3,7,full_causal_scene_flow_model,0.87273,0.82759,0.92308,0.77778,0.12195,0.67712,1,0,0.11877,0.13794,0.69119,0.06430,0.62000,0.34000,0.48000,0.40000
combined_hard_shift,3,7,minus_action_conditioning,0.71875,0.60526,0.88462,0.66667,0.36585,0.76945,1,0,0.16093,0.17442,0.49088,0.16067,0.62000,0.34000,0.48000,0.40000
combined_hard_shift,3,7,minus_passive_flow_factor,0.57143,0.40000,1.00000,1.00000,0.95122,0.76287,0,0,0.20225,0.30833,0.22451,0.31534,0.62000,0.34000,0.48000,0.40000
combined_hard_shift,3,7,minus_articulation_graph,0.75000,0.81818,0.69231,0.33333,0.09756,0.60191,0,0,0.14220,0.10255,0.60463,0.10093,0.62000,0.34000,0.48000,0.40000
combined_hard_shift,3,7,minus_occlusion_reasoning,0.78431,0.80000,0.76923,0.33333,0.12195,0.61890,1,0,0.13344,0.12980,0.62012,0.10161,0.62000,0.34000,0.48000,0.40000
combined_hard_shift,3,7,correlation_only_causal_head,0.60976,0.44643,0.96154,0.88889,0.75610,0.74212,0,1,0.17977,0.22986,0.30804,0.26378,0.62000,0.34000,0.48000,0.40000
combined_hard_shift,3,7,mask_only_no_effect_predictor,0.87273,0.82759,0.92308,0.77778,0.12195,1.09712,1,1,0.11877,0.13794,0.52390,0.08930,0.62000,0.34000,0.48000,0.40000
combined_hard_shift,3,8,full_causal_scene_flow_model,0.76190,0.61538,1.00000,1.00000,0.35714,0.73616,0,0,0.10537,0.14741,0.54185,0.10728,0.62000,0.34000,0.48000,0.40000
combined_hard_shift,3,8,minus_action_conditioning,0.75000,0.60000,1.00000,1.00000,0.38095,0.74360,1,0,0.16107,0.21101,0.51111,0.15567,0.62000,0.34000,0.48000,0.40000
combined_hard_shift,3,8,minus_passive_flow_factor,0.73846,0.58537,1.00000,1.00000,0.40476,0.74483,0,1,0.14383,0.25257,0.49624,0.16233,0.62000,0.34000,0.48000,0.40000
combined_hard_shift,3,8,minus_articulation_graph,0.64286,0.56250,0.75000,0.25000,0.33333,0.68175,0,0,0.12043,0.11477,0.45563,0.16233,0.62000,0.34000,0.48000,0.40000
combined_hard_shift,3,8,minus_occlusion_reasoning,0.70000,0.58333,0.87500,0.62500,0.35714,0.71420,1,0,0.11354,0.14186,0.48572,0.15900,0.62000,0.34000,0.48000,0.40000
combined_hard_shift,3,8,correlation_only_causal_head,0.73846,0.58537,1.00000,1.00000,0.40476,0.74483,0,0,0.13476,0.18984,0.49624,0.16233,0.62000,0.34000,0.48000,0.40000
combined_hard_shift,3,8,mask_only_no_effect_predictor,0.76190,0.61538,1.00000,1.00000,0.35714,1.15616,0,0,0.10537,0.14741,0.38047,0.14900,0.62000,0.34000,0.48000,0.40000
combined_hard_shift,3,9,full_causal_scene_flow_model,0.62162,0.45098,1.00000,1.00000,0.43478,0.27434,1,0,0.15642,0.26667,0.46810,0.12293,0.62000,0.34000,0.48000,0.40000
combined_hard_shift,3,9,minus_action_conditioning,0.69697,0.53488,1.00000,1.00000,0.43478,0.31437,1,0,0.14246,0.24576,0.50184,0.17074,0.62000,0.34000,0.48000,0.40000
combined_hard_shift,3,9,minus_passive_flow_factor,0.82143,0.69697,1.00000,1.00000,0.21739,0.20911,1,0,0.11670,0.23234,0.66035,0.10987,0.62000,0.34000,0.48000,0.40000
combined_hard_shift,3,9,minus_articulation_graph,0.63014,0.46000,1.00000,1.00000,0.41304,0.26834,1,1,0.14602,0.25251,0.46574,0.16465,0.62000,0.34000,0.48000,0.40000
combined_hard_shift,3,9,minus_occlusion_reasoning,0.62162,0.45098,1.00000,1.00000,0.43478,0.27434,0,0,0.15391,0.26594,0.45310,0.17074,0.62000,0.34000,0.48000,0.40000
combined_hard_shift,3,9,correlation_only_causal_head,0.95833,0.92000,1.00000,1.00000,0.04348,0.23271,1,0,0.10079,0.17162,0.80252,0.06117,0.62000,0.34000,0.48000,0.40000
combined_hard_shift,3,9,mask_only_no_effect_predictor,0.62162,0.45098,1.00000,1.00000,0.43478,0.69434,0,0,0.15642,0.26667,0.29110,0.17074,0.62000,0.34000,0.48000,0.40000
combined_hard_shift,3,10,full_causal_scene_flow_model,0.66667,0.50000,1.00000,1.00000,0.50000,0.23441,1,1,0.19292,0.31116,0.48536,0.13608,0.62000,0.34000,0.48000,0.40000
combined_hard_shift,3,10,minus_action_conditioning,0.51852,0.35000,1.00000,1.00000,0.92857,0.56990,0,1,0.19015,0.29764,0.21311,0.30900,0.62000,0.34000,0.48000,0.40000
combined_hard_shift,3,10,minus_passive_flow_factor,0.66667,0.50000,1.00000,1.00000,0.50000,0.23441,0,0,0.17056,0.29330,0.47036,0.18900,0.62000,0.34000,0.48000,0.40000
combined_hard_shift,3,10,minus_articulation_graph,0.66667,0.50000,1.00000,1.00000,0.50000,0.23441,0,1,0.17956,0.28151,0.47036,0.18900,0.62000,0.34000,0.48000,0.40000
combined_hard_shift,3,10,minus_occlusion_reasoning,0.66667,0.50000,1.00000,1.00000,0.50000,0.23441,1,0,0.19028,0.30489,0.47036,0.18900,0.62000,0.34000,0.48000,0.40000
combined_hard_shift,3,10,correlation_only_causal_head,0.66667,0.50000,1.00000,1.00000,0.50000,0.23441,0,0,0.15963,0.25631,0.47036,0.18900,0.62000,0.34000,0.48000,0.40000
combined_hard_shift,3,10,mask_only_no_effect_predictor,0.66667,0.50000,1.00000,1.00000,0.50000,0.65441,0,0,0.19292,0.31116,0.30836,0.18900,0.62000,0.34000,0.48000,0.40000
combined_hard_shift,3,11,full_causal_scene_flow_model,1.00000,1.00000,1.00000,1.00000,0.00000,0.30329,1,0,0.05936,0.17221,0.85181,0.03528,0.62000,0.34000,0.48000,0.40000
combined_hard_shift,3,11,minus_action_conditioning,0.86275,0.75862,1.00000,1.00000,0.17500,0.67285,1,0,0.12964,0.22920,0.65477,0.09800,0.62000,0.34000,0.48000,0.40000
combined_hard_shift,3,11,minus_passive_flow_factor,0.84615,0.73333,1.00000,1.00000,0.20000,0.39701,1,0,0.10835,0.23137,0.66374,0.10500,0.62000,0.34000,0.48000,0.40000
combined_hard_shift,3,11,minus_articulation_graph,1.00000,1.00000,1.00000,1.00000,0.00000,0.30329,1,0,0.06766,0.15275,0.83681,0.04900,0.62000,0.34000,0.48000,0.40000
combined_hard_shift,3,11,minus_occlusion_reasoning,1.00000,1.00000,1.00000,1.00000,0.00000,0.30329,1,1,0.06861,0.17109,0.83681,0.04900,0.62000,0.34000,0.48000,0.40000
combined_hard_shift,3,11,correlation_only_causal_head,1.00000,1.00000,1.00000,1.00000,0.00000,0.30329,1,0,0.09373,0.17481,0.83681,0.04900,0.62000,0.34000,0.48000,0.40000
combined_hard_shift,3,11,mask_only_no_effect_predictor,1.00000,1.00000,1.00000,1.00000,0.00000,0.72329,1,0,0.05936,0.17221,0.67481,0.04900,0.62000,0.34000,0.48000,0.40000
combined_hard_shift,3,12,full_causal_scene_flow_model,0.94545,0.96296,0.92857,0.80000,0.02500,0.70123,1,0,0.07721,0.06519,0.76683,0.04443,0.62000,0.34000,0.48000,0.40000
combined_hard_shift,3,12,minus_action_conditioning,0.90323,0.82353,1.00000,1.00000,0.15000,0.77299,1,1,0.13414,0.14055,0.68009,0.09100,0.62000,0.34000,0.48000,0.40000
combined_hard_shift,3,12,minus_passive_flow_factor,0.78873,0.65116,1.00000,1.00000,0.37500,0.82645,0,0,0.14299,0.24575,0.53160,0.15400,0.62000,0.34000,0.48000,0.40000
combined_hard_shift,3,12,minus_articulation_graph,0.72727,1.00000,0.57143,0.30000,0.00000,0.57862,0,0,0.10362,0.03508,0.61836,0.08329,0.62000,0.34000,0.48000,0.40000
combined_hard_shift,3,12,minus_occlusion_reasoning,0.86275,0.95652,0.78571,0.40000,0.02500,0.61041,1,0,0.09210,0.05906,0.70302,0.07314,0.62000,0.34000,0.48000,0.40000
combined_hard_shift,3,12,correlation_only_causal_head,0.78261,0.65854,0.96429,0.90000,0.35000,0.80633,1,0,0.12759,0.16629,0.53633,0.14986,0.62000,0.34000,0.48000,0.40000
combined_hard_shift,3,12,mask_only_no_effect_predictor,0.94545,0.96296,0.92857,0.80000,0.02500,1.12123,0,0,0.07721,0.06519,0.60195,0.06171,0.62000,0.34000,0.48000,0.40000
combined_hard_shift,3,13,full_causal_scene_flow_model,0.79310,0.67647,0.95833,0.87500,0.29730,0.66428,1,0,0.09183,0.15699,0.58764,0.09762,0.62000,0.34000,0.48000,0.40000
combined_hard_shift,3,13,minus_action_conditioning,0.77419,0.63158,1.00000,1.00000,0.37838,0.69021,1,0,0.12687,0.19476,0.53410,0.15495,0.62000,0.34000,0.48000,0.40000
combined_hard_shift,3,13,minus_passive_flow_factor,0.57831,0.40678,1.00000,1.00000,0.94595,0.60871,0,0,0.18014,0.30330,0.24622,0.31386,0.62000,0.34000,0.48000,0.40000
combined_hard_shift,3,13,minus_articulation_graph,0.81481,0.73333,0.91667,0.75000,0.21622,0.61925,0,0,0.10440,0.13088,0.61504,0.11621,0.62000,0.34000,0.48000,0.40000
combined_hard_shift,3,13,minus_occlusion_reasoning,0.79310,0.67647,0.95833,0.87500,0.29730,0.66428,0,0,0.09917,0.15515,0.57264,0.13558,0.62000,0.34000,0.48000,0.40000
combined_hard_shift,3,13,correlation_only_causal_head,0.70588,0.54545,1.00000,1.00000,0.54054,0.62434,1,0,0.15300,0.23603,0.44747,0.20035,0.62000,0.34000,0.48000,0.40000
combined_hard_shift,3,13,mask_only_no_effect_predictor,0.79310,0.67647,0.95833,0.87500,0.29730,1.08428,0,0,0.09183,0.15699,0.41906,0.13558,0.62000,0.34000,0.48000,0.40000
combined_hard_shift,3,14,full_causal_scene_flow_model,0.65625,0.48837,1.00000,1.00000,0.50000,0.50819,0,0,0.14692,0.25596,0.45069,0.13608,0.62000,0.34000,0.48000,0.40000
combined_hard_shift,3,14,minus_action_conditioning,0.65625,0.48837,1.00000,1.00000,0.50000,0.50819,0,1,0.16147,0.27201,0.43569,0.18900,0.62000,0.34000,0.48000,0.40000
combined_hard_shift,3,14,minus_passive_flow_factor,0.65625,0.48837,1.00000,1.00000,0.50000,0.50819,1,0,0.15741,0.28300,0.43569,0.18900,0.62000,0.34000,0.48000,0.40000
combined_hard_shift,3,14,minus_articulation_graph,0.65625,0.48837,1.00000,1.00000,0.50000,0.50819,1,0,0.14043,0.23049,0.43569,0.18900,0.62000,0.34000,0.48000,0.40000
combined_hard_shift,3,14,minus_occlusion_reasoning,0.65625,0.48837,1.00000,1.00000,0.50000,0.50819,0,1,0.14779,0.25069,0.43569,0.18900,0.62000,0.34000,0.48000,0.40000
combined_hard_shift,3,14,correlation_only_causal_head,0.65625,0.48837,1.00000,1.00000,0.50000,0.50819,1,0,0.13987,0.23118,0.43569,0.18900,0.62000,0.34000,0.48000,0.40000
combined_hard_shift,3,14,mask_only_no_effect_predictor,0.65625,0.48837,1.00000,1.00000,0.50000,0.92819,0,0,0.14692,0.25596,0.27369,0.18900,0.62000,0.34000,0.48000,0.40000
combined_hard_shift,3,15,full_causal_scene_flow_model,0.73077,0.57576,1.00000,1.00000,0.29167,0.51392,1,0,0.08191,0.19486,0.56061,0.09408,0.62000,0.34000,0.48000,0.40000
combined_hard_shift,3,15,minus_action_conditioning,0.76000,0.61290,1.00000,1.00000,0.25000,0.51921,1,0,0.12014,0.23661,0.57721,0.11900,0.62000,0.34000,0.48000,0.40000
combined_hard_shift,3,15,minus_passive_flow_factor,0.65517,0.48718,1.00000,1.00000,0.41667,0.53911,0,0,0.14037,0.28054,0.45518,0.16567,0.62000,0.34000,0.48000,0.40000
combined_hard_shift,3,15,minus_articulation_graph,0.84444,0.73077,1.00000,1.00000,0.14583,0.49523,1,0,0.08519,0.18153,0.66789,0.08983,0.62000,0.34000,0.48000,0.40000
combined_hard_shift,3,15,minus_occlusion_reasoning,0.76000,0.61290,1.00000,1.00000,0.25000,0.50132,1,0,0.08818,0.19643,0.57900,0.11900,0.62000,0.34000,0.48000,0.40000
combined_hard_shift,3,15,correlation_only_causal_head,0.84444,0.73077,1.00000,1.00000,0.14583,0.49021,1,0,0.11051,0.21159,0.66839,0.08983,0.62000,0.34000,0.48000,0.40000
combined_hard_shift,3,15,mask_only_no_effect_predictor,0.73077,0.57576,1.00000,1.00000,0.29167,0.93392,0,0,0.08191,0.19486,0.38361,0.13067,0.62000,0.34000,0.48000,0.40000
combined_hard_shift,3,16,full_causal_scene_flow_model,0.71698,0.59375,0.90476,0.71429,0.30233,0.89635,1,0,0.09510,0.15857,0.50974,0.10171,0.62000,0.34000,0.48000,0.40000
combined_hard_shift,3,16,minus_action_conditioning,0.67742,0.51220,1.00000,1.00000,0.46512,0.97799,1,0,0.18299,0.25139,0.41330,0.17923,0.62000,0.34000,0.48000,0.40000
combined_hard_shift,3,16,minus_passive_flow_factor,0.76364,0.61765,1.00000,1.00000,0.30233,0.88284,0,0,0.12354,0.26042,0.52875,0.13365,0.62000,0.34000,0.48000,0.40000
combined_hard_shift,3,16,minus_articulation_graph,0.76190,0.76190,0.76190,0.28571,0.11628,0.65195,1,0,0.10481,0.12891,0.60272,0.10061,0.62000,0.34000,0.48000,0.40000
combined_hard_shift,3,16,minus_occlusion_reasoning,0.71698,0.59375,0.90476,0.71429,0.30233,0.89635,0,0,0.10117,0.15490,0.49474,0.14127,0.62000,0.34000,0.48000,0.40000
combined_hard_shift,3,16,correlation_only_causal_head,0.93333,0.87500,1.00000,1.00000,0.06977,0.62045,0,0,0.11329,0.20376,0.73889,0.06853,0.62000,0.34000,0.48000,0.40000
combined_hard_shift,3,16,mask_only_no_effect_predictor,0.71698,0.59375,0.90476,0.71429,0.30233,1.31635,0,0,0.09510,0.15857,0.36437,0.14127,0.62000,0.34000,0.48000,0.40000
combined_hard_shift,3,17,full_causal_scene_flow_model,0.71429,0.55556,1.00000,1.00000,0.37209,1.14785,0,0,0.08285,0.15205,0.47795,0.11029,0.62000,0.34000,0.48000,0.40000
combined_hard_shift,3,17,minus_action_conditioning,0.70175,0.54054,1.00000,1.00000,0.39535,1.16697,1,0,0.15901,0.23971,0.44767,0.15970,0.62000,0.34000,0.48000,0.40000
combined_hard_shift,3,17,minus_passive_flow_factor,0.71429,0.55556,1.00000,1.00000,0.37209,1.14785,1,0,0.12402,0.25257,0.46295,0.15319,0.62000,0.34000,0.48000,0.40000
combined_hard_shift,3,17,minus_articulation_graph,0.72340,0.62963,0.85000,0.57143,0.23256,1.04624,0,0,0.09086,0.12839,0.50840,0.12612,0.62000,0.34000,0.48000,0.40000
combined_hard_shift,3,17,minus_occlusion_reasoning,0.66667,0.52941,0.90000,0.71429,0.37209,1.15586,1,0,0.08988,0.14800,0.42962,0.16119,0.62000,0.34000,0.48000,0.40000
combined_hard_shift,3,17,correlation_only_causal_head,0.82609,0.73077,0.95000,0.85714,0.16279,0.94718,1,1,0.11060,0.18916,0.60510,0.09858,0.62000,0.34000,0.48000,0.40000
combined_hard_shift,3,17,mask_only_no_effect_predictor,0.71429,0.55556,1.00000,1.00000,0.37209,1.56785,0,0,0.08285,0.15205,0.34295,0.15319,0.62000,0.34000,0.48000,0.40000
combined_hard_shift,3,18,full_causal_scene_flow_model,1.00000,1.00000,1.00000,1.00000,0.00000,0.31218,1,0,0.07514,0.18484,0.85092,0.03528,0.62000,0.34000,0.48000,0.40000
combined_hard_shift,3,18,minus_action_conditioning,0.71053,0.55102,1.00000,1.00000,0.48889,0.80315,1,0,0.16120,0.23233,0.44730,0.18589,0.62000,0.34000,0.48000,0.40000
combined_hard_shift,3,18,minus_passive_flow_factor,0.77143,0.62791,1.00000,1.00000,0.35556,0.53619,1,0,0.12151,0.22129,0.55396,0.14856,0.62000,0.34000,0.48000,0.40000
combined_hard_shift,3,18,minus_articulation_graph,1.00000,1.00000,1.00000,1.00000,0.00000,0.31218,1,0,0.08222,0.15195,0.83592,0.04900,0.62000,0.34000,0.48000,0.40000
combined_hard_shift,3,18,minus_occlusion_reasoning,1.00000,1.00000,1.00000,1.00000,0.00000,0.31218,1,0,0.08419,0.17649,0.83592,0.04900,0.62000,0.34000,0.48000,0.40000
combined_hard_shift,3,18,correlation_only_causal_head,0.96429,0.93103,1.00000,1.00000,0.04444,0.34325,1,0,0.11029,0.16689,0.79537,0.06144,0.62000,0.34000,0.48000,0.40000
combined_hard_shift,3,18,mask_only_no_effect_predictor,1.00000,1.00000,1.00000,1.00000,0.00000,0.73218,1,0,0.07514,0.18484,0.67392,0.04900,0.62000,0.34000,0.48000,0.40000
combined_hard_shift,3,19,full_causal_scene_flow_model,0.66667,0.50000,1.00000,1.00000,0.38636,0.53959,0,0,0.12452,0.24799,0.48666,0.11317,0.62000,0.34000,0.48000,0.40000
combined_hard_shift,3,19,minus_action_conditioning,0.66667,0.51429,0.94737,0.83333,0.38636,0.56401,0,0,0.14639,0.26468,0.46922,0.16139,0.62000,0.34000,0.48000,0.40000
combined_hard_shift,3,19,minus_passive_flow_factor,0.79167,0.65517,1.00000,1.00000,0.22727,0.49833,0,0,0.11274,0.24088,0.60783,0.11264,0.62000,0.34000,0.48000,0.40000
combined_hard_shift,3,19,minus_articulation_graph,0.67857,0.51351,1.00000,1.00000,0.36364,0.53277,0,0,0.11858,0.23222,0.48704,0.15082,0.62000,0.34000,0.48000,0.40000
combined_hard_shift,3,19,minus_occlusion_reasoning,0.64286,0.48649,0.94737,0.83333,0.38636,0.54330,1,1,0.12650,0.24634,0.45462,0.16139,0.62000,0.34000,0.48000,0.40000
combined_hard_shift,3,19,correlation_only_causal_head,0.94737,0.94737,0.94737,0.83333,0.02273,0.44778,1,0,0.10100,0.18614,0.77915,0.05957,0.62000,0.34000,0.48000,0.40000
combined_hard_shift,3,19,mask_only_no_effect_predictor,0.66667,0.50000,1.00000,1.00000,0.38636,0.95959,1,0,0.12452,0.24799,0.30966,0.15718,0.62000,0.34000,0.48000,0.40000
combined_hard_shift,3,20,full_causal_scene_flow_model,0.75000,0.60000,1.00000,1.00000,0.31579,0.55002,1,0,0.11770,0.22240,0.56371,0.09894,0.62000,0.34000,0.48000,0.40000
combined_hard_shift,3,20,minus_action_conditioning,0.75000,0.60000,1.00000,1.00000,0.31579,0.55002,0,0,0.12500,0.24445,0.54871,0.13742,0.62000,0.34000,0.48000,0.40000
combined_hard_shift,3,20,minus_passive_flow_factor,0.75000,0.60000,1.00000,1.00000,0.31579,0.55002,0,0,0.12018,0.25225,0.54871,0.13742,0.62000,0.34000,0.48000,0.40000
combined_hard_shift,3,20,minus_articulation_graph,0.75000,0.60000,1.00000,1.00000,0.31579,0.55002,0,0,0.11604,0.21533,0.54871,0.13742,0.62000,0.34000,0.48000,0.40000
combined_hard_shift,3,20,minus_occlusion_reasoning,0.75000,0.60000,1.00000,1.00000,0.31579,0.55002,1,0,0.11973,0.22517,0.54871,0.13742,0.62000,0.34000,0.48000,0.40000
combined_hard_shift,3,20,correlation_only_causal_head,0.75000,0.60000,1.00000,1.00000,0.31579,0.55002,1,0,0.10391,0.19569,0.54871,0.13742,0.62000,0.34000,0.48000,0.40000
combined_hard_shift,3,20,mask_only_no_effect_predictor,0.75000,0.60000,1.00000,1.00000,0.31579,0.97002,1,1,0.11770,0.22240,0.38671,0.13742,0.62000,0.34000,0.48000,0.40000
combined_hard_shift,3,21,full_causal_scene_flow_model,0.70270,0.54167,1.00000,1.00000,0.48780,0.73053,0,0,0.15555,0.25144,0.46439,0.13362,0.62000,0.34000,0.48000,0.40000
combined_hard_shift,3,21,minus_action_conditioning,0.72222,0.56522,1.00000,1.00000,0.48780,0.73861,1,1,0.15846,0.23517,0.46224,0.18559,0.62000,0.34000,0.48000,0.40000
combined_hard_shift,3,21,minus_passive_flow_factor,0.73239,0.57778,1.00000,1.00000,0.46341,0.72578,0,0,0.12312,0.22167,0.47748,0.17876,0.62000,0.34000,0.48000,0.40000
combined_hard_shift,3,21,minus_articulation_graph,0.71233,0.55319,1.00000,1.00000,0.48780,0.73364,0,1,0.14698,0.23021,0.45582,0.18559,0.62000,0.34000,0.48000,0.40000
combined_hard_shift,3,21,minus_occlusion_reasoning,0.70270,0.54167,1.00000,1.00000,0.48780,0.73053,1,0,0.15497,0.24564,0.44939,0.18559,0.62000,0.34000,0.48000,0.40000
combined_hard_shift,3,21,correlation_only_causal_head,0.80645,0.69444,0.96154,0.88889,0.26829,0.65743,1,0,0.11274,0.15735,0.59079,0.12720,0.62000,0.34000,0.48000,0.40000
combined_hard_shift,3,21,mask_only_no_effect_predictor,0.70270,0.54167,1.00000,1.00000,0.48780,1.15053,0,0,0.15555,0.25144,0.30244,0.18559,0.62000,0.34000,0.48000,0.40000
combined_hard_shift,3,22,full_causal_scene_flow_model,0.73846,0.58537,1.00000,1.00000,0.48571,0.49411,0,0,0.13384,0.22207,0.51365,0.13320,0.62000,0.34000,0.48000,0.40000
combined_hard_shift,3,22,minus_action_conditioning,0.60759,0.43636,1.00000,1.00000,0.88571,0.98273,0,1,0.16801,0.23000,0.24618,0.29700,0.62000,0.34000,0.48000,0.40000
combined_hard_shift,3,22,minus_passive_flow_factor,0.73846,0.58537,1.00000,1.00000,0.48571,0.49411,1,0,0.14942,0.25303,0.49865,0.18500,0.62000,0.34000,0.48000,0.40000
combined_hard_shift,3,22,minus_articulation_graph,0.74194,0.60526,0.95833,0.87500,0.42857,0.48385,0,0,0.13579,0.18377,0.51810,0.17233,0.62000,0.34000,0.48000,0.40000
combined_hard_shift,3,22,minus_occlusion_reasoning,0.73846,0.58537,1.00000,1.00000,0.48571,0.49411,0,0,0.13990,0.20940,0.49865,0.18500,0.62000,0.34000,0.48000,0.40000
combined_hard_shift,3,22,correlation_only_causal_head,0.73846,0.58537,1.00000,1.00000,0.48571,0.49411,1,0,0.14535,0.20175,0.49865,0.18500,0.62000,0.34000,0.48000,0.40000
combined_hard_shift,3,22,mask_only_no_effect_predictor,0.73846,0.58537,1.00000,1.00000,0.48571,0.91411,1,1,0.13384,0.22207,0.33665,0.18500,0.62000,0.34000,0.48000,0.40000
combined_hard_shift,3,23,full_causal_scene_flow_model,0.94118,1.00000,0.88889,0.66667,0.00000,0.58580,1,0,0.06720,0.08686,0.78238,0.04168,0.62000,0.34000,0.48000,0.40000
combined_hard_shift,3,23,minus_action_conditioning,1.00000,1.00000,1.00000,1.00000,0.00000,0.62779,1,0,0.11904,0.15043,0.80436,0.04900,0.62000,0.34000,0.48000,0.40000
combined_hard_shift,3,23,minus_passive_flow_factor,0.60674,0.43548,1.00000,1.00000,0.85366,0.77250,0,0,0.16704,0.28088,0.27558,0.28802,0.62000,0.34000,0.48000,0.40000
combined_hard_shift,3,23,minus_articulation_graph,0.89796,1.00000,0.81481,0.44444,0.00000,0.54976,1,0,0.09190,0.05945,0.74073,0.06381,0.62000,0.34000,0.48000,0.40000
combined_hard_shift,3,23,minus_occlusion_reasoning,0.94118,1.00000,0.88889,0.66667,0.00000,0.58580,1,0,0.07639,0.08922,0.76738,0.05789,0.62000,0.34000,0.48000,0.40000
combined_hard_shift,3,23,correlation_only_causal_head,0.94737,0.90000,1.00000,1.00000,0.07317,0.60176,1,0,0.13152,0.19652,0.74963,0.06949,0.62000,0.34000,0.48000,0.40000
combined_hard_shift,3,23,mask_only_no_effect_predictor,0.94118,1.00000,0.88889,0.66667,0.00000,1.00580,1,1,0.06720,0.08686,0.60596,0.05789,0.62000,0.34000,0.48000,0.40000
combined_hard_shift,3,24,full_causal_scene_flow_model,0.97674,0.95455,1.00000,1.00000,0.02273,0.48982,1,0,0.05868,0.16679,0.81051,0.03986,0.62000,0.34000,0.48000,0.40000
combined_hard_shift,3,24,minus_action_conditioning,0.79245,0.65625,1.00000,1.00000,0.25000,0.74711,1,0,0.13170,0.24438,0.57714,0.11900,0.62000,0.34000,0.48000,0.40000
combined_hard_shift,3,24,minus_passive_flow_factor,0.80769,0.67742,1.00000,1.00000,0.22727,0.70766,0,0,0.11664,0.25003,0.59812,0.11264,0.62000,0.34000,0.48000,0.40000
combined_hard_shift,3,24,minus_articulation_graph,1.00000,1.00000,1.00000,1.00000,0.00000,0.45992,1,0,0.06435,0.14994,0.82114,0.04900,0.62000,0.34000,0.48000,0.40000
combined_hard_shift,3,24,minus_occlusion_reasoning,0.97674,0.95455,1.00000,1.00000,0.02273,0.48982,1,0,0.06498,0.16727,0.79551,0.05536,0.62000,0.34000,0.48000,0.40000
combined_hard_shift,3,24,correlation_only_causal_head,1.00000,1.00000,1.00000,1.00000,0.00000,0.45992,1,0,0.09617,0.19186,0.82114,0.04900,0.62000,0.34000,0.48000,0.40000
combined_hard_shift,3,24,mask_only_no_effect_predictor,0.97674,0.95455,1.00000,1.00000,0.02273,0.90982,1,0,0.05868,0.16679,0.63351,0.05536,0.62000,0.34000,0.48000,0.40000
combined_hard_shift,3,25,full_causal_scene_flow_model,0.73846,0.58537,1.00000,1.00000,0.45946,0.67835,0,0,0.11701,0.20576,0.50257,0.12791,0.62000,0.34000,0.48000,0.40000
combined_hard_shift,3,25,minus_action_conditioning,0.75000,0.60000,1.00000,1.00000,0.43243,0.73581,0,0,0.14232,0.20788,0.49747,0.17008,0.62000,0.34000,0.48000,0.40000
combined_hard_shift,3,25,minus_passive_flow_factor,0.58537,0.41379,1.00000,1.00000,0.91892,0.51325,0,1,0.16866,0.29175,0.26827,0.30630,0.62000,0.34000,0.48000,0.40000
combined_hard_shift,3,25,minus_articulation_graph,0.73333,0.61111,0.91667,0.75000,0.37838,0.67200,1,0,0.12229,0.17784,0.50732,0.16161,0.62000,0.34000,0.48000,0.40000
combined_hard_shift,3,25,minus_occlusion_reasoning,0.71875,0.57500,0.95833,0.87500,0.45946,0.64315,1,0,0.12492,0.19870,0.47730,0.18098,0.62000,0.34000,0.48000,0.40000
combined_hard_shift,3,25,correlation_only_causal_head,0.68571,0.52174,1.00000,1.00000,0.59459,0.57377,0,0,0.14776,0.22702,0.42327,0.21549,0.62000,0.34000,0.48000,0.40000
combined_hard_shift,3,25,mask_only_no_effect_predictor,0.73846,0.58537,1.00000,1.00000,0.45946,1.09835,0,1,0.11701,0.20576,0.33541,0.17765,0.62000,0.34000,0.48000,0.40000
combined_hard_shift,3,26,full_causal_scene_flow_model,0.73016,0.57500,1.00000,1.00000,0.37778,0.70688,0,0,0.11003,0.21644,0.51678,0.11144,0.62000,0.34000,0.48000,0.40000
combined_hard_shift,3,26,minus_action_conditioning,0.61333,0.44231,1.00000,1.00000,0.64444,0.88538,0,0,0.18330,0.26758,0.32749,0.22944,0.62000,0.34000,0.48000,0.40000
combined_hard_shift,3,26,minus_passive_flow_factor,0.75410,0.60526,1.00000,1.00000,0.33333,0.68197,1,0,0.12478,0.23923,0.53347,0.14233,0.62000,0.34000,0.48000,0.40000
combined_hard_shift,3,26,minus_articulation_graph,0.77966,0.63889,1.00000,1.00000,0.28889,0.65308,0,0,0.10981,0.18280,0.56670,0.12989,0.62000,0.34000,0.48000,0.40000
combined_hard_shift,3,26,minus_occlusion_reasoning,0.73016,0.57500,1.00000,1.00000,0.37778,0.70688,0,1,0.11328,0.20963,0.50178,0.15478,0.62000,0.34000,0.48000,0.40000
combined_hard_shift,3,26,correlation_only_causal_head,0.83636,0.71875,1.00000,1.00000,0.20000,0.59037,1,0,0.11825,0.19290,0.63755,0.10500,0.62000,0.34000,0.48000,0.40000
combined_hard_shift,3,26,mask_only_no_effect_predictor,0.73016,0.57500,1.00000,1.00000,0.37778,1.12688,0,0,0.11003,0.21644,0.35247,0.15478,0.62000,0.34000,0.48000,0.40000
combined_hard_shift,3,27,full_causal_scene_flow_model,0.76471,0.61905,1.00000,1.00000,0.34043,1.03943,1,0,0.12842,0.19062,0.52211,0.10391,0.62000,0.34000,0.48000,0.40000
combined_hard_shift,3,27,minus_action_conditioning,0.67532,0.50980,1.00000,1.00000,0.53191,1.18190,0,0,0.19239,0.22936,0.39093,0.19794,0.62000,0.34000,0.48000,0.40000
combined_hard_shift,3,27,minus_passive_flow_factor,0.60465,0.43333,1.00000,1.00000,0.72340,0.73516,1,0,0.18740,0.30735,0.31432,0.25155,0.62000,0.34000,0.48000,0.40000
combined_hard_shift,3,27,minus_articulation_graph,0.71429,0.66667,0.76923,0.33333,0.21277,0.88207,1,0,0.13855,0.15341,0.51935,0.12704,0.62000,0.34000,0.48000,0.40000
combined_hard_shift,3,27,minus_occlusion_reasoning,0.77419,0.66667,0.92308,0.77778,0.25532,0.95291,1,0,0.13459,0.18451,0.54229,0.12664,0.62000,0.34000,0.48000,0.40000
combined_hard_shift,3,27,correlation_only_causal_head,0.69333,0.53061,1.00000,1.00000,0.48936,0.55580,1,0,0.16225,0.23940,0.45987,0.18602,0.62000,0.34000,0.48000,0.40000
combined_hard_shift,3,27,mask_only_no_effect_predictor,0.76471,0.61905,1.00000,1.00000,0.34043,1.45943,1,0,0.12842,0.19062,0.38711,0.14432,0.62000,0.34000,0.48000,0.40000
combined_hard_shift,3,28,full_causal_scene_flow_model,0.70732,0.54717,1.00000,1.00000,0.47917,0.31456,1,0,0.19504,0.26948,0.51163,0.13188,0.62000,0.34000,0.48000,0.40000
combined_hard_shift,3,28,minus_action_conditioning,0.71605,0.55769,1.00000,1.00000,0.47917,0.31852,0,1,0.16536,0.23679,0.50235,0.18317,0.62000,0.34000,0.48000,0.40000
combined_hard_shift,3,28,minus_passive_flow_factor,0.71605,0.55769,1.00000,1.00000,0.47917,0.31852,0,0,0.16369,0.25055,0.50235,0.18317,0.62000,0.34000,0.48000,0.40000
combined_hard_shift,3,28,minus_articulation_graph,0.71605,0.55769,1.00000,1.00000,0.47917,0.31852,1,0,0.18460,0.24650,0.50235,0.18317,0.62000,0.34000,0.48000,0.40000
combined_hard_shift,3,28,minus_occlusion_reasoning,0.70732,0.54717,1.00000,1.00000,0.47917,0.31456,1,0,0.19271,0.26234,0.49663,0.18317,0.62000,0.34000,0.48000,0.40000
combined_hard_shift,3,28,correlation_only_causal_head,0.71605,0.55769,1.00000,1.00000,0.47917,0.31852,1,0,0.14993,0.18675,0.50235,0.18317,0.62000,0.34000,0.48000,0.40000
combined_hard_shift,3,28,mask_only_no_effect_predictor,0.70732,0.54717,1.00000,1.00000,0.47917,0.73456,0,0,0.19504,0.26948,0.33463,0.18317,0.62000,0.34000,0.48000,0.40000
combined_hard_shift,3,29,full_causal_scene_flow_model,0.65517,0.48718,1.00000,1.00000,0.42553,0.86376,1,0,0.13257,0.21299,0.43523,0.12107,0.62000,0.34000,0.48000,0.40000
combined_hard_shift,3,29,minus_action_conditioning,0.62295,0.45238,1.00000,1.00000,0.48936,0.87574,0,0,0.16756,0.25267,0.37860,0.18602,0.62000,0.34000,0.48000,0.40000
combined_hard_shift,3,29,minus_passive_flow_factor,0.45783,0.29688,1.00000,1.00000,0.95745,0.72171,1,0,0.22807,0.36490,0.14736,0.31709,0.62000,0.34000,0.48000,0.40000
combined_hard_shift,3,29,minus_articulation_graph,0.60377,0.47059,0.84211,0.66667,0.38298,0.85299,0,0,0.14168,0.18111,0.39724,0.16887,0.62000,0.34000,0.48000,0.40000
combined_hard_shift,3,29,minus_occlusion_reasoning,0.60714,0.45946,0.89474,0.66667,0.42553,0.85060,1,1,0.13953,0.20819,0.38793,0.17657,0.62000,0.34000,0.48000,0.40000
combined_hard_shift,3,29,correlation_only_causal_head,0.57576,0.40426,1.00000,1.00000,0.59574,0.80683,1,0,0.19474,0.29432,0.32267,0.21581,0.62000,0.34000,0.48000,0.40000
combined_hard_shift,3,29,mask_only_no_effect_predictor,0.65517,0.48718,1.00000,1.00000,0.42553,1.28376,1,0,0.13257,0.21299,0.28661,0.16815,0.62000,0.34000,0.48000,0.40000
combined_hard_shift,3,30,full_causal_scene_flow_model,0.68085,0.55172,0.88889,0.66667,0.34211,1.15747,1,0,0.10439,0.15507,0.46294,0.11065,0.62000,0.34000,0.48000,0.40000
combined_hard_shift,3,30,minus_action_conditioning,0.60714,0.44737,0.94444,0.83333,0.55263,1.24559,1,0,0.18758,0.25330,0.33740,0.20818,0.62000,0.34000,0.48000,0.40000
combined_hard_shift,3,30,minus_passive_flow_factor,0.76596,0.62069,1.00000,1.00000,0.28947,1.08018,1,1,0.11665,0.26176,0.52225,0.13005,0.62000,0.34000,0.48000,0.40000
combined_hard_shift,3,30,minus_articulation_graph,0.68750,0.78571,0.61111,0.16667,0.07895,0.68525,0,0,0.11627,0.12856,0.55775,0.10222,0.62000,0.34000,0.48000,0.40000
combined_hard_shift,3,30,minus_occlusion_reasoning,0.66667,0.55556,0.83333,0.50000,0.31579,1.11953,0,0,0.10861,0.15628,0.44538,0.15075,0.62000,0.34000,0.48000,0.40000
combined_hard_shift,3,30,correlation_only_causal_head,1.00000,1.00000,1.00000,1.00000,0.00000,0.55522,1,0,0.10968,0.20946,0.81161,0.04900,0.62000,0.34000,0.48000,0.40000
combined_hard_shift,3,30,mask_only_no_effect_predictor,0.68085,0.55172,0.88889,0.66667,0.34211,1.57747,1,0,0.10439,0.15507,0.32794,0.15368,0.62000,0.34000,0.48000,0.40000
combined_hard_shift,3,31,full_causal_scene_flow_model,0.67606,0.51064,1.00000,1.00000,0.46939,0.29490,0,0,0.17581,0.29202,0.49446,0.12991,0.62000,0.34000,0.48000,0.40000
combined_hard_shift,3,31,minus_action_conditioning,0.66667,0.50000,1.00000,1.00000,0.48980,0.29640,0,0,0.18532,0.28660,0.46702,0.18614,0.62000,0.34000,0.48000,0.40000
combined_hard_shift,3,31,minus_passive_flow_factor,0.67606,0.51064,1.00000,1.00000,0.46939,0.29490,1,0,0.14917,0.26308,0.47946,0.18043,0.62000,0.34000,0.48000,0.40000
combined_hard_shift,3,31,minus_articulation_graph,0.67606,0.51064,1.00000,1.00000,0.46939,0.29490,1,1,0.16239,0.26294,0.47946,0.18043,0.62000,0.34000,0.48000,0.40000
combined_hard_shift,3,31,minus_occlusion_reasoning,0.67606,0.51064,1.00000,1.00000,0.46939,0.29490,1,1,0.17266,0.28659,0.47946,0.18043,0.62000,0.34000,0.48000,0.40000
combined_hard_shift,3,31,correlation_only_causal_head,0.68571,0.52174,1.00000,1.00000,0.44898,0.28880,1,1,0.13741,0.22064,0.49254,0.17471,0.62000,0.34000,0.48000,0.40000
combined_hard_shift,3,31,mask_only_no_effect_predictor,0.67606,0.51064,1.00000,1.00000,0.46939,0.71490,0,0,0.17581,0.29202,0.31746,0.18043,0.62000,0.34000,0.48000,0.40000
combined_hard_shift,3,32,full_causal_scene_flow_model,0.53521,0.36538,1.00000,1.00000,0.97059,0.35679,0,0,0.18470,0.31479,0.24934,0.23095,0.62000,0.34000,0.48000,0.40000
combined_hard_shift,3,32,minus_action_conditioning,0.55882,0.38776,1.00000,1.00000,0.88235,0.33670,0,0,0.16487,0.28028,0.27758,0.29606,0.62000,0.34000,0.48000,0.40000
combined_hard_shift,3,32,minus_passive_flow_factor,0.70370,0.54286,1.00000,1.00000,0.47059,0.10433,1,0,0.15040,0.28616,0.51753,0.18076,0.62000,0.34000,0.48000,0.40000
combined_hard_shift,3,32,minus_articulation_graph,0.56716,0.39583,1.00000,1.00000,0.85294,0.28745,0,0,0.17134,0.28809,0.29658,0.28782,0.62000,0.34000,0.48000,0.40000
combined_hard_shift,3,32,minus_occlusion_reasoning,0.53521,0.36538,1.00000,1.00000,0.97059,0.35679,1,0,0.18281,0.30812,0.23434,0.32076,0.62000,0.34000,0.48000,0.40000
combined_hard_shift,3,32,correlation_only_causal_head,0.73077,0.57576,1.00000,1.00000,0.41176,0.14113,1,0,0.14223,0.24804,0.54927,0.16429,0.62000,0.34000,0.48000,0.40000
combined_hard_shift,3,32,mask_only_no_effect_predictor,0.53521,0.36538,1.00000,1.00000,0.97059,0.77679,0,0,0.18470,0.31479,0.07234,0.32076,0.62000,0.34000,0.48000,0.40000
combined_hard_shift,3,33,full_causal_scene_flow_model,0.95455,1.00000,0.91304,0.87500,0.00000,0.59176,1,0,0.11320,0.13943,0.79114,0.04029,0.62000,0.34000,0.48000,0.40000
combined_hard_shift,3,33,minus_action_conditioning,0.72000,0.66667,0.78261,0.50000,0.20930,0.70128,1,0,0.16011,0.18243,0.54240,0.12500,0.62000,0.34000,0.48000,0.40000
combined_hard_shift,3,33,minus_passive_flow_factor,0.54118,0.37097,1.00000,1.00000,0.90698,0.68290,0,0,0.20637,0.32445,0.22372,0.30295,0.62000,0.34000,0.48000,0.40000
combined_hard_shift,3,33,minus_articulation_graph,0.64706,1.00000,0.47826,0.12500,0.00000,0.40873,1,0,0.13850,0.10864,0.57920,0.09074,0.62000,0.34000,0.48000,0.40000
combined_hard_shift,3,33,minus_occlusion_reasoning,0.82051,1.00000,0.69565,0.25000,0.00000,0.45800,1,0,0.12876,0.13555,0.69569,0.07335,0.62000,0.34000,0.48000,0.40000
combined_hard_shift,3,33,correlation_only_causal_head,0.61333,0.44231,1.00000,1.00000,0.67442,0.64937,0,0,0.17768,0.24362,0.34269,0.23784,0.62000,0.34000,0.48000,0.40000
combined_hard_shift,3,33,mask_only_no_effect_predictor,0.95455,1.00000,0.91304,0.87500,0.00000,1.01176,0,0,0.11320,0.13943,0.61532,0.05596,0.62000,0.34000,0.48000,0.40000
combined_hard_shift,3,34,full_causal_scene_flow_model,0.97872,0.95833,1.00000,1.00000,0.02500,0.27915,1,1,0.07378,0.19402,0.83233,0.04032,0.62000,0.34000,0.48000,0.40000
combined_hard_shift,3,34,minus_action_conditioning,0.65714,0.48936,1.00000,1.00000,0.60000,0.96582,0,1,0.15490,0.24465,0.36255,0.21700,0.62000,0.34000,0.48000,0.40000
combined_hard_shift,3,34,minus_passive_flow_factor,0.76667,0.62162,1.00000,1.00000,0.35000,0.49391,0,1,0.11318,0.22811,0.55641,0.14700,0.62000,0.34000,0.48000,0.40000
combined_hard_shift,3,34,minus_articulation_graph,0.97872,0.95833,1.00000,1.00000,0.02500,0.27915,0,0,0.07800,0.16758,0.81733,0.05600,0.62000,0.34000,0.48000,0.40000
combined_hard_shift,3,34,minus_occlusion_reasoning,0.97872,0.95833,1.00000,1.00000,0.02500,0.27915,1,0,0.08091,0.18816,0.81733,0.05600,0.62000,0.34000,0.48000,0.40000
combined_hard_shift,3,34,correlation_only_causal_head,0.97872,0.95833,1.00000,1.00000,0.02500,0.27915,1,0,0.10274,0.17642,0.81733,0.05600,0.62000,0.34000,0.48000,0.40000
combined_hard_shift,3,34,mask_only_no_effect_predictor,0.97872,0.95833,1.00000,1.00000,0.02500,0.69915,0,0,0.07378,0.19402,0.65533,0.05600,0.62000,0.34000,0.48000,0.40000
combined_hard_shift,3,35,full_causal_scene_flow_model,0.84375,0.72973,1.00000,1.00000,0.22222,0.26352,1,1,0.08671,0.20080,0.68419,0.08008,0.62000,0.34000,0.48000,0.40000
combined_hard_shift,3,35,minus_action_conditioning,0.87097,0.77143,1.00000,1.00000,0.17778,0.25127,1,1,0.11852,0.20550,0.70191,0.09878,0.62000,0.34000,0.48000,0.40000
combined_hard_shift,3,35,minus_passive_flow_factor,0.73973,0.58696,1.00000,1.00000,0.42222,0.30247,1,0,0.12908,0.23327,0.53647,0.16722,0.62000,0.34000,0.48000,0.40000
combined_hard_shift,3,35,minus_articulation_graph,0.88525,0.79412,1.00000,1.00000,0.15556,0.26970,0,0,0.08839,0.17974,0.71628,0.09256,0.62000,0.34000,0.48000,0.40000
combined_hard_shift,3,35,minus_occlusion_reasoning,0.84375,0.72973,1.00000,1.00000,0.22222,0.26352,1,1,0.09253,0.19956,0.66919,0.11122,0.62000,0.34000,0.48000,0.40000
combined_hard_shift,3,35,correlation_only_causal_head,0.93103,0.87097,1.00000,1.00000,0.08889,0.27829,1,0,0.10456,0.16518,0.76614,0.07389,0.62000,0.34000,0.48000,0.40000
combined_hard_shift,3,35,mask_only_no_effect_predictor,0.84375,0.72973,1.00000,1.00000,0.22222,0.68352,0,0,0.08671,0.20080,0.50719,0.11122,0.62000,0.34000,0.48000,0.40000
combined_hard_shift,3,36,full_causal_scene_flow_model,0.62069,0.45000,1.00000,1.00000,0.51163,0.35560,0,0,0.16714,0.28738,0.43780,0.13842,0.62000,0.34000,0.48000,0.40000
combined_hard_shift,3,36,minus_action_conditioning,0.60000,0.42857,1.00000,1.00000,0.55814,0.35111,1,0,0.17060,0.29720,0.39575,0.20528,0.62000,0.34000,0.48000,0.40000
combined_hard_shift,3,36,minus_passive_flow_factor,0.62069,0.45000,1.00000,1.00000,0.51163,0.35560,0,1,0.16001,0.29947,0.42280,0.19226,0.62000,0.34000,0.48000,0.40000
combined_hard_shift,3,36,minus_articulation_graph,0.62069,0.45000,1.00000,1.00000,0.51163,0.35560,0,0,0.15508,0.26642,0.42280,0.19226,0.62000,0.34000,0.48000,0.40000
combined_hard_shift,3,36,minus_occlusion_reasoning,0.62069,0.45000,1.00000,1.00000,0.51163,0.35560,1,0,0.16577,0.28420,0.42280,0.19226,0.62000,0.34000,0.48000,0.40000
combined_hard_shift,3,36,correlation_only_causal_head,0.64286,0.47368,1.00000,1.00000,0.46512,0.34097,0,0,0.14254,0.25363,0.45281,0.17923,0.62000,0.34000,0.48000,0.40000
combined_hard_shift,3,36,mask_only_no_effect_predictor,0.62069,0.45000,1.00000,1.00000,0.51163,0.77560,0,0,0.16714,0.28738,0.26080,0.19226,0.62000,0.34000,0.48000,0.40000
combined_hard_shift,3,37,full_causal_scene_flow_model,0.50704,0.33962,1.00000,1.00000,0.77778,0.95405,0,0,0.16524,0.26640,0.22388,0.19208,0.62000,0.34000,0.48000,0.40000
combined_hard_shift,3,37,minus_action_conditioning,0.52174,0.35294,1.00000,1.00000,0.73333,1.05024,0,0,0.20673,0.29615,0.22702,0.25433,0.62000,0.34000,0.48000,0.40000
combined_hard_shift,3,37,minus_passive_flow_factor,0.46154,0.30000,1.00000,1.00000,0.93333,0.92996,0,0,0.19604,0.33898,0.13588,0.31033,0.62000,0.34000,0.48000,0.40000
combined_hard_shift,3,37,minus_articulation_graph,0.52830,0.40000,0.77778,0.50000,0.46667,0.80212,1,0,0.16234,0.22783,0.32607,0.19744,0.62000,0.34000,0.48000,0.40000
combined_hard_shift,3,37,minus_occlusion_reasoning,0.51515,0.35417,0.94444,0.83333,0.68889,0.90716,0,0,0.16773,0.25998,0.24414,0.24633,0.62000,0.34000,0.48000,0.40000
combined_hard_shift,3,37,correlation_only_causal_head,0.53731,0.36735,1.00000,1.00000,0.68889,0.82485,0,0,0.17687,0.28240,0.26788,0.24189,0.62000,0.34000,0.48000,0.40000
combined_hard_shift,3,37,mask_only_no_effect_predictor,0.50704,0.33962,1.00000,1.00000,0.77778,1.37405,0,0,0.16524,0.26640,0.08429,0.26678,0.62000,0.34000,0.48000,0.40000
combined_hard_shift,3,38,full_causal_scene_flow_model,0.70175,0.54054,1.00000,1.00000,0.41463,0.43350,0,0,0.12164,0.23810,0.51392,0.11887,0.62000,0.34000,0.48000,0.40000
combined_hard_shift,3,38,minus_action_conditioning,0.71429,0.55556,1.00000,1.00000,0.39024,0.70597,1,0,0.14353,0.24654,0.48727,0.15827,0.62000,0.34000,0.48000,0.40000
combined_hard_shift,3,38,minus_passive_flow_factor,0.50633,0.33898,1.00000,1.00000,0.95122,0.52369,0,0,0.18887,0.32966,0.20286,0.31534,0.62000,0.34000,0.48000,0.40000
combined_hard_shift,3,38,minus_articulation_graph,0.76000,0.63333,0.95000,0.85714,0.26829,0.32598,1,0,0.12481,0.21595,0.59142,0.12812,0.62000,0.34000,0.48000,0.40000
combined_hard_shift,3,38,minus_occlusion_reasoning,0.68966,0.52632,1.00000,1.00000,0.43902,0.42170,0,0,0.12636,0.23796,0.48480,0.17193,0.62000,0.34000,0.48000,0.40000
combined_hard_shift,3,38,correlation_only_causal_head,0.59701,0.42553,1.00000,1.00000,0.65854,0.39132,1,0,0.15863,0.27160,0.36152,0.23339,0.62000,0.34000,0.48000,0.40000
combined_hard_shift,3,38,mask_only_no_effect_predictor,0.70175,0.54054,1.00000,1.00000,0.41463,0.85350,1,0,0.12164,0.23810,0.33692,0.16510,0.62000,0.34000,0.48000,0.40000
combined_hard_shift,3,39,full_causal_scene_flow_model,0.97436,0.95000,1.00000,1.00000,0.02326,0.53746,1,0,0.05523,0.16297,0.80393,0.03997,0.62000,0.34000,0.48000,0.40000
combined_hard_shift,3,39,minus_action_conditioning,0.77551,0.63333,1.00000,1.00000,0.25581,0.74020,0,0,0.12489,0.24395,0.56434,0.12063,0.62000,0.34000,0.48000,0.40000
combined_hard_shift,3,39,minus_passive_flow_factor,0.86364,0.76000,1.00000,1.00000,0.13953,0.62244,0,0,0.11071,0.25602,0.67037,0.08807,0.62000,0.34000,0.48000,0.40000
combined_hard_shift,3,39,minus_articulation_graph,1.00000,1.00000,1.00000,1.00000,0.00000,0.51177,1,0,0.06216,0.14857,0.81596,0.04900,0.62000,0.34000,0.48000,0.40000
combined_hard_shift,3,39,minus_occlusion_reasoning,0.97436,0.95000,1.00000,1.00000,0.02326,0.53746,1,0,0.06218,0.16458,0.78893,0.05551,0.62000,0.34000,0.48000,0.40000
combined_hard_shift,3,39,correlation_only_causal_head,1.00000,1.00000,1.00000,1.00000,0.00000,0.51177,0,0,0.09136,0.19717,0.81596,0.04900,0.62000,0.34000,0.48000,0.40000
combined_hard_shift,3,39,mask_only_no_effect_predictor,0.97436,0.95000,1.00000,1.00000,0.02326,0.95746,1,0,0.05523,0.16297,0.62693,0.05551,0.62000,0.34000,0.48000,0.40000
combined_hard_shift,3,40,full_causal_scene_flow_model,0.79167,0.67857,0.95000,0.85714,0.26471,1.06487,1,0,0.10165,0.15022,0.56218,0.09152,0.62000,0.34000,0.48000,0.40000
combined_hard_shift,3,40,minus_action_conditioning,0.75472,0.60606,1.00000,1.00000,0.38235,1.17107,1,0,0.14855,0.20693,0.48838,0.15606,0.62000,0.34000,0.48000,0.40000
combined_hard_shift,3,40,minus_passive_flow_factor,0.57143,0.40000,1.00000,1.00000,0.88235,0.71327,0,1,0.16829,0.30129,0.24875,0.29606,0.62000,0.34000,0.48000,0.40000
combined_hard_shift,3,40,minus_articulation_graph,0.70588,0.85714,0.60000,0.00000,0.05882,0.67896,0,0,0.11977,0.12784,0.57689,0.09747,0.62000,0.34000,0.48000,0.40000
combined_hard_shift,3,40,minus_occlusion_reasoning,0.72727,0.66667,0.80000,0.42857,0.23529,1.00963,0,0,0.11256,0.14988,0.51034,0.13088,0.62000,0.34000,0.48000,0.40000
combined_hard_shift,3,40,correlation_only_causal_head,0.67925,0.54545,0.90000,0.71429,0.44118,0.41379,1,0,0.14707,0.23559,0.47770,0.18053,0.62000,0.34000,0.48000,0.40000
combined_hard_shift,3,40,mask_only_no_effect_predictor,0.79167,0.67857,0.95000,0.85714,0.26471,1.48487,0,0,0.10165,0.15022,0.42718,0.12712,0.62000,0.34000,0.48000,0.40000
combined_hard_shift,3,41,full_causal_scene_flow_model,0.81690,0.69048,1.00000,1.00000,0.37143,0.40748,1,1,0.10644,0.18866,0.60922,0.11016,0.62000,0.34000,0.48000,0.40000
combined_hard_shift,3,41,minus_action_conditioning,0.81690,0.69048,1.00000,1.00000,0.37143,0.40748,1,0,0.11407,0.17584,0.59422,0.15300,0.62000,0.34000,0.48000,0.40000
combined_hard_shift,3,41,minus_passive_flow_factor,0.84058,0.72500,1.00000,1.00000,0.31429,0.40459,1,0,0.10521,0.18735,0.62708,0.13700,0.62000,0.34000,0.48000,0.40000
combined_hard_shift,3,41,minus_articulation_graph,0.81690,0.69048,1.00000,1.00000,0.37143,0.40748,1,0,0.10404,0.17242,0.59422,0.15300,0.62000,0.34000,0.48000,0.40000
combined_hard_shift,3,41,minus_occlusion_reasoning,0.81690,0.69048,1.00000,1.00000,0.37143,0.40748,0,0,0.10839,0.18476,0.59422,0.15300,0.62000,0.34000,0.48000,0.40000
combined_hard_shift,3,41,correlation_only_causal_head,0.84848,0.75676,0.96552,0.90000,0.25714,0.40012,0,0,0.09809,0.12228,0.64906,0.12376,0.62000,0.34000,0.48000,0.40000
combined_hard_shift,3,41,mask_only_no_effect_predictor,0.81690,0.69048,1.00000,1.00000,0.37143,0.82748,0,0,0.10644,0.18866,0.43222,0.15300,0.62000,0.34000,0.48000,0.40000
combined_hard_shift,4,0,full_causal_scene_flow_model,0.75410,0.60526,1.00000,1.00000,0.39474,0.45013,1,0,0.10360,0.22770,0.55446,0.11486,0.62000,0.34000,0.48000,0.40000
combined_hard_shift,4,0,minus_action_conditioning,0.73016,0.57500,1.00000,1.00000,0.44737,0.47101,1,0,0.13770,0.23719,0.50588,0.17426,0.62000,0.34000,0.48000,0.40000
combined_hard_shift,4,0,minus_passive_flow_factor,0.75410,0.60526,1.00000,1.00000,0.39474,0.44666,0,0,0.11776,0.23599,0.53981,0.15953,0.62000,0.34000,0.48000,0.40000
combined_hard_shift,4,0,minus_articulation_graph,0.76667,0.62162,1.00000,1.00000,0.36842,0.43836,1,0,0.10286,0.20789,0.55681,0.15216,0.62000,0.34000,0.48000,0.40000
combined_hard_shift,4,0,minus_occlusion_reasoning,0.75410,0.60526,1.00000,1.00000,0.39474,0.45013,1,0,0.10705,0.22582,0.53946,0.15953,0.62000,0.34000,0.48000,0.40000
combined_hard_shift,4,0,correlation_only_causal_head,0.93878,0.88462,1.00000,1.00000,0.07895,0.30947,0,0,0.10358,0.18292,0.77123,0.07111,0.62000,0.34000,0.48000,0.40000
combined_hard_shift,4,0,mask_only_no_effect_predictor,0.75410,0.60526,1.00000,1.00000,0.39474,0.87013,0,0,0.10360,0.22770,0.37746,0.15953,0.62000,0.34000,0.48000,0.40000
combined_hard_shift,4,1,full_causal_scene_flow_model,0.75325,0.60417,1.00000,1.00000,0.46341,0.46990,1,1,0.14214,0.19477,0.53266,0.12870,0.62000,0.34000,0.48000,0.40000
combined_hard_shift,4,1,minus_action_conditioning,0.76316,0.61702,1.00000,1.00000,0.43902,0.47016,0,0,0.15934,0.20328,0.53140,0.17193,0.62000,0.34000,0.48000,0.40000
combined_hard_shift,4,1,minus_passive_flow_factor,0.75325,0.60417,1.00000,1.00000,0.46341,0.46990,1,0,0.16319,0.23616,0.51766,0.17876,0.62000,0.34000,0.48000,0.40000
combined_hard_shift,4,1,minus_articulation_graph,0.73684,0.59574,0.96552,0.90000,0.46341,0.46782,1,0,0.14627,0.15651,0.50639,0.18151,0.62000,0.34000,0.48000,0.40000
combined_hard_shift,4,1,minus_occlusion_reasoning,0.73684,0.59574,0.96552,0.90000,0.46341,0.46782,0,0,0.14713,0.18256,0.50639,0.18151,0.62000,0.34000,0.48000,0.40000
combined_hard_shift,4,1,correlation_only_causal_head,0.75325,0.60417,1.00000,1.00000,0.46341,0.46990,1,0,0.15556,0.17380,0.51766,0.17876,0.62000,0.34000,0.48000,0.40000
combined_hard_shift,4,1,mask_only_no_effect_predictor,0.75325,0.60417,1.00000,1.00000,0.46341,0.88990,0,1,0.14214,0.19477,0.35566,0.17876,0.62000,0.34000,0.48000,0.40000
combined_hard_shift,4,2,full_causal_scene_flow_model,0.97872,1.00000,0.95833,0.87500,0.00000,0.57978,1,0,0.06025,0.10408,0.80926,0.03768,0.62000,0.34000,0.48000,0.40000
combined_hard_shift,4,2,minus_action_conditioning,0.97959,0.96000,1.00000,1.00000,0.02381,0.60700,1,0,0.11065,0.16884,0.78548,0.05567,0.62000,0.34000,0.48000,0.40000
combined_hard_shift,4,2,minus_passive_flow_factor,0.73846,0.58537,1.00000,1.00000,0.40476,0.66765,0,0,0.15855,0.28306,0.50396,0.16233,0.62000,0.34000,0.48000,0.40000
combined_hard_shift,4,2,minus_articulation_graph,0.90909,1.00000,0.83333,0.50000,0.00000,0.52745,1,0,0.07777,0.08483,0.75075,0.06233,0.62000,0.34000,0.48000,0.40000
combined_hard_shift,4,2,minus_occlusion_reasoning,0.93333,1.00000,0.87500,0.62500,0.00000,0.53569,1,0,0.06993,0.10529,0.76690,0.05900,0.62000,0.34000,0.48000,0.40000
combined_hard_shift,4,2,correlation_only_causal_head,0.75000,0.60000,1.00000,1.00000,0.38095,0.66311,1,0,0.12589,0.20654,0.51916,0.15567,0.62000,0.34000,0.48000,0.40000
combined_hard_shift,4,2,mask_only_no_effect_predictor,0.97872,1.00000,0.95833,0.87500,0.00000,0.99978,1,0,0.06025,0.10408,0.63226,0.05233,0.62000,0.34000,0.48000,0.40000
combined_hard_shift,4,3,full_causal_scene_flow_model,0.76923,0.65789,0.92593,0.77778,0.38235,0.79395,1,0,0.11153,0.14304,0.53414,0.11663,0.62000,0.34000,0.48000,0.40000
combined_hard_shift,4,3,minus_action_conditioning,0.63291,0.48077,0.92593,0.77778,0.79412,1.00078,0,0,0.19155,0.19698,0.28782,0.27728,0.62000,0.34000,0.48000,0.40000
combined_hard_shift,4,3,minus_passive_flow_factor,0.81818,0.69231,1.00000,1.00000,0.35294,0.77364,0,0,0.11177,0.21935,0.56367,0.14782,0.62000,0.34000,0.48000,0.40000
combined_hard_shift,4,3,minus_articulation_graph,0.81481,0.81481,0.81481,0.44444,0.14706,0.56500,0,0,0.12439,0.10301,0.63983,0.10499,0.62000,0.34000,0.48000,0.40000
combined_hard_shift,4,3,minus_occlusion_reasoning,0.76190,0.66667,0.88889,0.66667,0.35294,0.76249,1,0,0.11809,0.13525,0.52540,0.15671,0.62000,0.34000,0.48000,0.40000
combined_hard_shift,4,3,correlation_only_causal_head,0.98182,0.96429,1.00000,1.00000,0.02941,0.48214,1,0,0.11513,0.16443,0.79796,0.05724,0.62000,0.34000,0.48000,0.40000
combined_hard_shift,4,3,mask_only_no_effect_predictor,0.76923,0.65789,0.92593,0.77778,0.38235,1.21395,0,0,0.11153,0.14304,0.37854,0.16198,0.62000,0.34000,0.48000,0.40000
combined_hard_shift,4,4,full_causal_scene_flow_model,0.90909,0.83333,1.00000,1.00000,0.13158,0.50259,1,0,0.08476,0.16747,0.73140,0.06181,0.62000,0.34000,0.48000,0.40000
combined_hard_shift,4,4,minus_action_conditioning,0.96154,0.92593,1.00000,1.00000,0.05263,0.62460,1,0,0.11663,0.18489,0.76301,0.06374,0.62000,0.34000,0.48000,0.40000
combined_hard_shift,4,4,minus_passive_flow_factor,0.61728,0.44643,1.00000,1.00000,0.81579,0.46422,0,1,0.16785,0.28506,0.32439,0.27742,0.62000,0.34000,0.48000,0.40000
combined_hard_shift,4,4,minus_articulation_graph,0.92308,0.88889,0.96000,0.87500,0.07895,0.52731,1,0,0.10174,0.14055,0.73845,0.07431,0.62000,0.34000,0.48000,0.40000
combined_hard_shift,4,4,minus_occlusion_reasoning,0.88889,0.82759,0.96000,0.87500,0.13158,0.49293,1,0,0.09577,0.16607,0.70322,0.08904,0.62000,0.34000,0.48000,0.40000
combined_hard_shift,4,4,correlation_only_causal_head,0.70423,0.54348,1.00000,1.00000,0.55263,0.39454,1,0,0.14324,0.21814,0.46590,0.20374,0.62000,0.34000,0.48000,0.40000
combined_hard_shift,4,4,mask_only_no_effect_predictor,0.90909,0.83333,1.00000,1.00000,0.13158,0.92259,1,0,0.08476,0.16747,0.55440,0.08584,0.62000,0.34000,0.48000,0.40000
combined_hard_shift,4,5,full_causal_scene_flow_model,0.63158,0.46154,1.00000,1.00000,0.48837,0.61059,0,0,0.15142,0.25989,0.42644,0.13374,0.62000,0.34000,0.48000,0.40000
combined_hard_shift,4,5,minus_action_conditioning,0.63158,0.46154,1.00000,1.00000,0.48837,0.61059,0,0,0.17385,0.29067,0.41144,0.18574,0.62000,0.34000,0.48000,0.40000
combined_hard_shift,4,5,minus_passive_flow_factor,0.63158,0.46154,1.00000,1.00000,0.48837,0.61059,1,0,0.16367,0.29783,0.41144,0.18574,0.62000,0.34000,0.48000,0.40000
combined_hard_shift,4,5,minus_articulation_graph,0.63158,0.46154,1.00000,1.00000,0.48837,0.61059,1,1,0.14463,0.23461,0.41144,0.18574,0.62000,0.34000,0.48000,0.40000
combined_hard_shift,4,5,minus_occlusion_reasoning,0.63158,0.46154,1.00000,1.00000,0.48837,0.61059,0,0,0.15186,0.25493,0.41144,0.18574,0.62000,0.34000,0.48000,0.40000
combined_hard_shift,4,5,correlation_only_causal_head,0.63158,0.46154,1.00000,1.00000,0.48837,0.61059,0,0,0.14804,0.25022,0.41144,0.18574,0.62000,0.34000,0.48000,0.40000
combined_hard_shift,4,5,mask_only_no_effect_predictor,0.63158,0.46154,1.00000,1.00000,0.48837,1.03059,0,0,0.15142,0.25989,0.25250,0.18574,0.62000,0.34000,0.48000,0.40000
combined_hard_shift,4,6,full_causal_scene_flow_model,0.72500,0.56863,1.00000,1.00000,0.51163,0.10394,0,0,0.16592,0.26549,0.53599,0.13842,0.62000,0.34000,0.48000,0.40000
combined_hard_shift,4,6,minus_action_conditioning,0.63736,0.46774,1.00000,1.00000,0.76744,0.35538,0,0,0.16895,0.22793,0.36287,0.26388,0.62000,0.34000,0.48000,0.40000
combined_hard_shift,4,6,minus_passive_flow_factor,0.64444,0.47541,1.00000,1.00000,0.74419,0.21780,0,1,0.16901,0.26614,0.38809,0.25737,0.62000,0.34000,0.48000,0.40000
combined_hard_shift,4,6,minus_articulation_graph,0.74359,0.59184,1.00000,1.00000,0.46512,0.15529,1,0,0.16280,0.22439,0.54189,0.17923,0.62000,0.34000,0.48000,0.40000
combined_hard_shift,4,6,minus_occlusion_reasoning,0.73418,0.58000,1.00000,1.00000,0.48837,0.13283,1,0,0.16960,0.24995,0.53103,0.18574,0.62000,0.34000,0.48000,0.40000
combined_hard_shift,4,6,correlation_only_causal_head,0.76316,0.61702,1.00000,1.00000,0.41860,0.15256,0,0,0.16146,0.20713,0.56888,0.16621,0.62000,0.34000,0.48000,0.40000
combined_hard_shift,4,6,mask_only_no_effect_predictor,0.72500,0.56863,1.00000,1.00000,0.51163,0.52394,0,0,0.16592,0.26549,0.35899,0.19226,0.62000,0.34000,0.48000,0.40000
combined_hard_shift,4,7,full_causal_scene_flow_model,0.71642,0.57143,0.96000,0.87500,0.36000,0.75399,1,0,0.11638,0.22458,0.50743,0.11016,0.62000,0.34000,0.48000,0.40000
combined_hard_shift,4,7,minus_action_conditioning,0.58537,0.42105,0.96000,0.87500,0.66000,0.89789,0,0,0.20529,0.28132,0.30230,0.23700,0.62000,0.34000,0.48000,0.40000
combined_hard_shift,4,7,minus_passive_flow_factor,0.79365,0.65789,1.00000,1.00000,0.26000,0.67677,1,0,0.12381,0.24507,0.58221,0.12180,0.62000,0.34000,0.48000,0.40000
combined_hard_shift,4,7,minus_articulation_graph,0.80702,0.71875,0.92000,0.75000,0.18000,0.58191,0,0,0.11400,0.18561,0.62346,0.10580,0.62000,0.34000,0.48000,0.40000
combined_hard_shift,4,7,minus_occlusion_reasoning,0.74194,0.62162,0.92000,0.75000,0.28000,0.68982,0,0,0.12107,0.21454,0.53911,0.13380,0.62000,0.34000,0.48000,0.40000
combined_hard_shift,4,7,correlation_only_causal_head,0.96154,0.92593,1.00000,1.00000,0.04000,0.39306,1,0,0.11859,0.19679,0.78971,0.06020,0.62000,0.34000,0.48000,0.40000
combined_hard_shift,4,7,mask_only_no_effect_predictor,0.71642,0.57143,0.96000,0.87500,0.36000,1.17399,0,0,0.11638,0.22458,0.34783,0.15300,0.62000,0.34000,0.48000,0.40000
combined_hard_shift,4,8,full_causal_scene_flow_model,0.73016,0.57500,1.00000,1.00000,0.38636,1.33165,0,0,0.09011,0.12610,0.48506,0.11317,0.62000,0.34000,0.48000,0.40000
combined_hard_shift,4,8,minus_action_conditioning,0.68750,0.53659,0.95652,0.87500,0.43182,1.35846,0,0,0.17650,0.21548,0.42748,0.17339,0.62000,0.34000,0.48000,0.40000
combined_hard_shift,4,8,minus_passive_flow_factor,0.75410,0.60526,1.00000,1.00000,0.34091,1.10700,0,0,0.14519,0.27815,0.49955,0.14445,0.62000,0.34000,0.48000,0.40000
combined_hard_shift,4,8,minus_articulation_graph,0.78261,0.78261,0.78261,0.62500,0.11364,0.98789,1,0,0.10428,0.09194,0.58435,0.09821,0.62000,0.34000,0.48000,0.40000
combined_hard_shift,4,8,minus_occlusion_reasoning,0.73684,0.61765,0.91304,0.75000,0.29545,1.23937,0,0,0.10008,0.11728,0.50020,0.13868,0.62000,0.34000,0.48000,0.40000
combined_hard_shift,4,8,correlation_only_causal_head,0.95652,0.95652,0.95652,0.87500,0.02273,0.80781,1,0,0.12522,0.20181,0.74956,0.05884,0.62000,0.34000,0.48000,0.40000
combined_hard_shift,4,8,mask_only_no_effect_predictor,0.73016,0.57500,1.00000,1.00000,0.38636,1.75165,0,0,0.09011,0.12610,0.35006,0.15718,0.62000,0.34000,0.48000,0.40000
combined_hard_shift,4,9,full_causal_scene_flow_model,0.85714,0.75000,1.00000,1.00000,0.17500,0.41012,1,0,0.08036,0.19586,0.69212,0.07056,0.62000,0.34000,0.48000,0.40000
combined_hard_shift,4,9,minus_action_conditioning,0.72414,0.56757,1.00000,1.00000,0.40000,0.69986,1,0,0.13629,0.23673,0.49205,0.16100,0.62000,0.34000,0.48000,0.40000
combined_hard_shift,4,9,minus_passive_flow_factor,0.67742,0.51220,1.00000,1.00000,0.50000,0.46069,1,0,0.14719,0.27740,0.45526,0.18900,0.62000,0.34000,0.48000,0.40000
combined_hard_shift,4,9,minus_articulation_graph,0.89362,0.80769,1.00000,1.00000,0.12500,0.40974,1,0,0.08601,0.17369,0.71669,0.08400,0.62000,0.34000,0.48000,0.40000
combined_hard_shift,4,9,minus_occlusion_reasoning,0.85714,0.75000,1.00000,1.00000,0.17500,0.41012,1,0,0.08780,0.19460,0.67712,0.09800,0.62000,0.34000,0.48000,0.40000
combined_hard_shift,4,9,correlation_only_causal_head,0.77778,0.63636,1.00000,1.00000,0.30000,0.41785,0,0,0.11949,0.21695,0.58579,0.13300,0.62000,0.34000,0.48000,0.40000
combined_hard_shift,4,9,mask_only_no_effect_predictor,0.85714,0.75000,1.00000,1.00000,0.17500,0.83012,0,0,0.08036,0.19586,0.51512,0.09800,0.62000,0.34000,0.48000,0.40000
combined_hard_shift,4,10,full_causal_scene_flow_model,0.80851,0.70370,0.95000,0.85714,0.21622,0.88838,1,0,0.09675,0.11883,0.59871,0.08175,0.62000,0.34000,0.48000,0.40000
combined_hard_shift,4,10,minus_action_conditioning,0.66667,0.51351,0.95000,0.85714,0.48649,1.08070,1,0,0.16538,0.21372,0.39759,0.18922,0.62000,0.34000,0.48000,0.40000
combined_hard_shift,4,10,minus_passive_flow_factor,0.70175,0.54054,1.00000,1.00000,0.45946,0.99090,0,0,0.14444,0.28627,0.43062,0.17765,0.62000,0.34000,0.48000,0.40000
combined_hard_shift,4,10,minus_articulation_graph,0.72727,0.92308,0.60000,0.42857,0.02703,0.64868,0,0,0.10968,0.09598,0.60379,0.08857,0.62000,0.34000,0.48000,0.40000
combined_hard_shift,4,10,minus_occlusion_reasoning,0.80000,0.72000,0.90000,0.71429,0.18919,0.85230,1,0,0.10118,0.12041,0.58893,0.10997,0.62000,0.34000,0.48000,0.40000
combined_hard_shift,4,10,correlation_only_causal_head,0.88889,0.80000,1.00000,1.00000,0.13514,0.81529,1,0,0.12744,0.22172,0.66999,0.08684,0.62000,0.34000,0.48000,0.40000
combined_hard_shift,4,10,mask_only_no_effect_predictor,0.80851,0.70370,0.95000,0.85714,0.21622,1.30838,1,0,0.09675,0.11883,0.45255,0.11354,0.62000,0.34000,0.48000,0.40000
combined_hard_shift,4,11,full_causal_scene_flow_model,0.92000,0.88462,0.95833,0.87500,0.06383,0.54189,1,0,0.11581,0.18020,0.75407,0.05055,0.62000,0.34000,0.48000,0.40000
combined_hard_shift,4,11,minus_action_conditioning,0.55422,0.38983,0.95833,0.87500,0.76596,0.98646,0,0,0.19728,0.24280,0.24197,0.26680,0.62000,0.34000,0.48000,0.40000
combined_hard_shift,4,11,minus_passive_flow_factor,0.77419,0.63158,1.00000,1.00000,0.29787,0.80991,1,0,0.13562,0.25401,0.54468,0.13240,0.62000,0.34000,0.48000,0.40000
combined_hard_shift,4,11,minus_articulation_graph,0.89362,0.91304,0.87500,0.62500,0.04255,0.47858,1,0,0.12387,0.14078,0.73289,0.07091,0.62000,0.34000,0.48000,0.40000
combined_hard_shift,4,11,minus_occlusion_reasoning,0.92000,0.88462,0.95833,0.87500,0.06383,0.54189,1,0,0.12048,0.17502,0.73907,0.07021,0.62000,0.34000,0.48000,0.40000
combined_hard_shift,4,11,correlation_only_causal_head,1.00000,1.00000,1.00000,1.00000,0.00000,0.45538,1,0,0.12744,0.19739,0.82160,0.04900,0.62000,0.34000,0.48000,0.40000
combined_hard_shift,4,11,mask_only_no_effect_predictor,0.92000,0.88462,0.95833,0.87500,0.06383,0.96189,0,0,0.11581,0.18020,0.57707,0.07021,0.62000,0.34000,0.48000,0.40000
combined_hard_shift,4,12,full_causal_scene_flow_model,0.52308,0.37778,0.85000,0.57143,0.66667,1.07184,0,1,0.15536,0.23150,0.26162,0.17832,0.62000,0.34000,0.48000,0.40000
combined_hard_shift,4,12,minus_action_conditioning,0.58824,0.41667,1.00000,1.00000,0.66667,1.18620,0,0,0.20854,0.27466,0.29223,0.23567,0.62000,0.34000,0.48000,0.40000
combined_hard_shift,4,12,minus_passive_flow_factor,0.54054,0.37037,1.00000,1.00000,0.80952,0.93905,0,0,0.17669,0.31656,0.22494,0.27567,0.62000,0.34000,0.48000,0.40000
combined_hard_shift,4,12,minus_articulation_graph,0.63830,0.55556,0.75000,0.28571,0.28571,0.70651,1,0,0.15557,0.19663,0.46329,0.14900,0.62000,0.34000,0.48000,0.40000
combined_hard_shift,4,12,minus_occlusion_reasoning,0.52459,0.39024,0.80000,0.42857,0.59524,0.98767,1,1,0.15741,0.22706,0.26891,0.23167,0.62000,0.34000,0.48000,0.40000
combined_hard_shift,4,12,correlation_only_causal_head,0.66667,0.50000,1.00000,1.00000,0.47619,0.68930,1,0,0.16018,0.26120,0.43154,0.18233,0.62000,0.34000,0.48000,0.40000
combined_hard_shift,4,12,mask_only_no_effect_predictor,0.52308,0.37778,0.85000,0.57143,0.66667,1.49184,0,0,0.15536,0.23150,0.12662,0.24767,0.62000,0.34000,0.48000,0.40000
combined_hard_shift,4,13,full_causal_scene_flow_model,0.75472,0.62500,0.95238,0.85714,0.26667,0.61158,1,1,0.11186,0.16986,0.57461,0.09178,0.62000,0.34000,0.48000,0.40000
combined_hard_shift,4,13,minus_action_conditioning,0.71429,0.57143,0.95238,0.85714,0.33333,0.65688,0,0,0.16893,0.23393,0.50811,0.14614,0.62000,0.34000,0.48000,0.40000
combined_hard_shift,4,13,minus_passive_flow_factor,0.67742,0.51220,1.00000,1.00000,0.44444,0.66323,1,0,0.15817,0.28281,0.45056,0.17344,0.62000,0.34000,0.48000,0.40000
combined_hard_shift,4,13,minus_articulation_graph,0.72340,0.65385,0.80952,0.42857,0.20000,0.53889,0,1,0.12503,0.14208,0.56363,0.12024,0.62000,0.34000,0.48000,0.40000
combined_hard_shift,4,13,minus_occlusion_reasoning,0.72000,0.62069,0.85714,0.57143,0.24444,0.57577,1,0,0.11744,0.16977,0.54511,0.12887,0.62000,0.34000,0.48000,0.40000
combined_hard_shift,4,13,correlation_only_causal_head,0.68852,0.52500,1.00000,1.00000,0.42222,0.65722,0,1,0.14161,0.22575,0.46516,0.16722,0.62000,0.34000,0.48000,0.40000
combined_hard_shift,4,13,mask_only_no_effect_predictor,0.75472,0.62500,0.95238,0.85714,0.26667,1.03158,0,0,0.11186,0.16986,0.40077,0.12748,0.62000,0.34000,0.48000,0.40000
combined_hard_shift,4,14,full_causal_scene_flow_model,0.81356,0.70588,0.96000,0.87500,0.29412,0.80018,1,1,0.08271,0.15022,0.58926,0.09688,0.62000,0.34000,0.48000,0.40000
combined_hard_shift,4,14,minus_action_conditioning,0.75758,0.60976,1.00000,1.00000,0.47059,0.94773,0,0,0.15670,0.21530,0.47090,0.18076,0.62000,0.34000,0.48000,0.40000
combined_hard_shift,4,14,minus_passive_flow_factor,0.86207,0.75758,1.00000,1.00000,0.23529,0.75097,1,0,0.10971,0.21490,0.62960,0.11488,0.62000,0.34000,0.48000,0.40000
combined_hard_shift,4,14,minus_articulation_graph,0.83636,0.76667,0.92000,0.75000,0.20588,0.72427,1,0,0.09141,0.12176,0.62252,0.11305,0.62000,0.34000,0.48000,0.40000
combined_hard_shift,4,14,minus_occlusion_reasoning,0.84211,0.75000,0.96000,0.87500,0.23529,0.74879,0,0,0.08608,0.14875,0.61585,0.11808,0.62000,0.34000,0.48000,0.40000
combined_hard_shift,4,14,correlation_only_causal_head,0.98039,0.96154,1.00000,1.00000,0.02941,0.50407,0,0,0.10301,0.16198,0.79477,0.05724,0.62000,0.34000,0.48000,0.40000
combined_hard_shift,4,14,mask_only_no_effect_predictor,0.81356,0.70588,0.96000,0.87500,0.29412,1.22018,0,0,0.08271,0.15022,0.43427,0.13455,0.62000,0.34000,0.48000,0.40000
combined_hard_shift,4,15,full_causal_scene_flow_model,0.75362,0.60465,1.00000,1.00000,0.44737,0.57221,0,0,0.09135,0.18643,0.52719,0.12547,0.62000,0.34000,0.48000,0.40000
combined_hard_shift,4,15,minus_action_conditioning,0.74286,0.59091,1.00000,1.00000,0.47368,0.57825,1,1,0.12765,0.20911,0.49668,0.18163,0.62000,0.34000,0.48000,0.40000
combined_hard_shift,4,15,minus_passive_flow_factor,0.74286,0.59091,1.00000,1.00000,0.47368,0.57318,0,1,0.12393,0.22593,0.49719,0.18163,0.62000,0.34000,0.48000,0.40000
combined_hard_shift,4,15,minus_articulation_graph,0.78788,0.65000,1.00000,1.00000,0.36842,0.56663,1,0,0.09246,0.16147,0.55883,0.15216,0.62000,0.34000,0.48000,0.40000
combined_hard_shift,4,15,minus_occlusion_reasoning,0.75362,0.60465,1.00000,1.00000,0.44737,0.57221,0,0,0.09539,0.18118,0.51219,0.17426,0.62000,0.34000,0.48000,0.40000
combined_hard_shift,4,15,correlation_only_causal_head,0.88136,0.78788,1.00000,1.00000,0.18421,0.53560,1,0,0.10836,0.16159,0.67895,0.10058,0.62000,0.34000,0.48000,0.40000
combined_hard_shift,4,15,mask_only_no_effect_predictor,0.75362,0.60465,1.00000,1.00000,0.44737,0.99221,0,1,0.09135,0.18643,0.35019,0.17426,0.62000,0.34000,0.48000,0.40000
combined_hard_shift,4,16,full_causal_scene_flow_model,0.54545,0.37500,1.00000,1.00000,0.77778,0.68929,1,0,0.18051,0.31218,0.27725,0.19208,0.62000,0.34000,0.48000,0.40000
combined_hard_shift,4,16,minus_action_conditioning,0.50000,0.33898,0.95238,0.85714,0.86667,0.80157,0,1,0.19879,0.30086,0.19431,0.29548,0.62000,0.34000,0.48000,0.40000
combined_hard_shift,4,16,minus_passive_flow_factor,0.53846,0.36842,1.00000,1.00000,0.80000,0.68702,0,0,0.17474,0.31588,0.25136,0.27300,0.62000,0.34000,0.48000,0.40000
combined_hard_shift,4,16,minus_articulation_graph,0.54286,0.38776,0.90476,0.71429,0.66667,0.60983,0,1,0.16878,0.27360,0.29948,0.24329,0.62000,0.34000,0.48000,0.40000
combined_hard_shift,4,16,minus_occlusion_reasoning,0.52632,0.36364,0.95238,0.85714,0.77778,0.68626,0,0,0.18117,0.30012,0.24915,0.27059,0.62000,0.34000,0.48000,0.40000
combined_hard_shift,4,16,correlation_only_causal_head,0.65625,0.48837,1.00000,1.00000,0.48889,0.51167,1,0,0.16389,0.27065,0.43845,0.18589,0.62000,0.34000,0.48000,0.40000
combined_hard_shift,4,16,mask_only_no_effect_predictor,0.54545,0.37500,1.00000,1.00000,0.77778,1.10929,0,1,0.18051,0.31218,0.11118,0.26678,0.62000,0.34000,0.48000,0.40000
combined_hard_shift,4,17,full_causal_scene_flow_model,0.72727,0.57143,1.00000,1.00000,0.46667,0.87996,1,0,0.11482,0.15793,0.47256,0.12936,0.62000,0.34000,0.48000,0.40000
combined_hard_shift,4,17,minus_action_conditioning,0.72727,0.57143,1.00000,1.00000,0.46667,0.87996,0,1,0.16028,0.20313,0.45756,0.17967,0.62000,0.34000,0.48000,0.40000
combined_hard_shift,4,17,minus_passive_flow_factor,0.72727,0.57143,1.00000,1.00000,0.46667,0.87996,1,1,0.16039,0.26107,0.45756,0.17967,0.62000,0.34000,0.48000,0.40000
combined_hard_shift,4,17,minus_articulation_graph,0.70270,0.56522,0.92857,0.80000,0.44444,0.86406,0,1,0.12025,0.12104,0.44818,0.17916,0.62000,0.34000,0.48000,0.40000
combined_hard_shift,4,17,minus_occlusion_reasoning,0.69333,0.55319,0.92857,0.80000,0.46667,0.87402,0,0,0.12134,0.14675,0.43440,0.18538,0.62000,0.34000,0.48000,0.40000
combined_hard_shift,4,17,correlation_only_causal_head,0.71053,0.56250,0.96429,0.90000,0.46667,0.87687,1,0,0.14426,0.18940,0.44615,0.18252,0.62000,0.34000,0.48000,0.40000
combined_hard_shift,4,17,mask_only_no_effect_predictor,0.72727,0.57143,1.00000,1.00000,0.46667,1.29996,0,0,0.11482,0.15793,0.32556,0.17967,0.62000,0.34000,0.48000,0.40000
combined_hard_shift,4,18,full_causal_scene_flow_model,0.89655,0.86667,0.92857,0.80000,0.10256,0.79847,1,0,0.07361,0.06010,0.70116,0.06007,0.62000,0.34000,0.48000,0.40000
combined_hard_shift,4,18,minus_action_conditioning,0.91803,0.84848,1.00000,1.00000,0.12821,0.81546,0,0,0.12227,0.14353,0.69231,0.08490,0.62000,0.34000,0.48000,0.40000
combined_hard_shift,4,18,minus_passive_flow_factor,0.80000,0.66667,1.00000,1.00000,0.35897,0.85789,1,0,0.13804,0.22488,0.54083,0.14951,0.62000,0.34000,0.48000,0.40000
combined_hard_shift,4,18,minus_articulation_graph,0.73469,0.85714,0.64286,0.50000,0.07692,0.70608,1,0,0.10209,0.02884,0.58927,0.09911,0.62000,0.34000,0.48000,0.40000
combined_hard_shift,4,18,minus_occlusion_reasoning,0.87719,0.86207,0.89286,0.70000,0.10256,0.78213,1,0,0.08465,0.05659,0.67424,0.08629,0.62000,0.34000,0.48000,0.40000
combined_hard_shift,4,18,correlation_only_causal_head,0.83582,0.71795,1.00000,1.00000,0.28205,0.83527,1,0,0.12444,0.14490,0.58971,0.12797,0.62000,0.34000,0.48000,0.40000
combined_hard_shift,4,18,mask_only_no_effect_predictor,0.89655,0.86667,0.92857,0.80000,0.10256,1.21847,1,0,0.07361,0.06010,0.54600,0.08343,0.62000,0.34000,0.48000,0.40000
combined_hard_shift,4,19,full_causal_scene_flow_model,0.97872,1.00000,0.95833,0.87500,0.00000,0.40224,1,0,0.07598,0.12068,0.82702,0.03768,0.62000,0.34000,0.48000,0.40000
combined_hard_shift,4,19,minus_action_conditioning,0.68657,0.53488,0.95833,0.87500,0.60606,1.03373,0,0,0.15338,0.18181,0.37804,0.22203,0.62000,0.34000,0.48000,0.40000
combined_hard_shift,4,19,minus_passive_flow_factor,0.77419,0.63158,1.00000,1.00000,0.42424,0.56305,0,0,0.12028,0.22824,0.53398,0.16779,0.62000,0.34000,0.48000,0.40000
combined_hard_shift,4,19,minus_articulation_graph,0.93333,1.00000,0.87500,0.62500,0.00000,0.36959,0,0,0.09511,0.09246,0.78351,0.05900,0.62000,0.34000,0.48000,0.40000
combined_hard_shift,4,19,minus_occlusion_reasoning,0.93333,1.00000,0.87500,0.62500,0.00000,0.36959,0,0,0.08715,0.11722,0.78351,0.05900,0.62000,0.34000,0.48000,0.40000
combined_hard_shift,4,19,correlation_only_causal_head,0.88889,0.80000,1.00000,1.00000,0.18182,0.45604,1,1,0.11123,0.16431,0.69284,0.09991,0.62000,0.34000,0.48000,0.40000
combined_hard_shift,4,19,mask_only_no_effect_predictor,0.97872,1.00000,0.95833,0.87500,0.00000,0.82224,1,0,0.07598,0.12068,0.65002,0.05233,0.62000,0.34000,0.48000,0.40000
combined_hard_shift,4,20,full_causal_scene_flow_model,0.77193,0.64706,0.95652,0.87500,0.26667,1.01535,0,0,0.08097,0.14786,0.54782,0.09154,0.62000,0.34000,0.48000,0.40000
combined_hard_shift,4,20,minus_action_conditioning,0.71875,0.56098,1.00000,1.00000,0.40000,1.13328,1,0,0.15747,0.22441,0.45826,0.16100,0.62000,0.34000,0.48000,0.40000
combined_hard_shift,4,20,minus_passive_flow_factor,0.77966,0.63889,1.00000,1.00000,0.28889,0.79220,0,1,0.13526,0.25882,0.55279,0.12989,0.62000,0.34000,0.48000,0.40000
combined_hard_shift,4,20,minus_articulation_graph,0.93333,0.95455,0.91304,0.75000,0.02222,0.67066,1,0,0.08753,0.12127,0.74718,0.06218,0.62000,0.34000,0.48000,0.40000
combined_hard_shift,4,20,minus_occlusion_reasoning,0.77778,0.67742,0.91304,0.75000,0.22222,0.97499,1,1,0.08697,0.14488,0.55186,0.11818,0.62000,0.34000,0.48000,0.40000
combined_hard_shift,4,20,correlation_only_causal_head,1.00000,1.00000,1.00000,1.00000,0.00000,0.64805,1,0,0.11487,0.19009,0.80233,0.04900,0.62000,0.34000,0.48000,0.40000
combined_hard_shift,4,20,mask_only_no_effect_predictor,0.77193,0.64706,0.95652,0.87500,0.26667,1.43535,0,0,0.08097,0.14786,0.41282,0.12714,0.62000,0.34000,0.48000,0.40000
combined_hard_shift,4,21,full_causal_scene_flow_model,0.79245,0.65625,1.00000,1.00000,0.31250,0.33304,0,0,0.09638,0.22054,0.61605,0.09828,0.62000,0.34000,0.48000,0.40000
combined_hard_shift,4,21,minus_action_conditioning,0.79245,0.65625,1.00000,1.00000,0.34375,0.34228,0,0,0.12970,0.23660,0.59137,0.14525,0.62000,0.34000,0.48000,0.40000
combined_hard_shift,4,21,minus_passive_flow_factor,0.76364,0.61765,1.00000,1.00000,0.40625,0.37138,0,1,0.11373,0.23914,0.55079,0.16275,0.62000,0.34000,0.48000,0.40000
combined_hard_shift,4,21,minus_articulation_graph,0.82353,0.70000,1.00000,1.00000,0.28125,0.32974,1,0,0.09863,0.20210,0.63188,0.12775,0.62000,0.34000,0.48000,0.40000
combined_hard_shift,4,21,minus_occlusion_reasoning,0.79245,0.65625,1.00000,1.00000,0.31250,0.33304,1,0,0.10126,0.21862,0.60105,0.13650,0.62000,0.34000,0.48000,0.40000
combined_hard_shift,4,21,correlation_only_causal_head,0.89362,0.80769,1.00000,1.00000,0.15625,0.30654,1,0,0.10274,0.18940,0.71826,0.09275,0.62000,0.34000,0.48000,0.40000
combined_hard_shift,4,21,mask_only_no_effect_predictor,0.79245,0.65625,1.00000,1.00000,0.31250,0.75304,0,1,0.09638,0.22054,0.43905,0.13650,0.62000,0.34000,0.48000,0.40000
combined_hard_shift,4,22,full_causal_scene_flow_model,0.64286,0.47368,1.00000,1.00000,0.40000,1.09679,1,1,0.10324,0.20534,0.42014,0.11592,0.62000,0.34000,0.48000,0.40000
combined_hard_shift,4,22,minus_action_conditioning,0.60000,0.42857,1.00000,1.00000,0.48000,1.15709,1,0,0.19677,0.30153,0.35274,0.18340,0.62000,0.34000,0.48000,0.40000
combined_hard_shift,4,22,minus_passive_flow_factor,0.65455,0.48649,1.00000,1.00000,0.38000,1.07985,0,0,0.13654,0.28050,0.41892,0.15540,0.62000,0.34000,0.48000,0.40000
combined_hard_shift,4,22,minus_articulation_graph,0.70833,0.56667,0.94444,0.83333,0.26000,0.98657,1,0,0.10155,0.17853,0.49151,0.12624,0.62000,0.34000,0.48000,0.40000
combined_hard_shift,4,22,minus_occlusion_reasoning,0.61818,0.45946,0.94444,0.83333,0.40000,1.10081,0,1,0.10706,0.19986,0.38786,0.16544,0.62000,0.34000,0.48000,0.40000
combined_hard_shift,4,22,correlation_only_causal_head,0.75000,0.60000,1.00000,1.00000,0.24000,0.95771,0,0,0.11989,0.22252,0.52916,0.11620,0.62000,0.34000,0.48000,0.40000
combined_hard_shift,4,22,mask_only_no_effect_predictor,0.64286,0.47368,1.00000,1.00000,0.40000,1.51679,0,0,0.10324,0.20534,0.28514,0.16100,0.62000,0.34000,0.48000,0.40000
combined_hard_shift,4,23,full_causal_scene_flow_model,0.72000,0.56250,1.00000,1.00000,0.35897,0.74471,0,1,0.08953,0.18587,0.51115,0.10765,0.62000,0.34000,0.48000,0.40000
combined_hard_shift,4,23,minus_action_conditioning,0.70588,0.54545,1.00000,1.00000,0.38462,0.75117,0,0,0.12996,0.23724,0.47844,0.15669,0.62000,0.34000,0.48000,0.40000
combined_hard_shift,4,23,minus_passive_flow_factor,0.66667,0.50000,1.00000,1.00000,0.46154,0.72168,1,0,0.15199,0.29635,0.43240,0.17823,0.62000,0.34000,0.48000,0.40000
combined_hard_shift,4,23,minus_articulation_graph,0.75000,0.60000,1.00000,1.00000,0.30769,0.73255,1,1,0.09455,0.16931,0.53273,0.13515,0.62000,0.34000,0.48000,0.40000
combined_hard_shift,4,23,minus_occlusion_reasoning,0.72000,0.56250,1.00000,1.00000,0.35897,0.74471,1,0,0.09437,0.18592,0.49615,0.14951,0.62000,0.34000,0.48000,0.40000
combined_hard_shift,4,23,correlation_only_causal_head,0.72000,0.56250,1.00000,1.00000,0.35897,0.74471,0,0,0.12498,0.23148,0.49615,0.14951,0.62000,0.34000,0.48000,0.40000
combined_hard_shift,4,23,mask_only_no_effect_predictor,0.72000,0.56250,1.00000,1.00000,0.35897,1.16471,1,0,0.08953,0.18587,0.35062,0.14951,0.62000,0.34000,0.48000,0.40000
combined_hard_shift,4,24,full_causal_scene_flow_model,0.77143,0.62791,1.00000,1.00000,0.41026,0.72442,0,0,0.10350,0.17171,0.53482,0.11799,0.62000,0.34000,0.48000,0.40000
combined_hard_shift,4,24,minus_action_conditioning,0.73973,0.58696,1.00000,1.00000,0.48718,0.74943,0,0,0.16897,0.22120,0.47359,0.18541,0.62000,0.34000,0.48000,0.40000
combined_hard_shift,4,24,minus_passive_flow_factor,0.76056,0.61364,1.00000,1.00000,0.43590,0.73195,0,0,0.13386,0.23813,0.50428,0.17105,0.62000,0.34000,0.48000,0.40000
combined_hard_shift,4,24,minus_articulation_graph,0.76471,0.63415,0.96296,0.88889,0.38462,0.71522,1,0,0.11050,0.13661,0.52321,0.15966,0.62000,0.34000,0.48000,0.40000
combined_hard_shift,4,24,minus_occlusion_reasoning,0.77143,0.62791,1.00000,1.00000,0.41026,0.72442,0,0,0.11122,0.16023,0.51982,0.16387,0.62000,0.34000,0.48000,0.40000
combined_hard_shift,4,24,correlation_only_causal_head,0.78261,0.64286,1.00000,1.00000,0.38462,0.71504,1,0,0.12767,0.18168,0.53576,0.15669,0.62000,0.34000,0.48000,0.40000
combined_hard_shift,4,24,mask_only_no_effect_predictor,0.77143,0.62791,1.00000,1.00000,0.41026,1.14442,1,0,0.10350,0.17171,0.37226,0.16387,0.62000,0.34000,0.48000,0.40000
combined_hard_shift,4,25,full_causal_scene_flow_model,0.60000,0.42857,1.00000,1.00000,0.51064,0.69901,1,0,0.16739,0.31160,0.38926,0.13822,0.62000,0.34000,0.48000,0.40000
combined_hard_shift,4,25,minus_action_conditioning,0.61017,0.43902,1.00000,1.00000,0.48936,0.73414,1,0,0.18328,0.30802,0.38382,0.18602,0.62000,0.34000,0.48000,0.40000
combined_hard_shift,4,25,minus_passive_flow_factor,0.65455,0.48649,1.00000,1.00000,0.40426,0.63300,0,0,0.15103,0.29959,0.44883,0.16219,0.62000,0.34000,0.48000,0.40000
combined_hard_shift,4,25,minus_articulation_graph,0.61017,0.43902,1.00000,1.00000,0.48936,0.68297,0,1,0.15286,0.28770,0.38894,0.18602,0.62000,0.34000,0.48000,0.40000
combined_hard_shift,4,25,minus_occlusion_reasoning,0.60000,0.42857,1.00000,1.00000,0.51064,0.69901,1,0,0.16659,0.30741,0.37426,0.19198,0.62000,0.34000,0.48000,0.40000
combined_hard_shift,4,25,correlation_only_causal_head,0.70588,0.54545,1.00000,1.00000,0.31915,0.64316,0,0,0.13099,0.24803,0.50757,0.13836,0.62000,0.34000,0.48000,0.40000
combined_hard_shift,4,25,mask_only_no_effect_predictor,0.60000,0.42857,1.00000,1.00000,0.51064,1.11901,1,0,0.16739,0.31160,0.22416,0.19198,0.62000,0.34000,0.48000,0.40000
combined_hard_shift,4,26,full_causal_scene_flow_model,0.76190,0.61538,1.00000,1.00000,0.38462,0.62810,1,0,0.11721,0.20850,0.54497,0.11282,0.62000,0.34000,0.48000,0.40000
combined_hard_shift,4,26,minus_action_conditioning,0.76190,0.61538,1.00000,1.00000,0.38462,0.62810,1,0,0.14168,0.22839,0.52997,0.15669,0.62000,0.34000,0.48000,0.40000
combined_hard_shift,4,26,minus_passive_flow_factor,0.76190,0.61538,1.00000,1.00000,0.38462,0.62810,1,0,0.12857,0.24008,0.52997,0.15669,0.62000,0.34000,0.48000,0.40000
combined_hard_shift,4,26,minus_articulation_graph,0.76190,0.61538,1.00000,1.00000,0.38462,0.62810,1,0,0.11258,0.18950,0.52997,0.15669,0.62000,0.34000,0.48000,0.40000
combined_hard_shift,4,26,minus_occlusion_reasoning,0.76190,0.61538,1.00000,1.00000,0.38462,0.62810,0,0,0.11839,0.20624,0.52997,0.15669,0.62000,0.34000,0.48000,0.40000
combined_hard_shift,4,26,correlation_only_causal_head,0.77419,0.63158,1.00000,1.00000,0.35897,0.61955,0,0,0.11270,0.18098,0.54660,0.14951,0.62000,0.34000,0.48000,0.40000
combined_hard_shift,4,26,mask_only_no_effect_predictor,0.76190,0.61538,1.00000,1.00000,0.38462,1.04810,1,0,0.11721,0.20850,0.37278,0.15669,0.62000,0.34000,0.48000,0.40000
combined_hard_shift,4,27,full_causal_scene_flow_model,1.00000,1.00000,1.00000,1.00000,0.00000,0.75632,1,0,0.05137,0.05335,0.80650,0.03528,0.62000,0.34000,0.48000,0.40000
combined_hard_shift,4,27,minus_action_conditioning,0.98305,0.96667,1.00000,1.00000,0.02222,0.74978,0,0,0.11533,0.13173,0.77407,0.05522,0.62000,0.34000,0.48000,0.40000
combined_hard_shift,4,27,minus_passive_flow_factor,0.81690,0.69048,1.00000,1.00000,0.28889,0.80966,1,0,0.12091,0.21562,0.57711,0.12989,0.62000,0.34000,0.48000,0.40000
combined_hard_shift,4,27,minus_articulation_graph,0.86275,1.00000,0.75862,0.50000,0.00000,0.69160,0,0,0.08080,0.02212,0.70190,0.06831,0.62000,0.34000,0.48000,0.40000
combined_hard_shift,4,27,minus_occlusion_reasoning,0.94545,1.00000,0.89655,0.70000,0.00000,0.71269,1,0,0.06759,0.04629,0.75768,0.05728,0.62000,0.34000,0.48000,0.40000
combined_hard_shift,4,27,correlation_only_causal_head,0.96552,0.96552,0.96552,0.90000,0.02222,0.73348,1,0,0.10480,0.12792,0.76343,0.05798,0.62000,0.34000,0.48000,0.40000
combined_hard_shift,4,27,mask_only_no_effect_predictor,1.00000,1.00000,1.00000,1.00000,0.00000,1.17632,0,0,0.05137,0.05335,0.64713,0.04900,0.62000,0.34000,0.48000,0.40000
combined_hard_shift,4,28,full_causal_scene_flow_model,0.67606,0.51064,1.00000,1.00000,0.56098,0.63931,0,0,0.15508,0.26321,0.43437,0.14837,0.62000,0.34000,0.48000,0.40000
combined_hard_shift,4,28,minus_action_conditioning,0.70588,0.54545,1.00000,1.00000,0.48780,0.73665,1,0,0.16912,0.25117,0.45100,0.18559,0.62000,0.34000,0.48000,0.40000
combined_hard_shift,4,28,minus_passive_flow_factor,0.64865,0.48000,1.00000,1.00000,0.63415,0.52200,0,0,0.16516,0.27837,0.39143,0.22656,0.62000,0.34000,0.48000,0.40000
combined_hard_shift,4,28,minus_articulation_graph,0.68571,0.52174,1.00000,1.00000,0.53659,0.67158,1,0,0.14581,0.23207,0.42973,0.19924,0.62000,0.34000,0.48000,0.40000
combined_hard_shift,4,28,minus_occlusion_reasoning,0.66667,0.50000,1.00000,1.00000,0.58537,0.61470,0,0,0.15544,0.25819,0.40843,0.21290,0.62000,0.34000,0.48000,0.40000
combined_hard_shift,4,28,correlation_only_causal_head,0.71642,0.55814,1.00000,1.00000,0.46341,0.67782,0,0,0.14514,0.22215,0.47109,0.17876,0.62000,0.34000,0.48000,0.40000
combined_hard_shift,4,28,mask_only_no_effect_predictor,0.67606,0.51064,1.00000,1.00000,0.56098,1.05931,0,0,0.15508,0.26321,0.26330,0.20607,0.62000,0.34000,0.48000,0.40000
combined_hard_shift,4,29,full_causal_scene_flow_model,0.74074,0.58824,1.00000,1.00000,0.40000,0.67456,0,0,0.09563,0.19574,0.52120,0.11592,0.62000,0.34000,0.48000,0.40000
combined_hard_shift,4,29,minus_action_conditioning,0.54795,0.37736,1.00000,1.00000,0.94286,1.08217,0,1,0.16481,0.24803,0.18670,0.31300,0.62000,0.34000,0.48000,0.40000
combined_hard_shift,4,29,minus_passive_flow_factor,0.75472,0.60606,1.00000,1.00000,0.37143,0.65155,0,0,0.11586,0.24785,0.52628,0.15300,0.62000,0.34000,0.48000,0.40000
combined_hard_shift,4,29,minus_articulation_graph,0.76000,0.63333,0.95000,0.85714,0.31429,0.61746,0,0,0.09698,0.17067,0.54939,0.14100,0.62000,0.34000,0.48000,0.40000
combined_hard_shift,4,29,minus_occlusion_reasoning,0.73077,0.59375,0.95000,0.85714,0.37143,0.64689,1,1,0.10082,0.18906,0.50998,0.15700,0.62000,0.34000,0.48000,0.40000
combined_hard_shift,4,29,correlation_only_causal_head,0.80000,0.66667,1.00000,1.00000,0.28571,0.60849,1,0,0.10850,0.19870,0.58629,0.12900,0.62000,0.34000,0.48000,0.40000
combined_hard_shift,4,29,mask_only_no_effect_predictor,0.74074,0.58824,1.00000,1.00000,0.40000,1.09456,1,0,0.09563,0.19574,0.35365,0.16100,0.62000,0.34000,0.48000,0.40000
combined_hard_shift,4,30,full_causal_scene_flow_model,0.73016,0.62162,0.88462,0.66667,0.37838,1.19949,1,0,0.12464,0.11420,0.48730,0.11821,0.62000,0.34000,0.48000,0.40000
combined_hard_shift,4,30,minus_action_conditioning,0.74627,0.60976,0.96154,0.88889,0.43243,1.22954,1,0,0.17418,0.17108,0.46844,0.17316,0.62000,0.34000,0.48000,0.40000
combined_hard_shift,4,30,minus_passive_flow_factor,0.61905,0.44828,1.00000,1.00000,0.86486,0.78636,0,0,0.18155,0.28935,0.27967,0.29116,0.62000,0.34000,0.48000,0.40000
combined_hard_shift,4,30,minus_articulation_graph,0.63636,0.77778,0.53846,0.22222,0.10811,0.92917,1,0,0.14586,0.08048,0.48940,0.11619,0.62000,0.34000,0.48000,0.40000
combined_hard_shift,4,30,minus_occlusion_reasoning,0.68966,0.62500,0.76923,0.33333,0.32432,1.14296,1,1,0.13499,0.11047,0.45908,0.15827,0.62000,0.34000,0.48000,0.40000
combined_hard_shift,4,30,correlation_only_causal_head,0.65789,0.50000,0.96154,0.88889,0.67568,0.70049,1,0,0.16291,0.21406,0.36842,0.24127,0.62000,0.34000,0.48000,0.40000
combined_hard_shift,4,30,mask_only_no_effect_predictor,0.73016,0.62162,0.88462,0.66667,0.37838,1.61949,0,0,0.12464,0.11420,0.35230,0.16418,0.62000,0.34000,0.48000,0.40000
combined_hard_shift,4,31,full_causal_scene_flow_model,0.85246,0.78788,0.92857,0.80000,0.14894,0.55270,1,0,0.12410,0.17019,0.68188,0.06942,0.62000,0.34000,0.48000,0.40000
combined_hard_shift,4,31,minus_action_conditioning,0.98246,0.96552,1.00000,1.00000,0.02128,0.64393,1,0,0.14072,0.16220,0.78450,0.05496,0.62000,0.34000,0.48000,0.40000
combined_hard_shift,4,31,minus_passive_flow_factor,0.54902,0.37838,1.00000,1.00000,0.97872,0.46746,0,0,0.24405,0.33593,0.23066,0.32304,0.62000,0.34000,0.48000,0.40000
combined_hard_shift,4,31,minus_articulation_graph,0.85714,0.85714,0.85714,0.60000,0.08511,0.53361,1,0,0.14484,0.13304,0.68994,0.08426,0.62000,0.34000,0.48000,0.40000
combined_hard_shift,4,31,minus_occlusion_reasoning,0.85246,0.78788,0.92857,0.80000,0.14894,0.55270,1,0,0.13662,0.16492,0.66688,0.09642,0.62000,0.34000,0.48000,0.40000
combined_hard_shift,4,31,correlation_only_causal_head,0.56566,0.39437,1.00000,1.00000,0.91489,0.46121,1,0,0.20490,0.25035,0.26080,0.30517,0.62000,0.34000,0.48000,0.40000
combined_hard_shift,4,31,mask_only_no_effect_predictor,0.85246,0.78788,0.92857,0.80000,0.14894,0.97270,0,0,0.12410,0.17019,0.50488,0.09642,0.62000,0.34000,0.48000,0.40000
combined_hard_shift,4,32,full_causal_scene_flow_model,0.60606,0.44444,0.95238,0.85714,0.54348,0.79170,1,0,0.13989,0.24449,0.37503,0.14759,0.62000,0.34000,0.48000,0.40000
combined_hard_shift,4,32,minus_action_conditioning,0.68852,0.52500,1.00000,1.00000,0.41304,1.01826,0,0,0.17510,0.25999,0.43345,0.16465,0.62000,0.34000,0.48000,0.40000
combined_hard_shift,4,32,minus_passive_flow_factor,0.51852,0.35000,1.00000,1.00000,0.84783,0.59749,0,0,0.19964,0.33321,0.23296,0.28639,0.62000,0.34000,0.48000,0.40000
combined_hard_shift,4,32,minus_articulation_graph,0.74510,0.63333,0.90476,0.71429,0.23913,0.52408,1,1,0.14250,0.21311,0.56934,0.12358,0.62000,0.34000,0.48000,0.40000
combined_hard_shift,4,32,minus_occlusion_reasoning,0.58462,0.43182,0.90476,0.71429,0.54348,0.72314,1,0,0.14563,0.24067,0.35188,0.20879,0.62000,0.34000,0.48000,0.40000
combined_hard_shift,4,32,correlation_only_causal_head,0.63636,0.46667,1.00000,1.00000,0.52174,0.35164,0,0,0.17288,0.27452,0.43134,0.19509,0.62000,0.34000,0.48000,0.40000
combined_hard_shift,4,32,mask_only_no_effect_predictor,0.60606,0.44444,0.95238,0.85714,0.54348,1.21170,1,0,0.13989,0.24449,0.21920,0.20498,0.62000,0.34000,0.48000,0.40000
combined_hard_shift,4,33,full_causal_scene_flow_model,0.78261,0.64286,1.00000,1.00000,0.42857,0.58082,0,0,0.11354,0.21834,0.55188,0.12168,0.62000,0.34000,0.48000,0.40000
combined_hard_shift,4,33,minus_action_conditioning,0.78261,0.64286,1.00000,1.00000,0.42857,0.58082,0,0,0.13969,0.21638,0.53688,0.16900,0.62000,0.34000,0.48000,0.40000
combined_hard_shift,4,33,minus_passive_flow_factor,0.79412,0.65854,1.00000,1.00000,0.40000,0.56434,0,0,0.10896,0.20627,0.55458,0.16100,0.62000,0.34000,0.48000,0.40000
combined_hard_shift,4,33,minus_articulation_graph,0.78261,0.64286,1.00000,1.00000,0.42857,0.58082,1,0,0.11022,0.19884,0.53688,0.16900,0.62000,0.34000,0.48000,0.40000
combined_hard_shift,4,33,minus_occlusion_reasoning,0.78261,0.64286,1.00000,1.00000,0.42857,0.58082,0,1,0.11527,0.21460,0.53688,0.16900,0.62000,0.34000,0.48000,0.40000
combined_hard_shift,4,33,correlation_only_causal_head,0.85714,0.75000,1.00000,1.00000,0.25714,0.50162,1,0,0.10074,0.14979,0.64497,0.12100,0.62000,0.34000,0.48000,0.40000
combined_hard_shift,4,33,mask_only_no_effect_predictor,0.78261,0.64286,1.00000,1.00000,0.42857,1.00082,1,0,0.11354,0.21834,0.37496,0.16900,0.62000,0.34000,0.48000,0.40000
combined_hard_shift,4,34,full_causal_scene_flow_model,0.77778,0.65116,0.96552,0.90000,0.37500,0.76595,1,0,0.11218,0.10295,0.54498,0.11287,0.62000,0.34000,0.48000,0.40000
combined_hard_shift,4,34,minus_action_conditioning,0.76712,0.63636,0.96552,0.90000,0.40000,0.76650,0,0,0.15644,0.15508,0.51547,0.16376,0.62000,0.34000,0.48000,0.40000
combined_hard_shift,4,34,minus_passive_flow_factor,0.77333,0.63043,1.00000,1.00000,0.42500,0.77883,1,1,0.16245,0.25518,0.51159,0.16800,0.62000,0.34000,0.48000,0.40000
combined_hard_shift,4,34,minus_articulation_graph,0.59016,0.56250,0.62069,0.10000,0.35000,0.73622,0,0,0.13333,0.06477,0.40863,0.17734,0.62000,0.34000,0.48000,0.40000
combined_hard_shift,4,34,minus_occlusion_reasoning,0.70588,0.61538,0.82759,0.50000,0.37500,0.73841,0,0,0.12220,0.09689,0.48241,0.16779,0.62000,0.34000,0.48000,0.40000
combined_hard_shift,4,34,correlation_only_causal_head,0.73973,0.61364,0.93103,0.80000,0.42500,0.76424,1,0,0.14928,0.17891,0.48952,0.17352,0.62000,0.34000,0.48000,0.40000
combined_hard_shift,4,34,mask_only_no_effect_predictor,0.77778,0.65116,0.96552,0.90000,0.37500,1.18595,0,1,0.11218,0.10295,0.38658,0.15676,0.62000,0.34000,0.48000,0.40000
combined_hard_shift,4,35,full_causal_scene_flow_model,0.63889,0.46939,1.00000,1.00000,0.56522,0.79214,0,0,0.16952,0.26098,0.39188,0.14923,0.62000,0.34000,0.48000,0.40000
combined_hard_shift,4,35,minus_action_conditioning,0.63889,0.46939,1.00000,1.00000,0.56522,0.79214,1,0,0.18105,0.27148,0.37688,0.20726,0.62000,0.34000,0.48000,0.40000
combined_hard_shift,4,35,minus_passive_flow_factor,0.63889,0.46939,1.00000,1.00000,0.56522,0.79214,1,1,0.18710,0.30588,0.37688,0.20726,0.62000,0.34000,0.48000,0.40000
combined_hard_shift,4,35,minus_articulation_graph,0.63889,0.46939,1.00000,1.00000,0.56522,0.79214,0,1,0.15867,0.23072,0.37688,0.20726,0.62000,0.34000,0.48000,0.40000
combined_hard_shift,4,35,minus_occlusion_reasoning,0.63889,0.46939,1.00000,1.00000,0.56522,0.79214,0,0,0.16801,0.25461,0.37688,0.20726,0.62000,0.34000,0.48000,0.40000
combined_hard_shift,4,35,correlation_only_causal_head,0.63889,0.46939,1.00000,1.00000,0.56522,0.79214,1,0,0.16324,0.24615,0.37688,0.20726,0.62000,0.34000,0.48000,0.40000
combined_hard_shift,4,35,mask_only_no_effect_predictor,0.63889,0.46939,1.00000,1.00000,0.56522,1.21214,1,0,0.16952,0.26098,0.23610,0.20726,0.62000,0.34000,0.48000,0.40000
combined_hard_shift,4,36,full_causal_scene_flow_model,0.73239,0.57778,1.00000,1.00000,0.46341,0.59383,1,0,0.13145,0.23252,0.50567,0.12870,0.62000,0.34000,0.48000,0.40000
combined_hard_shift,4,36,minus_action_conditioning,0.73239,0.57778,1.00000,1.00000,0.46341,0.59383,0,0,0.15967,0.24446,0.49067,0.17876,0.62000,0.34000,0.48000,0.40000
combined_hard_shift,4,36,minus_passive_flow_factor,0.75362,0.60465,1.00000,1.00000,0.41463,0.58181,1,0,0.12733,0.23000,0.52039,0.16510,0.62000,0.34000,0.48000,0.40000
combined_hard_shift,4,36,minus_articulation_graph,0.73239,0.57778,1.00000,1.00000,0.46341,0.59383,1,1,0.12593,0.20308,0.49067,0.17876,0.62000,0.34000,0.48000,0.40000
combined_hard_shift,4,36,minus_occlusion_reasoning,0.73239,0.57778,1.00000,1.00000,0.46341,0.59383,0,0,0.13283,0.22511,0.49067,0.17876,0.62000,0.34000,0.48000,0.40000
combined_hard_shift,4,36,correlation_only_causal_head,0.77612,0.63415,1.00000,1.00000,0.36585,0.56593,0,0,0.11964,0.17772,0.55139,0.15144,0.62000,0.34000,0.48000,0.40000
combined_hard_shift,4,36,mask_only_no_effect_predictor,0.73239,0.57778,1.00000,1.00000,0.46341,1.01383,1,0,0.13145,0.23252,0.33005,0.17876,0.62000,0.34000,0.48000,0.40000
combined_hard_shift,4,37,full_causal_scene_flow_model,0.72222,0.60465,0.89655,0.70000,0.40476,1.25326,1,0,0.12512,0.09634,0.47436,0.12284,0.62000,0.34000,0.48000,0.40000
combined_hard_shift,4,37,minus_action_conditioning,0.70886,0.56000,0.96552,0.90000,0.52381,1.33592,0,0,0.20091,0.18173,0.41667,0.19843,0.62000,0.34000,0.48000,0.40000
combined_hard_shift,4,37,minus_passive_flow_factor,0.78378,0.64444,1.00000,1.00000,0.38095,1.23241,0,0,0.13807,0.23539,0.50912,0.15567,0.62000,0.34000,0.48000,0.40000
combined_hard_shift,4,37,minus_articulation_graph,0.61818,0.65385,0.58621,0.50000,0.21429,1.20346,1,0,0.14736,0.05186,0.43986,0.14210,0.62000,0.34000,0.48000,0.40000
combined_hard_shift,4,37,minus_occlusion_reasoning,0.69565,0.60000,0.82759,0.50000,0.38095,1.23775,0,0,0.13353,0.08706,0.44742,0.16946,0.62000,0.34000,0.48000,0.40000
combined_hard_shift,4,37,correlation_only_causal_head,0.91803,0.87500,0.96552,0.90000,0.09524,0.90890,1,0,0.13132,0.16014,0.69220,0.07843,0.62000,0.34000,0.48000,0.40000
combined_hard_shift,4,37,mask_only_no_effect_predictor,0.72222,0.60465,0.89655,0.70000,0.40476,1.67326,1,0,0.12512,0.09634,0.33936,0.17061,0.62000,0.34000,0.48000,0.40000
combined_hard_shift,4,38,full_causal_scene_flow_model,0.97143,1.00000,0.94444,0.83333,0.00000,0.77983,0,0,0.06818,0.08395,0.78415,0.03848,0.62000,0.34000,0.48000,0.40000
combined_hard_shift,4,38,minus_action_conditioning,1.00000,1.00000,1.00000,1.00000,0.00000,0.81304,1,0,0.11258,0.16433,0.78583,0.04900,0.62000,0.34000,0.48000,0.40000
combined_hard_shift,4,38,minus_passive_flow_factor,0.46753,0.30508,1.00000,1.00000,0.95349,0.80401,0,0,0.23726,0.38046,0.14703,0.31598,0.62000,0.34000,0.48000,0.40000
combined_hard_shift,4,38,minus_articulation_graph,0.56000,1.00000,0.38889,0.50000,0.00000,0.86321,0,0,0.09245,0.07421,0.47281,0.09789,0.62000,0.34000,0.48000,0.40000
combined_hard_shift,4,38,minus_occlusion_reasoning,0.90909,1.00000,0.83333,0.50000,0.00000,0.70142,1,0,0.08007,0.08983,0.73336,0.06233,0.62000,0.34000,0.48000,0.40000
combined_hard_shift,4,38,correlation_only_causal_head,0.52174,0.35294,1.00000,1.00000,0.76744,0.81231,0,1,0.18120,0.28995,0.23624,0.26388,0.62000,0.34000,0.48000,0.40000
combined_hard_shift,4,38,mask_only_no_effect_predictor,0.97143,1.00000,0.94444,0.83333,0.00000,1.19983,1,0,0.06818,0.08395,0.62713,0.05344,0.62000,0.34000,0.48000,0.40000
combined_hard_shift,4,39,full_causal_scene_flow_model,0.94737,1.00000,0.90000,0.71429,0.00000,0.65001,1,1,0.06336,0.07525,0.78029,0.04104,0.62000,0.34000,0.48000,0.40000
combined_hard_shift,4,39,minus_action_conditioning,0.97436,1.00000,0.95000,0.85714,0.00000,0.68192,1,0,0.11869,0.16451,0.78099,0.05300,0.62000,0.34000,0.48000,0.40000
combined_hard_shift,4,39,minus_passive_flow_factor,0.54054,0.37037,1.00000,1.00000,0.87179,0.86871,0,1,0.18763,0.33249,0.21454,0.29310,0.62000,0.34000,0.48000,0.40000
combined_hard_shift,4,39,minus_articulation_graph,0.70968,1.00000,0.55000,0.14286,0.00000,0.45482,0,0,0.08783,0.05989,0.61843,0.08500,0.62000,0.34000,0.48000,0.40000
combined_hard_shift,4,39,minus_occlusion_reasoning,0.85714,1.00000,0.75000,0.28571,0.00000,0.52535,1,0,0.07541,0.07957,0.71460,0.06900,0.62000,0.34000,0.48000,0.40000
combined_hard_shift,4,39,correlation_only_causal_head,0.76923,0.62500,1.00000,1.00000,0.30769,0.75689,0,0,0.14428,0.24703,0.54375,0.13515,0.62000,0.34000,0.48000,0.40000
combined_hard_shift,4,39,mask_only_no_effect_predictor,0.94737,1.00000,0.90000,0.71429,0.00000,1.07001,0,0,0.06336,0.07525,0.61029,0.05700,0.62000,0.34000,0.48000,0.40000
combined_hard_shift,4,40,full_causal_scene_flow_model,0.73684,0.67742,0.80769,0.44444,0.21277,0.89495,1,0,0.13338,0.10202,0.54885,0.08925,0.62000,0.34000,0.48000,0.40000
combined_hard_shift,4,40,minus_action_conditioning,0.68571,0.54545,0.92308,0.77778,0.42553,1.05922,0,1,0.19321,0.18153,0.42799,0.17430,0.62000,0.34000,0.48000,0.40000
combined_hard_shift,4,40,minus_passive_flow_factor,0.55914,0.38806,1.00000,1.00000,0.87234,0.93304,1,0,0.19381,0.30745,0.22097,0.29326,0.62000,0.34000,0.48000,0.40000
combined_hard_shift,4,40,minus_articulation_graph,0.51163,0.64706,0.42308,0.11111,0.12766,0.83444,0,0,0.15315,0.06905,0.40609,0.13090,0.62000,0.34000,0.48000,0.40000
combined_hard_shift,4,40,minus_occlusion_reasoning,0.69231,0.69231,0.69231,0.11111,0.17021,0.80568,1,0,0.14028,0.10171,0.52352,0.12127,0.62000,0.34000,0.48000,0.40000
combined_hard_shift,4,40,correlation_only_causal_head,0.70270,0.54167,1.00000,1.00000,0.46809,0.88402,1,0,0.17229,0.23152,0.43956,0.18006,0.62000,0.34000,0.48000,0.40000
combined_hard_shift,4,40,mask_only_no_effect_predictor,0.73684,0.67742,0.80769,0.44444,0.21277,1.31495,1,1,0.13338,0.10202,0.40335,0.12396,0.62000,0.34000,0.48000,0.40000
combined_hard_shift,4,41,full_causal_scene_flow_model,0.61538,0.47059,0.88889,0.83333,0.43902,1.00158,1,0,0.13191,0.23542,0.38998,0.13019,0.62000,0.34000,0.48000,0.40000
combined_hard_shift,4,41,minus_action_conditioning,0.67925,0.51429,1.00000,1.00000,0.41463,1.05761,0,0,0.17299,0.26661,0.42651,0.16510,0.62000,0.34000,0.48000,0.40000
combined_hard_shift,4,41,minus_passive_flow_factor,0.49315,0.32727,1.00000,1.00000,0.90244,0.87827,0,0,0.17630,0.31911,0.17183,0.30168,0.62000,0.34000,0.48000,0.40000
combined_hard_shift,4,41,minus_articulation_graph,0.63415,0.56522,0.72222,0.66667,0.24390,0.90938,0,0,0.13910,0.20844,0.45181,0.13951,0.62000,0.34000,0.48000,0.40000
combined_hard_shift,4,41,minus_occlusion_reasoning,0.57692,0.44118,0.83333,0.66667,0.46341,0.98939,0,0,0.13790,0.23163,0.34229,0.19209,0.62000,0.34000,0.48000,0.40000
combined_hard_shift,4,41,correlation_only_causal_head,0.61017,0.43902,1.00000,1.00000,0.56098,0.78283,0,1,0.16072,0.26590,0.35890,0.20607,0.62000,0.34000,0.48000,0.40000
combined_hard_shift,4,41,mask_only_no_effect_predictor,0.61538,0.47059,0.88889,0.83333,0.43902,1.42158,0,0,0.13191,0.23542,0.25498,0.18082,0.62000,0.34000,0.48000,0.40000
combined_hard_shift,5,0,full_causal_scene_flow_model,0.68966,0.52632,1.00000,1.00000,0.41667,0.44533,0,0,0.11429,0.23961,0.50369,0.11928,0.62000,0.34000,0.48000,0.40000
combined_hard_shift,5,0,minus_action_conditioning,0.70175,0.54054,1.00000,1.00000,0.47222,0.49666,0,1,0.13029,0.24115,0.47648,0.18122,0.62000,0.34000,0.48000,0.40000
combined_hard_shift,5,0,minus_passive_flow_factor,0.88889,0.80000,1.00000,1.00000,0.13889,0.34005,0,0,0.10699,0.23177,0.71646,0.08789,0.62000,0.34000,0.48000,0.40000
combined_hard_shift,5,0,minus_articulation_graph,0.68966,0.52632,1.00000,1.00000,0.41667,0.44533,1,0,0.10936,0.22863,0.48869,0.16567,0.62000,0.34000,0.48000,0.40000
combined_hard_shift,5,0,minus_occlusion_reasoning,0.68966,0.52632,1.00000,1.00000,0.41667,0.44533,1,0,0.11576,0.24070,0.48869,0.16567,0.62000,0.34000,0.48000,0.40000
combined_hard_shift,5,0,correlation_only_causal_head,0.92683,0.90476,0.95000,0.85714,0.05556,0.31588,0,0,0.09240,0.17527,0.76877,0.06856,0.62000,0.34000,0.48000,0.40000
combined_hard_shift,5,0,mask_only_no_effect_predictor,0.68966,0.52632,1.00000,1.00000,0.41667,0.86533,0,1,0.11429,0.23961,0.32669,0.16567,0.62000,0.34000,0.48000,0.40000
combined_hard_shift,5,1,full_causal_scene_flow_model,0.75410,0.67647,0.85185,0.55556,0.28947,1.05052,1,0,0.12062,0.08227,0.52895,0.10217,0.62000,0.34000,0.48000,0.40000
combined_hard_shift,5,1,minus_action_conditioning,0.74286,0.60465,0.96296,0.88889,0.44737,1.16034,0,0,0.17083,0.15262,0.46187,0.17723,0.62000,0.34000,0.48000,0.40000
combined_hard_shift,5,1,minus_passive_flow_factor,0.62069,0.45000,1.00000,1.00000,0.86842,0.87433,0,0,0.17828,0.28599,0.27103,0.29216,0.62000,0.34000,0.48000,0.40000
combined_hard_shift,5,1,minus_articulation_graph,0.55000,0.84615,0.40741,0.33333,0.05263,0.89606,1,0,0.14560,0.04788,0.44779,0.11114,0.62000,0.34000,0.48000,0.40000
combined_hard_shift,5,1,minus_occlusion_reasoning,0.72414,0.67742,0.77778,0.33333,0.26316,1.00735,1,0,0.12942,0.07983,0.50035,0.14046,0.62000,0.34000,0.48000,0.40000
combined_hard_shift,5,1,correlation_only_causal_head,0.70130,0.54000,1.00000,1.00000,0.60526,0.73212,0,1,0.15749,0.20823,0.41536,0.21847,0.62000,0.34000,0.48000,0.40000
combined_hard_shift,5,1,mask_only_no_effect_predictor,0.75410,0.67647,0.85185,0.55556,0.28947,1.47052,1,0,0.12062,0.08227,0.39395,0.14190,0.62000,0.34000,0.48000,0.40000
combined_hard_shift,5,2,full_causal_scene_flow_model,0.52632,0.35714,1.00000,1.00000,1.00000,0.62016,0,1,0.18346,0.29828,0.20854,0.23688,0.62000,0.34000,0.48000,0.40000
combined_hard_shift,5,2,minus_action_conditioning,0.54054,0.37037,1.00000,1.00000,0.94444,0.61976,0,0,0.16725,0.26696,0.21909,0.31344,0.62000,0.34000,0.48000,0.40000
combined_hard_shift,5,2,minus_passive_flow_factor,0.54054,0.37037,1.00000,1.00000,0.94444,0.60988,1,0,0.17068,0.30252,0.22008,0.31344,0.62000,0.34000,0.48000,0.40000
combined_hard_shift,5,2,minus_articulation_graph,0.53333,0.36364,1.00000,1.00000,0.97222,0.61683,0,0,0.17045,0.26823,0.20656,0.32122,0.62000,0.34000,0.48000,0.40000
combined_hard_shift,5,2,minus_occlusion_reasoning,0.52632,0.35714,1.00000,1.00000,1.00000,0.62016,0,0,0.18207,0.28889,0.19354,0.32900,0.62000,0.34000,0.48000,0.40000
combined_hard_shift,5,2,correlation_only_causal_head,0.57971,0.40816,1.00000,1.00000,0.80556,0.57391,0,1,0.16085,0.25995,0.28999,0.27456,0.62000,0.34000,0.48000,0.40000
combined_hard_shift,5,2,mask_only_no_effect_predictor,0.52632,0.35714,1.00000,1.00000,1.00000,1.04016,1,0,0.18346,0.29828,0.03556,0.32900,0.62000,0.34000,0.48000,0.40000
combined_hard_shift,5,3,full_causal_scene_flow_model,0.77333,0.63043,1.00000,1.00000,0.38636,0.50585,1,0,0.13341,0.20493,0.56470,0.11317,0.62000,0.34000,0.48000,0.40000
combined_hard_shift,5,3,minus_action_conditioning,0.73684,0.59574,0.96552,0.90000,0.43182,0.54790,0,0,0.16653,0.21236,0.50723,0.17267,0.62000,0.34000,0.48000,0.40000
combined_hard_shift,5,3,minus_passive_flow_factor,0.77333,0.63043,1.00000,1.00000,0.38636,0.50585,0,0,0.14173,0.21718,0.54970,0.15718,0.62000,0.34000,0.48000,0.40000
combined_hard_shift,5,3,minus_articulation_graph,0.75676,0.62222,0.96552,0.90000,0.38636,0.50546,1,0,0.13798,0.16575,0.53814,0.15994,0.62000,0.34000,0.48000,0.40000
combined_hard_shift,5,3,minus_occlusion_reasoning,0.75676,0.62222,0.96552,0.90000,0.38636,0.50546,0,0,0.14035,0.19019,0.53814,0.15994,0.62000,0.34000,0.48000,0.40000
combined_hard_shift,5,3,correlation_only_causal_head,0.78378,0.64444,1.00000,1.00000,0.36364,0.49853,1,0,0.14275,0.16151,0.56411,0.15082,0.62000,0.34000,0.48000,0.40000
combined_hard_shift,5,3,mask_only_no_effect_predictor,0.77333,0.63043,1.00000,1.00000,0.38636,0.92585,0,1,0.13341,0.20493,0.38770,0.15718,0.62000,0.34000,0.48000,0.40000
combined_hard_shift,5,4,full_causal_scene_flow_model,0.65517,0.55882,0.79167,0.37500,0.33333,0.86978,0,0,0.13849,0.15685,0.46044,0.11448,0.62000,0.34000,0.48000,0.40000
combined_hard_shift,5,4,minus_action_conditioning,0.58824,0.45455,0.83333,0.50000,0.53333,0.95257,0,0,0.20734,0.22492,0.33431,0.21167,0.62000,0.34000,0.48000,0.40000
combined_hard_shift,5,4,minus_passive_flow_factor,0.68571,0.52174,1.00000,1.00000,0.48889,0.85448,0,0,0.15590,0.28064,0.42480,0.18589,0.62000,0.34000,0.48000,0.40000
combined_hard_shift,5,4,minus_articulation_graph,0.66667,0.66667,0.66667,0.12500,0.17778,0.70035,1,0,0.15165,0.12209,0.51399,0.12544,0.62000,0.34000,0.48000,0.40000
combined_hard_shift,5,4,minus_occlusion_reasoning,0.62963,0.56667,0.70833,0.12500,0.28889,0.80887,0,0,0.14352,0.15397,0.44610,0.15322,0.62000,0.34000,0.48000,0.40000
combined_hard_shift,5,4,correlation_only_causal_head,0.88462,0.82143,0.95833,0.87500,0.11111,0.58347,0,0,0.14716,0.21949,0.69691,0.08344,0.62000,0.34000,0.48000,0.40000
combined_hard_shift,5,4,mask_only_no_effect_predictor,0.65517,0.55882,0.79167,0.37500,0.33333,1.28978,1,0,0.13849,0.15685,0.31242,0.15900,0.62000,0.34000,0.48000,0.40000
combined_hard_shift,5,5,full_causal_scene_flow_model,0.72000,0.56250,1.00000,1.00000,0.34146,0.42438,0,0,0.09968,0.21995,0.54809,0.10412,0.62000,0.34000,0.48000,0.40000
combined_hard_shift,5,5,minus_action_conditioning,0.73469,0.58065,1.00000,1.00000,0.31707,0.42126,0,0,0.12762,0.25461,0.55051,0.13778,0.62000,0.34000,0.48000,0.40000
combined_hard_shift,5,5,minus_passive_flow_factor,0.72000,0.56250,1.00000,1.00000,0.34146,0.42438,0,0,0.12379,0.26672,0.53309,0.14461,0.62000,0.34000,0.48000,0.40000
combined_hard_shift,5,5,minus_articulation_graph,0.72000,0.56250,1.00000,1.00000,0.34146,0.42438,1,0,0.09894,0.20740,0.53309,0.14461,0.62000,0.34000,0.48000,0.40000
combined_hard_shift,5,5,minus_occlusion_reasoning,0.72000,0.56250,1.00000,1.00000,0.34146,0.42438,0,0,0.10271,0.22046,0.53309,0.14461,0.62000,0.34000,0.48000,0.40000
combined_hard_shift,5,5,correlation_only_causal_head,0.75000,0.60000,1.00000,1.00000,0.29268,0.41103,0,0,0.10477,0.21143,0.56908,0.13095,0.62000,0.34000,0.48000,0.40000
combined_hard_shift,5,5,mask_only_no_effect_predictor,0.72000,0.56250,1.00000,1.00000,0.34146,0.84438,1,0,0.09968,0.21995,0.37109,0.14461,0.62000,0.34000,0.48000,0.40000
combined_hard_shift,5,6,full_causal_scene_flow_model,0.75758,0.60976,1.00000,1.00000,0.45714,0.45049,0,0,0.13008,0.23761,0.53939,0.12744,0.62000,0.34000,0.48000,0.40000
combined_hard_shift,5,6,minus_action_conditioning,0.62500,0.45455,1.00000,1.00000,0.85714,0.82714,0,0,0.16388,0.24123,0.28192,0.28900,0.62000,0.34000,0.48000,0.40000
combined_hard_shift,5,6,minus_passive_flow_factor,0.75758,0.60976,1.00000,1.00000,0.45714,0.45049,1,0,0.12338,0.22504,0.52439,0.17700,0.62000,0.34000,0.48000,0.40000
combined_hard_shift,5,6,minus_articulation_graph,0.75758,0.60976,1.00000,1.00000,0.45714,0.45049,1,0,0.12538,0.20965,0.52439,0.17700,0.62000,0.34000,0.48000,0.40000
combined_hard_shift,5,6,minus_occlusion_reasoning,0.75758,0.60976,1.00000,1.00000,0.45714,0.45049,0,1,0.13049,0.23196,0.52439,0.17700,0.62000,0.34000,0.48000,0.40000
combined_hard_shift,5,6,correlation_only_causal_head,0.78125,0.64103,1.00000,1.00000,0.40000,0.42404,0,0,0.11801,0.17945,0.55961,0.16100,0.62000,0.34000,0.48000,0.40000
combined_hard_shift,5,6,mask_only_no_effect_predictor,0.75758,0.60976,1.00000,1.00000,0.45714,0.87049,1,0,0.13008,0.23761,0.36239,0.17700,0.62000,0.34000,0.48000,0.40000
combined_hard_shift,5,7,full_causal_scene_flow_model,0.60274,0.43137,1.00000,1.00000,0.76316,0.68270,0,0,0.14337,0.24382,0.32210,0.18913,0.62000,0.34000,0.48000,0.40000
combined_hard_shift,5,7,minus_action_conditioning,0.72131,0.56410,1.00000,1.00000,0.44737,0.98982,0,0,0.16554,0.24719,0.44781,0.17426,0.62000,0.34000,0.48000,0.40000
combined_hard_shift,5,7,minus_passive_flow_factor,0.53659,0.36667,1.00000,1.00000,1.00000,0.55286,0,0,0.18414,0.30829,0.20746,0.32900,0.62000,0.34000,0.48000,0.40000
combined_hard_shift,5,7,minus_articulation_graph,0.60000,0.43750,0.95455,0.85714,0.71053,0.69113,1,0,0.14204,0.21570,0.31907,0.25158,0.62000,0.34000,0.48000,0.40000
combined_hard_shift,5,7,minus_occlusion_reasoning,0.58333,0.42000,0.95455,0.85714,0.76316,0.68264,1,1,0.14910,0.23666,0.29352,0.26632,0.62000,0.34000,0.48000,0.40000
combined_hard_shift,5,7,correlation_only_causal_head,0.57143,0.40000,1.00000,1.00000,0.86842,0.55243,0,1,0.16282,0.24930,0.26873,0.29216,0.62000,0.34000,0.48000,0.40000
combined_hard_shift,5,7,mask_only_no_effect_predictor,0.60274,0.43137,1.00000,1.00000,0.76316,1.10270,0,1,0.14337,0.24382,0.15537,0.26268,0.62000,0.34000,0.48000,0.40000
combined_hard_shift,5,8,full_causal_scene_flow_model,0.97959,1.00000,0.96000,0.87500,0.00000,0.70953,1,0,0.06934,0.08446,0.79690,0.03758,0.62000,0.34000,0.48000,0.40000
combined_hard_shift,5,8,minus_action_conditioning,0.84746,0.73529,1.00000,1.00000,0.23684,0.93061,0,0,0.14061,0.17176,0.60098,0.11532,0.62000,0.34000,0.48000,0.40000
combined_hard_shift,5,8,minus_passive_flow_factor,0.84746,0.73529,1.00000,1.00000,0.23684,0.92355,1,0,0.11135,0.21696,0.60168,0.11532,0.62000,0.34000,0.48000,0.40000
combined_hard_shift,5,8,minus_articulation_graph,0.93617,1.00000,0.88000,0.87500,0.00000,0.74011,1,0,0.09369,0.05499,0.74844,0.05860,0.62000,0.34000,0.48000,0.40000
combined_hard_shift,5,8,minus_occlusion_reasoning,0.97959,1.00000,0.96000,0.87500,0.00000,0.70953,1,0,0.08028,0.08110,0.78190,0.05220,0.62000,0.34000,0.48000,0.40000
combined_hard_shift,5,8,correlation_only_causal_head,1.00000,1.00000,1.00000,1.00000,0.00000,0.72896,1,0,0.10269,0.14645,0.79424,0.04900,0.62000,0.34000,0.48000,0.40000
combined_hard_shift,5,8,mask_only_no_effect_predictor,0.97959,1.00000,0.96000,0.87500,0.00000,1.12953,1,0,0.06934,0.08446,0.63285,0.05220,0.62000,0.34000,0.48000,0.40000
combined_hard_shift,5,9,full_causal_scene_flow_model,0.70000,0.53846,1.00000,1.00000,0.46154,0.90466,0,0,0.12889,0.21281,0.45244,0.12833,0.62000,0.34000,0.48000,0.40000
combined_hard_shift,5,9,minus_action_conditioning,0.70000,0.53846,1.00000,1.00000,0.46154,0.90466,1,0,0.15569,0.24895,0.43744,0.17823,0.62000,0.34000,0.48000,0.40000
combined_hard_shift,5,9,minus_passive_flow_factor,0.70000,0.53846,1.00000,1.00000,0.46154,0.90466,1,0,0.14116,0.25378,0.43744,0.17823,0.62000,0.34000,0.48000,0.40000
combined_hard_shift,5,9,minus_articulation_graph,0.70000,0.53846,1.00000,1.00000,0.46154,0.90466,1,1,0.12708,0.19036,0.43744,0.17823,0.62000,0.34000,0.48000,0.40000
combined_hard_shift,5,9,minus_occlusion_reasoning,0.70000,0.53846,1.00000,1.00000,0.46154,0.90466,0,0,0.12897,0.21051,0.43744,0.17823,0.62000,0.34000,0.48000,0.40000
combined_hard_shift,5,9,correlation_only_causal_head,0.70000,0.53846,1.00000,1.00000,0.46154,0.90466,0,1,0.12607,0.19430,0.43744,0.17823,0.62000,0.34000,0.48000,0.40000
combined_hard_shift,5,9,mask_only_no_effect_predictor,0.70000,0.53846,1.00000,1.00000,0.46154,1.32466,1,0,0.12889,0.21281,0.30790,0.17823,0.62000,0.34000,0.48000,0.40000
combined_hard_shift,5,10,full_causal_scene_flow_model,0.64407,0.48718,0.95000,0.85714,0.51282,0.65624,0,0,0.15128,0.23270,0.42377,0.14154,0.62000,0.34000,0.48000,0.40000
combined_hard_shift,5,10,minus_action_conditioning,0.66667,0.50000,1.00000,1.00000,0.51282,0.65436,1,0,0.16686,0.25640,0.42478,0.19259,0.62000,0.34000,0.48000,0.40000
combined_hard_shift,5,10,minus_passive_flow_factor,0.66667,0.50000,1.00000,1.00000,0.51282,0.65436,0,0,0.16026,0.28397,0.42478,0.19259,0.62000,0.34000,0.48000,0.40000
combined_hard_shift,5,10,minus_articulation_graph,0.59649,0.45946,0.85000,0.71429,0.51282,0.66280,0,0,0.14987,0.20777,0.37481,0.20459,0.62000,0.34000,0.48000,0.40000
combined_hard_shift,5,10,minus_occlusion_reasoning,0.62069,0.47368,0.90000,0.71429,0.51282,0.65244,0,0,0.15294,0.22874,0.39278,0.20059,0.62000,0.34000,0.48000,0.40000
combined_hard_shift,5,10,correlation_only_causal_head,0.64407,0.48718,0.95000,0.85714,0.51282,0.65020,0,0,0.14747,0.22989,0.40937,0.19659,0.62000,0.34000,0.48000,0.40000
combined_hard_shift,5,10,mask_only_no_effect_predictor,0.64407,0.48718,0.95000,0.85714,0.51282,1.07624,1,0,0.15128,0.23270,0.25439,0.19659,0.62000,0.34000,0.48000,0.40000
combined_hard_shift,5,11,full_causal_scene_flow_model,0.74286,0.59091,1.00000,1.00000,0.40909,0.56008,1,0,0.12436,0.21709,0.53158,0.11775,0.62000,0.34000,0.48000,0.40000
combined_hard_shift,5,11,minus_action_conditioning,0.69333,0.53061,1.00000,1.00000,0.52273,0.59397,0,0,0.18163,0.24914,0.44671,0.19536,0.62000,0.34000,0.48000,0.40000
combined_hard_shift,5,11,minus_passive_flow_factor,0.74286,0.59091,1.00000,1.00000,0.40909,0.56008,1,0,0.13321,0.24007,0.51658,0.16355,0.62000,0.34000,0.48000,0.40000
combined_hard_shift,5,11,minus_articulation_graph,0.73529,0.59524,0.96154,0.88889,0.38636,0.54181,0,0,0.12254,0.17794,0.51948,0.16026,0.62000,0.34000,0.48000,0.40000
combined_hard_shift,5,11,minus_occlusion_reasoning,0.74286,0.59091,1.00000,1.00000,0.40909,0.56008,0,0,0.12945,0.20571,0.51658,0.16355,0.62000,0.34000,0.48000,0.40000
combined_hard_shift,5,11,correlation_only_causal_head,0.76471,0.61905,1.00000,1.00000,0.36364,0.53649,1,0,0.12847,0.19031,0.54696,0.15082,0.62000,0.34000,0.48000,0.40000
combined_hard_shift,5,11,mask_only_no_effect_predictor,0.74286,0.59091,1.00000,1.00000,0.40909,0.98008,1,1,0.12436,0.21709,0.35458,0.16355,0.62000,0.34000,0.48000,0.40000
combined_hard_shift,5,12,full_causal_scene_flow_model,0.75410,0.67647,0.85185,0.55556,0.28205,0.80381,1,0,0.11055,0.09452,0.55065,0.10067,0.62000,0.34000,0.48000,0.40000
combined_hard_shift,5,12,minus_action_conditioning,0.71642,0.60000,0.88889,0.66667,0.41026,0.86809,1,1,0.17802,0.17378,0.46695,0.17276,0.62000,0.34000,0.48000,0.40000
combined_hard_shift,5,12,minus_passive_flow_factor,0.75000,0.60000,1.00000,1.00000,0.46154,0.84844,1,0,0.14652,0.25960,0.47806,0.17823,0.62000,0.34000,0.48000,0.40000
combined_hard_shift,5,12,minus_articulation_graph,0.75000,0.85714,0.66667,0.22222,0.07692,0.57785,1,0,0.13093,0.05941,0.61281,0.09721,0.62000,0.34000,0.48000,0.40000
combined_hard_shift,5,12,minus_occlusion_reasoning,0.70175,0.66667,0.74074,0.22222,0.25641,0.74860,0,1,0.11864,0.09152,0.51171,0.14154,0.62000,0.34000,0.48000,0.40000
combined_hard_shift,5,12,correlation_only_causal_head,0.78788,0.66667,0.96296,0.88889,0.33333,0.83558,1,0,0.13773,0.19278,0.54176,0.14530,0.62000,0.34000,0.48000,0.40000
combined_hard_shift,5,12,mask_only_no_effect_predictor,0.75410,0.67647,0.85185,0.55556,0.28205,1.22381,1,0,0.11055,0.09452,0.39603,0.13983,0.62000,0.34000,0.48000,0.40000
combined_hard_shift,5,13,full_causal_scene_flow_model,0.98182,0.96429,1.00000,1.00000,0.02174,0.37327,0,0,0.09120,0.20811,0.82599,0.03966,0.62000,0.34000,0.48000,0.40000
combined_hard_shift,5,13,minus_action_conditioning,0.73973,0.58696,1.00000,1.00000,0.41304,0.68955,0,0,0.15803,0.23681,0.50034,0.16465,0.62000,0.34000,0.48000,0.40000
combined_hard_shift,5,13,minus_passive_flow_factor,0.84375,0.72973,1.00000,1.00000,0.21739,0.55549,1,1,0.12799,0.23752,0.64134,0.10987,0.62000,0.34000,0.48000,0.40000
combined_hard_shift,5,13,minus_articulation_graph,0.98113,1.00000,0.96296,0.88889,0.00000,0.34980,1,0,0.09429,0.17555,0.81895,0.05196,0.62000,0.34000,0.48000,0.40000
combined_hard_shift,5,13,minus_occlusion_reasoning,0.96296,0.96296,0.96296,0.88889,0.02174,0.36218,0,0,0.09890,0.20008,0.79890,0.05805,0.62000,0.34000,0.48000,0.40000
combined_hard_shift,5,13,correlation_only_causal_head,1.00000,1.00000,1.00000,1.00000,0.00000,0.36032,1,0,0.11628,0.18074,0.83110,0.04900,0.62000,0.34000,0.48000,0.40000
combined_hard_shift,5,13,mask_only_no_effect_predictor,0.98182,0.96429,1.00000,1.00000,0.02174,0.79327,1,0,0.09120,0.20811,0.64899,0.05509,0.62000,0.34000,0.48000,0.40000
combined_hard_shift,5,14,full_causal_scene_flow_model,0.90625,0.82857,1.00000,1.00000,0.16667,0.39031,1,0,0.09356,0.17504,0.73081,0.06888,0.62000,0.34000,0.48000,0.40000
combined_hard_shift,5,14,minus_action_conditioning,0.92063,0.85294,1.00000,1.00000,0.13889,0.39832,1,0,0.13245,0.17630,0.73286,0.08789,0.62000,0.34000,0.48000,0.40000
combined_hard_shift,5,14,minus_passive_flow_factor,0.70732,0.54717,1.00000,1.00000,0.66667,0.49366,1,0,0.15220,0.25441,0.42622,0.23567,0.62000,0.34000,0.48000,0.40000
combined_hard_shift,5,14,minus_articulation_graph,0.89655,0.89655,0.89655,0.70000,0.08333,0.32882,0,0,0.10548,0.14277,0.73851,0.08061,0.62000,0.34000,0.48000,0.40000
combined_hard_shift,5,14,minus_occlusion_reasoning,0.87097,0.81818,0.93103,0.80000,0.16667,0.36087,1,0,0.10501,0.16640,0.69406,0.10118,0.62000,0.34000,0.48000,0.40000
combined_hard_shift,5,14,correlation_only_causal_head,0.83582,0.73684,0.96552,0.90000,0.27778,0.39732,0,0,0.13339,0.18675,0.63470,0.12954,0.62000,0.34000,0.48000,0.40000
combined_hard_shift,5,14,mask_only_no_effect_predictor,0.90625,0.82857,1.00000,1.00000,0.16667,0.81031,0,0,0.09356,0.17504,0.55381,0.09567,0.62000,0.34000,0.48000,0.40000
combined_hard_shift,5,15,full_causal_scene_flow_model,0.70270,0.54167,1.00000,1.00000,0.50000,0.65358,1,1,0.18495,0.26288,0.46867,0.13608,0.62000,0.34000,0.48000,0.40000
combined_hard_shift,5,15,minus_action_conditioning,0.70270,0.54167,1.00000,1.00000,0.50000,0.65358,1,0,0.16760,0.24109,0.45367,0.18900,0.62000,0.34000,0.48000,0.40000
combined_hard_shift,5,15,minus_passive_flow_factor,0.70270,0.54167,1.00000,1.00000,0.50000,0.65358,1,0,0.16877,0.25729,0.45367,0.18900,0.62000,0.34000,0.48000,0.40000
combined_hard_shift,5,15,minus_articulation_graph,0.70270,0.54167,1.00000,1.00000,0.50000,0.65358,0,0,0.17734,0.23716,0.45367,0.18900,0.62000,0.34000,0.48000,0.40000
combined_hard_shift,5,15,minus_occlusion_reasoning,0.70270,0.54167,1.00000,1.00000,0.50000,0.65358,1,1,0.18444,0.25655,0.45367,0.18900,0.62000,0.34000,0.48000,0.40000
combined_hard_shift,5,15,correlation_only_causal_head,0.70270,0.54167,1.00000,1.00000,0.50000,0.65358,0,0,0.15495,0.19602,0.45367,0.18900,0.62000,0.34000,0.48000,0.40000
combined_hard_shift,5,15,mask_only_no_effect_predictor,0.70270,0.54167,1.00000,1.00000,0.50000,1.07358,0,1,0.18495,0.26288,0.29903,0.18900,0.62000,0.34000,0.48000,0.40000
combined_hard_shift,5,16,full_causal_scene_flow_model,0.71429,0.55556,1.00000,1.00000,0.42105,1.12116,1,0,0.09408,0.16320,0.46424,0.12016,0.62000,0.34000,0.48000,0.40000
combined_hard_shift,5,16,minus_action_conditioning,0.64407,0.48718,0.95000,0.85714,0.52632,1.18513,1,1,0.17368,0.24098,0.37061,0.20037,0.62000,0.34000,0.48000,0.40000
combined_hard_shift,5,16,minus_passive_flow_factor,0.76923,0.62500,1.00000,1.00000,0.31579,1.03606,0,0,0.11821,0.25207,0.51718,0.13742,0.62000,0.34000,0.48000,0.40000
combined_hard_shift,5,16,minus_articulation_graph,0.78049,0.76190,0.80000,0.42857,0.13158,0.78918,1,0,0.10113,0.13476,0.59772,0.10184,0.62000,0.34000,0.48000,0.40000
combined_hard_shift,5,16,minus_occlusion_reasoning,0.65306,0.55172,0.80000,0.42857,0.34211,1.05739,0,0,0.10525,0.15435,0.42849,0.16079,0.62000,0.34000,0.48000,0.40000
combined_hard_shift,5,16,correlation_only_causal_head,0.94737,1.00000,0.90000,0.71429,0.00000,0.53033,1,0,0.11102,0.19177,0.77726,0.05700,0.62000,0.34000,0.48000,0.40000
combined_hard_shift,5,16,mask_only_no_effect_predictor,0.71429,0.55556,1.00000,1.00000,0.42105,1.54116,0,0,0.09408,0.16320,0.32924,0.16689,0.62000,0.34000,0.48000,0.40000
combined_hard_shift,5,17,full_causal_scene_flow_model,0.69091,0.52778,1.00000,1.00000,0.44737,0.77618,1,0,0.11579,0.21236,0.46289,0.12547,0.62000,0.34000,0.48000,0.40000
combined_hard_shift,5,17,minus_action_conditioning,0.69091,0.52778,1.00000,1.00000,0.44737,0.77618,0,1,0.14792,0.25525,0.44789,0.17426,0.62000,0.34000,0.48000,0.40000
combined_hard_shift,5,17,minus_passive_flow_factor,0.69091,0.52778,1.00000,1.00000,0.44737,0.77618,0,0,0.13607,0.26304,0.44789,0.17426,0.62000,0.34000,0.48000,0.40000
combined_hard_shift,5,17,minus_articulation_graph,0.69091,0.52778,1.00000,1.00000,0.44737,0.77618,1,0,0.11372,0.19427,0.44789,0.17426,0.62000,0.34000,0.48000,0.40000
combined_hard_shift,5,17,minus_occlusion_reasoning,0.69091,0.52778,1.00000,1.00000,0.44737,0.77618,0,0,0.11719,0.21134,0.44789,0.17426,0.62000,0.34000,0.48000,0.40000
combined_hard_shift,5,17,correlation_only_causal_head,0.70370,0.54286,1.00000,1.00000,0.42105,0.77041,1,0,0.11993,0.20920,0.46479,0.16689,0.62000,0.34000,0.48000,0.40000
combined_hard_shift,5,17,mask_only_no_effect_predictor,0.69091,0.52778,1.00000,1.00000,0.44737,1.19618,0,0,0.11579,0.21236,0.30551,0.17426,0.62000,0.34000,0.48000,0.40000
combined_hard_shift,5,18,full_causal_scene_flow_model,0.71642,0.55814,1.00000,1.00000,0.50000,0.41979,1,0,0.13580,0.22944,0.50165,0.13608,0.62000,0.34000,0.48000,0.40000
combined_hard_shift,5,18,minus_action_conditioning,0.70588,0.54545,1.00000,1.00000,0.52632,0.44465,1,0,0.15372,0.24296,0.46942,0.19637,0.62000,0.34000,0.48000,0.40000
combined_hard_shift,5,18,minus_passive_flow_factor,0.71642,0.55814,1.00000,1.00000,0.50000,0.41979,0,0,0.15534,0.26455,0.48665,0.18900,0.62000,0.34000,0.48000,0.40000
combined_hard_shift,5,18,minus_articulation_graph,0.69697,0.54762,0.95833,0.87500,0.50000,0.41050,1,0,0.13511,0.20237,0.47396,0.19233,0.62000,0.34000,0.48000,0.40000
combined_hard_shift,5,18,minus_occlusion_reasoning,0.69697,0.54762,0.95833,0.87500,0.50000,0.41050,1,0,0.13907,0.22412,0.47396,0.19233,0.62000,0.34000,0.48000,0.40000
combined_hard_shift,5,18,correlation_only_causal_head,0.69697,0.54762,0.95833,0.87500,0.50000,0.41050,0,0,0.14167,0.21360,0.47396,0.19233,0.62000,0.34000,0.48000,0.40000
combined_hard_shift,5,18,mask_only_no_effect_predictor,0.71642,0.55814,1.00000,1.00000,0.50000,0.83979,0,0,0.13580,0.22944,0.32465,0.18900,0.62000,0.34000,0.48000,0.40000
combined_hard_shift,5,19,full_causal_scene_flow_model,0.74667,0.59574,1.00000,1.00000,0.48718,0.42016,1,0,0.13950,0.24280,0.52638,0.13350,0.62000,0.34000,0.48000,0.40000
combined_hard_shift,5,19,minus_action_conditioning,0.64368,0.47458,1.00000,1.00000,0.79487,0.73599,1,0,0.16906,0.23653,0.32155,0.27156,0.62000,0.34000,0.48000,0.40000
combined_hard_shift,5,19,minus_passive_flow_factor,0.74667,0.59574,1.00000,1.00000,0.48718,0.42016,0,0,0.13557,0.23169,0.51138,0.18541,0.62000,0.34000,0.48000,0.40000
combined_hard_shift,5,19,minus_articulation_graph,0.75676,0.60870,1.00000,1.00000,0.46154,0.41577,1,0,0.13348,0.20713,0.52606,0.17823,0.62000,0.34000,0.48000,0.40000
combined_hard_shift,5,19,minus_occlusion_reasoning,0.74667,0.59574,1.00000,1.00000,0.48718,0.42016,0,1,0.14211,0.23144,0.51138,0.18541,0.62000,0.34000,0.48000,0.40000
combined_hard_shift,5,19,correlation_only_causal_head,0.77778,0.63636,1.00000,1.00000,0.41026,0.40716,1,0,0.13013,0.17981,0.55599,0.16387,0.62000,0.34000,0.48000,0.40000
combined_hard_shift,5,19,mask_only_no_effect_predictor,0.74667,0.59574,1.00000,1.00000,0.48718,0.84016,0,0,0.13950,0.24280,0.34938,0.18541,0.62000,0.34000,0.48000,0.40000
combined_hard_shift,5,20,full_causal_scene_flow_model,0.86154,0.75676,1.00000,1.00000,0.24324,0.71547,1,0,0.09667,0.15984,0.64556,0.08432,0.62000,0.34000,0.48000,0.40000
combined_hard_shift,5,20,minus_action_conditioning,0.63636,0.46667,1.00000,1.00000,0.86486,1.12822,1,0,0.18378,0.21120,0.27043,0.29116,0.62000,0.34000,0.48000,0.40000
combined_hard_shift,5,20,minus_passive_flow_factor,0.90323,0.82353,1.00000,1.00000,0.16216,0.64403,0,0,0.10618,0.20190,0.68958,0.09441,0.62000,0.34000,0.48000,0.40000
combined_hard_shift,5,20,minus_articulation_graph,0.93103,0.90000,0.96429,0.90000,0.08108,0.55169,1,0,0.10831,0.11482,0.74099,0.07456,0.62000,0.34000,0.48000,0.40000
combined_hard_shift,5,20,minus_occlusion_reasoning,0.87097,0.79412,0.96429,0.90000,0.18919,0.66888,1,0,0.10578,0.14842,0.65695,0.10483,0.62000,0.34000,0.48000,0.40000
combined_hard_shift,5,20,correlation_only_causal_head,1.00000,1.00000,1.00000,1.00000,0.00000,0.46272,0,0,0.11050,0.15012,0.82086,0.04900,0.62000,0.34000,0.48000,0.40000
combined_hard_shift,5,20,mask_only_no_effect_predictor,0.86154,0.75676,1.00000,1.00000,0.24324,1.13547,0,0,0.09667,0.15984,0.48210,0.11711,0.62000,0.34000,0.48000,0.40000
combined_hard_shift,5,21,full_causal_scene_flow_model,1.00000,1.00000,1.00000,1.00000,0.00000,0.39054,0,0,0.04301,0.14238,0.84308,0.03528,0.62000,0.34000,0.48000,0.40000
combined_hard_shift,5,21,minus_action_conditioning,0.94118,0.88889,1.00000,1.00000,0.06667,0.43367,1,0,0.10452,0.20301,0.76392,0.06767,0.62000,0.34000,0.48000,0.40000
combined_hard_shift,5,21,minus_passive_flow_factor,0.81356,0.68571,1.00000,1.00000,0.24444,0.55564,1,0,0.11259,0.23507,0.61262,0.11744,0.62000,0.34000,0.48000,0.40000
combined_hard_shift,5,21,minus_articulation_graph,1.00000,1.00000,1.00000,1.00000,0.00000,0.39054,1,0,0.05113,0.13186,0.82808,0.04900,0.62000,0.34000,0.48000,0.40000
combined_hard_shift,5,21,minus_occlusion_reasoning,1.00000,1.00000,1.00000,1.00000,0.00000,0.39054,1,0,0.05113,0.14367,0.82808,0.04900,0.62000,0.34000,0.48000,0.40000
combined_hard_shift,5,21,correlation_only_causal_head,0.97872,1.00000,0.95833,0.87500,0.00000,0.38764,1,0,0.08828,0.16401,0.81348,0.05233,0.62000,0.34000,0.48000,0.40000
combined_hard_shift,5,21,mask_only_no_effect_predictor,1.00000,1.00000,1.00000,1.00000,0.00000,0.81054,1,0,0.04301,0.14238,0.66608,0.04900,0.62000,0.34000,0.48000,0.40000
combined_hard_shift,5,22,full_causal_scene_flow_model,0.81633,0.71429,0.95238,0.85714,0.17778,0.96016,0,0,0.08982,0.13019,0.60777,0.07386,0.62000,0.34000,0.48000,0.40000
combined_hard_shift,5,22,minus_action_conditioning,0.67742,0.51220,1.00000,1.00000,0.44444,1.09868,1,0,0.16365,0.22391,0.41688,0.17344,0.62000,0.34000,0.48000,0.40000
combined_hard_shift,5,22,minus_passive_flow_factor,0.59155,0.42000,1.00000,1.00000,0.64444,0.98191,1,0,0.16966,0.30667,0.30258,0.22944,0.62000,0.34000,0.48000,0.40000
combined_hard_shift,5,22,minus_articulation_graph,0.85000,0.89474,0.80952,0.42857,0.04444,0.77294,1,0,0.10573,0.10216,0.67240,0.07668,0.62000,0.34000,0.48000,0.40000
combined_hard_shift,5,22,minus_occlusion_reasoning,0.79070,0.77273,0.80952,0.42857,0.11111,0.86679,1,0,0.10026,0.12498,0.60283,0.09535,0.62000,0.34000,0.48000,0.40000
combined_hard_shift,5,22,correlation_only_causal_head,0.73077,0.61290,0.90476,0.71429,0.26667,1.00152,1,0,0.14460,0.23170,0.50401,0.13129,0.62000,0.34000,0.48000,0.40000
combined_hard_shift,5,22,mask_only_no_effect_predictor,0.81633,0.71429,0.95238,0.85714,0.17778,1.38016,1,1,0.08982,0.13019,0.46879,0.10259,0.62000,0.34000,0.48000,0.40000
combined_hard_shift,5,23,full_causal_scene_flow_model,0.90000,0.81818,1.00000,1.00000,0.14286,0.47178,1,0,0.07199,0.15406,0.72496,0.06408,0.62000,0.34000,0.48000,0.40000
combined_hard_shift,5,23,minus_action_conditioning,0.90000,0.81818,1.00000,1.00000,0.14286,0.47006,1,0,0.12521,0.18801,0.71013,0.08900,0.62000,0.34000,0.48000,0.40000
combined_hard_shift,5,23,minus_passive_flow_factor,0.71053,0.55102,1.00000,1.00000,0.52381,0.54678,1,0,0.14123,0.24573,0.46316,0.19567,0.62000,0.34000,0.48000,0.40000
combined_hard_shift,5,23,minus_articulation_graph,0.94737,0.90000,1.00000,1.00000,0.07143,0.45447,1,0,0.08406,0.12373,0.76485,0.06900,0.62000,0.34000,0.48000,0.40000
combined_hard_shift,5,23,minus_occlusion_reasoning,0.90000,0.81818,1.00000,1.00000,0.14286,0.47178,1,0,0.08184,0.14884,0.70996,0.08900,0.62000,0.34000,0.48000,0.40000
combined_hard_shift,5,23,correlation_only_causal_head,0.79412,0.65854,1.00000,1.00000,0.33333,0.49111,1,0,0.11800,0.17283,0.58057,0.14233,0.62000,0.34000,0.48000,0.40000
combined_hard_shift,5,23,mask_only_no_effect_predictor,0.90000,0.81818,1.00000,1.00000,0.14286,0.89178,1,0,0.07199,0.15406,0.54796,0.08900,0.62000,0.34000,0.48000,0.40000
combined_hard_shift,5,24,full_causal_scene_flow_model,0.80000,0.70588,0.92308,0.77778,0.32258,1.08344,0,0,0.08926,0.07692,0.55181,0.10474,0.62000,0.34000,0.48000,0.40000
combined_hard_shift,5,24,minus_action_conditioning,0.79365,0.67568,0.96154,0.88889,0.38710,1.13781,1,0,0.15249,0.15881,0.51430,0.16046,0.62000,0.34000,0.48000,0.40000
combined_hard_shift,5,24,minus_passive_flow_factor,0.72222,0.56522,1.00000,1.00000,0.64516,0.86119,0,0,0.14289,0.25991,0.40593,0.22965,0.62000,0.34000,0.48000,0.40000
combined_hard_shift,5,24,minus_articulation_graph,0.75000,0.81818,0.69231,0.22222,0.12903,0.78013,0,0,0.11385,0.04530,0.57799,0.10974,0.62000,0.34000,0.48000,0.40000
combined_hard_shift,5,24,minus_occlusion_reasoning,0.76364,0.72414,0.80769,0.44444,0.25806,0.99354,1,0,0.09783,0.07583,0.53007,0.13664,0.62000,0.34000,0.48000,0.40000
combined_hard_shift,5,24,correlation_only_causal_head,0.91228,0.83871,1.00000,1.00000,0.16129,0.69757,1,0,0.12521,0.18552,0.69081,0.09416,0.62000,0.34000,0.48000,0.40000
combined_hard_shift,5,24,mask_only_no_effect_predictor,0.80000,0.70588,0.92308,0.77778,0.32258,1.50344,0,1,0.08926,0.07692,0.41681,0.14548,0.62000,0.34000,0.48000,0.40000
combined_hard_shift,5,25,full_causal_scene_flow_model,0.58065,0.40909,1.00000,1.00000,0.60465,0.66262,0,1,0.13156,0.26895,0.35302,0.15718,0.62000,0.34000,0.48000,0.40000
combined_hard_shift,5,25,minus_action_conditioning,0.64286,0.47368,1.00000,1.00000,0.46512,1.01364,0,0,0.17290,0.29079,0.38690,0.17923,0.62000,0.34000,0.48000,0.40000
combined_hard_shift,5,25,minus_passive_flow_factor,0.52174,0.35294,1.00000,1.00000,0.76744,0.42799,0,0,0.16956,0.31717,0.27467,0.26388,0.62000,0.34000,0.48000,0.40000
combined_hard_shift,5,25,minus_articulation_graph,0.72000,0.56250,1.00000,1.00000,0.32558,0.42499,0,1,0.12740,0.24552,0.53747,0.14016,0.62000,0.34000,0.48000,0.40000
combined_hard_shift,5,25,minus_occlusion_reasoning,0.61017,0.43902,1.00000,1.00000,0.53488,0.60146,0,0,0.13410,0.26772,0.38434,0.19877,0.62000,0.34000,0.48000,0.40000
combined_hard_shift,5,25,correlation_only_causal_head,0.70588,0.54545,1.00000,1.00000,0.34884,0.21355,0,0,0.14530,0.26697,0.54222,0.14667,0.62000,0.34000,0.48000,0.40000
combined_hard_shift,5,25,mask_only_no_effect_predictor,0.58065,0.40909,1.00000,1.00000,0.60465,1.08262,0,0,0.13156,0.26895,0.18428,0.21830,0.62000,0.34000,0.48000,0.40000
combined_hard_shift,5,26,full_causal_scene_flow_model,0.88000,0.78571,1.00000,1.00000,0.14286,0.63800,0,0,0.10382,0.14224,0.69433,0.06408,0.62000,0.34000,0.48000,0.40000
combined_hard_shift,5,26,minus_action_conditioning,0.63636,0.47727,0.95455,0.85714,0.54762,0.90114,1,0,0.18303,0.22131,0.36914,0.20597,0.62000,0.34000,0.48000,0.40000
combined_hard_shift,5,26,minus_passive_flow_factor,0.69841,0.53659,1.00000,1.00000,0.45238,0.75215,0,0,0.14963,0.27329,0.45414,0.17567,0.62000,0.34000,0.48000,0.40000
combined_hard_shift,5,26,minus_articulation_graph,0.72222,0.92857,0.59091,0.57143,0.02381,0.55425,1,0,0.12191,0.10826,0.61060,0.08839,0.62000,0.34000,0.48000,0.40000
combined_hard_shift,5,26,minus_occlusion_reasoning,0.84444,0.82609,0.86364,0.57143,0.09524,0.55087,0,0,0.11572,0.13584,0.67649,0.08658,0.62000,0.34000,0.48000,0.40000
combined_hard_shift,5,26,correlation_only_causal_head,0.72131,0.56410,1.00000,1.00000,0.40476,0.73151,1,1,0.13837,0.20676,0.48557,0.16233,0.62000,0.34000,0.48000,0.40000
combined_hard_shift,5,26,mask_only_no_effect_predictor,0.88000,0.78571,1.00000,1.00000,0.14286,1.05800,0,0,0.10382,0.14224,0.52313,0.08900,0.62000,0.34000,0.48000,0.40000
combined_hard_shift,5,27,full_causal_scene_flow_model,0.65455,0.51429,0.90000,1.00000,0.39535,1.28992,0,0,0.10204,0.13060,0.42962,0.12074,0.62000,0.34000,0.48000,0.40000
combined_hard_shift,5,27,minus_action_conditioning,0.64407,0.48718,0.95000,1.00000,0.46512,1.29991,1,0,0.16369,0.21815,0.38775,0.18323,0.62000,0.34000,0.48000,0.40000
combined_hard_shift,5,27,minus_passive_flow_factor,0.50000,0.33333,1.00000,1.00000,0.93023,0.94426,0,0,0.18986,0.32955,0.16224,0.30947,0.62000,0.34000,0.48000,0.40000
combined_hard_shift,5,27,minus_articulation_graph,0.60000,0.60000,0.60000,0.71429,0.18605,1.26359,1,0,0.11323,0.10267,0.43504,0.13309,0.62000,0.34000,0.48000,0.40000
combined_hard_shift,5,27,minus_occlusion_reasoning,0.65385,0.53125,0.85000,0.85714,0.34884,1.27207,1,0,0.10813,0.12713,0.42715,0.15867,0.62000,0.34000,0.48000,0.40000
combined_hard_shift,5,27,correlation_only_causal_head,0.66667,0.50000,1.00000,1.00000,0.46512,1.24276,0,0,0.15829,0.25004,0.40357,0.17923,0.62000,0.34000,0.48000,0.40000
combined_hard_shift,5,27,mask_only_no_effect_predictor,0.65455,0.51429,0.90000,1.00000,0.39535,1.70992,0,0,0.10204,0.13060,0.29462,0.16770,0.62000,0.34000,0.48000,0.40000
combined_hard_shift,5,28,full_causal_scene_flow_model,0.74576,0.59459,1.00000,1.00000,0.35897,0.32188,0,0,0.14597,0.26678,0.57147,0.10765,0.62000,0.34000,0.48000,0.40000
combined_hard_shift,5,28,minus_action_conditioning,0.75862,0.61111,1.00000,1.00000,0.35897,0.31582,0,0,0.14698,0.25841,0.56607,0.14951,0.62000,0.34000,0.48000,0.40000
combined_hard_shift,5,28,minus_passive_flow_factor,0.75862,0.61111,1.00000,1.00000,0.35897,0.31582,1,0,0.12973,0.25197,0.56607,0.14951,0.62000,0.34000,0.48000,0.40000
combined_hard_shift,5,28,minus_articulation_graph,0.74576,0.59459,1.00000,1.00000,0.35897,0.32188,0,0,0.14075,0.25325,0.55647,0.14951,0.62000,0.34000,0.48000,0.40000
combined_hard_shift,5,28,minus_occlusion_reasoning,0.74576,0.59459,1.00000,1.00000,0.35897,0.32188,1,0,0.14650,0.26873,0.55647,0.14951,0.62000,0.34000,0.48000,0.40000
combined_hard_shift,5,28,correlation_only_causal_head,0.75862,0.61111,1.00000,1.00000,0.35897,0.31582,0,0,0.11459,0.20531,0.56607,0.14951,0.62000,0.34000,0.48000,0.40000
combined_hard_shift,5,28,mask_only_no_effect_predictor,0.74576,0.59459,1.00000,1.00000,0.35897,0.74188,1,0,0.14597,0.26678,0.39447,0.14951,0.62000,0.34000,0.48000,0.40000
combined_hard_shift,5,29,full_causal_scene_flow_model,0.69231,0.52941,1.00000,1.00000,0.53333,0.41694,0,0,0.17504,0.27077,0.47572,0.14280,0.62000,0.34000,0.48000,0.40000
combined_hard_shift,5,29,minus_action_conditioning,0.69231,0.52941,1.00000,1.00000,0.53333,0.41694,0,1,0.17980,0.25808,0.46072,0.19833,0.62000,0.34000,0.48000,0.40000
combined_hard_shift,5,29,minus_passive_flow_factor,0.69231,0.52941,1.00000,1.00000,0.53333,0.41694,1,0,0.15468,0.25532,0.46072,0.19833,0.62000,0.34000,0.48000,0.40000
combined_hard_shift,5,29,minus_articulation_graph,0.69231,0.52941,1.00000,1.00000,0.53333,0.41694,0,0,0.16363,0.23893,0.46072,0.19833,0.62000,0.34000,0.48000,0.40000
combined_hard_shift,5,29,minus_occlusion_reasoning,0.69231,0.52941,1.00000,1.00000,0.53333,0.41694,1,0,0.17469,0.25999,0.46072,0.19833,0.62000,0.34000,0.48000,0.40000
combined_hard_shift,5,29,correlation_only_causal_head,0.68421,0.53061,0.96296,0.88889,0.51111,0.41056,0,0,0.14360,0.19753,0.46192,0.19507,0.62000,0.34000,0.48000,0.40000
combined_hard_shift,5,29,mask_only_no_effect_predictor,0.69231,0.52941,1.00000,1.00000,0.53333,0.83694,0,0,0.17504,0.27077,0.29872,0.19833,0.62000,0.34000,0.48000,0.40000
combined_hard_shift,5,30,full_causal_scene_flow_model,0.60000,0.52941,0.69231,0.44444,0.42105,1.34070,0,0,0.12901,0.11951,0.38424,0.13789,0.62000,0.34000,0.48000,0.40000
combined_hard_shift,5,30,minus_action_conditioning,0.70588,0.57143,0.92308,0.77778,0.47368,1.31674,1,0,0.18159,0.18647,0.42862,0.18779,0.62000,0.34000,0.48000,0.40000
combined_hard_shift,5,30,minus_passive_flow_factor,0.65000,0.48148,1.00000,1.00000,0.73684,0.90792,0,0,0.16858,0.27989,0.32503,0.25532,0.62000,0.34000,0.48000,0.40000
combined_hard_shift,5,30,minus_articulation_graph,0.71111,0.84211,0.61538,0.33333,0.07895,0.84929,1,0,0.14855,0.08555,0.55788,0.10187,0.62000,0.34000,0.48000,0.40000
combined_hard_shift,5,30,minus_occlusion_reasoning,0.62963,0.60714,0.65385,0.33333,0.28947,1.13113,0,1,0.13467,0.11800,0.42682,0.15774,0.62000,0.34000,0.48000,0.40000
combined_hard_shift,5,30,correlation_only_causal_head,0.73239,0.57778,1.00000,1.00000,0.50000,0.69946,1,1,0.15355,0.20843,0.46986,0.18900,0.62000,0.34000,0.48000,0.40000
combined_hard_shift,5,30,mask_only_no_effect_predictor,0.60000,0.52941,0.69231,0.44444,0.42105,1.76070,1,0,0.12901,0.11951,0.24924,0.19151,0.62000,0.34000,0.48000,0.40000
combined_hard_shift,5,31,full_causal_scene_flow_model,0.88462,0.82143,0.95833,0.87500,0.11111,0.46657,1,0,0.10702,0.20003,0.72360,0.06008,0.62000,0.34000,0.48000,0.40000
combined_hard_shift,5,31,minus_action_conditioning,0.66667,0.51111,0.95833,0.87500,0.48889,0.66047,1,0,0.16381,0.22877,0.43087,0.18922,0.62000,0.34000,0.48000,0.40000
combined_hard_shift,5,31,minus_passive_flow_factor,0.72727,0.57143,1.00000,1.00000,0.40000,0.55768,0,0,0.14527,0.26374,0.50846,0.16100,0.62000,0.34000,0.48000,0.40000
combined_hard_shift,5,31,minus_articulation_graph,0.93878,0.92000,0.95833,0.87500,0.04444,0.34237,1,0,0.11507,0.16686,0.77760,0.06478,0.62000,0.34000,0.48000,0.40000
combined_hard_shift,5,31,minus_occlusion_reasoning,0.88462,0.82143,0.95833,0.87500,0.11111,0.46657,1,0,0.11436,0.19372,0.70860,0.08344,0.62000,0.34000,0.48000,0.40000
combined_hard_shift,5,31,correlation_only_causal_head,0.93878,0.92000,0.95833,0.87500,0.04444,0.34237,1,0,0.13366,0.20488,0.77760,0.06478,0.62000,0.34000,0.48000,0.40000
combined_hard_shift,5,31,mask_only_no_effect_predictor,0.88462,0.82143,0.95833,0.87500,0.11111,0.88657,1,0,0.10702,0.20003,0.54660,0.08344,0.62000,0.34000,0.48000,0.40000
combined_hard_shift,5,32,full_causal_scene_flow_model,0.71053,0.55102,1.00000,1.00000,0.51163,0.59362,1,1,0.14904,0.21460,0.47689,0.13842,0.62000,0.34000,0.48000,0.40000
combined_hard_shift,5,32,minus_action_conditioning,0.72000,0.56250,1.00000,1.00000,0.48837,0.59247,1,0,0.16628,0.22467,0.47514,0.18574,0.62000,0.34000,0.48000,0.40000
combined_hard_shift,5,32,minus_passive_flow_factor,0.70130,0.54000,1.00000,1.00000,0.53488,0.59126,0,0,0.16583,0.25888,0.44915,0.19877,0.62000,0.34000,0.48000,0.40000
combined_hard_shift,5,32,minus_articulation_graph,0.71053,0.55102,1.00000,1.00000,0.51163,0.59362,1,0,0.14691,0.17657,0.46189,0.19226,0.62000,0.34000,0.48000,0.40000
combined_hard_shift,5,32,minus_occlusion_reasoning,0.69333,0.54167,0.96296,0.88889,0.51163,0.58659,1,0,0.15236,0.20388,0.45055,0.19522,0.62000,0.34000,0.48000,0.40000
combined_hard_shift,5,32,correlation_only_causal_head,0.70130,0.54000,1.00000,1.00000,0.53488,0.59126,1,0,0.15320,0.19768,0.44915,0.19877,0.62000,0.34000,0.48000,0.40000
combined_hard_shift,5,32,mask_only_no_effect_predictor,0.71053,0.55102,1.00000,1.00000,0.51163,1.01362,0,0,0.14904,0.21460,0.30125,0.19226,0.62000,0.34000,0.48000,0.40000
combined_hard_shift,5,33,full_causal_scene_flow_model,0.66667,0.50000,1.00000,1.00000,0.34615,0.46373,0,0,0.14609,0.26469,0.50551,0.10506,0.62000,0.34000,0.48000,0.40000
combined_hard_shift,5,33,minus_action_conditioning,0.63158,0.46154,1.00000,1.00000,0.40385,0.63324,1,0,0.16513,0.27247,0.43284,0.16208,0.62000,0.34000,0.48000,0.40000
combined_hard_shift,5,33,minus_passive_flow_factor,0.41379,0.26087,1.00000,1.00000,0.98077,0.53714,0,0,0.23789,0.38575,0.12846,0.32362,0.62000,0.34000,0.48000,0.40000
combined_hard_shift,5,33,minus_articulation_graph,0.64000,0.50000,0.88889,0.66667,0.30769,0.42063,0,0,0.14862,0.23639,0.48692,0.14404,0.62000,0.34000,0.48000,0.40000
combined_hard_shift,5,33,minus_occlusion_reasoning,0.64151,0.48571,0.94444,0.83333,0.34615,0.44149,0,0,0.15207,0.26205,0.47512,0.15037,0.62000,0.34000,0.48000,0.40000
combined_hard_shift,5,33,correlation_only_causal_head,0.46154,0.30000,1.00000,1.00000,0.80769,0.50670,1,1,0.20027,0.32182,0.21339,0.27515,0.62000,0.34000,0.48000,0.40000
combined_hard_shift,5,33,mask_only_no_effect_predictor,0.66667,0.50000,1.00000,1.00000,0.34615,0.88373,1,0,0.14609,0.26469,0.32851,0.14592,0.62000,0.34000,0.48000,0.40000
combined_hard_shift,5,34,full_causal_scene_flow_model,1.00000,1.00000,1.00000,1.00000,0.00000,0.40412,1,0,0.05186,0.12047,0.84172,0.03528,0.62000,0.34000,0.48000,0.40000
combined_hard_shift,5,34,minus_action_conditioning,0.90000,0.81818,1.00000,1.00000,0.15789,0.68595,1,0,0.12078,0.17423,0.68433,0.09321,0.62000,0.34000,0.48000,0.40000
combined_hard_shift,5,34,minus_passive_flow_factor,0.85714,0.75000,1.00000,1.00000,0.23684,0.53728,1,0,0.11428,0.20280,0.64709,0.11532,0.62000,0.34000,0.48000,0.40000
combined_hard_shift,5,34,minus_articulation_graph,1.00000,1.00000,1.00000,1.00000,0.00000,0.40412,1,0,0.06689,0.09666,0.82672,0.04900,0.62000,0.34000,0.48000,0.40000
combined_hard_shift,5,34,minus_occlusion_reasoning,1.00000,1.00000,1.00000,1.00000,0.00000,0.40412,1,0,0.05975,0.12167,0.82672,0.04900,0.62000,0.34000,0.48000,0.40000
combined_hard_shift,5,34,correlation_only_causal_head,1.00000,1.00000,1.00000,1.00000,0.00000,0.40412,1,0,0.09873,0.13577,0.82672,0.04900,0.62000,0.34000,0.48000,0.40000
combined_hard_shift,5,34,mask_only_no_effect_predictor,1.00000,1.00000,1.00000,1.00000,0.00000,0.82412,0,0,0.05186,0.12047,0.66472,0.04900,0.62000,0.34000,0.48000,0.40000
combined_hard_shift,5,35,full_causal_scene_flow_model,0.75472,0.60606,1.00000,1.00000,0.36111,0.51855,0,0,0.10975,0.24592,0.55747,0.10808,0.62000,0.34000,0.48000,0.40000
combined_hard_shift,5,35,minus_action_conditioning,0.66667,0.50000,1.00000,1.00000,0.55556,0.52068,0,0,0.15358,0.27128,0.42618,0.20456,0.62000,0.34000,0.48000,0.40000
combined_hard_shift,5,35,minus_passive_flow_factor,0.83333,0.71429,1.00000,1.00000,0.22222,0.43295,0,0,0.11185,0.24594,0.64495,0.11122,0.62000,0.34000,0.48000,0.40000
combined_hard_shift,5,35,minus_articulation_graph,0.78431,0.64516,1.00000,1.00000,0.30556,0.48085,0,0,0.10533,0.22382,0.58251,0.13456,0.62000,0.34000,0.48000,0.40000
combined_hard_shift,5,35,minus_occlusion_reasoning,0.75472,0.60606,1.00000,1.00000,0.36111,0.51855,0,0,0.11236,0.24375,0.54247,0.15011,0.62000,0.34000,0.48000,0.40000
combined_hard_shift,5,35,correlation_only_causal_head,0.95238,0.90909,1.00000,1.00000,0.05556,0.30519,0,0,0.10385,0.20764,0.78773,0.06456,0.62000,0.34000,0.48000,0.40000
combined_hard_shift,5,35,mask_only_no_effect_predictor,0.75472,0.60606,1.00000,1.00000,0.36111,0.93855,1,0,0.10975,0.24592,0.38047,0.15011,0.62000,0.34000,0.48000,0.40000
combined_hard_shift,5,36,full_causal_scene_flow_model,0.86207,0.75758,1.00000,1.00000,0.17021,0.98085,0,0,0.09877,0.16894,0.63984,0.06959,0.62000,0.34000,0.48000,0.40000
combined_hard_shift,5,36,minus_action_conditioning,0.72464,0.56818,1.00000,1.00000,0.40426,1.19597,1,0,0.15604,0.20957,0.46119,0.16219,0.62000,0.34000,0.48000,0.40000
combined_hard_shift,5,36,minus_passive_flow_factor,0.56818,0.39683,1.00000,1.00000,0.80851,0.68058,0,0,0.19343,0.31485,0.27042,0.27538,0.62000,0.34000,0.48000,0.40000
combined_hard_shift,5,36,minus_articulation_graph,0.94118,0.92308,0.96000,0.87500,0.04255,0.78642,1,0,0.11411,0.13402,0.73540,0.06411,0.62000,0.34000,0.48000,0.40000
combined_hard_shift,5,36,minus_occlusion_reasoning,0.87273,0.80000,0.96000,0.87500,0.12766,0.91525,0,0,0.11042,0.16093,0.65077,0.08794,0.62000,0.34000,0.48000,0.40000
combined_hard_shift,5,36,correlation_only_causal_head,0.70423,0.54348,1.00000,1.00000,0.44681,0.42181,1,0,0.16328,0.23781,0.49280,0.17411,0.62000,0.34000,0.48000,0.40000
combined_hard_shift,5,36,mask_only_no_effect_predictor,0.86207,0.75758,1.00000,1.00000,0.17021,1.40085,0,0,0.09877,0.16894,0.50292,0.09666,0.62000,0.34000,0.48000,0.40000
combined_hard_shift,5,37,full_causal_scene_flow_model,0.59016,0.41860,1.00000,1.00000,0.47170,0.82774,0,0,0.12589,0.26003,0.38040,0.13037,0.62000,0.34000,0.48000,0.40000
combined_hard_shift,5,37,minus_action_conditioning,0.57143,0.40000,1.00000,1.00000,0.50943,0.82293,0,0,0.20668,0.33169,0.34220,0.19164,0.62000,0.34000,0.48000,0.40000
combined_hard_shift,5,37,minus_passive_flow_factor,0.66667,0.50000,1.00000,1.00000,0.33962,0.73551,1,0,0.13401,0.28250,0.46516,0.14409,0.62000,0.34000,0.48000,0.40000
combined_hard_shift,5,37,minus_articulation_graph,0.66667,0.50000,1.00000,1.00000,0.33962,0.73551,0,0,0.11706,0.23064,0.46516,0.14409,0.62000,0.34000,0.48000,0.40000
combined_hard_shift,5,37,minus_occlusion_reasoning,0.58621,0.42500,0.94444,0.83333,0.43396,0.80114,0,0,0.12729,0.25423,0.37586,0.17495,0.62000,0.34000,0.48000,0.40000
combined_hard_shift,5,37,correlation_only_causal_head,0.80000,0.66667,1.00000,1.00000,0.16981,0.56875,1,0,0.12085,0.23740,0.62271,0.09655,0.62000,0.34000,0.48000,0.40000
combined_hard_shift,5,37,mask_only_no_effect_predictor,0.59016,0.41860,1.00000,1.00000,0.47170,1.24774,0,1,0.12589,0.26003,0.22817,0.18108,0.62000,0.34000,0.48000,0.40000
combined_hard_shift,5,38,full_causal_scene_flow_model,0.67606,0.51064,1.00000,1.00000,0.47917,0.49513,0,0,0.14797,0.24638,0.47169,0.13188,0.62000,0.34000,0.48000,0.40000
combined_hard_shift,5,38,minus_action_conditioning,0.76190,0.61538,1.00000,1.00000,0.31250,0.44482,0,0,0.16477,0.22861,0.56849,0.13650,0.62000,0.34000,0.48000,0.40000
combined_hard_shift,5,38,minus_passive_flow_factor,0.51613,0.34783,1.00000,1.00000,0.93750,0.50319,0,0,0.21762,0.33738,0.21561,0.31150,0.62000,0.34000,0.48000,0.40000
combined_hard_shift,5,38,minus_articulation_graph,0.75410,0.62162,0.95833,0.87500,0.29167,0.43235,1,0,0.15178,0.20696,0.57010,0.13400,0.62000,0.34000,0.48000,0.40000
combined_hard_shift,5,38,minus_occlusion_reasoning,0.65753,0.48980,1.00000,1.00000,0.52083,0.51067,1,0,0.15613,0.23719,0.43051,0.19483,0.62000,0.34000,0.48000,0.40000
combined_hard_shift,5,38,correlation_only_causal_head,0.57831,0.40678,1.00000,1.00000,0.72917,0.46038,0,0,0.18841,0.26852,0.32175,0.25317,0.62000,0.34000,0.48000,0.40000
combined_hard_shift,5,38,mask_only_no_effect_predictor,0.67606,0.51064,1.00000,1.00000,0.47917,0.91513,1,0,0.14797,0.24638,0.29469,0.18317,0.62000,0.34000,0.48000,0.40000
combined_hard_shift,5,39,full_causal_scene_flow_model,0.67925,0.51429,1.00000,1.00000,0.45946,0.53008,1,0,0.12634,0.25642,0.47595,0.12791,0.62000,0.34000,0.48000,0.40000
combined_hard_shift,5,39,minus_action_conditioning,0.67925,0.51429,1.00000,1.00000,0.45946,0.53008,0,0,0.15431,0.28017,0.46095,0.17765,0.62000,0.34000,0.48000,0.40000
combined_hard_shift,5,39,minus_passive_flow_factor,0.70588,0.54545,1.00000,1.00000,0.40541,0.50543,0,0,0.12122,0.26011,0.49720,0.16251,0.62000,0.34000,0.48000,0.40000
combined_hard_shift,5,39,minus_articulation_graph,0.67925,0.51429,1.00000,1.00000,0.45946,0.53008,0,0,0.11951,0.23997,0.46095,0.17765,0.62000,0.34000,0.48000,0.40000
combined_hard_shift,5,39,minus_occlusion_reasoning,0.67925,0.51429,1.00000,1.00000,0.45946,0.53008,1,0,0.12720,0.25512,0.46095,0.17765,0.62000,0.34000,0.48000,0.40000
combined_hard_shift,5,39,correlation_only_causal_head,0.76596,0.62069,1.00000,1.00000,0.29730,0.46045,1,0,0.10845,0.21556,0.57402,0.13224,0.62000,0.34000,0.48000,0.40000
combined_hard_shift,5,39,mask_only_no_effect_predictor,0.67925,0.51429,1.00000,1.00000,0.45946,0.95008,1,0,0.12634,0.25642,0.29895,0.17765,0.62000,0.34000,0.48000,0.40000
combined_hard_shift,5,40,full_causal_scene_flow_model,0.83333,0.71429,1.00000,1.00000,0.23810,0.86890,1,0,0.09949,0.11346,0.61191,0.08328,0.62000,0.34000,0.48000,0.40000
combined_hard_shift,5,40,minus_action_conditioning,0.69565,0.54545,0.96000,0.87500,0.47619,0.95394,1,0,0.17527,0.19923,0.42536,0.18553,0.62000,0.34000,0.48000,0.40000
combined_hard_shift,5,40,minus_passive_flow_factor,0.71429,0.55556,1.00000,1.00000,0.47619,0.95152,0,0,0.14221,0.25057,0.43865,0.18233,0.62000,0.34000,0.48000,0.40000
combined_hard_shift,5,40,minus_articulation_graph,0.76596,0.81818,0.72000,0.37500,0.09524,0.70301,1,0,0.12049,0.07802,0.60634,0.09807,0.62000,0.34000,0.48000,0.40000
combined_hard_shift,5,40,minus_occlusion_reasoning,0.81481,0.75862,0.88000,0.62500,0.16667,0.78798,1,1,0.10922,0.10787,0.61204,0.10527,0.62000,0.34000,0.48000,0.40000
combined_hard_shift,5,40,correlation_only_causal_head,0.72727,0.58537,0.96000,0.87500,0.40476,0.90567,0,0,0.13144,0.17950,0.47233,0.16553,0.62000,0.34000,0.48000,0.40000
combined_hard_shift,5,40,mask_only_no_effect_predictor,0.83333,0.71429,1.00000,1.00000,0.23810,1.28890,1,1,0.09949,0.11346,0.46380,0.11567,0.62000,0.34000,0.48000,0.40000
combined_hard_shift,5,41,full_causal_scene_flow_model,0.54286,0.37255,1.00000,1.00000,0.84211,0.46559,0,0,0.19354,0.30603,0.27979,0.20505,0.62000,0.34000,0.48000,0.40000
combined_hard_shift,5,41,minus_action_conditioning,0.63333,0.46341,1.00000,1.00000,0.57895,0.61756,0,0,0.16705,0.27304,0.38661,0.21111,0.62000,0.34000,0.48000,0.40000
combined_hard_shift,5,41,minus_passive_flow_factor,0.50000,0.33333,1.00000,1.00000,1.00000,0.41217,1,0,0.20560,0.33897,0.19592,0.32900,0.62000,0.34000,0.48000,0.40000
combined_hard_shift,5,41,minus_articulation_graph,0.54286,0.37255,1.00000,1.00000,0.84211,0.46559,0,0,0.18232,0.27858,0.26479,0.28479,0.62000,0.34000,0.48000,0.40000
combined_hard_shift,5,41,minus_occlusion_reasoning,0.54286,0.37255,1.00000,1.00000,0.84211,0.46559,0,0,0.19277,0.29960,0.26479,0.28479,0.62000,0.34000,0.48000,0.40000
combined_hard_shift,5,41,correlation_only_causal_head,0.52778,0.35849,1.00000,1.00000,0.89474,0.44745,1,1,0.18349,0.28803,0.24131,0.29953,0.62000,0.34000,0.48000,0.40000
combined_hard_shift,5,41,mask_only_no_effect_predictor,0.54286,0.37255,1.00000,1.00000,0.84211,0.88559,0,0,0.19354,0.30603,0.10279,0.28479,0.62000,0.34000,0.48000,0.40000
combined_hard_shift,6,0,full_causal_scene_flow_model,0.76056,0.61364,1.00000,1.00000,0.41463,0.65973,0,0,0.09385,0.19859,0.53246,0.11887,0.62000,0.34000,0.48000,0.40000
combined_hard_shift,6,0,minus_action_conditioning,0.67500,0.50943,1.00000,1.00000,0.63415,0.79195,0,0,0.17295,0.25016,0.38288,0.22656,0.62000,0.34000,0.48000,0.40000
combined_hard_shift,6,0,minus_passive_flow_factor,0.81818,0.69231,1.00000,1.00000,0.29268,0.57862,1,0,0.11245,0.21486,0.60005,0.13095,0.62000,0.34000,0.48000,0.40000
combined_hard_shift,6,0,minus_articulation_graph,0.83077,0.71053,1.00000,1.00000,0.26829,0.56194,1,0,0.09171,0.16789,0.61736,0.12412,0.62000,0.34000,0.48000,0.40000
combined_hard_shift,6,0,minus_occlusion_reasoning,0.79412,0.65854,1.00000,1.00000,0.34146,0.61305,1,0,0.09558,0.19536,0.56610,0.14461,0.62000,0.34000,0.48000,0.40000
combined_hard_shift,6,0,correlation_only_causal_head,0.94737,0.90000,1.00000,1.00000,0.07317,0.37964,1,0,0.10438,0.16945,0.77184,0.06949,0.62000,0.34000,0.48000,0.40000
combined_hard_shift,6,0,mask_only_no_effect_predictor,0.76056,0.61364,1.00000,1.00000,0.41463,1.07973,1,0,0.09385,0.19859,0.36343,0.16510,0.62000,0.34000,0.48000,0.40000
combined_hard_shift,6,1,full_causal_scene_flow_model,0.95455,0.95455,0.95455,0.85714,0.02857,0.52614,1,0,0.06924,0.14055,0.78970,0.04366,0.62000,0.34000,0.48000,0.40000
combined_hard_shift,6,1,minus_action_conditioning,0.95652,0.91667,1.00000,1.00000,0.05714,0.53512,1,0,0.13015,0.20431,0.76719,0.06500,0.62000,0.34000,0.48000,0.40000
combined_hard_shift,6,1,minus_passive_flow_factor,0.74576,0.59459,1.00000,1.00000,0.42857,0.56805,0,0,0.13853,0.26140,0.51236,0.16900,0.62000,0.34000,0.48000,0.40000
combined_hard_shift,6,1,minus_articulation_graph,0.93023,0.95238,0.90909,0.71429,0.02857,0.50054,1,0,0.08641,0.11670,0.76024,0.06427,0.62000,0.34000,0.48000,0.40000
combined_hard_shift,6,1,minus_occlusion_reasoning,0.93023,0.95238,0.90909,0.71429,0.02857,0.50054,1,0,0.08055,0.13703,0.76024,0.06427,0.62000,0.34000,0.48000,0.40000
combined_hard_shift,6,1,correlation_only_causal_head,0.73684,0.60000,0.95455,0.85714,0.40000,0.54012,1,0,0.12129,0.19940,0.51691,0.16464,0.62000,0.34000,0.48000,0.40000
combined_hard_shift,6,1,mask_only_no_effect_predictor,0.95455,0.95455,0.95455,0.85714,0.02857,0.94614,1,0,0.06924,0.14055,0.61270,0.06064,0.62000,0.34000,0.48000,0.40000
combined_hard_shift,6,2,full_causal_scene_flow_model,0.84444,0.73077,1.00000,1.00000,0.20000,0.58233,1,0,0.07096,0.17323,0.65901,0.07560,0.62000,0.34000,0.48000,0.40000
combined_hard_shift,6,2,minus_action_conditioning,0.69091,0.52778,1.00000,1.00000,0.48571,0.70390,0,0,0.11990,0.22904,0.44438,0.18500,0.62000,0.34000,0.48000,0.40000
combined_hard_shift,6,2,minus_passive_flow_factor,0.71698,0.55882,1.00000,1.00000,0.42857,0.67905,1,1,0.11384,0.24616,0.48112,0.16900,0.62000,0.34000,0.48000,0.40000
combined_hard_shift,6,2,minus_articulation_graph,0.88372,0.79167,1.00000,1.00000,0.14286,0.56126,0,0,0.07286,0.16028,0.68961,0.08900,0.62000,0.34000,0.48000,0.40000
combined_hard_shift,6,2,minus_occlusion_reasoning,0.84444,0.73077,1.00000,1.00000,0.20000,0.58233,1,0,0.07559,0.17389,0.64401,0.10500,0.62000,0.34000,0.48000,0.40000
combined_hard_shift,6,2,correlation_only_causal_head,0.92683,0.86364,1.00000,1.00000,0.08571,0.53579,1,0,0.09452,0.18699,0.73834,0.07300,0.62000,0.34000,0.48000,0.40000
combined_hard_shift,6,2,mask_only_no_effect_predictor,0.84444,0.73077,1.00000,1.00000,0.20000,1.00233,1,0,0.07096,0.17323,0.48225,0.10500,0.62000,0.34000,0.48000,0.40000
combined_hard_shift,6,3,full_causal_scene_flow_model,0.69841,0.53659,1.00000,1.00000,0.43902,0.38648,0,1,0.17890,0.27379,0.50945,0.12379,0.62000,0.34000,0.48000,0.40000
combined_hard_shift,6,3,minus_action_conditioning,0.70968,0.55000,1.00000,1.00000,0.43902,0.39305,1,0,0.14968,0.24762,0.50168,0.17193,0.62000,0.34000,0.48000,0.40000
combined_hard_shift,6,3,minus_passive_flow_factor,0.70968,0.55000,1.00000,1.00000,0.43902,0.39305,0,0,0.14944,0.25888,0.50168,0.17193,0.62000,0.34000,0.48000,0.40000
combined_hard_shift,6,3,minus_articulation_graph,0.69841,0.53659,1.00000,1.00000,0.43902,0.38648,0,0,0.17460,0.26119,0.49445,0.17193,0.62000,0.34000,0.48000,0.40000
combined_hard_shift,6,3,minus_occlusion_reasoning,0.69841,0.53659,1.00000,1.00000,0.43902,0.38648,0,0,0.17891,0.27279,0.49445,0.17193,0.62000,0.34000,0.48000,0.40000
combined_hard_shift,6,3,correlation_only_causal_head,0.70968,0.55000,1.00000,1.00000,0.43902,0.39305,0,0,0.13454,0.19733,0.50168,0.17193,0.62000,0.34000,0.48000,0.40000
combined_hard_shift,6,3,mask_only_no_effect_predictor,0.69841,0.53659,1.00000,1.00000,0.43902,0.80648,0,1,0.17890,0.27379,0.33245,0.17193,0.62000,0.34000,0.48000,0.40000
combined_hard_shift,6,4,full_causal_scene_flow_model,0.68571,0.52174,1.00000,1.00000,0.46809,0.73038,1,0,0.14720,0.22906,0.45803,0.12965,0.62000,0.34000,0.48000,0.40000
combined_hard_shift,6,4,minus_action_conditioning,0.68571,0.52174,1.00000,1.00000,0.46809,0.73038,1,0,0.16540,0.25589,0.44303,0.18006,0.62000,0.34000,0.48000,0.40000
combined_hard_shift,6,4,minus_passive_flow_factor,0.68571,0.52174,1.00000,1.00000,0.46809,0.73038,1,0,0.15742,0.27283,0.44303,0.18006,0.62000,0.34000,0.48000,0.40000
combined_hard_shift,6,4,minus_articulation_graph,0.68571,0.52174,1.00000,1.00000,0.46809,0.73038,1,0,0.13786,0.20289,0.44303,0.18006,0.62000,0.34000,0.48000,0.40000
combined_hard_shift,6,4,minus_occlusion_reasoning,0.68571,0.52174,1.00000,1.00000,0.46809,0.73038,0,1,0.14519,0.22440,0.44303,0.18006,0.62000,0.34000,0.48000,0.40000
combined_hard_shift,6,4,correlation_only_causal_head,0.68571,0.52174,1.00000,1.00000,0.46809,0.73038,0,0,0.13751,0.21460,0.44303,0.18006,0.62000,0.34000,0.48000,0.40000
combined_hard_shift,6,4,mask_only_no_effect_predictor,0.68571,0.52174,1.00000,1.00000,0.46809,1.15038,0,0,0.14720,0.22906,0.29607,0.18006,0.62000,0.34000,0.48000,0.40000
combined_hard_shift,6,5,full_causal_scene_flow_model,0.73846,0.58537,1.00000,1.00000,0.47222,0.35162,0,0,0.12060,0.23099,0.53167,0.13048,0.62000,0.34000,0.48000,0.40000
combined_hard_shift,6,5,minus_action_conditioning,0.73846,0.58537,1.00000,1.00000,0.47222,0.35162,1,0,0.13332,0.23334,0.51667,0.18122,0.62000,0.34000,0.48000,0.40000
combined_hard_shift,6,5,minus_passive_flow_factor,0.75000,0.60000,1.00000,1.00000,0.44444,0.34088,0,1,0.11876,0.23646,0.53360,0.17344,0.62000,0.34000,0.48000,0.40000
combined_hard_shift,6,5,minus_articulation_graph,0.73846,0.58537,1.00000,1.00000,0.47222,0.35162,0,1,0.11470,0.21235,0.51667,0.18122,0.62000,0.34000,0.48000,0.40000
combined_hard_shift,6,5,minus_occlusion_reasoning,0.73846,0.58537,1.00000,1.00000,0.47222,0.35162,1,0,0.12152,0.22737,0.51667,0.18122,0.62000,0.34000,0.48000,0.40000
combined_hard_shift,6,5,correlation_only_causal_head,0.84211,0.72727,1.00000,1.00000,0.25000,0.28537,1,1,0.10550,0.17914,0.65807,0.11900,0.62000,0.34000,0.48000,0.40000
combined_hard_shift,6,5,mask_only_no_effect_predictor,0.73846,0.58537,1.00000,1.00000,0.47222,0.77162,0,0,0.12060,0.23099,0.35467,0.18122,0.62000,0.34000,0.48000,0.40000
combined_hard_shift,6,6,full_causal_scene_flow_model,0.66667,0.50000,1.00000,1.00000,0.46667,0.41940,0,0,0.15376,0.28494,0.47620,0.12936,0.62000,0.34000,0.48000,0.40000
combined_hard_shift,6,6,minus_action_conditioning,0.66667,0.50000,1.00000,1.00000,0.46667,0.41940,1,0,0.17665,0.29151,0.46120,0.17967,0.62000,0.34000,0.48000,0.40000
combined_hard_shift,6,6,minus_passive_flow_factor,0.68852,0.52500,1.00000,1.00000,0.42222,0.40251,1,1,0.13017,0.25640,0.49063,0.16722,0.62000,0.34000,0.48000,0.40000
combined_hard_shift,6,6,minus_articulation_graph,0.66667,0.50000,1.00000,1.00000,0.46667,0.41940,1,0,0.14230,0.25946,0.46120,0.17967,0.62000,0.34000,0.48000,0.40000
combined_hard_shift,6,6,minus_occlusion_reasoning,0.66667,0.50000,1.00000,1.00000,0.46667,0.41940,1,0,0.15212,0.28273,0.46120,0.17967,0.62000,0.34000,0.48000,0.40000
combined_hard_shift,6,6,correlation_only_causal_head,0.79245,0.65625,1.00000,1.00000,0.24444,0.29701,0,0,0.11775,0.21498,0.62371,0.11744,0.62000,0.34000,0.48000,0.40000
combined_hard_shift,6,6,mask_only_no_effect_predictor,0.66667,0.50000,1.00000,1.00000,0.46667,0.83940,0,0,0.15376,0.28494,0.29920,0.17967,0.62000,0.34000,0.48000,0.40000
combined_hard_shift,6,7,full_causal_scene_flow_model,0.60000,0.42857,1.00000,1.00000,0.55814,0.80242,1,1,0.12842,0.27994,0.36561,0.14780,0.62000,0.34000,0.48000,0.40000
combined_hard_shift,6,7,minus_action_conditioning,0.48649,0.32143,1.00000,1.00000,0.88372,1.07750,0,0,0.20182,0.32495,0.16023,0.29644,0.62000,0.34000,0.48000,0.40000
combined_hard_shift,6,7,minus_passive_flow_factor,0.65455,0.48649,1.00000,1.00000,0.44186,0.74270,0,0,0.12772,0.27567,0.42733,0.17272,0.62000,0.34000,0.48000,0.40000
combined_hard_shift,6,7,minus_articulation_graph,0.72000,0.56250,1.00000,1.00000,0.32558,0.66827,1,0,0.11631,0.25194,0.51314,0.14016,0.62000,0.34000,0.48000,0.40000
combined_hard_shift,6,7,minus_occlusion_reasoning,0.62069,0.45000,1.00000,1.00000,0.51163,0.77808,1,0,0.12889,0.27243,0.38055,0.19226,0.62000,0.34000,0.48000,0.40000
combined_hard_shift,6,7,correlation_only_causal_head,0.90000,0.81818,1.00000,1.00000,0.09302,0.42883,1,0,0.11650,0.23348,0.72821,0.07505,0.62000,0.34000,0.48000,0.40000
combined_hard_shift,6,7,mask_only_no_effect_predictor,0.60000,0.42857,1.00000,1.00000,0.55814,1.22242,0,0,0.12842,0.27994,0.21086,0.20528,0.62000,0.34000,0.48000,0.40000
combined_hard_shift,6,8,full_causal_scene_flow_model,0.73077,0.57576,1.00000,1.00000,0.42424,0.65633,1,0,0.10432,0.23239,0.50925,0.12081,0.62000,0.34000,0.48000,0.40000
combined_hard_shift,6,8,minus_action_conditioning,0.73077,0.57576,1.00000,1.00000,0.42424,0.65633,1,1,0.15350,0.27169,0.49425,0.16779,0.62000,0.34000,0.48000,0.40000
combined_hard_shift,6,8,minus_passive_flow_factor,0.74510,0.59375,1.00000,1.00000,0.39394,0.64381,1,0,0.12162,0.26462,0.51402,0.15930,0.62000,0.34000,0.48000,0.40000
combined_hard_shift,6,8,minus_articulation_graph,0.74510,0.59375,1.00000,1.00000,0.39394,0.64382,1,0,0.10264,0.21497,0.51402,0.15930,0.62000,0.34000,0.48000,0.40000
combined_hard_shift,6,8,minus_occlusion_reasoning,0.73077,0.57576,1.00000,1.00000,0.42424,0.65633,1,0,0.10750,0.23031,0.49425,0.16779,0.62000,0.34000,0.48000,0.40000
combined_hard_shift,6,8,correlation_only_causal_head,0.80851,0.67857,1.00000,1.00000,0.27273,0.58470,0,0,0.11034,0.22330,0.59826,0.12536,0.62000,0.34000,0.48000,0.40000
combined_hard_shift,6,8,mask_only_no_effect_predictor,0.73077,0.57576,1.00000,1.00000,0.42424,1.07633,0,0,0.10432,0.23239,0.33989,0.16779,0.62000,0.34000,0.48000,0.40000
combined_hard_shift,6,9,full_causal_scene_flow_model,0.92683,0.86364,1.00000,1.00000,0.06250,0.53176,1,0,0.07651,0.20101,0.76024,0.04788,0.62000,0.34000,0.48000,0.40000
combined_hard_shift,6,9,minus_action_conditioning,0.61290,0.44186,1.00000,1.00000,0.50000,0.83678,0,0,0.14528,0.26313,0.37249,0.18900,0.62000,0.34000,0.48000,0.40000
combined_hard_shift,6,9,minus_passive_flow_factor,0.70370,0.54286,1.00000,1.00000,0.33333,0.74771,1,1,0.13264,0.27641,0.49162,0.14233,0.62000,0.34000,0.48000,0.40000
combined_hard_shift,6,9,minus_articulation_graph,0.97436,0.95000,1.00000,1.00000,0.02083,0.49525,1,0,0.07827,0.18418,0.79383,0.05483,0.62000,0.34000,0.48000,0.40000
combined_hard_shift,6,9,minus_occlusion_reasoning,0.92683,0.86364,1.00000,1.00000,0.06250,0.53176,1,0,0.08177,0.20186,0.74524,0.06650,0.62000,0.34000,0.48000,0.40000
combined_hard_shift,6,9,correlation_only_causal_head,1.00000,1.00000,1.00000,1.00000,0.00000,0.48262,1,0,0.10546,0.21061,0.81887,0.04900,0.62000,0.34000,0.48000,0.40000
combined_hard_shift,6,9,mask_only_no_effect_predictor,0.92683,0.86364,1.00000,1.00000,0.06250,0.95176,1,0,0.07651,0.20101,0.58324,0.06650,0.62000,0.34000,0.48000,0.40000
combined_hard_shift,6,10,full_causal_scene_flow_model,0.71233,0.56522,0.96296,0.88889,0.55556,0.29438,1,0,0.15800,0.26509,0.49577,0.14941,0.62000,0.34000,0.48000,0.40000
combined_hard_shift,6,10,minus_action_conditioning,0.74286,0.60465,0.96296,0.88889,0.47222,0.28600,0,0,0.15294,0.23285,0.52631,0.18419,0.62000,0.34000,0.48000,0.40000
combined_hard_shift,6,10,minus_passive_flow_factor,0.73973,0.58696,1.00000,1.00000,0.52778,0.29915,1,0,0.14571,0.25368,0.50725,0.19678,0.62000,0.34000,0.48000,0.40000
combined_hard_shift,6,10,minus_articulation_graph,0.73239,0.59091,0.96296,0.88889,0.50000,0.28635,0,0,0.15113,0.23839,0.51118,0.19196,0.62000,0.34000,0.48000,0.40000
combined_hard_shift,6,10,minus_occlusion_reasoning,0.72222,0.57778,0.96296,0.88889,0.52778,0.28689,1,1,0.15958,0.25831,0.49622,0.19974,0.62000,0.34000,0.48000,0.40000
combined_hard_shift,6,10,correlation_only_causal_head,0.76471,0.63415,0.96296,0.88889,0.41667,0.29137,0,0,0.13501,0.20395,0.55663,0.16863,0.62000,0.34000,0.48000,0.40000
combined_hard_shift,6,10,mask_only_no_effect_predictor,0.71233,0.56522,0.96296,0.88889,0.55556,0.71438,0,1,0.15800,0.26509,0.31877,0.20752,0.62000,0.34000,0.48000,0.40000
combined_hard_shift,6,11,full_causal_scene_flow_model,0.75000,0.60000,1.00000,1.00000,0.46154,0.36741,0,0,0.11633,0.23359,0.54116,0.12833,0.62000,0.34000,0.48000,0.40000
combined_hard_shift,6,11,minus_action_conditioning,0.77143,0.62791,1.00000,1.00000,0.41026,0.51067,1,0,0.14863,0.21737,0.54120,0.16387,0.62000,0.34000,0.48000,0.40000
combined_hard_shift,6,11,minus_passive_flow_factor,0.80597,0.67500,1.00000,1.00000,0.33333,0.26638,1,0,0.12787,0.23448,0.61134,0.14233,0.62000,0.34000,0.48000,0.40000
combined_hard_shift,6,11,minus_articulation_graph,0.81818,0.69231,1.00000,1.00000,0.30769,0.21594,0,0,0.11517,0.20277,0.63211,0.13515,0.62000,0.34000,0.48000,0.40000
combined_hard_shift,6,11,minus_occlusion_reasoning,0.75000,0.60000,1.00000,1.00000,0.46154,0.36741,1,0,0.12153,0.22354,0.52616,0.17823,0.62000,0.34000,0.48000,0.40000
combined_hard_shift,6,11,correlation_only_causal_head,0.96296,0.96296,0.96296,0.88889,0.02564,0.18251,1,0,0.12073,0.17738,0.81578,0.05914,0.62000,0.34000,0.48000,0.40000
combined_hard_shift,6,11,mask_only_no_effect_predictor,0.75000,0.60000,1.00000,1.00000,0.46154,0.78741,0,0,0.11633,0.23359,0.36416,0.17823,0.62000,0.34000,0.48000,0.40000
combined_hard_shift,6,12,full_causal_scene_flow_model,0.74194,0.58974,1.00000,1.00000,0.37209,1.12973,0,0,0.08434,0.13756,0.49730,0.11029,0.62000,0.34000,0.48000,0.40000
combined_hard_shift,6,12,minus_action_conditioning,0.71875,0.56098,1.00000,1.00000,0.41860,1.16176,1,1,0.16136,0.22452,0.45305,0.16621,0.62000,0.34000,0.48000,0.40000
combined_hard_shift,6,12,minus_passive_flow_factor,0.80702,0.67647,1.00000,1.00000,0.25581,1.03452,0,0,0.11850,0.24538,0.56042,0.12063,0.62000,0.34000,0.48000,0.40000
combined_hard_shift,6,12,minus_articulation_graph,0.77551,0.73077,0.82609,0.50000,0.16279,0.91734,0,0,0.09295,0.10910,0.57268,0.10849,0.62000,0.34000,0.48000,0.40000
combined_hard_shift,6,12,minus_occlusion_reasoning,0.73684,0.61765,0.91304,0.75000,0.30233,1.07895,1,0,0.09273,0.13067,0.49827,0.14061,0.62000,0.34000,0.48000,0.40000
combined_hard_shift,6,12,correlation_only_causal_head,0.95833,0.92000,1.00000,1.00000,0.04651,0.76206,0,0,0.10523,0.17979,0.74874,0.06202,0.62000,0.34000,0.48000,0.40000
combined_hard_shift,6,12,mask_only_no_effect_predictor,0.74194,0.58974,1.00000,1.00000,0.37209,1.54973,1,0,0.08434,0.13756,0.36230,0.15319,0.62000,0.34000,0.48000,0.40000
combined_hard_shift,6,13,full_causal_scene_flow_model,0.75472,0.60606,1.00000,1.00000,0.33333,0.44985,0,0,0.12305,0.24626,0.57212,0.10248,0.62000,0.34000,0.48000,0.40000
combined_hard_shift,6,13,minus_action_conditioning,0.70175,0.54054,1.00000,1.00000,0.43590,0.57009,1,0,0.15759,0.26974,0.47930,0.17105,0.62000,0.34000,0.48000,0.40000
combined_hard_shift,6,13,minus_passive_flow_factor,0.75472,0.60606,1.00000,1.00000,0.33333,0.44985,0,0,0.12489,0.25069,0.55712,0.14233,0.62000,0.34000,0.48000,0.40000
combined_hard_shift,6,13,minus_articulation_graph,0.75472,0.60606,1.00000,1.00000,0.33333,0.44985,0,0,0.11883,0.22335,0.55712,0.14233,0.62000,0.34000,0.48000,0.40000
combined_hard_shift,6,13,minus_occlusion_reasoning,0.75472,0.60606,1.00000,1.00000,0.33333,0.44985,1,0,0.12507,0.24362,0.55712,0.14233,0.62000,0.34000,0.48000,0.40000
combined_hard_shift,6,13,correlation_only_causal_head,0.75472,0.60606,1.00000,1.00000,0.33333,0.44985,0,1,0.11667,0.20848,0.55712,0.14233,0.62000,0.34000,0.48000,0.40000
combined_hard_shift,6,13,mask_only_no_effect_predictor,0.75472,0.60606,1.00000,1.00000,0.33333,0.86985,0,0,0.12305,0.24626,0.39512,0.14233,0.62000,0.34000,0.48000,0.40000
combined_hard_shift,6,14,full_causal_scene_flow_model,0.72222,0.59091,0.92857,0.80000,0.39130,1.11899,1,0,0.10910,0.12129,0.47813,0.11828,0.62000,0.34000,0.48000,0.40000
combined_hard_shift,6,14,minus_action_conditioning,0.69333,0.55319,0.92857,0.80000,0.45652,1.16573,0,0,0.18296,0.20129,0.42464,0.18254,0.62000,0.34000,0.48000,0.40000
combined_hard_shift,6,14,minus_passive_flow_factor,0.81159,0.68293,1.00000,1.00000,0.28261,1.01920,0,0,0.13459,0.22948,0.55612,0.12813,0.62000,0.34000,0.48000,0.40000
combined_hard_shift,6,14,minus_articulation_graph,0.81481,0.84615,0.78571,0.40000,0.08696,0.80807,1,0,0.11958,0.08205,0.63235,0.09049,0.62000,0.34000,0.48000,0.40000
combined_hard_shift,6,14,minus_occlusion_reasoning,0.71642,0.61538,0.85714,0.60000,0.32609,1.06660,0,1,0.11374,0.11682,0.47732,0.15173,0.62000,0.34000,0.48000,0.40000
combined_hard_shift,6,14,correlation_only_causal_head,0.94737,0.93103,0.96429,0.90000,0.04348,0.78190,1,0,0.12446,0.15971,0.73993,0.06403,0.62000,0.34000,0.48000,0.40000
combined_hard_shift,6,14,mask_only_no_effect_predictor,0.72222,0.59091,0.92857,0.80000,0.39130,1.53899,0,0,0.10910,0.12129,0.34313,0.16428,0.62000,0.34000,0.48000,0.40000
combined_hard_shift,6,15,full_causal_scene_flow_model,0.56790,0.39655,1.00000,1.00000,0.92105,0.45294,0,1,0.17586,0.28992,0.27648,0.22096,0.62000,0.34000,0.48000,0.40000
combined_hard_shift,6,15,minus_action_conditioning,0.55422,0.38333,1.00000,1.00000,0.97368,0.46545,0,0,0.17399,0.25918,0.23591,0.32163,0.62000,0.34000,0.48000,0.40000
combined_hard_shift,6,15,minus_passive_flow_factor,0.58228,0.41071,1.00000,1.00000,0.86842,0.44429,1,0,0.16050,0.28111,0.28714,0.29216,0.62000,0.34000,0.48000,0.40000
combined_hard_shift,6,15,minus_articulation_graph,0.63014,0.46000,1.00000,1.00000,0.71053,0.47920,0,0,0.16187,0.25276,0.36136,0.24795,0.62000,0.34000,0.48000,0.40000
combined_hard_shift,6,15,minus_occlusion_reasoning,0.57500,0.40351,1.00000,1.00000,0.89474,0.45115,0,0,0.17375,0.28080,0.27399,0.29953,0.62000,0.34000,0.48000,0.40000
combined_hard_shift,6,15,correlation_only_causal_head,0.68657,0.52273,1.00000,1.00000,0.55263,0.53422,1,0,0.15218,0.23695,0.43957,0.20374,0.62000,0.34000,0.48000,0.40000
combined_hard_shift,6,15,mask_only_no_effect_predictor,0.56790,0.39655,1.00000,1.00000,0.92105,0.87294,0,0,0.17586,0.28992,0.09948,0.30689,0.62000,0.34000,0.48000,0.40000
combined_hard_shift,6,16,full_causal_scene_flow_model,0.79365,0.65789,1.00000,1.00000,0.31707,1.06122,1,0,0.08489,0.17426,0.54891,0.09920,0.62000,0.34000,0.48000,0.40000
combined_hard_shift,6,16,minus_action_conditioning,0.75758,0.60976,1.00000,1.00000,0.39024,1.12977,0,0,0.15123,0.22080,0.48817,0.15827,0.62000,0.34000,0.48000,0.40000
combined_hard_shift,6,16,minus_passive_flow_factor,0.80645,0.67568,1.00000,1.00000,0.29268,0.98621,0,0,0.13152,0.24411,0.55108,0.13095,0.62000,0.34000,0.48000,0.40000
combined_hard_shift,6,16,minus_articulation_graph,0.87273,0.80000,0.96000,0.87500,0.14634,0.86005,1,0,0.09009,0.14786,0.65106,0.09318,0.62000,0.34000,0.48000,0.40000
combined_hard_shift,6,16,minus_occlusion_reasoning,0.80645,0.67568,1.00000,1.00000,0.29268,1.04197,1,1,0.08946,0.17331,0.54970,0.13095,0.62000,0.34000,0.48000,0.40000
combined_hard_shift,6,16,correlation_only_causal_head,1.00000,1.00000,1.00000,1.00000,0.00000,0.64751,1,1,0.11365,0.18125,0.80238,0.04900,0.62000,0.34000,0.48000,0.40000
combined_hard_shift,6,16,mask_only_no_effect_predictor,0.79365,0.65789,1.00000,1.00000,0.31707,1.48122,1,0,0.08489,0.17426,0.41391,0.13778,0.62000,0.34000,0.48000,0.40000
combined_hard_shift,6,17,full_causal_scene_flow_model,0.69841,0.53659,1.00000,1.00000,0.48718,0.22199,1,0,0.16462,0.27550,0.51242,0.13350,0.62000,0.34000,0.48000,0.40000
combined_hard_shift,6,17,minus_action_conditioning,0.68750,0.52381,1.00000,1.00000,0.51282,0.24788,0,0,0.16730,0.26528,0.48001,0.19259,0.62000,0.34000,0.48000,0.40000
combined_hard_shift,6,17,minus_passive_flow_factor,0.70968,0.55000,1.00000,1.00000,0.46154,0.22508,0,0,0.14290,0.25485,0.51217,0.17823,0.62000,0.34000,0.48000,0.40000
combined_hard_shift,6,17,minus_articulation_graph,0.69841,0.53659,1.00000,1.00000,0.48718,0.22199,0,0,0.15574,0.25078,0.49742,0.18541,0.62000,0.34000,0.48000,0.40000
combined_hard_shift,6,17,minus_occlusion_reasoning,0.69841,0.53659,1.00000,1.00000,0.48718,0.22199,1,1,0.16464,0.27171,0.49742,0.18541,0.62000,0.34000,0.48000,0.40000
combined_hard_shift,6,17,correlation_only_causal_head,0.68852,0.53846,0.95455,0.85714,0.46154,0.23667,1,0,0.13261,0.20669,0.49620,0.18187,0.62000,0.34000,0.48000,0.40000
combined_hard_shift,6,17,mask_only_no_effect_predictor,0.69841,0.53659,1.00000,1.00000,0.48718,0.64199,0,0,0.16462,0.27550,0.33542,0.18541,0.62000,0.34000,0.48000,0.40000
combined_hard_shift,6,18,full_causal_scene_flow_model,0.61053,0.43939,1.00000,1.00000,1.00000,0.43596,0,0,0.17314,0.27602,0.28591,0.23688,0.62000,0.34000,0.48000,0.40000
combined_hard_shift,6,18,minus_action_conditioning,0.63736,0.46774,1.00000,1.00000,0.89189,0.41759,0,1,0.16730,0.22823,0.32180,0.29873,0.62000,0.34000,0.48000,0.40000
combined_hard_shift,6,18,minus_passive_flow_factor,0.69048,0.52727,1.00000,1.00000,0.70270,0.37151,0,1,0.15459,0.25683,0.41656,0.24576,0.62000,0.34000,0.48000,0.40000
combined_hard_shift,6,18,minus_articulation_graph,0.63043,0.46032,1.00000,1.00000,0.91892,0.41673,0,0,0.16253,0.23447,0.30947,0.30630,0.62000,0.34000,0.48000,0.40000
combined_hard_shift,6,18,minus_occlusion_reasoning,0.61053,0.43939,1.00000,1.00000,1.00000,0.43596,0,1,0.17273,0.26310,0.27091,0.32900,0.62000,0.34000,0.48000,0.40000
combined_hard_shift,6,18,correlation_only_causal_head,0.74359,0.59184,1.00000,1.00000,0.54054,0.34965,1,0,0.15069,0.21210,0.50133,0.20035,0.62000,0.34000,0.48000,0.40000
combined_hard_shift,6,18,mask_only_no_effect_predictor,0.61053,0.43939,1.00000,1.00000,1.00000,0.85596,0,1,0.17314,0.27602,0.10891,0.32900,0.62000,0.34000,0.48000,0.40000
combined_hard_shift,6,19,full_causal_scene_flow_model,0.69231,0.52941,1.00000,1.00000,0.33333,1.15740,0,0,0.09158,0.15476,0.47342,0.10248,0.62000,0.34000,0.48000,0.40000
combined_hard_shift,6,19,minus_action_conditioning,0.63158,0.46154,1.00000,1.00000,0.43750,1.22171,1,0,0.16800,0.25649,0.38674,0.17150,0.62000,0.34000,0.48000,0.40000
combined_hard_shift,6,19,minus_passive_flow_factor,0.72000,0.56250,1.00000,1.00000,0.29167,1.11783,0,0,0.14450,0.30121,0.48947,0.13067,0.62000,0.34000,0.48000,0.40000
combined_hard_shift,6,19,minus_articulation_graph,0.68421,0.65000,0.72222,0.16667,0.14583,0.89255,0,0,0.09971,0.12927,0.51599,0.11206,0.62000,0.34000,0.48000,0.40000
combined_hard_shift,6,19,minus_occlusion_reasoning,0.68000,0.53125,0.94444,0.83333,0.31250,1.13181,0,0,0.09605,0.15379,0.45563,0.14094,0.62000,0.34000,0.48000,0.40000
combined_hard_shift,6,19,correlation_only_causal_head,0.94737,0.90000,1.00000,1.00000,0.04167,0.78962,1,0,0.11940,0.23296,0.73966,0.06067,0.62000,0.34000,0.48000,0.40000
combined_hard_shift,6,19,mask_only_no_effect_predictor,0.69231,0.52941,1.00000,1.00000,0.33333,1.57740,0,0,0.09158,0.15476,0.33842,0.14233,0.62000,0.34000,0.48000,0.40000
combined_hard_shift,6,20,full_causal_scene_flow_model,0.46753,0.30508,1.00000,1.00000,0.97619,0.62874,1,0,0.20955,0.31556,0.17320,0.23208,0.62000,0.34000,0.48000,0.40000
combined_hard_shift,6,20,minus_action_conditioning,0.47059,0.32000,0.88889,0.66667,0.80952,0.66648,0,1,0.19245,0.28753,0.20323,0.28456,0.62000,0.34000,0.48000,0.40000
combined_hard_shift,6,20,minus_passive_flow_factor,0.46753,0.30508,1.00000,1.00000,0.97619,0.62874,0,1,0.20721,0.34964,0.15820,0.32233,0.62000,0.34000,0.48000,0.40000
combined_hard_shift,6,20,minus_articulation_graph,0.38889,0.25926,0.77778,0.33333,0.95238,0.63296,0,0,0.20045,0.28313,0.10939,0.33344,0.62000,0.34000,0.48000,0.40000
combined_hard_shift,6,20,minus_occlusion_reasoning,0.42667,0.28070,0.88889,0.66667,0.97619,0.63223,0,0,0.20977,0.30714,0.12924,0.33122,0.62000,0.34000,0.48000,0.40000
combined_hard_shift,6,20,correlation_only_causal_head,0.45333,0.29825,0.94444,0.83333,0.95238,0.62424,0,0,0.19453,0.30448,0.15538,0.32011,0.62000,0.34000,0.48000,0.40000
combined_hard_shift,6,20,mask_only_no_effect_predictor,0.46753,0.30508,1.00000,1.00000,0.97619,1.04874,0,0,0.20955,0.31556,0.02000,0.32233,0.62000,0.34000,0.48000,0.40000
combined_hard_shift,6,21,full_causal_scene_flow_model,0.69388,0.56667,0.89474,1.00000,0.28261,1.42852,1,0,0.10144,0.13040,0.48872,0.09832,0.62000,0.34000,0.48000,0.40000
combined_hard_shift,6,21,minus_action_conditioning,0.64407,0.47500,1.00000,1.00000,0.45652,1.55721,0,0,0.18093,0.23731,0.39016,0.17683,0.62000,0.34000,0.48000,0.40000
combined_hard_shift,6,21,minus_passive_flow_factor,0.79167,0.65517,1.00000,1.00000,0.21739,1.31133,0,0,0.12689,0.27005,0.56043,0.10987,0.62000,0.34000,0.48000,0.40000
combined_hard_shift,6,21,minus_articulation_graph,0.72222,0.76471,0.68421,0.66667,0.08696,1.13907,0,0,0.11550,0.10387,0.54834,0.09861,0.62000,0.34000,0.48000,0.40000
combined_hard_shift,6,21,minus_occlusion_reasoning,0.59091,0.52000,0.68421,0.33333,0.26087,1.41636,0,1,0.11065,0.12500,0.40773,0.14731,0.62000,0.34000,0.48000,0.40000
combined_hard_shift,6,21,correlation_only_causal_head,0.95000,0.90476,1.00000,1.00000,0.04348,0.94002,1,0,0.11479,0.20041,0.72596,0.06117,0.62000,0.34000,0.48000,0.40000
combined_hard_shift,6,21,mask_only_no_effect_predictor,0.69388,0.56667,0.89474,1.00000,0.28261,1.84852,0,0,0.10144,0.13040,0.35372,0.13655,0.62000,0.34000,0.48000,0.40000
combined_hard_shift,6,22,full_causal_scene_flow_model,0.60000,0.42857,1.00000,1.00000,0.49057,0.51589,0,0,0.20643,0.30647,0.41319,0.13418,0.62000,0.34000,0.48000,0.40000
combined_hard_shift,6,22,minus_action_conditioning,0.61765,0.44681,1.00000,1.00000,0.49057,0.52595,0,0,0.18315,0.29093,0.40953,0.18636,0.62000,0.34000,0.48000,0.40000
combined_hard_shift,6,22,minus_passive_flow_factor,0.62687,0.45652,1.00000,1.00000,0.47170,0.52392,0,1,0.14792,0.27743,0.42147,0.18108,0.62000,0.34000,0.48000,0.40000
combined_hard_shift,6,22,minus_articulation_graph,0.60000,0.42857,1.00000,1.00000,0.49057,0.51589,1,0,0.19066,0.29139,0.39819,0.18636,0.62000,0.34000,0.48000,0.40000
combined_hard_shift,6,22,minus_occlusion_reasoning,0.60000,0.42857,1.00000,1.00000,0.49057,0.51589,0,1,0.20169,0.30437,0.39819,0.18636,0.62000,0.34000,0.48000,0.40000
combined_hard_shift,6,22,correlation_only_causal_head,0.67742,0.51220,1.00000,1.00000,0.37736,0.49033,0,0,0.12552,0.21331,0.48664,0.15466,0.62000,0.34000,0.48000,0.40000
combined_hard_shift,6,22,mask_only_no_effect_predictor,0.60000,0.42857,1.00000,1.00000,0.49057,0.93589,0,0,0.20643,0.30647,0.23619,0.18636,0.62000,0.34000,0.48000,0.40000
combined_hard_shift,6,23,full_causal_scene_flow_model,0.63492,0.46512,1.00000,1.00000,0.47917,0.47366,1,0,0.16375,0.30289,0.44505,0.13188,0.62000,0.34000,0.48000,0.40000
combined_hard_shift,6,23,minus_action_conditioning,0.58824,0.41667,1.00000,1.00000,0.58333,0.43355,0,1,0.18858,0.30574,0.37221,0.21233,0.62000,0.34000,0.48000,0.40000
combined_hard_shift,6,23,minus_passive_flow_factor,0.68966,0.52632,1.00000,1.00000,0.37500,0.42079,1,0,0.13364,0.26068,0.50281,0.15400,0.62000,0.34000,0.48000,0.40000
combined_hard_shift,6,23,minus_articulation_graph,0.63492,0.46512,1.00000,1.00000,0.47917,0.47366,0,0,0.15064,0.27118,0.43005,0.18317,0.62000,0.34000,0.48000,0.40000
combined_hard_shift,6,23,minus_occlusion_reasoning,0.63492,0.46512,1.00000,1.00000,0.47917,0.47366,0,1,0.16225,0.29590,0.43005,0.18317,0.62000,0.34000,0.48000,0.40000
combined_hard_shift,6,23,correlation_only_causal_head,0.78431,0.64516,1.00000,1.00000,0.22917,0.30350,1,0,0.12453,0.21583,0.62164,0.11317,0.62000,0.34000,0.48000,0.40000
combined_hard_shift,6,23,mask_only_no_effect_predictor,0.63492,0.46512,1.00000,1.00000,0.47917,0.89366,0,0,0.16375,0.30289,0.26805,0.18317,0.62000,0.34000,0.48000,0.40000
combined_hard_shift,6,24,full_causal_scene_flow_model,0.65753,0.48980,1.00000,1.00000,0.42553,0.23429,0,0,0.20504,0.29626,0.49983,0.12107,0.62000,0.34000,0.48000,0.40000
combined_hard_shift,6,24,minus_action_conditioning,0.70588,0.54545,1.00000,1.00000,0.42553,0.28476,0,0,0.16285,0.25904,0.51363,0.16815,0.62000,0.34000,0.48000,0.40000
combined_hard_shift,6,24,minus_passive_flow_factor,0.70588,0.54545,1.00000,1.00000,0.42553,0.28476,0,0,0.15689,0.26353,0.51363,0.16815,0.62000,0.34000,0.48000,0.40000
combined_hard_shift,6,24,minus_articulation_graph,0.65753,0.48980,1.00000,1.00000,0.42553,0.23429,1,0,0.19648,0.28312,0.48483,0.16815,0.62000,0.34000,0.48000,0.40000
combined_hard_shift,6,24,minus_occlusion_reasoning,0.65753,0.48980,1.00000,1.00000,0.42553,0.23429,1,0,0.20317,0.29424,0.48483,0.16815,0.62000,0.34000,0.48000,0.40000
combined_hard_shift,6,24,correlation_only_causal_head,0.70588,0.54545,1.00000,1.00000,0.42553,0.28476,0,0,0.14038,0.20037,0.51363,0.16815,0.62000,0.34000,0.48000,0.40000
combined_hard_shift,6,24,mask_only_no_effect_predictor,0.65753,0.48980,1.00000,1.00000,0.42553,0.65429,1,1,0.20504,0.29626,0.32283,0.16815,0.62000,0.34000,0.48000,0.40000
combined_hard_shift,6,25,full_causal_scene_flow_model,0.75000,0.60000,1.00000,1.00000,0.30435,0.71675,1,0,0.11105,0.22870,0.55024,0.09664,0.62000,0.34000,0.48000,0.40000
combined_hard_shift,6,25,minus_action_conditioning,0.51852,0.35000,1.00000,1.00000,0.84783,1.07966,0,0,0.19484,0.28679,0.19271,0.28639,0.62000,0.34000,0.48000,0.40000
combined_hard_shift,6,25,minus_passive_flow_factor,0.79245,0.65625,1.00000,1.00000,0.23913,0.65027,1,0,0.12029,0.24534,0.58987,0.11596,0.62000,0.34000,0.48000,0.40000
combined_hard_shift,6,25,minus_articulation_graph,0.93333,0.87500,1.00000,1.00000,0.06522,0.42520,1,0,0.10860,0.19387,0.75969,0.06726,0.62000,0.34000,0.48000,0.40000
combined_hard_shift,6,25,minus_occlusion_reasoning,0.79245,0.65625,1.00000,1.00000,0.23913,0.65676,1,0,0.11296,0.22505,0.58922,0.11596,0.62000,0.34000,0.48000,0.40000
combined_hard_shift,6,25,correlation_only_causal_head,0.97674,0.95455,1.00000,1.00000,0.02174,0.35604,1,0,0.11362,0.20687,0.80917,0.05509,0.62000,0.34000,0.48000,0.40000
combined_hard_shift,6,25,mask_only_no_effect_predictor,0.75000,0.60000,1.00000,1.00000,0.30435,1.13675,1,0,0.11105,0.22870,0.38692,0.13422,0.62000,0.34000,0.48000,0.40000
combined_hard_shift,6,26,full_causal_scene_flow_model,0.61111,0.44000,1.00000,1.00000,0.73684,0.36721,0,0,0.14295,0.25141,0.36688,0.18383,0.62000,0.34000,0.48000,0.40000
combined_hard_shift,6,26,minus_action_conditioning,0.73333,0.57895,1.00000,1.00000,0.42105,0.47815,0,0,0.13712,0.22997,0.51476,0.16689,0.62000,0.34000,0.48000,0.40000
combined_hard_shift,6,26,minus_passive_flow_factor,0.53659,0.36667,1.00000,1.00000,1.00000,0.32402,1,1,0.19900,0.32410,0.23034,0.32900,0.62000,0.34000,0.48000,0.40000
combined_hard_shift,6,26,minus_articulation_graph,0.59701,0.44444,0.90909,0.71429,0.65789,0.34330,1,0,0.14168,0.22218,0.36651,0.24048,0.62000,0.34000,0.48000,0.40000
combined_hard_shift,6,26,minus_occlusion_reasoning,0.60274,0.43137,1.00000,1.00000,0.76316,0.35933,0,1,0.14908,0.24506,0.33944,0.26268,0.62000,0.34000,0.48000,0.40000
combined_hard_shift,6,26,correlation_only_causal_head,0.56410,0.39286,1.00000,1.00000,0.89474,0.33375,0,0,0.16994,0.26156,0.27811,0.29953,0.62000,0.34000,0.48000,0.40000
combined_hard_shift,6,26,mask_only_no_effect_predictor,0.61111,0.44000,1.00000,1.00000,0.73684,0.78721,0,0,0.14295,0.25141,0.18988,0.25532,0.62000,0.34000,0.48000,0.40000
combined_hard_shift,6,27,full_causal_scene_flow_model,0.73529,0.58140,1.00000,1.00000,0.39535,0.33448,1,0,0.13587,0.23883,0.55269,0.11498,0.62000,0.34000,0.48000,0.40000
combined_hard_shift,6,27,minus_action_conditioning,0.74627,0.59524,1.00000,1.00000,0.39535,0.34170,1,0,0.13810,0.23486,0.54466,0.15970,0.62000,0.34000,0.48000,0.40000
combined_hard_shift,6,27,minus_passive_flow_factor,0.80645,0.67568,1.00000,1.00000,0.27907,0.32853,1,0,0.11320,0.22143,0.62066,0.12714,0.62000,0.34000,0.48000,0.40000
combined_hard_shift,6,27,minus_articulation_graph,0.73529,0.58140,1.00000,1.00000,0.39535,0.33448,0,0,0.12827,0.22350,0.53769,0.15970,0.62000,0.34000,0.48000,0.40000
combined_hard_shift,6,27,minus_occlusion_reasoning,0.73529,0.58140,1.00000,1.00000,0.39535,0.33448,0,0,0.13463,0.23849,0.53769,0.15970,0.62000,0.34000,0.48000,0.40000
combined_hard_shift,6,27,correlation_only_causal_head,0.84746,0.73529,1.00000,1.00000,0.20930,0.30044,1,0,0.10012,0.16510,0.67171,0.10760,0.62000,0.34000,0.48000,0.40000
combined_hard_shift,6,27,mask_only_no_effect_predictor,0.73529,0.58140,1.00000,1.00000,0.39535,0.75448,0,0,0.13587,0.23883,0.37569,0.15970,0.62000,0.34000,0.48000,0.40000
combined_hard_shift,6,28,full_causal_scene_flow_model,1.00000,1.00000,1.00000,1.00000,0.00000,0.66604,1,0,0.08477,0.09205,0.81553,0.03528,0.62000,0.34000,0.48000,0.40000
combined_hard_shift,6,28,minus_action_conditioning,0.77778,0.63636,1.00000,1.00000,0.39024,0.93511,0,0,0.16409,0.17391,0.50880,0.15827,0.62000,0.34000,0.48000,0.40000
combined_hard_shift,6,28,minus_passive_flow_factor,0.84848,0.73684,1.00000,1.00000,0.24390,0.82967,1,0,0.11562,0.20607,0.60981,0.11729,0.62000,0.34000,0.48000,0.40000
combined_hard_shift,6,28,minus_articulation_graph,0.88000,1.00000,0.78571,0.50000,0.00000,0.60230,1,0,0.11062,0.05474,0.72291,0.06614,0.62000,0.34000,0.48000,0.40000
combined_hard_shift,6,28,minus_occlusion_reasoning,0.96296,1.00000,0.92857,0.80000,0.00000,0.63515,0,0,0.09679,0.08525,0.77769,0.05471,0.62000,0.34000,0.48000,0.40000
combined_hard_shift,6,28,correlation_only_causal_head,0.98182,1.00000,0.96429,0.90000,0.00000,0.64664,1,0,0.11195,0.13487,0.78974,0.05186,0.62000,0.34000,0.48000,0.40000
combined_hard_shift,6,28,mask_only_no_effect_predictor,1.00000,1.00000,1.00000,1.00000,0.00000,1.08604,1,0,0.08477,0.09205,0.64713,0.04900,0.62000,0.34000,0.48000,0.40000
combined_hard_shift,6,29,full_causal_scene_flow_model,0.77419,0.63158,1.00000,1.00000,0.35000,0.49316,1,0,0.11676,0.21527,0.57675,0.10584,0.62000,0.34000,0.48000,0.40000
combined_hard_shift,6,29,minus_action_conditioning,0.77419,0.63158,1.00000,1.00000,0.35000,0.49316,0,1,0.14404,0.23614,0.56175,0.14700,0.62000,0.34000,0.48000,0.40000
combined_hard_shift,6,29,minus_passive_flow_factor,0.77419,0.63158,1.00000,1.00000,0.35000,0.49316,0,0,0.12340,0.23732,0.56175,0.14700,0.62000,0.34000,0.48000,0.40000
combined_hard_shift,6,29,minus_articulation_graph,0.77419,0.63158,1.00000,1.00000,0.35000,0.49316,1,0,0.11598,0.19328,0.56175,0.14700,0.62000,0.34000,0.48000,0.40000
combined_hard_shift,6,29,minus_occlusion_reasoning,0.75410,0.62162,0.95833,0.87500,0.35000,0.48564,1,0,0.11891,0.21315,0.54844,0.15033,0.62000,0.34000,0.48000,0.40000
combined_hard_shift,6,29,correlation_only_causal_head,0.78689,0.64865,1.00000,1.00000,0.32500,0.48517,0,0,0.11360,0.18847,0.57844,0.14000,0.62000,0.34000,0.48000,0.40000
combined_hard_shift,6,29,mask_only_no_effect_predictor,0.77419,0.63158,1.00000,1.00000,0.35000,0.91316,0,0,0.11676,0.21527,0.39975,0.14700,0.62000,0.34000,0.48000,0.40000
combined_hard_shift,6,30,full_causal_scene_flow_model,0.74510,0.61290,0.95000,0.85714,0.26087,0.98563,1,0,0.10717,0.16256,0.53210,0.09075,0.62000,0.34000,0.48000,0.40000
combined_hard_shift,6,30,minus_action_conditioning,0.62069,0.47368,0.90000,0.71429,0.43478,1.09474,0,0,0.19437,0.25124,0.37988,0.17874,0.62000,0.34000,0.48000,0.40000
combined_hard_shift,6,30,minus_passive_flow_factor,0.76923,0.62500,1.00000,1.00000,0.26087,0.96729,1,0,0.12418,0.26382,0.53582,0.12204,0.62000,0.34000,0.48000,0.40000
combined_hard_shift,6,30,minus_articulation_graph,0.75000,0.75000,0.75000,0.42857,0.10870,0.75625,1,0,0.12028,0.13108,0.58607,0.09943,0.62000,0.34000,0.48000,0.40000
combined_hard_shift,6,30,minus_occlusion_reasoning,0.65217,0.57692,0.75000,0.28571,0.23913,0.94721,0,0,0.11726,0.15593,0.46198,0.13596,0.62000,0.34000,0.48000,0.40000
combined_hard_shift,6,30,correlation_only_causal_head,1.00000,1.00000,1.00000,1.00000,0.00000,0.59230,1,0,0.11955,0.20598,0.80790,0.04900,0.62000,0.34000,0.48000,0.40000
combined_hard_shift,6,30,mask_only_no_effect_predictor,0.74510,0.61290,0.95000,0.85714,0.26087,1.40563,1,0,0.10717,0.16256,0.39566,0.12604,0.62000,0.34000,0.48000,0.40000
combined_hard_shift,6,31,full_causal_scene_flow_model,0.66667,0.55556,0.83333,0.50000,0.28571,0.81730,0,1,0.10761,0.17340,0.48707,0.10248,0.62000,0.34000,0.48000,0.40000
combined_hard_shift,6,31,minus_action_conditioning,0.63158,0.46154,1.00000,1.00000,0.50000,0.88887,0,0,0.17909,0.25380,0.38035,0.18900,0.62000,0.34000,0.48000,0.40000
combined_hard_shift,6,31,minus_passive_flow_factor,0.58065,0.40909,1.00000,1.00000,0.61905,0.87550,1,0,0.17079,0.32489,0.31270,0.22233,0.62000,0.34000,0.48000,0.40000
combined_hard_shift,6,31,minus_articulation_graph,0.62500,0.71429,0.55556,0.16667,0.09524,0.61580,1,0,0.11858,0.14817,0.51639,0.11122,0.62000,0.34000,0.48000,0.40000
combined_hard_shift,6,31,minus_occlusion_reasoning,0.70000,0.63636,0.77778,0.33333,0.19048,0.71831,1,0,0.11335,0.17323,0.53197,0.12011,0.62000,0.34000,0.48000,0.40000
combined_hard_shift,6,31,correlation_only_causal_head,0.67925,0.51429,1.00000,1.00000,0.40476,0.83816,0,0,0.15039,0.26567,0.44546,0.16233,0.62000,0.34000,0.48000,0.40000
combined_hard_shift,6,31,mask_only_no_effect_predictor,0.66667,0.55556,0.83333,0.50000,0.28571,1.23730,1,0,0.10761,0.17340,0.33380,0.14233,0.62000,0.34000,0.48000,0.40000
combined_hard_shift,6,32,full_causal_scene_flow_model,0.72727,0.57143,1.00000,1.00000,0.33333,0.96406,1,0,0.09014,0.19063,0.50149,0.10248,0.62000,0.34000,0.48000,0.40000
combined_hard_shift,6,32,minus_action_conditioning,0.67797,0.51282,1.00000,1.00000,0.42222,0.99809,1,1,0.15166,0.24930,0.42368,0.16722,0.62000,0.34000,0.48000,0.40000
combined_hard_shift,6,32,minus_passive_flow_factor,0.59701,0.42553,1.00000,1.00000,0.60000,0.78729,0,0,0.16116,0.30306,0.33832,0.21700,0.62000,0.34000,0.48000,0.40000
combined_hard_shift,6,32,minus_articulation_graph,0.78431,0.64516,1.00000,1.00000,0.24444,0.91680,1,0,0.09271,0.16598,0.55603,0.11744,0.62000,0.34000,0.48000,0.40000
combined_hard_shift,6,32,minus_occlusion_reasoning,0.70370,0.55882,0.95000,0.85714,0.33333,0.96207,0,0,0.09643,0.18733,0.47019,0.14633,0.62000,0.34000,0.48000,0.40000
combined_hard_shift,6,32,correlation_only_causal_head,0.81633,0.68966,1.00000,1.00000,0.20000,0.88178,0,0,0.13193,0.23549,0.59439,0.10500,0.62000,0.34000,0.48000,0.40000
combined_hard_shift,6,32,mask_only_no_effect_predictor,0.72727,0.57143,1.00000,1.00000,0.33333,1.38406,0,0,0.09014,0.19063,0.36289,0.14233,0.62000,0.34000,0.48000,0.40000
combined_hard_shift,6,33,full_causal_scene_flow_model,1.00000,1.00000,1.00000,1.00000,0.00000,0.53859,0,0,0.04113,0.11666,0.82828,0.03528,0.62000,0.34000,0.48000,0.40000
combined_hard_shift,6,33,minus_action_conditioning,0.95082,0.90625,1.00000,1.00000,0.05882,0.55090,1,0,0.10422,0.17504,0.76115,0.06547,0.62000,0.34000,0.48000,0.40000
combined_hard_shift,6,33,minus_passive_flow_factor,0.78378,0.64444,1.00000,1.00000,0.31373,0.64998,1,0,0.12273,0.21932,0.56294,0.13684,0.62000,0.34000,0.48000,0.40000
combined_hard_shift,6,33,minus_articulation_graph,0.98246,1.00000,0.96552,0.90000,0.00000,0.53439,1,0,0.05090,0.09755,0.80141,0.05176,0.62000,0.34000,0.48000,0.40000
combined_hard_shift,6,33,minus_occlusion_reasoning,0.98246,1.00000,0.96552,0.90000,0.00000,0.53439,0,0,0.04969,0.11523,0.80141,0.05176,0.62000,0.34000,0.48000,0.40000
combined_hard_shift,6,33,correlation_only_causal_head,0.98246,1.00000,0.96552,0.90000,0.00000,0.53439,1,1,0.09544,0.13741,0.80141,0.05176,0.62000,0.34000,0.48000,0.40000
combined_hard_shift,6,33,mask_only_no_effect_predictor,1.00000,1.00000,1.00000,1.00000,0.00000,0.95859,1,0,0.04113,0.11666,0.65128,0.04900,0.62000,0.34000,0.48000,0.40000
combined_hard_shift,6,34,full_causal_scene_flow_model,0.80645,0.71429,0.92593,0.77778,0.24390,0.90154,1,0,0.09808,0.10059,0.58820,0.08872,0.62000,0.34000,0.48000,0.40000
combined_hard_shift,6,34,minus_action_conditioning,0.72222,0.57778,0.96296,0.88889,0.46341,1.07219,1,0,0.18551,0.18577,0.44293,0.18172,0.62000,0.34000,0.48000,0.40000
combined_hard_shift,6,34,minus_passive_flow_factor,0.88525,0.79412,1.00000,1.00000,0.17073,0.83523,1,1,0.10635,0.21454,0.65548,0.09680,0.62000,0.34000,0.48000,0.40000
combined_hard_shift,6,34,minus_articulation_graph,0.79167,0.90476,0.70370,0.33333,0.04878,0.56487,1,0,0.11824,0.06347,0.65116,0.08636,0.62000,0.34000,0.48000,0.40000
combined_hard_shift,6,34,minus_occlusion_reasoning,0.76364,0.75000,0.77778,0.33333,0.17073,0.78985,1,1,0.10937,0.09258,0.57489,0.11458,0.62000,0.34000,0.48000,0.40000
combined_hard_shift,6,34,correlation_only_causal_head,0.98113,1.00000,0.96296,0.88889,0.00000,0.56985,1,0,0.10662,0.14834,0.79694,0.05196,0.62000,0.34000,0.48000,0.40000
combined_hard_shift,6,34,mask_only_no_effect_predictor,0.80645,0.71429,0.92593,0.77778,0.24390,1.32154,1,0,0.09808,0.10059,0.44336,0.12322,0.62000,0.34000,0.48000,0.40000
combined_hard_shift,6,35,full_causal_scene_flow_model,0.63636,0.46667,1.00000,1.00000,0.60000,0.48222,0,0,0.14714,0.25817,0.41137,0.15624,0.62000,0.34000,0.48000,0.40000
combined_hard_shift,6,35,minus_action_conditioning,0.73684,0.58333,1.00000,1.00000,0.37500,0.43352,1,0,0.14626,0.23503,0.53457,0.15400,0.62000,0.34000,0.48000,0.40000
combined_hard_shift,6,35,minus_passive_flow_factor,0.52500,0.35593,1.00000,1.00000,0.95000,0.49127,0,1,0.19617,0.33230,0.21951,0.31500,0.62000,0.34000,0.48000,0.40000
combined_hard_shift,6,35,minus_articulation_graph,0.65517,0.51351,0.90476,0.71429,0.45000,0.46658,0,1,0.14830,0.22827,0.45310,0.18262,0.62000,0.34000,0.48000,0.40000
combined_hard_shift,6,35,minus_occlusion_reasoning,0.61538,0.45455,0.95238,0.85714,0.60000,0.47912,1,0,0.15403,0.25146,0.38199,0.22081,0.62000,0.34000,0.48000,0.40000
combined_hard_shift,6,35,correlation_only_causal_head,0.57534,0.40385,1.00000,1.00000,0.77500,0.46217,0,0,0.17243,0.27509,0.30666,0.26600,0.62000,0.34000,0.48000,0.40000
combined_hard_shift,6,35,mask_only_no_effect_predictor,0.63636,0.46667,1.00000,1.00000,0.60000,0.90222,1,0,0.14714,0.25817,0.23437,0.21700,0.62000,0.34000,0.48000,0.40000
combined_hard_shift,6,36,full_causal_scene_flow_model,0.71642,0.55814,1.00000,1.00000,0.35714,0.03582,0,0,0.13176,0.23650,0.58005,0.10728,0.62000,0.34000,0.48000,0.40000
combined_hard_shift,6,36,minus_action_conditioning,0.76190,0.61538,1.00000,1.00000,0.35714,0.05575,1,0,0.13301,0.22891,0.59489,0.14900,0.62000,0.34000,0.48000,0.40000
combined_hard_shift,6,36,minus_passive_flow_factor,0.77419,0.63158,1.00000,1.00000,0.33333,0.06658,1,0,0.11675,0.21944,0.60908,0.14233,0.62000,0.34000,0.48000,0.40000
combined_hard_shift,6,36,minus_articulation_graph,0.72727,0.57143,1.00000,1.00000,0.35714,0.03572,0,0,0.12861,0.21722,0.57265,0.14900,0.62000,0.34000,0.48000,0.40000
combined_hard_shift,6,36,minus_occlusion_reasoning,0.71642,0.55814,1.00000,1.00000,0.35714,0.03582,1,0,0.13290,0.23483,0.56505,0.14900,0.62000,0.34000,0.48000,0.40000
combined_hard_shift,6,36,correlation_only_causal_head,0.85714,0.75000,1.00000,1.00000,0.19048,0.14105,1,0,0.10658,0.16196,0.69970,0.10233,0.62000,0.34000,0.48000,0.40000
combined_hard_shift,6,36,mask_only_no_effect_predictor,0.71642,0.55814,1.00000,1.00000,0.35714,0.45582,0,0,0.13176,0.23650,0.40305,0.14900,0.62000,0.34000,0.48000,0.40000
combined_hard_shift,6,37,full_causal_scene_flow_model,1.00000,1.00000,1.00000,1.00000,0.00000,0.62753,1,0,0.09957,0.17762,0.81938,0.03528,0.62000,0.34000,0.48000,0.40000
combined_hard_shift,6,37,minus_action_conditioning,0.83721,0.72000,1.00000,1.00000,0.16279,0.77226,1,0,0.14908,0.22345,0.63037,0.09458,0.62000,0.34000,0.48000,0.40000
combined_hard_shift,6,37,minus_passive_flow_factor,0.51429,0.34615,1.00000,1.00000,0.79070,0.71939,0,0,0.20539,0.34782,0.23380,0.27040,0.62000,0.34000,0.48000,0.40000
combined_hard_shift,6,37,minus_articulation_graph,0.83871,1.00000,0.72222,0.66667,0.00000,0.57177,1,0,0.11842,0.15444,0.69705,0.07122,0.62000,0.34000,0.48000,0.40000
combined_hard_shift,6,37,minus_occlusion_reasoning,0.97143,1.00000,0.94444,0.83333,0.00000,0.60158,1,0,0.11254,0.17490,0.78698,0.05344,0.62000,0.34000,0.48000,0.40000
combined_hard_shift,6,37,correlation_only_causal_head,0.55385,0.38298,1.00000,1.00000,0.67442,0.67255,0,1,0.17418,0.27677,0.29873,0.23784,0.62000,0.34000,0.48000,0.40000
combined_hard_shift,6,37,mask_only_no_effect_predictor,1.00000,1.00000,1.00000,1.00000,0.00000,1.04753,1,0,0.09957,0.17762,0.64713,0.04900,0.62000,0.34000,0.48000,0.40000
combined_hard_shift,6,38,full_causal_scene_flow_model,0.74359,0.59184,1.00000,1.00000,0.51282,0.66262,0,0,0.13215,0.22469,0.49280,0.13866,0.62000,0.34000,0.48000,0.40000
combined_hard_shift,6,38,minus_action_conditioning,0.74359,0.59184,1.00000,1.00000,0.51282,0.66262,1,0,0.16985,0.23233,0.47780,0.19259,0.62000,0.34000,0.48000,0.40000
combined_hard_shift,6,38,minus_passive_flow_factor,0.74359,0.59184,1.00000,1.00000,0.51282,0.66262,0,0,0.13304,0.22563,0.47780,0.19259,0.62000,0.34000,0.48000,0.40000
combined_hard_shift,6,38,minus_articulation_graph,0.74359,0.59184,1.00000,1.00000,0.51282,0.66262,1,0,0.12668,0.19260,0.47780,0.19259,0.62000,0.34000,0.48000,0.40000
combined_hard_shift,6,38,minus_occlusion_reasoning,0.74359,0.59184,1.00000,1.00000,0.51282,0.66262,0,1,0.13207,0.21745,0.47780,0.19259,0.62000,0.34000,0.48000,0.40000
combined_hard_shift,6,38,correlation_only_causal_head,0.77333,0.63043,1.00000,1.00000,0.43590,0.63787,1,1,0.12310,0.17170,0.52263,0.17105,0.62000,0.34000,0.48000,0.40000
combined_hard_shift,6,38,mask_only_no_effect_predictor,0.74359,0.59184,1.00000,1.00000,0.51282,1.08262,0,0,0.13215,0.22469,0.32406,0.19259,0.62000,0.34000,0.48000,0.40000
combined_hard_shift,6,39,full_causal_scene_flow_model,0.69697,0.56098,0.92000,0.75000,0.40000,1.23398,0,0,0.11425,0.11387,0.45801,0.12053,0.62000,0.34000,0.48000,0.40000
combined_hard_shift,6,39,minus_action_conditioning,0.67606,0.52174,0.96000,0.87500,0.48889,1.30567,1,0,0.19021,0.20756,0.40349,0.18909,0.62000,0.34000,0.48000,0.40000
combined_hard_shift,6,39,minus_passive_flow_factor,0.76923,0.62500,1.00000,1.00000,0.33333,1.17424,0,0,0.12687,0.23949,0.51226,0.14233,0.62000,0.34000,0.48000,0.40000
combined_hard_shift,6,39,minus_articulation_graph,0.67925,0.64286,0.72000,0.37500,0.22222,1.07436,0,0,0.12928,0.07621,0.48038,0.13362,0.62000,0.34000,0.48000,0.40000
combined_hard_shift,6,39,minus_occlusion_reasoning,0.65574,0.55556,0.80000,0.37500,0.35556,1.19236,0,0,0.12236,0.10600,0.42660,0.16456,0.62000,0.34000,0.48000,0.40000
combined_hard_shift,6,39,correlation_only_causal_head,0.89286,0.80645,1.00000,1.00000,0.13333,0.96945,1,0,0.11910,0.16614,0.65786,0.08633,0.62000,0.34000,0.48000,0.40000
combined_hard_shift,6,39,mask_only_no_effect_predictor,0.69697,0.56098,0.92000,0.75000,0.40000,1.65398,1,0,0.11425,0.11387,0.32301,0.16740,0.62000,0.34000,0.48000,0.40000
combined_hard_shift,6,40,full_causal_scene_flow_model,0.73529,0.59524,0.96154,0.88889,0.45946,0.85352,1,0,0.10522,0.14196,0.48284,0.13012,0.62000,0.34000,0.48000,0.40000
combined_hard_shift,6,40,minus_action_conditioning,0.73239,0.57778,1.00000,1.00000,0.51351,0.86884,0,1,0.16495,0.20787,0.44914,0.19278,0.62000,0.34000,0.48000,0.40000
combined_hard_shift,6,40,minus_passive_flow_factor,0.73239,0.57778,1.00000,1.00000,0.51351,0.86884,1,1,0.14331,0.25422,0.44914,0.19278,0.62000,0.34000,0.48000,0.40000
combined_hard_shift,6,40,minus_articulation_graph,0.67742,0.58333,0.80769,0.44444,0.40541,0.82476,0,0,0.11564,0.10643,0.44534,0.17790,0.62000,0.34000,0.48000,0.40000
combined_hard_shift,6,40,minus_occlusion_reasoning,0.67692,0.56410,0.84615,0.55556,0.45946,0.84724,1,0,0.11159,0.13466,0.42761,0.18996,0.62000,0.34000,0.48000,0.40000
combined_hard_shift,6,40,correlation_only_causal_head,0.73239,0.57778,1.00000,1.00000,0.51351,0.86884,1,0,0.13216,0.19054,0.44914,0.19278,0.62000,0.34000,0.48000,0.40000
combined_hard_shift,6,40,mask_only_no_effect_predictor,0.73529,0.59524,0.96154,0.88889,0.45946,1.27352,1,0,0.10522,0.14196,0.33319,0.18073,0.62000,0.34000,0.48000,0.40000
combined_hard_shift,6,41,full_causal_scene_flow_model,0.73846,0.58537,1.00000,1.00000,0.33333,0.27764,1,0,0.13602,0.23237,0.57796,0.10248,0.62000,0.34000,0.48000,0.40000
combined_hard_shift,6,41,minus_action_conditioning,0.80000,0.66667,1.00000,1.00000,0.33333,0.29443,1,0,0.12759,0.22346,0.60436,0.14233,0.62000,0.34000,0.48000,0.40000
combined_hard_shift,6,41,minus_passive_flow_factor,0.80000,0.66667,1.00000,1.00000,0.33333,0.29443,0,0,0.11936,0.22864,0.60436,0.14233,0.62000,0.34000,0.48000,0.40000
combined_hard_shift,6,41,minus_articulation_graph,0.74194,0.60526,0.95833,0.87500,0.33333,0.28468,0,0,0.13462,0.22411,0.56469,0.14567,0.62000,0.34000,0.48000,0.40000
combined_hard_shift,6,41,minus_occlusion_reasoning,0.75000,0.60000,1.00000,1.00000,0.33333,0.27791,1,0,0.13740,0.23525,0.57101,0.14233,0.62000,0.34000,0.48000,0.40000
combined_hard_shift,6,41,correlation_only_causal_head,0.77966,0.65714,0.95833,0.87500,0.33333,0.30160,1,0,0.10554,0.17186,0.58940,0.14567,0.62000,0.34000,0.48000,0.40000
combined_hard_shift,6,41,mask_only_no_effect_predictor,0.73846,0.58537,1.00000,1.00000,0.33333,0.69764,0,0,0.13602,0.23237,0.40096,0.14233,0.62000,0.34000,0.48000,0.40000
