split,seed,episode_id,points,causal_points,passive_points,distractor_points,occluded_causal_points,invalid_depth_points,hidden_slip_points,passive_amp,occlusion,articulation,distractor,ego_motion,noise,depth_dropout,hidden_slip
clean_contact,0,0,128,31,26,10,1,3,1,0.14000,0.04000,0.08000,0.08000,0.03000,0.02000,0.02000,0.02000
clean_contact,0,1,128,20,31,17,1,3,0,0.14000,0.04000,0.08000,0.08000,0.03000,0.02000,0.02000,0.02000
clean_contact,0,2,128,22,23,9,1,3,0,0.14000,0.04000,0.08000,0.08000,0.03000,0.02000,0.02000,0.02000
clean_contact,0,3,128,31,32,18,1,3,1,0.14000,0.04000,0.08000,0.08000,0.03000,0.02000,0.02000,0.02000
clean_contact,0,4,128,29,23,9,1,3,1,0.14000,0.04000,0.08000,0.08000,0.03000,0.02000,0.02000,0.02000
clean_contact,0,5,128,32,31,15,1,3,1,0.14000,0.04000,0.08000,0.08000,0.03000,0.02000,0.02000,0.02000
clean_contact,0,6,128,30,25,15,1,3,1,0.14000,0.04000,0.08000,0.08000,0.03000,0.02000,0.02000,0.02000
clean_contact,0,7,128,23,33,18,1,3,0,0.14000,0.04000,0.08000,0.08000,0.03000,0.02000,0.02000,0.02000
clean_contact,0,8,128,24,22,10,1,3,0,0.14000,0.04000,0.08000,0.08000,0.03000,0.02000,0.02000,0.02000
clean_contact,0,9,128,29,23,17,1,3,1,0.14000,0.04000,0.08000,0.08000,0.03000,0.02000,0.02000,0.02000
clean_contact,0,10,128,24,30,12,1,3,0,0.14000,0.04000,0.08000,0.08000,0.03000,0.02000,0.02000,0.02000
clean_contact,0,11,128,30,24,11,1,3,1,0.14000,0.04000,0.08000,0.08000,0.03000,0.02000,0.02000,0.02000
clean_contact,0,12,128,28,33,16,1,3,1,0.14000,0.04000,0.08000,0.08000,0.03000,0.02000,0.02000,0.02000
clean_contact,0,13,128,28,30,12,1,3,1,0.14000,0.04000,0.08000,0.08000,0.03000,0.02000,0.02000,0.02000
clean_contact,0,14,128,31,23,14,1,3,1,0.14000,0.04000,0.08000,0.08000,0.03000,0.02000,0.02000,0.02000
clean_contact,0,15,128,21,33,14,1,3,0,0.14000,0.04000,0.08000,0.08000,0.03000,0.02000,0.02000,0.02000
clean_contact,0,16,128,23,26,14,1,3,0,0.14000,0.04000,0.08000,0.08000,0.03000,0.02000,0.02000,0.02000
clean_contact,0,17,128,28,28,14,1,3,1,0.14000,0.04000,0.08000,0.08000,0.03000,0.02000,0.02000,0.02000
clean_contact,0,18,128,23,29,15,1,3,0,0.14000,0.04000,0.08000,0.08000,0.03000,0.02000,0.02000,0.02000
clean_contact,0,19,128,30,32,18,1,3,1,0.14000,0.04000,0.08000,0.08000,0.03000,0.02000,0.02000,0.02000
clean_contact,0,20,128,25,32,14,1,3,0,0.14000,0.04000,0.08000,0.08000,0.03000,0.02000,0.02000,0.02000
clean_contact,0,21,128,20,33,10,1,3,0,0.14000,0.04000,0.08000,0.08000,0.03000,0.02000,0.02000,0.02000
clean_contact,0,22,128,30,31,15,1,3,1,0.14000,0.04000,0.08000,0.08000,0.03000,0.02000,0.02000,0.02000
clean_contact,0,23,128,20,32,12,1,3,0,0.14000,0.04000,0.08000,0.08000,0.03000,0.02000,0.02000,0.02000
clean_contact,0,24,128,24,30,10,1,3,0,0.14000,0.04000,0.08000,0.08000,0.03000,0.02000,0.02000,0.02000
clean_contact,0,25,128,20,24,14,1,3,0,0.14000,0.04000,0.08000,0.08000,0.03000,0.02000,0.02000,0.02000
clean_contact,0,26,128,29,29,14,1,3,1,0.14000,0.04000,0.08000,0.08000,0.03000,0.02000,0.02000,0.02000
clean_contact,0,27,128,24,25,12,1,3,0,0.14000,0.04000,0.08000,0.08000,0.03000,0.02000,0.02000,0.02000
clean_contact,0,28,128,29,25,9,1,3,1,0.14000,0.04000,0.08000,0.08000,0.03000,0.02000,0.02000,0.02000
clean_contact,0,29,128,28,27,9,1,3,1,0.14000,0.04000,0.08000,0.08000,0.03000,0.02000,0.02000,0.02000
clean_contact,0,30,128,25,31,10,1,3,0,0.14000,0.04000,0.08000,0.08000,0.03000,0.02000,0.02000,0.02000
clean_contact,0,31,128,23,31,10,1,3,0,0.14000,0.04000,0.08000,0.08000,0.03000,0.02000,0.02000,0.02000
clean_contact,0,32,128,28,25,12,1,3,1,0.14000,0.04000,0.08000,0.08000,0.03000,0.02000,0.02000,0.02000
clean_contact,0,33,128,25,31,13,1,3,0,0.14000,0.04000,0.08000,0.08000,0.03000,0.02000,0.02000,0.02000
clean_contact,0,34,128,22,23,18,1,3,0,0.14000,0.04000,0.08000,0.08000,0.03000,0.02000,0.02000,0.02000
clean_contact,0,35,128,33,30,10,1,3,1,0.14000,0.04000,0.08000,0.08000,0.03000,0.02000,0.02000,0.02000
clean_contact,0,36,128,24,22,13,1,3,0,0.14000,0.04000,0.08000,0.08000,0.03000,0.02000,0.02000,0.02000
clean_contact,0,37,128,24,24,18,1,3,0,0.14000,0.04000,0.08000,0.08000,0.03000,0.02000,0.02000,0.02000
clean_contact,0,38,128,22,28,12,1,3,0,0.14000,0.04000,0.08000,0.08000,0.03000,0.02000,0.02000,0.02000
clean_contact,0,39,128,28,28,16,1,3,1,0.14000,0.04000,0.08000,0.08000,0.03000,0.02000,0.02000,0.02000
clean_contact,0,40,128,25,24,12,1,3,0,0.14000,0.04000,0.08000,0.08000,0.03000,0.02000,0.02000,0.02000
clean_contact,0,41,128,28,23,11,1,3,1,0.14000,0.04000,0.08000,0.08000,0.03000,0.02000,0.02000,0.02000
clean_contact,0,42,128,29,26,11,1,3,1,0.14000,0.04000,0.08000,0.08000,0.03000,0.02000,0.02000,0.02000
clean_contact,0,43,128,32,30,10,1,3,1,0.14000,0.04000,0.08000,0.08000,0.03000,0.02000,0.02000,0.02000
clean_contact,0,44,128,24,24,15,1,3,0,0.14000,0.04000,0.08000,0.08000,0.03000,0.02000,0.02000,0.02000
clean_contact,0,45,128,20,32,11,1,3,0,0.14000,0.04000,0.08000,0.08000,0.03000,0.02000,0.02000,0.02000
clean_contact,0,46,128,21,32,12,1,3,0,0.14000,0.04000,0.08000,0.08000,0.03000,0.02000,0.02000,0.02000
clean_contact,0,47,128,25,26,13,1,3,0,0.14000,0.04000,0.08000,0.08000,0.03000,0.02000,0.02000,0.02000
clean_contact,0,48,128,31,32,14,1,3,1,0.14000,0.04000,0.08000,0.08000,0.03000,0.02000,0.02000,0.02000
clean_contact,0,49,128,29,24,17,1,3,1,0.14000,0.04000,0.08000,0.08000,0.03000,0.02000,0.02000,0.02000
clean_contact,0,50,128,32,24,16,1,3,1,0.14000,0.04000,0.08000,0.08000,0.03000,0.02000,0.02000,0.02000
clean_contact,0,51,128,32,29,18,1,3,1,0.14000,0.04000,0.08000,0.08000,0.03000,0.02000,0.02000,0.02000
clean_contact,0,52,128,23,22,12,1,3,0,0.14000,0.04000,0.08000,0.08000,0.03000,0.02000,0.02000,0.02000
clean_contact,0,53,128,33,22,10,1,3,1,0.14000,0.04000,0.08000,0.08000,0.03000,0.02000,0.02000,0.02000
clean_contact,0,54,128,29,23,13,1,3,1,0.14000,0.04000,0.08000,0.08000,0.03000,0.02000,0.02000,0.02000
clean_contact,0,55,128,28,23,11,1,3,1,0.14000,0.04000,0.08000,0.08000,0.03000,0.02000,0.02000,0.02000
clean_contact,0,56,128,30,28,18,1,3,1,0.14000,0.04000,0.08000,0.08000,0.03000,0.02000,0.02000,0.02000
clean_contact,0,57,128,27,25,14,1,3,1,0.14000,0.04000,0.08000,0.08000,0.03000,0.02000,0.02000,0.02000
clean_contact,0,58,128,21,23,9,1,3,0,0.14000,0.04000,0.08000,0.08000,0.03000,0.02000,0.02000,0.02000
clean_contact,0,59,128,32,33,15,1,3,1,0.14000,0.04000,0.08000,0.08000,0.03000,0.02000,0.02000,0.02000
clean_contact,0,60,128,30,29,9,1,3,1,0.14000,0.04000,0.08000,0.08000,0.03000,0.02000,0.02000,0.02000
clean_contact,0,61,128,31,30,12,1,3,1,0.14000,0.04000,0.08000,0.08000,0.03000,0.02000,0.02000,0.02000
clean_contact,0,62,128,21,24,11,1,3,0,0.14000,0.04000,0.08000,0.08000,0.03000,0.02000,0.02000,0.02000
clean_contact,0,63,128,24,25,18,1,3,0,0.14000,0.04000,0.08000,0.08000,0.03000,0.02000,0.02000,0.02000
clean_contact,1,0,128,22,26,11,1,3,0,0.14000,0.04000,0.08000,0.08000,0.03000,0.02000,0.02000,0.02000
clean_contact,1,1,128,30,33,10,1,3,1,0.14000,0.04000,0.08000,0.08000,0.03000,0.02000,0.02000,0.02000
clean_contact,1,2,128,29,23,12,1,3,1,0.14000,0.04000,0.08000,0.08000,0.03000,0.02000,0.02000,0.02000
clean_contact,1,3,128,20,31,9,1,3,0,0.14000,0.04000,0.08000,0.08000,0.03000,0.02000,0.02000,0.02000
clean_contact,1,4,128,23,29,15,1,3,0,0.14000,0.04000,0.08000,0.08000,0.03000,0.02000,0.02000,0.02000
clean_contact,1,5,128,32,26,13,1,3,1,0.14000,0.04000,0.08000,0.08000,0.03000,0.02000,0.02000,0.02000
clean_contact,1,6,128,21,27,17,1,3,0,0.14000,0.04000,0.08000,0.08000,0.03000,0.02000,0.02000,0.02000
clean_contact,1,7,128,25,22,12,1,3,0,0.14000,0.04000,0.08000,0.08000,0.03000,0.02000,0.02000,0.02000
clean_contact,1,8,128,33,28,9,1,3,1,0.14000,0.04000,0.08000,0.08000,0.03000,0.02000,0.02000,0.02000
clean_contact,1,9,128,30,24,12,1,3,1,0.14000,0.04000,0.08000,0.08000,0.03000,0.02000,0.02000,0.02000
clean_contact,1,10,128,21,30,16,1,3,0,0.14000,0.04000,0.08000,0.08000,0.03000,0.02000,0.02000,0.02000
clean_contact,1,11,128,33,23,9,1,3,1,0.14000,0.04000,0.08000,0.08000,0.03000,0.02000,0.02000,0.02000
clean_contact,1,12,128,33,26,12,1,3,1,0.14000,0.04000,0.08000,0.08000,0.03000,0.02000,0.02000,0.02000
clean_contact,1,13,128,30,24,13,1,3,1,0.14000,0.04000,0.08000,0.08000,0.03000,0.02000,0.02000,0.02000
clean_contact,1,14,128,20,33,11,1,3,0,0.14000,0.04000,0.08000,0.08000,0.03000,0.02000,0.02000,0.02000
clean_contact,1,15,128,26,24,10,1,3,1,0.14000,0.04000,0.08000,0.08000,0.03000,0.02000,0.02000,0.02000
clean_contact,1,16,128,24,26,15,1,3,0,0.14000,0.04000,0.08000,0.08000,0.03000,0.02000,0.02000,0.02000
clean_contact,1,17,128,29,31,18,1,3,1,0.14000,0.04000,0.08000,0.08000,0.03000,0.02000,0.02000,0.02000
clean_contact,1,18,128,24,22,15,1,3,0,0.14000,0.04000,0.08000,0.08000,0.03000,0.02000,0.02000,0.02000
clean_contact,1,19,128,25,22,17,1,3,0,0.14000,0.04000,0.08000,0.08000,0.03000,0.02000,0.02000,0.02000
clean_contact,1,20,128,31,28,18,1,3,1,0.14000,0.04000,0.08000,0.08000,0.03000,0.02000,0.02000,0.02000
clean_contact,1,21,128,26,30,16,1,3,1,0.14000,0.04000,0.08000,0.08000,0.03000,0.02000,0.02000,0.02000
clean_contact,1,22,128,28,23,15,1,3,1,0.14000,0.04000,0.08000,0.08000,0.03000,0.02000,0.02000,0.02000
clean_contact,1,23,128,23,32,12,1,3,0,0.14000,0.04000,0.08000,0.08000,0.03000,0.02000,0.02000,0.02000
clean_contact,1,24,128,31,27,11,1,3,1,0.14000,0.04000,0.08000,0.08000,0.03000,0.02000,0.02000,0.02000
clean_contact,1,25,128,31,26,17,1,3,1,0.14000,0.04000,0.08000,0.08000,0.03000,0.02000,0.02000,0.02000
clean_contact,1,26,128,32,29,13,1,3,1,0.14000,0.04000,0.08000,0.08000,0.03000,0.02000,0.02000,0.02000
clean_contact,1,27,128,26,25,14,1,3,1,0.14000,0.04000,0.08000,0.08000,0.03000,0.02000,0.02000,0.02000
clean_contact,1,28,128,28,33,11,1,3,1,0.14000,0.04000,0.08000,0.08000,0.03000,0.02000,0.02000,0.02000
clean_contact,1,29,128,21,30,11,1,3,0,0.14000,0.04000,0.08000,0.08000,0.03000,0.02000,0.02000,0.02000
clean_contact,1,30,128,20,33,13,1,3,0,0.14000,0.04000,0.08000,0.08000,0.03000,0.02000,0.02000,0.02000
clean_contact,1,31,128,32,30,15,1,3,1,0.14000,0.04000,0.08000,0.08000,0.03000,0.02000,0.02000,0.02000
clean_contact,1,32,128,33,24,18,1,3,1,0.14000,0.04000,0.08000,0.08000,0.03000,0.02000,0.02000,0.02000
clean_contact,1,33,128,25,32,11,1,3,0,0.14000,0.04000,0.08000,0.08000,0.03000,0.02000,0.02000,0.02000
clean_contact,1,34,128,27,24,16,1,3,1,0.14000,0.04000,0.08000,0.08000,0.03000,0.02000,0.02000,0.02000
clean_contact,1,35,128,23,30,15,1,3,0,0.14000,0.04000,0.08000,0.08000,0.03000,0.02000,0.02000,0.02000
clean_contact,1,36,128,21,25,14,1,3,0,0.14000,0.04000,0.08000,0.08000,0.03000,0.02000,0.02000,0.02000
clean_contact,1,37,128,26,28,17,1,3,1,0.14000,0.04000,0.08000,0.08000,0.03000,0.02000,0.02000,0.02000
clean_contact,1,38,128,33,25,9,1,3,1,0.14000,0.04000,0.08000,0.08000,0.03000,0.02000,0.02000,0.02000
clean_contact,1,39,128,26,22,18,1,3,1,0.14000,0.04000,0.08000,0.08000,0.03000,0.02000,0.02000,0.02000
clean_contact,1,40,128,31,22,14,1,3,1,0.14000,0.04000,0.08000,0.08000,0.03000,0.02000,0.02000,0.02000
clean_contact,1,41,128,32,29,15,1,3,1,0.14000,0.04000,0.08000,0.08000,0.03000,0.02000,0.02000,0.02000
clean_contact,1,42,128,20,23,16,1,3,0,0.14000,0.04000,0.08000,0.08000,0.03000,0.02000,0.02000,0.02000
clean_contact,1,43,128,33,33,17,1,3,1,0.14000,0.04000,0.08000,0.08000,0.03000,0.02000,0.02000,0.02000
clean_contact,1,44,128,28,32,9,1,3,1,0.14000,0.04000,0.08000,0.08000,0.03000,0.02000,0.02000,0.02000
clean_contact,1,45,128,22,28,15,1,3,0,0.14000,0.04000,0.08000,0.08000,0.03000,0.02000,0.02000,0.02000
clean_contact,1,46,128,23,32,18,1,3,0,0.14000,0.04000,0.08000,0.08000,0.03000,0.02000,0.02000,0.02000
clean_contact,1,47,128,30,28,18,1,3,1,0.14000,0.04000,0.08000,0.08000,0.03000,0.02000,0.02000,0.02000
clean_contact,1,48,128,27,33,13,1,3,1,0.14000,0.04000,0.08000,0.08000,0.03000,0.02000,0.02000,0.02000
clean_contact,1,49,128,33,31,13,1,3,1,0.14000,0.04000,0.08000,0.08000,0.03000,0.02000,0.02000,0.02000
clean_contact,1,50,128,22,29,13,1,3,0,0.14000,0.04000,0.08000,0.08000,0.03000,0.02000,0.02000,0.02000
clean_contact,1,51,128,29,25,13,1,3,1,0.14000,0.04000,0.08000,0.08000,0.03000,0.02000,0.02000,0.02000
clean_contact,1,52,128,32,24,16,1,3,1,0.14000,0.04000,0.08000,0.08000,0.03000,0.02000,0.02000,0.02000
clean_contact,1,53,128,21,28,14,1,3,0,0.14000,0.04000,0.08000,0.08000,0.03000,0.02000,0.02000,0.02000
clean_contact,1,54,128,26,26,13,1,3,1,0.14000,0.04000,0.08000,0.08000,0.03000,0.02000,0.02000,0.02000
clean_contact,1,55,128,20,32,15,1,3,0,0.14000,0.04000,0.08000,0.08000,0.03000,0.02000,0.02000,0.02000
clean_contact,1,56,128,27,23,10,1,3,1,0.14000,0.04000,0.08000,0.08000,0.03000,0.02000,0.02000,0.02000
clean_contact,1,57,128,29,27,16,1,3,1,0.14000,0.04000,0.08000,0.08000,0.03000,0.02000,0.02000,0.02000
clean_contact,1,58,128,30,25,10,1,3,1,0.14000,0.04000,0.08000,0.08000,0.03000,0.02000,0.02000,0.02000
clean_contact,1,59,128,22,23,13,1,3,0,0.14000,0.04000,0.08000,0.08000,0.03000,0.02000,0.02000,0.02000
clean_contact,1,60,128,33,33,9,1,3,1,0.14000,0.04000,0.08000,0.08000,0.03000,0.02000,0.02000,0.02000
clean_contact,1,61,128,30,27,10,1,3,1,0.14000,0.04000,0.08000,0.08000,0.03000,0.02000,0.02000,0.02000
clean_contact,1,62,128,23,26,9,1,3,0,0.14000,0.04000,0.08000,0.08000,0.03000,0.02000,0.02000,0.02000
clean_contact,1,63,128,21,28,17,1,3,0,0.14000,0.04000,0.08000,0.08000,0.03000,0.02000,0.02000,0.02000
clean_contact,2,0,128,28,29,18,1,3,1,0.14000,0.04000,0.08000,0.08000,0.03000,0.02000,0.02000,0.02000
clean_contact,2,1,128,25,28,14,1,3,0,0.14000,0.04000,0.08000,0.08000,0.03000,0.02000,0.02000,0.02000
clean_contact,2,2,128,31,23,9,1,3,1,0.14000,0.04000,0.08000,0.08000,0.03000,0.02000,0.02000,0.02000
clean_contact,2,3,128,30,25,15,1,3,1,0.14000,0.04000,0.08000,0.08000,0.03000,0.02000,0.02000,0.02000
clean_contact,2,4,128,21,25,15,1,3,0,0.14000,0.04000,0.08000,0.08000,0.03000,0.02000,0.02000,0.02000
clean_contact,2,5,128,20,23,17,1,3,0,0.14000,0.04000,0.08000,0.08000,0.03000,0.02000,0.02000,0.02000
clean_contact,2,6,128,29,25,13,1,3,1,0.14000,0.04000,0.08000,0.08000,0.03000,0.02000,0.02000,0.02000
clean_contact,2,7,128,30,27,14,1,3,1,0.14000,0.04000,0.08000,0.08000,0.03000,0.02000,0.02000,0.02000
clean_contact,2,8,128,24,33,13,1,3,0,0.14000,0.04000,0.08000,0.08000,0.03000,0.02000,0.02000,0.02000
clean_contact,2,9,128,24,23,12,1,3,0,0.14000,0.04000,0.08000,0.08000,0.03000,0.02000,0.02000,0.02000
clean_contact,2,10,128,26,25,14,1,3,1,0.14000,0.04000,0.08000,0.08000,0.03000,0.02000,0.02000,0.02000
clean_contact,2,11,128,22,29,17,1,3,0,0.14000,0.04000,0.08000,0.08000,0.03000,0.02000,0.02000,0.02000
clean_contact,2,12,128,31,31,18,1,3,1,0.14000,0.04000,0.08000,0.08000,0.03000,0.02000,0.02000,0.02000
clean_contact,2,13,128,30,25,15,1,3,1,0.14000,0.04000,0.08000,0.08000,0.03000,0.02000,0.02000,0.02000
clean_contact,2,14,128,25,26,15,1,3,0,0.14000,0.04000,0.08000,0.08000,0.03000,0.02000,0.02000,0.02000
clean_contact,2,15,128,26,24,11,1,3,1,0.14000,0.04000,0.08000,0.08000,0.03000,0.02000,0.02000,0.02000
clean_contact,2,16,128,25,22,15,1,3,0,0.14000,0.04000,0.08000,0.08000,0.03000,0.02000,0.02000,0.02000
clean_contact,2,17,128,22,27,11,1,3,0,0.14000,0.04000,0.08000,0.08000,0.03000,0.02000,0.02000,0.02000
clean_contact,2,18,128,23,22,10,1,3,0,0.14000,0.04000,0.08000,0.08000,0.03000,0.02000,0.02000,0.02000
clean_contact,2,19,128,27,30,17,1,3,1,0.14000,0.04000,0.08000,0.08000,0.03000,0.02000,0.02000,0.02000
clean_contact,2,20,128,28,22,16,1,3,1,0.14000,0.04000,0.08000,0.08000,0.03000,0.02000,0.02000,0.02000
clean_contact,2,21,128,30,32,17,1,3,1,0.14000,0.04000,0.08000,0.08000,0.03000,0.02000,0.02000,0.02000
clean_contact,2,22,128,31,30,11,1,3,1,0.14000,0.04000,0.08000,0.08000,0.03000,0.02000,0.02000,0.02000
clean_contact,2,23,128,23,26,14,1,3,0,0.14000,0.04000,0.08000,0.08000,0.03000,0.02000,0.02000,0.02000
clean_contact,2,24,128,26,24,16,1,3,1,0.14000,0.04000,0.08000,0.08000,0.03000,0.02000,0.02000,0.02000
clean_contact,2,25,128,28,28,14,1,3,1,0.14000,0.04000,0.08000,0.08000,0.03000,0.02000,0.02000,0.02000
clean_contact,2,26,128,31,24,15,1,3,1,0.14000,0.04000,0.08000,0.08000,0.03000,0.02000,0.02000,0.02000
clean_contact,2,27,128,23,27,10,1,3,0,0.14000,0.04000,0.08000,0.08000,0.03000,0.02000,0.02000,0.02000
clean_contact,2,28,128,33,22,9,1,3,1,0.14000,0.04000,0.08000,0.08000,0.03000,0.02000,0.02000,0.02000
clean_contact,2,29,128,22,25,18,1,3,0,0.14000,0.04000,0.08000,0.08000,0.03000,0.02000,0.02000,0.02000
clean_contact,2,30,128,25,27,9,1,3,0,0.14000,0.04000,0.08000,0.08000,0.03000,0.02000,0.02000,0.02000
clean_contact,2,31,128,29,26,18,1,3,1,0.14000,0.04000,0.08000,0.08000,0.03000,0.02000,0.02000,0.02000
clean_contact,2,32,128,21,23,13,1,3,0,0.14000,0.04000,0.08000,0.08000,0.03000,0.02000,0.02000,0.02000
clean_contact,2,33,128,30,27,14,1,3,1,0.14000,0.04000,0.08000,0.08000,0.03000,0.02000,0.02000,0.02000
clean_contact,2,34,128,27,26,14,1,3,1,0.14000,0.04000,0.08000,0.08000,0.03000,0.02000,0.02000,0.02000
clean_contact,2,35,128,25,24,18,1,3,0,0.14000,0.04000,0.08000,0.08000,0.03000,0.02000,0.02000,0.02000
clean_contact,2,36,128,31,27,9,1,3,1,0.14000,0.04000,0.08000,0.08000,0.03000,0.02000,0.02000,0.02000
clean_contact,2,37,128,33,31,10,1,3,1,0.14000,0.04000,0.08000,0.08000,0.03000,0.02000,0.02000,0.02000
clean_contact,2,38,128,21,26,18,1,3,0,0.14000,0.04000,0.08000,0.08000,0.03000,0.02000,0.02000,0.02000
clean_contact,2,39,128,26,29,10,1,3,1,0.14000,0.04000,0.08000,0.08000,0.03000,0.02000,0.02000,0.02000
clean_contact,2,40,128,31,27,17,1,3,1,0.14000,0.04000,0.08000,0.08000,0.03000,0.02000,0.02000,0.02000
clean_contact,2,41,128,26,31,10,1,3,1,0.14000,0.04000,0.08000,0.08000,0.03000,0.02000,0.02000,0.02000
clean_contact,2,42,128,27,22,10,1,3,1,0.14000,0.04000,0.08000,0.08000,0.03000,0.02000,0.02000,0.02000
clean_contact,2,43,128,28,22,15,1,3,1,0.14000,0.04000,0.08000,0.08000,0.03000,0.02000,0.02000,0.02000
clean_contact,2,44,128,20,28,10,1,3,0,0.14000,0.04000,0.08000,0.08000,0.03000,0.02000,0.02000,0.02000
clean_contact,2,45,128,32,25,16,1,3,1,0.14000,0.04000,0.08000,0.08000,0.03000,0.02000,0.02000,0.02000
clean_contact,2,46,128,29,30,14,1,3,1,0.14000,0.04000,0.08000,0.08000,0.03000,0.02000,0.02000,0.02000
clean_contact,2,47,128,30,24,14,1,3,1,0.14000,0.04000,0.08000,0.08000,0.03000,0.02000,0.02000,0.02000
clean_contact,2,48,128,26,33,18,1,3,1,0.14000,0.04000,0.08000,0.08000,0.03000,0.02000,0.02000,0.02000
clean_contact,2,49,128,22,23,13,1,3,0,0.14000,0.04000,0.08000,0.08000,0.03000,0.02000,0.02000,0.02000
clean_contact,2,50,128,24,27,15,1,3,0,0.14000,0.04000,0.08000,0.08000,0.03000,0.02000,0.02000,0.02000
clean_contact,2,51,128,27,23,13,1,3,1,0.14000,0.04000,0.08000,0.08000,0.03000,0.02000,0.02000,0.02000
clean_contact,2,52,128,29,27,16,1,3,1,0.14000,0.04000,0.08000,0.08000,0.03000,0.02000,0.02000,0.02000
clean_contact,2,53,128,22,27,14,1,3,0,0.14000,0.04000,0.08000,0.08000,0.03000,0.02000,0.02000,0.02000
clean_contact,2,54,128,22,30,17,1,3,0,0.14000,0.04000,0.08000,0.08000,0.03000,0.02000,0.02000,0.02000
clean_contact,2,55,128,30,22,16,1,3,1,0.14000,0.04000,0.08000,0.08000,0.03000,0.02000,0.02000,0.02000
clean_contact,2,56,128,27,25,10,1,3,1,0.14000,0.04000,0.08000,0.08000,0.03000,0.02000,0.02000,0.02000
clean_contact,2,57,128,30,27,17,1,3,1,0.14000,0.04000,0.08000,0.08000,0.03000,0.02000,0.02000,0.02000
clean_contact,2,58,128,33,26,9,1,3,1,0.14000,0.04000,0.08000,0.08000,0.03000,0.02000,0.02000,0.02000
clean_contact,2,59,128,33,23,10,1,3,1,0.14000,0.04000,0.08000,0.08000,0.03000,0.02000,0.02000,0.02000
clean_contact,2,60,128,31,27,16,1,3,1,0.14000,0.04000,0.08000,0.08000,0.03000,0.02000,0.02000,0.02000
clean_contact,2,61,128,20,25,15,1,3,0,0.14000,0.04000,0.08000,0.08000,0.03000,0.02000,0.02000,0.02000
clean_contact,2,62,128,26,23,14,1,3,1,0.14000,0.04000,0.08000,0.08000,0.03000,0.02000,0.02000,0.02000
clean_contact,2,63,128,32,28,17,1,3,1,0.14000,0.04000,0.08000,0.08000,0.03000,0.02000,0.02000,0.02000
clean_contact,3,0,128,32,30,14,1,3,1,0.14000,0.04000,0.08000,0.08000,0.03000,0.02000,0.02000,0.02000
clean_contact,3,1,128,33,28,11,1,3,1,0.14000,0.04000,0.08000,0.08000,0.03000,0.02000,0.02000,0.02000
clean_contact,3,2,128,23,26,18,1,3,0,0.14000,0.04000,0.08000,0.08000,0.03000,0.02000,0.02000,0.02000
clean_contact,3,3,128,27,33,11,1,3,1,0.14000,0.04000,0.08000,0.08000,0.03000,0.02000,0.02000,0.02000
clean_contact,3,4,128,26,31,12,1,3,1,0.14000,0.04000,0.08000,0.08000,0.03000,0.02000,0.02000,0.02000
clean_contact,3,5,128,22,27,18,1,3,0,0.14000,0.04000,0.08000,0.08000,0.03000,0.02000,0.02000,0.02000
clean_contact,3,6,128,32,29,11,1,3,1,0.14000,0.04000,0.08000,0.08000,0.03000,0.02000,0.02000,0.02000
clean_contact,3,7,128,20,33,18,1,3,0,0.14000,0.04000,0.08000,0.08000,0.03000,0.02000,0.02000,0.02000
clean_contact,3,8,128,21,27,9,1,3,0,0.14000,0.04000,0.08000,0.08000,0.03000,0.02000,0.02000,0.02000
clean_contact,3,9,128,33,24,16,1,3,1,0.14000,0.04000,0.08000,0.08000,0.03000,0.02000,0.02000,0.02000
clean_contact,3,10,128,25,26,10,1,3,0,0.14000,0.04000,0.08000,0.08000,0.03000,0.02000,0.02000,0.02000
clean_contact,3,11,128,30,27,13,1,3,1,0.14000,0.04000,0.08000,0.08000,0.03000,0.02000,0.02000,0.02000
clean_contact,3,12,128,24,24,10,1,3,0,0.14000,0.04000,0.08000,0.08000,0.03000,0.02000,0.02000,0.02000
clean_contact,3,13,128,22,23,13,1,3,0,0.14000,0.04000,0.08000,0.08000,0.03000,0.02000,0.02000,0.02000
clean_contact,3,14,128,23,28,11,1,3,0,0.14000,0.04000,0.08000,0.08000,0.03000,0.02000,0.02000,0.02000
clean_contact,3,15,128,23,30,11,1,3,0,0.14000,0.04000,0.08000,0.08000,0.03000,0.02000,0.02000,0.02000
clean_contact,3,16,128,25,28,16,1,3,0,0.14000,0.04000,0.08000,0.08000,0.03000,0.02000,0.02000,0.02000
clean_contact,3,17,128,26,30,12,1,3,1,0.14000,0.04000,0.08000,0.08000,0.03000,0.02000,0.02000,0.02000
clean_contact,3,18,128,21,24,16,1,3,0,0.14000,0.04000,0.08000,0.08000,0.03000,0.02000,0.02000,0.02000
clean_contact,3,19,128,31,29,18,1,3,1,0.14000,0.04000,0.08000,0.08000,0.03000,0.02000,0.02000,0.02000
clean_contact,3,20,128,26,27,15,1,3,1,0.14000,0.04000,0.08000,0.08000,0.03000,0.02000,0.02000,0.02000
clean_contact,3,21,128,21,32,15,1,3,0,0.14000,0.04000,0.08000,0.08000,0.03000,0.02000,0.02000,0.02000
clean_contact,3,22,128,24,25,12,1,3,0,0.14000,0.04000,0.08000,0.08000,0.03000,0.02000,0.02000,0.02000
clean_contact,3,23,128,22,22,12,1,3,0,0.14000,0.04000,0.08000,0.08000,0.03000,0.02000,0.02000,0.02000
clean_contact,3,24,128,22,23,14,1,3,0,0.14000,0.04000,0.08000,0.08000,0.03000,0.02000,0.02000,0.02000
clean_contact,3,25,128,26,22,11,1,3,1,0.14000,0.04000,0.08000,0.08000,0.03000,0.02000,0.02000,0.02000
clean_contact,3,26,128,21,28,15,1,3,0,0.14000,0.04000,0.08000,0.08000,0.03000,0.02000,0.02000,0.02000
clean_contact,3,27,128,26,28,12,1,3,1,0.14000,0.04000,0.08000,0.08000,0.03000,0.02000,0.02000,0.02000
clean_contact,3,28,128,21,27,16,1,3,0,0.14000,0.04000,0.08000,0.08000,0.03000,0.02000,0.02000,0.02000
clean_contact,3,29,128,23,27,17,1,3,0,0.14000,0.04000,0.08000,0.08000,0.03000,0.02000,0.02000,0.02000
clean_contact,3,30,128,22,29,16,1,3,0,0.14000,0.04000,0.08000,0.08000,0.03000,0.02000,0.02000,0.02000
clean_contact,3,31,128,22,26,15,1,3,0,0.14000,0.04000,0.08000,0.08000,0.03000,0.02000,0.02000,0.02000
clean_contact,3,32,128,21,22,13,1,3,0,0.14000,0.04000,0.08000,0.08000,0.03000,0.02000,0.02000,0.02000
clean_contact,3,33,128,23,25,11,1,3,0,0.14000,0.04000,0.08000,0.08000,0.03000,0.02000,0.02000,0.02000
clean_contact,3,34,128,32,31,18,1,3,1,0.14000,0.04000,0.08000,0.08000,0.03000,0.02000,0.02000,0.02000
clean_contact,3,35,128,25,24,13,1,3,0,0.14000,0.04000,0.08000,0.08000,0.03000,0.02000,0.02000,0.02000
clean_contact,3,36,128,20,22,16,1,3,0,0.14000,0.04000,0.08000,0.08000,0.03000,0.02000,0.02000,0.02000
clean_contact,3,37,128,32,26,12,1,3,1,0.14000,0.04000,0.08000,0.08000,0.03000,0.02000,0.02000,0.02000
clean_contact,3,38,128,21,28,10,1,3,0,0.14000,0.04000,0.08000,0.08000,0.03000,0.02000,0.02000,0.02000
clean_contact,3,39,128,27,31,16,1,3,1,0.14000,0.04000,0.08000,0.08000,0.03000,0.02000,0.02000,0.02000
clean_contact,3,40,128,25,33,14,1,3,0,0.14000,0.04000,0.08000,0.08000,0.03000,0.02000,0.02000,0.02000
clean_contact,3,41,128,21,31,10,1,3,0,0.14000,0.04000,0.08000,0.08000,0.03000,0.02000,0.02000,0.02000
clean_contact,3,42,128,30,24,18,1,3,1,0.14000,0.04000,0.08000,0.08000,0.03000,0.02000,0.02000,0.02000
clean_contact,3,43,128,20,22,13,1,3,0,0.14000,0.04000,0.08000,0.08000,0.03000,0.02000,0.02000,0.02000
clean_contact,3,44,128,28,30,12,1,3,1,0.14000,0.04000,0.08000,0.08000,0.03000,0.02000,0.02000,0.02000
clean_contact,3,45,128,25,26,12,1,3,0,0.14000,0.04000,0.08000,0.08000,0.03000,0.02000,0.02000,0.02000
clean_contact,3,46,128,27,24,11,1,3,1,0.14000,0.04000,0.08000,0.08000,0.03000,0.02000,0.02000,0.02000
clean_contact,3,47,128,22,26,17,1,3,0,0.14000,0.04000,0.08000,0.08000,0.03000,0.02000,0.02000,0.02000
clean_contact,3,48,128,27,26,12,1,3,1,0.14000,0.04000,0.08000,0.08000,0.03000,0.02000,0.02000,0.02000
clean_contact,3,49,128,23,25,17,1,3,0,0.14000,0.04000,0.08000,0.08000,0.03000,0.02000,0.02000,0.02000
clean_contact,3,50,128,24,25,16,1,3,0,0.14000,0.04000,0.08000,0.08000,0.03000,0.02000,0.02000,0.02000
clean_contact,3,51,128,25,30,9,1,3,0,0.14000,0.04000,0.08000,0.08000,0.03000,0.02000,0.02000,0.02000
clean_contact,3,52,128,27,27,13,1,3,1,0.14000,0.04000,0.08000,0.08000,0.03000,0.02000,0.02000,0.02000
clean_contact,3,53,128,23,25,11,1,3,0,0.14000,0.04000,0.08000,0.08000,0.03000,0.02000,0.02000,0.02000
clean_contact,3,54,128,23,27,14,1,3,0,0.14000,0.04000,0.08000,0.08000,0.03000,0.02000,0.02000,0.02000
clean_contact,3,55,128,31,31,15,1,3,1,0.14000,0.04000,0.08000,0.08000,0.03000,0.02000,0.02000,0.02000
clean_contact,3,56,128,21,22,17,1,3,0,0.14000,0.04000,0.08000,0.08000,0.03000,0.02000,0.02000,0.02000
clean_contact,3,57,128,24,28,11,1,3,0,0.14000,0.04000,0.08000,0.08000,0.03000,0.02000,0.02000,0.02000
clean_contact,3,58,128,21,30,9,1,3,0,0.14000,0.04000,0.08000,0.08000,0.03000,0.02000,0.02000,0.02000
clean_contact,3,59,128,30,29,17,1,3,1,0.14000,0.04000,0.08000,0.08000,0.03000,0.02000,0.02000,0.02000
clean_contact,3,60,128,23,28,17,1,3,0,0.14000,0.04000,0.08000,0.08000,0.03000,0.02000,0.02000,0.02000
clean_contact,3,61,128,21,25,10,1,3,0,0.14000,0.04000,0.08000,0.08000,0.03000,0.02000,0.02000,0.02000
clean_contact,3,62,128,25,25,14,1,3,0,0.14000,0.04000,0.08000,0.08000,0.03000,0.02000,0.02000,0.02000
clean_contact,3,63,128,30,23,9,1,3,1,0.14000,0.04000,0.08000,0.08000,0.03000,0.02000,0.02000,0.02000
clean_contact,4,0,128,32,25,12,1,3,1,0.14000,0.04000,0.08000,0.08000,0.03000,0.02000,0.02000,0.02000
clean_contact,4,1,128,30,27,14,1,3,1,0.14000,0.04000,0.08000,0.08000,0.03000,0.02000,0.02000,0.02000
clean_contact,4,2,128,28,32,18,1,3,1,0.14000,0.04000,0.08000,0.08000,0.03000,0.02000,0.02000,0.02000
clean_contact,4,3,128,23,24,13,1,3,0,0.14000,0.04000,0.08000,0.08000,0.03000,0.02000,0.02000,0.02000
clean_contact,4,4,128,21,30,10,1,3,0,0.14000,0.04000,0.08000,0.08000,0.03000,0.02000,0.02000,0.02000
clean_contact,4,5,128,20,24,13,1,3,0,0.14000,0.04000,0.08000,0.08000,0.03000,0.02000,0.02000,0.02000
clean_contact,4,6,128,28,22,15,1,3,1,0.14000,0.04000,0.08000,0.08000,0.03000,0.02000,0.02000,0.02000
clean_contact,4,7,128,30,29,10,1,3,1,0.14000,0.04000,0.08000,0.08000,0.03000,0.02000,0.02000,0.02000
clean_contact,4,8,128,25,23,11,1,3,0,0.14000,0.04000,0.08000,0.08000,0.03000,0.02000,0.02000,0.02000
clean_contact,4,9,128,33,32,12,1,3,1,0.14000,0.04000,0.08000,0.08000,0.03000,0.02000,0.02000,0.02000
clean_contact,4,10,128,31,30,16,1,3,1,0.14000,0.04000,0.08000,0.08000,0.03000,0.02000,0.02000,0.02000
clean_contact,4,11,128,31,30,13,1,3,1,0.14000,0.04000,0.08000,0.08000,0.03000,0.02000,0.02000,0.02000
clean_contact,4,12,128,26,27,15,1,3,1,0.14000,0.04000,0.08000,0.08000,0.03000,0.02000,0.02000,0.02000
clean_contact,4,13,128,22,32,11,1,3,0,0.14000,0.04000,0.08000,0.08000,0.03000,0.02000,0.02000,0.02000
clean_contact,4,14,128,31,24,11,1,3,1,0.14000,0.04000,0.08000,0.08000,0.03000,0.02000,0.02000,0.02000
clean_contact,4,15,128,23,26,9,1,3,0,0.14000,0.04000,0.08000,0.08000,0.03000,0.02000,0.02000,0.02000
clean_contact,4,16,128,29,25,15,1,3,1,0.14000,0.04000,0.08000,0.08000,0.03000,0.02000,0.02000,0.02000
clean_contact,4,17,128,23,26,9,1,3,0,0.14000,0.04000,0.08000,0.08000,0.03000,0.02000,0.02000,0.02000
clean_contact,4,18,128,23,25,17,1,3,0,0.14000,0.04000,0.08000,0.08000,0.03000,0.02000,0.02000,0.02000
clean_contact,4,19,128,33,32,9,1,3,1,0.14000,0.04000,0.08000,0.08000,0.03000,0.02000,0.02000,0.02000
clean_contact,4,20,128,33,28,16,1,3,1,0.14000,0.04000,0.08000,0.08000,0.03000,0.02000,0.02000,0.02000
clean_contact,4,21,128,23,23,16,1,3,0,0.14000,0.04000,0.08000,0.08000,0.03000,0.02000,0.02000,0.02000
clean_contact,4,22,128,28,32,15,1,3,1,0.14000,0.04000,0.08000,0.08000,0.03000,0.02000,0.02000,0.02000
clean_contact,4,23,128,33,28,17,1,3,1,0.14000,0.04000,0.08000,0.08000,0.03000,0.02000,0.02000,0.02000
clean_contact,4,24,128,32,31,15,1,3,1,0.14000,0.04000,0.08000,0.08000,0.03000,0.02000,0.02000,0.02000
clean_contact,4,25,128,29,25,15,1,3,1,0.14000,0.04000,0.08000,0.08000,0.03000,0.02000,0.02000,0.02000
clean_contact,4,26,128,25,32,9,1,3,0,0.14000,0.04000,0.08000,0.08000,0.03000,0.02000,0.02000,0.02000
clean_contact,4,27,128,31,29,17,1,3,1,0.14000,0.04000,0.08000,0.08000,0.03000,0.02000,0.02000,0.02000
clean_contact,4,28,128,27,27,17,1,3,1,0.14000,0.04000,0.08000,0.08000,0.03000,0.02000,0.02000,0.02000
clean_contact,4,29,128,21,30,18,1,3,0,0.14000,0.04000,0.08000,0.08000,0.03000,0.02000,0.02000,0.02000
clean_contact,4,30,128,22,26,17,1,3,0,0.14000,0.04000,0.08000,0.08000,0.03000,0.02000,0.02000,0.02000
clean_contact,4,31,128,29,25,15,1,3,1,0.14000,0.04000,0.08000,0.08000,0.03000,0.02000,0.02000,0.02000
clean_contact,4,32,128,29,28,14,1,3,1,0.14000,0.04000,0.08000,0.08000,0.03000,0.02000,0.02000,0.02000
clean_contact,4,33,128,27,30,13,1,3,1,0.14000,0.04000,0.08000,0.08000,0.03000,0.02000,0.02000,0.02000
clean_contact,4,34,128,33,26,15,1,3,1,0.14000,0.04000,0.08000,0.08000,0.03000,0.02000,0.02000,0.02000
clean_contact,4,35,128,23,25,9,1,3,0,0.14000,0.04000,0.08000,0.08000,0.03000,0.02000,0.02000,0.02000
clean_contact,4,36,128,23,30,12,1,3,0,0.14000,0.04000,0.08000,0.08000,0.03000,0.02000,0.02000,0.02000
clean_contact,4,37,128,22,31,11,1,3,0,0.14000,0.04000,0.08000,0.08000,0.03000,0.02000,0.02000,0.02000
clean_contact,4,38,128,26,32,16,1,3,1,0.14000,0.04000,0.08000,0.08000,0.03000,0.02000,0.02000,0.02000
clean_contact,4,39,128,26,32,13,1,3,1,0.14000,0.04000,0.08000,0.08000,0.03000,0.02000,0.02000,0.02000
clean_contact,4,40,128,30,31,16,1,3,1,0.14000,0.04000,0.08000,0.08000,0.03000,0.02000,0.02000,0.02000
clean_contact,4,41,128,22,28,18,1,3,0,0.14000,0.04000,0.08000,0.08000,0.03000,0.02000,0.02000,0.02000
clean_contact,4,42,128,32,31,9,1,3,1,0.14000,0.04000,0.08000,0.08000,0.03000,0.02000,0.02000,0.02000
clean_contact,4,43,128,30,31,14,1,3,1,0.14000,0.04000,0.08000,0.08000,0.03000,0.02000,0.02000,0.02000
clean_contact,4,44,128,27,22,14,1,3,1,0.14000,0.04000,0.08000,0.08000,0.03000,0.02000,0.02000,0.02000
clean_contact,4,45,128,21,23,13,1,3,0,0.14000,0.04000,0.08000,0.08000,0.03000,0.02000,0.02000,0.02000
clean_contact,4,46,128,22,28,18,1,3,0,0.14000,0.04000,0.08000,0.08000,0.03000,0.02000,0.02000,0.02000
clean_contact,4,47,128,32,22,12,1,3,1,0.14000,0.04000,0.08000,0.08000,0.03000,0.02000,0.02000,0.02000
clean_contact,4,48,128,21,29,13,1,3,0,0.14000,0.04000,0.08000,0.08000,0.03000,0.02000,0.02000,0.02000
clean_contact,4,49,128,30,26,12,1,3,1,0.14000,0.04000,0.08000,0.08000,0.03000,0.02000,0.02000,0.02000
clean_contact,4,50,128,23,30,16,1,3,0,0.14000,0.04000,0.08000,0.08000,0.03000,0.02000,0.02000,0.02000
clean_contact,4,51,128,31,27,13,1,3,1,0.14000,0.04000,0.08000,0.08000,0.03000,0.02000,0.02000,0.02000
clean_contact,4,52,128,24,26,15,1,3,0,0.14000,0.04000,0.08000,0.08000,0.03000,0.02000,0.02000,0.02000
clean_contact,4,53,128,23,30,18,1,3,0,0.14000,0.04000,0.08000,0.08000,0.03000,0.02000,0.02000,0.02000
clean_contact,4,54,128,22,31,10,1,3,0,0.14000,0.04000,0.08000,0.08000,0.03000,0.02000,0.02000,0.02000
clean_contact,4,55,128,31,32,17,1,3,1,0.14000,0.04000,0.08000,0.08000,0.03000,0.02000,0.02000,0.02000
clean_contact,4,56,128,25,24,11,1,3,0,0.14000,0.04000,0.08000,0.08000,0.03000,0.02000,0.02000,0.02000
clean_contact,4,57,128,27,25,9,1,3,1,0.14000,0.04000,0.08000,0.08000,0.03000,0.02000,0.02000,0.02000
clean_contact,4,58,128,24,30,10,1,3,0,0.14000,0.04000,0.08000,0.08000,0.03000,0.02000,0.02000,0.02000
clean_contact,4,59,128,23,30,16,1,3,0,0.14000,0.04000,0.08000,0.08000,0.03000,0.02000,0.02000,0.02000
clean_contact,4,60,128,32,25,18,1,3,1,0.14000,0.04000,0.08000,0.08000,0.03000,0.02000,0.02000,0.02000
clean_contact,4,61,128,24,26,10,1,3,0,0.14000,0.04000,0.08000,0.08000,0.03000,0.02000,0.02000,0.02000
clean_contact,4,62,128,31,33,16,1,3,1,0.14000,0.04000,0.08000,0.08000,0.03000,0.02000,0.02000,0.02000
clean_contact,4,63,128,22,31,9,1,3,0,0.14000,0.04000,0.08000,0.08000,0.03000,0.02000,0.02000,0.02000
clean_contact,5,0,128,26,22,17,1,3,1,0.14000,0.04000,0.08000,0.08000,0.03000,0.02000,0.02000,0.02000
clean_contact,5,1,128,29,24,18,1,3,1,0.14000,0.04000,0.08000,0.08000,0.03000,0.02000,0.02000,0.02000
clean_contact,5,2,128,25,32,9,1,3,0,0.14000,0.04000,0.08000,0.08000,0.03000,0.02000,0.02000,0.02000
clean_contact,5,3,128,21,23,16,1,3,0,0.14000,0.04000,0.08000,0.08000,0.03000,0.02000,0.02000,0.02000
clean_contact,5,4,128,22,29,11,1,3,0,0.14000,0.04000,0.08000,0.08000,0.03000,0.02000,0.02000,0.02000
clean_contact,5,5,128,28,33,18,1,3,1,0.14000,0.04000,0.08000,0.08000,0.03000,0.02000,0.02000,0.02000
clean_contact,5,6,128,32,32,15,1,3,1,0.14000,0.04000,0.08000,0.08000,0.03000,0.02000,0.02000,0.02000
clean_contact,5,7,128,20,25,11,1,3,0,0.14000,0.04000,0.08000,0.08000,0.03000,0.02000,0.02000,0.02000
clean_contact,5,8,128,22,29,16,1,3,0,0.14000,0.04000,0.08000,0.08000,0.03000,0.02000,0.02000,0.02000
clean_contact,5,9,128,21,26,15,1,3,0,0.14000,0.04000,0.08000,0.08000,0.03000,0.02000,0.02000,0.02000
clean_contact,5,10,128,24,25,18,1,3,0,0.14000,0.04000,0.08000,0.08000,0.03000,0.02000,0.02000,0.02000
clean_contact,5,11,128,31,22,12,1,3,1,0.14000,0.04000,0.08000,0.08000,0.03000,0.02000,0.02000,0.02000
clean_contact,5,12,128,22,24,14,1,3,0,0.14000,0.04000,0.08000,0.08000,0.03000,0.02000,0.02000,0.02000
clean_contact,5,13,128,23,24,10,1,3,0,0.14000,0.04000,0.08000,0.08000,0.03000,0.02000,0.02000,0.02000
clean_contact,5,14,128,22,26,9,1,3,0,0.14000,0.04000,0.08000,0.08000,0.03000,0.02000,0.02000,0.02000
clean_contact,5,15,128,27,25,12,1,3,1,0.14000,0.04000,0.08000,0.08000,0.03000,0.02000,0.02000,0.02000
clean_contact,5,16,128,31,25,18,1,3,1,0.14000,0.04000,0.08000,0.08000,0.03000,0.02000,0.02000,0.02000
clean_contact,5,17,128,28,22,12,1,3,1,0.14000,0.04000,0.08000,0.08000,0.03000,0.02000,0.02000,0.02000
clean_contact,5,18,128,21,31,11,1,3,0,0.14000,0.04000,0.08000,0.08000,0.03000,0.02000,0.02000,0.02000
clean_contact,5,19,128,25,30,14,1,3,0,0.14000,0.04000,0.08000,0.08000,0.03000,0.02000,0.02000,0.02000
clean_contact,5,20,128,23,33,13,1,3,0,0.14000,0.04000,0.08000,0.08000,0.03000,0.02000,0.02000,0.02000
clean_contact,5,21,128,30,28,14,1,3,1,0.14000,0.04000,0.08000,0.08000,0.03000,0.02000,0.02000,0.02000
clean_contact,5,22,128,27,31,15,1,3,1,0.14000,0.04000,0.08000,0.08000,0.03000,0.02000,0.02000,0.02000
clean_contact,5,23,128,21,24,16,1,3,0,0.14000,0.04000,0.08000,0.08000,0.03000,0.02000,0.02000,0.02000
clean_contact,5,24,128,27,23,13,1,3,1,0.14000,0.04000,0.08000,0.08000,0.03000,0.02000,0.02000,0.02000
clean_contact,5,25,128,24,23,18,1,3,0,0.14000,0.04000,0.08000,0.08000,0.03000,0.02000,0.02000,0.02000
clean_contact,5,26,128,25,25,18,1,3,0,0.14000,0.04000,0.08000,0.08000,0.03000,0.02000,0.02000,0.02000
clean_contact,5,27,128,31,24,18,1,3,1,0.14000,0.04000,0.08000,0.08000,0.03000,0.02000,0.02000,0.02000
clean_contact,5,28,128,21,26,10,1,3,0,0.14000,0.04000,0.08000,0.08000,0.03000,0.02000,0.02000,0.02000
clean_contact,5,29,128,20,26,14,1,3,0,0.14000,0.04000,0.08000,0.08000,0.03000,0.02000,0.02000,0.02000
clean_contact,5,30,128,28,24,11,1,3,1,0.14000,0.04000,0.08000,0.08000,0.03000,0.02000,0.02000,0.02000
clean_contact,5,31,128,23,31,12,1,3,0,0.14000,0.04000,0.08000,0.08000,0.03000,0.02000,0.02000,0.02000
clean_contact,5,32,128,32,32,9,1,3,1,0.14000,0.04000,0.08000,0.08000,0.03000,0.02000,0.02000,0.02000
clean_contact,5,33,128,22,23,15,1,3,0,0.14000,0.04000,0.08000,0.08000,0.03000,0.02000,0.02000,0.02000
clean_contact,5,34,128,25,22,17,1,3,0,0.14000,0.04000,0.08000,0.08000,0.03000,0.02000,0.02000,0.02000
clean_contact,5,35,128,22,30,15,1,3,0,0.14000,0.04000,0.08000,0.08000,0.03000,0.02000,0.02000,0.02000
clean_contact,5,36,128,30,24,14,1,3,1,0.14000,0.04000,0.08000,0.08000,0.03000,0.02000,0.02000,0.02000
clean_contact,5,37,128,27,26,11,1,3,1,0.14000,0.04000,0.08000,0.08000,0.03000,0.02000,0.02000,0.02000
clean_contact,5,38,128,29,22,12,1,3,1,0.14000,0.04000,0.08000,0.08000,0.03000,0.02000,0.02000,0.02000
clean_contact,5,39,128,23,25,9,1,3,0,0.14000,0.04000,0.08000,0.08000,0.03000,0.02000,0.02000,0.02000
clean_contact,5,40,128,31,32,17,1,3,1,0.14000,0.04000,0.08000,0.08000,0.03000,0.02000,0.02000,0.02000
clean_contact,5,41,128,28,25,14,1,3,1,0.14000,0.04000,0.08000,0.08000,0.03000,0.02000,0.02000,0.02000
clean_contact,5,42,128,32,27,11,1,3,1,0.14000,0.04000,0.08000,0.08000,0.03000,0.02000,0.02000,0.02000
clean_contact,5,43,128,24,30,11,1,3,0,0.14000,0.04000,0.08000,0.08000,0.03000,0.02000,0.02000,0.02000
clean_contact,5,44,128,28,33,16,1,3,1,0.14000,0.04000,0.08000,0.08000,0.03000,0.02000,0.02000,0.02000
clean_contact,5,45,128,23,23,15,1,3,0,0.14000,0.04000,0.08000,0.08000,0.03000,0.02000,0.02000,0.02000
clean_contact,5,46,128,28,29,11,1,3,1,0.14000,0.04000,0.08000,0.08000,0.03000,0.02000,0.02000,0.02000
clean_contact,5,47,128,21,25,11,1,3,0,0.14000,0.04000,0.08000,0.08000,0.03000,0.02000,0.02000,0.02000
clean_contact,5,48,128,25,29,9,1,3,0,0.14000,0.04000,0.08000,0.08000,0.03000,0.02000,0.02000,0.02000
clean_contact,5,49,128,20,28,13,1,3,0,0.14000,0.04000,0.08000,0.08000,0.03000,0.02000,0.02000,0.02000
clean_contact,5,50,128,21,23,17,1,3,0,0.14000,0.04000,0.08000,0.08000,0.03000,0.02000,0.02000,0.02000
clean_contact,5,51,128,27,26,17,1,3,1,0.14000,0.04000,0.08000,0.08000,0.03000,0.02000,0.02000,0.02000
clean_contact,5,52,128,29,23,18,1,3,1,0.14000,0.04000,0.08000,0.08000,0.03000,0.02000,0.02000,0.02000
clean_contact,5,53,128,28,25,9,1,3,1,0.14000,0.04000,0.08000,0.08000,0.03000,0.02000,0.02000,0.02000
clean_contact,5,54,128,27,23,10,1,3,1,0.14000,0.04000,0.08000,0.08000,0.03000,0.02000,0.02000,0.02000
clean_contact,5,55,128,33,24,14,1,3,1,0.14000,0.04000,0.08000,0.08000,0.03000,0.02000,0.02000,0.02000
clean_contact,5,56,128,32,29,12,1,3,1,0.14000,0.04000,0.08000,0.08000,0.03000,0.02000,0.02000,0.02000
clean_contact,5,57,128,28,23,17,1,3,1,0.14000,0.04000,0.08000,0.08000,0.03000,0.02000,0.02000,0.02000
clean_contact,5,58,128,24,24,12,1,3,0,0.14000,0.04000,0.08000,0.08000,0.03000,0.02000,0.02000,0.02000
clean_contact,5,59,128,31,32,10,1,3,1,0.14000,0.04000,0.08000,0.08000,0.03000,0.02000,0.02000,0.02000
clean_contact,5,60,128,24,28,18,1,3,0,0.14000,0.04000,0.08000,0.08000,0.03000,0.02000,0.02000,0.02000
clean_contact,5,61,128,32,30,18,1,3,1,0.14000,0.04000,0.08000,0.08000,0.03000,0.02000,0.02000,0.02000
clean_contact,5,62,128,21,32,16,1,3,0,0.14000,0.04000,0.08000,0.08000,0.03000,0.02000,0.02000,0.02000
clean_contact,5,63,128,21,30,15,1,3,0,0.14000,0.04000,0.08000,0.08000,0.03000,0.02000,0.02000,0.02000
clean_contact,6,0,128,31,31,10,1,3,1,0.14000,0.04000,0.08000,0.08000,0.03000,0.02000,0.02000,0.02000
clean_contact,6,1,128,24,31,11,1,3,0,0.14000,0.04000,0.08000,0.08000,0.03000,0.02000,0.02000,0.02000
clean_contact,6,2,128,27,22,10,1,3,1,0.14000,0.04000,0.08000,0.08000,0.03000,0.02000,0.02000,0.02000
clean_contact,6,3,128,24,31,11,1,3,0,0.14000,0.04000,0.08000,0.08000,0.03000,0.02000,0.02000,0.02000
clean_contact,6,4,128,28,31,18,1,3,1,0.14000,0.04000,0.08000,0.08000,0.03000,0.02000,0.02000,0.02000
clean_contact,6,5,128,22,31,16,1,3,0,0.14000,0.04000,0.08000,0.08000,0.03000,0.02000,0.02000,0.02000
clean_contact,6,6,128,24,25,9,1,3,0,0.14000,0.04000,0.08000,0.08000,0.03000,0.02000,0.02000,0.02000
clean_contact,6,7,128,23,28,16,1,3,0,0.14000,0.04000,0.08000,0.08000,0.03000,0.02000,0.02000,0.02000
clean_contact,6,8,128,23,29,14,1,3,0,0.14000,0.04000,0.08000,0.08000,0.03000,0.02000,0.02000,0.02000
clean_contact,6,9,128,26,24,18,1,3,1,0.14000,0.04000,0.08000,0.08000,0.03000,0.02000,0.02000,0.02000
clean_contact,6,10,128,33,31,12,1,3,1,0.14000,0.04000,0.08000,0.08000,0.03000,0.02000,0.02000,0.02000
clean_contact,6,11,128,28,26,12,1,3,1,0.14000,0.04000,0.08000,0.08000,0.03000,0.02000,0.02000,0.02000
clean_contact,6,12,128,30,23,17,1,3,1,0.14000,0.04000,0.08000,0.08000,0.03000,0.02000,0.02000,0.02000
clean_contact,6,13,128,32,33,9,1,3,1,0.14000,0.04000,0.08000,0.08000,0.03000,0.02000,0.02000,0.02000
clean_contact,6,14,128,32,25,16,1,3,1,0.14000,0.04000,0.08000,0.08000,0.03000,0.02000,0.02000,0.02000
clean_contact,6,15,128,26,24,16,1,3,1,0.14000,0.04000,0.08000,0.08000,0.03000,0.02000,0.02000,0.02000
clean_contact,6,16,128,31,26,12,1,3,1,0.14000,0.04000,0.08000,0.08000,0.03000,0.02000,0.02000,0.02000
clean_contact,6,17,128,31,27,17,1,3,1,0.14000,0.04000,0.08000,0.08000,0.03000,0.02000,0.02000,0.02000
clean_contact,6,18,128,28,32,13,1,3,1,0.14000,0.04000,0.08000,0.08000,0.03000,0.02000,0.02000,0.02000
clean_contact,6,19,128,25,23,12,1,3,0,0.14000,0.04000,0.08000,0.08000,0.03000,0.02000,0.02000,0.02000
clean_contact,6,20,128,27,31,10,1,3,1,0.14000,0.04000,0.08000,0.08000,0.03000,0.02000,0.02000,0.02000
clean_contact,6,21,128,29,26,17,1,3,1,0.14000,0.04000,0.08000,0.08000,0.03000,0.02000,0.02000,0.02000
clean_contact,6,22,128,31,26,14,1,3,1,0.14000,0.04000,0.08000,0.08000,0.03000,0.02000,0.02000,0.02000
clean_contact,6,23,128,30,27,12,1,3,1,0.14000,0.04000,0.08000,0.08000,0.03000,0.02000,0.02000,0.02000
clean_contact,6,24,128,24,25,17,1,3,0,0.14000,0.04000,0.08000,0.08000,0.03000,0.02000,0.02000,0.02000
clean_contact,6,25,128,21,28,18,1,3,0,0.14000,0.04000,0.08000,0.08000,0.03000,0.02000,0.02000,0.02000
clean_contact,6,26,128,21,29,18,1,3,0,0.14000,0.04000,0.08000,0.08000,0.03000,0.02000,0.02000,0.02000
clean_contact,6,27,128,21,22,12,1,3,0,0.14000,0.04000,0.08000,0.08000,0.03000,0.02000,0.02000,0.02000
clean_contact,6,28,128,28,32,11,1,3,1,0.14000,0.04000,0.08000,0.08000,0.03000,0.02000,0.02000,0.02000
clean_contact,6,29,128,30,26,15,1,3,1,0.14000,0.04000,0.08000,0.08000,0.03000,0.02000,0.02000,0.02000
clean_contact,6,30,128,30,33,12,1,3,1,0.14000,0.04000,0.08000,0.08000,0.03000,0.02000,0.02000,0.02000
clean_contact,6,31,128,32,33,12,1,3,1,0.14000,0.04000,0.08000,0.08000,0.03000,0.02000,0.02000,0.02000
clean_contact,6,32,128,31,26,12,1,3,1,0.14000,0.04000,0.08000,0.08000,0.03000,0.02000,0.02000,0.02000
clean_contact,6,33,128,27,32,14,1,3,1,0.14000,0.04000,0.08000,0.08000,0.03000,0.02000,0.02000,0.02000
clean_contact,6,34,128,28,31,17,1,3,1,0.14000,0.04000,0.08000,0.08000,0.03000,0.02000,0.02000,0.02000
clean_contact,6,35,128,20,31,15,1,3,0,0.14000,0.04000,0.08000,0.08000,0.03000,0.02000,0.02000,0.02000
clean_contact,6,36,128,26,31,10,1,3,1,0.14000,0.04000,0.08000,0.08000,0.03000,0.02000,0.02000,0.02000
clean_contact,6,37,128,33,28,13,1,3,1,0.14000,0.04000,0.08000,0.08000,0.03000,0.02000,0.02000,0.02000
clean_contact,6,38,128,32,28,17,1,3,1,0.14000,0.04000,0.08000,0.08000,0.03000,0.02000,0.02000,0.02000
clean_contact,6,39,128,20,28,13,1,3,0,0.14000,0.04000,0.08000,0.08000,0.03000,0.02000,0.02000,0.02000
clean_contact,6,40,128,31,32,16,1,3,1,0.14000,0.04000,0.08000,0.08000,0.03000,0.02000,0.02000,0.02000
clean_contact,6,41,128,27,33,9,1,3,1,0.14000,0.04000,0.08000,0.08000,0.03000,0.02000,0.02000,0.02000
clean_contact,6,42,128,25,25,10,1,3,0,0.14000,0.04000,0.08000,0.08000,0.03000,0.02000,0.02000,0.02000
clean_contact,6,43,128,25,28,18,1,3,0,0.14000,0.04000,0.08000,0.08000,0.03000,0.02000,0.02000,0.02000
clean_contact,6,44,128,29,22,18,1,3,1,0.14000,0.04000,0.08000,0.08000,0.03000,0.02000,0.02000,0.02000
clean_contact,6,45,128,21,32,11,1,3,0,0.14000,0.04000,0.08000,0.08000,0.03000,0.02000,0.02000,0.02000
clean_contact,6,46,128,27,30,12,1,3,1,0.14000,0.04000,0.08000,0.08000,0.03000,0.02000,0.02000,0.02000
clean_contact,6,47,128,20,24,16,1,3,0,0.14000,0.04000,0.08000,0.08000,0.03000,0.02000,0.02000,0.02000
clean_contact,6,48,128,22,32,17,1,3,0,0.14000,0.04000,0.08000,0.08000,0.03000,0.02000,0.02000,0.02000
clean_contact,6,49,128,27,29,13,1,3,1,0.14000,0.04000,0.08000,0.08000,0.03000,0.02000,0.02000,0.02000
clean_contact,6,50,128,29,27,13,1,3,1,0.14000,0.04000,0.08000,0.08000,0.03000,0.02000,0.02000,0.02000
clean_contact,6,51,128,26,22,9,1,3,1,0.14000,0.04000,0.08000,0.08000,0.03000,0.02000,0.02000,0.02000
clean_contact,6,52,128,26,33,12,1,3,1,0.14000,0.04000,0.08000,0.08000,0.03000,0.02000,0.02000,0.02000
clean_contact,6,53,128,28,28,12,1,3,1,0.14000,0.04000,0.08000,0.08000,0.03000,0.02000,0.02000,0.02000
clean_contact,6,54,128,22,26,16,1,3,0,0.14000,0.04000,0.08000,0.08000,0.03000,0.02000,0.02000,0.02000
clean_contact,6,55,128,33,30,18,1,3,1,0.14000,0.04000,0.08000,0.08000,0.03000,0.02000,0.02000,0.02000
clean_contact,6,56,128,28,28,11,1,3,1,0.14000,0.04000,0.08000,0.08000,0.03000,0.02000,0.02000,0.02000
clean_contact,6,57,128,23,31,15,1,3,0,0.14000,0.04000,0.08000,0.08000,0.03000,0.02000,0.02000,0.02000
clean_contact,6,58,128,24,29,16,1,3,0,0.14000,0.04000,0.08000,0.08000,0.03000,0.02000,0.02000,0.02000
clean_contact,6,59,128,32,30,14,1,3,1,0.14000,0.04000,0.08000,0.08000,0.03000,0.02000,0.02000,0.02000
clean_contact,6,60,128,26,31,11,1,3,1,0.14000,0.04000,0.08000,0.08000,0.03000,0.02000,0.02000,0.02000
clean_contact,6,61,128,27,30,15,1,3,1,0.14000,0.04000,0.08000,0.08000,0.03000,0.02000,0.02000,0.02000
clean_contact,6,62,128,33,32,15,1,3,1,0.14000,0.04000,0.08000,0.08000,0.03000,0.02000,0.02000,0.02000
clean_contact,6,63,128,31,27,10,1,3,1,0.14000,0.04000,0.08000,0.08000,0.03000,0.02000,0.02000,0.02000
clean_contact,7,0,128,29,32,18,1,3,1,0.14000,0.04000,0.08000,0.08000,0.03000,0.02000,0.02000,0.02000
clean_contact,7,1,128,30,33,17,1,3,1,0.14000,0.04000,0.08000,0.08000,0.03000,0.02000,0.02000,0.02000
clean_contact,7,2,128,25,23,13,1,3,0,0.14000,0.04000,0.08000,0.08000,0.03000,0.02000,0.02000,0.02000
clean_contact,7,3,128,26,26,17,1,3,1,0.14000,0.04000,0.08000,0.08000,0.03000,0.02000,0.02000,0.02000
clean_contact,7,4,128,24,27,17,1,3,0,0.14000,0.04000,0.08000,0.08000,0.03000,0.02000,0.02000,0.02000
clean_contact,7,5,128,20,25,16,1,3,0,0.14000,0.04000,0.08000,0.08000,0.03000,0.02000,0.02000,0.02000
clean_contact,7,6,128,31,28,17,1,3,1,0.14000,0.04000,0.08000,0.08000,0.03000,0.02000,0.02000,0.02000
clean_contact,7,7,128,26,22,14,1,3,1,0.14000,0.04000,0.08000,0.08000,0.03000,0.02000,0.02000,0.02000
clean_contact,7,8,128,33,32,18,1,3,1,0.14000,0.04000,0.08000,0.08000,0.03000,0.02000,0.02000,0.02000
clean_contact,7,9,128,21,31,11,1,3,0,0.14000,0.04000,0.08000,0.08000,0.03000,0.02000,0.02000,0.02000
clean_contact,7,10,128,33,23,14,1,3,1,0.14000,0.04000,0.08000,0.08000,0.03000,0.02000,0.02000,0.02000
clean_contact,7,11,128,28,26,14,1,3,1,0.14000,0.04000,0.08000,0.08000,0.03000,0.02000,0.02000,0.02000
clean_contact,7,12,128,31,32,11,1,3,1,0.14000,0.04000,0.08000,0.08000,0.03000,0.02000,0.02000,0.02000
clean_contact,7,13,128,32,25,9,1,3,1,0.14000,0.04000,0.08000,0.08000,0.03000,0.02000,0.02000,0.02000
clean_contact,7,14,128,20,27,11,1,3,0,0.14000,0.04000,0.08000,0.08000,0.03000,0.02000,0.02000,0.02000
clean_contact,7,15,128,28,28,16,1,3,1,0.14000,0.04000,0.08000,0.08000,0.03000,0.02000,0.02000,0.02000
clean_contact,7,16,128,32,26,12,1,3,1,0.14000,0.04000,0.08000,0.08000,0.03000,0.02000,0.02000,0.02000
clean_contact,7,17,128,21,24,13,1,3,0,0.14000,0.04000,0.08000,0.08000,0.03000,0.02000,0.02000,0.02000
clean_contact,7,18,128,30,31,17,1,3,1,0.14000,0.04000,0.08000,0.08000,0.03000,0.02000,0.02000,0.02000
clean_contact,7,19,128,30,24,10,1,3,1,0.14000,0.04000,0.08000,0.08000,0.03000,0.02000,0.02000,0.02000
clean_contact,7,20,128,25,31,14,1,3,0,0.14000,0.04000,0.08000,0.08000,0.03000,0.02000,0.02000,0.02000
clean_contact,7,21,128,29,32,16,1,3,1,0.14000,0.04000,0.08000,0.08000,0.03000,0.02000,0.02000,0.02000
clean_contact,7,22,128,26,29,17,1,3,1,0.14000,0.04000,0.08000,0.08000,0.03000,0.02000,0.02000,0.02000
clean_contact,7,23,128,23,32,16,1,3,0,0.14000,0.04000,0.08000,0.08000,0.03000,0.02000,0.02000,0.02000
clean_contact,7,24,128,25,31,11,1,3,0,0.14000,0.04000,0.08000,0.08000,0.03000,0.02000,0.02000,0.02000
clean_contact,7,25,128,26,29,13,1,3,1,0.14000,0.04000,0.08000,0.08000,0.03000,0.02000,0.02000,0.02000
clean_contact,7,26,128,23,30,12,1,3,0,0.14000,0.04000,0.08000,0.08000,0.03000,0.02000,0.02000,0.02000
clean_contact,7,27,128,21,30,13,1,3,0,0.14000,0.04000,0.08000,0.08000,0.03000,0.02000,0.02000,0.02000
clean_contact,7,28,128,20,24,16,1,3,0,0.14000,0.04000,0.08000,0.08000,0.03000,0.02000,0.02000,0.02000
clean_contact,7,29,128,24,27,12,1,3,0,0.14000,0.04000,0.08000,0.08000,0.03000,0.02000,0.02000,0.02000
clean_contact,7,30,128,26,26,15,1,3,1,0.14000,0.04000,0.08000,0.08000,0.03000,0.02000,0.02000,0.02000
clean_contact,7,31,128,29,22,10,1,3,1,0.14000,0.04000,0.08000,0.08000,0.03000,0.02000,0.02000,0.02000
clean_contact,7,32,128,20,31,15,1,3,0,0.14000,0.04000,0.08000,0.08000,0.03000,0.02000,0.02000,0.02000
clean_contact,7,33,128,21,27,10,1,3,0,0.14000,0.04000,0.08000,0.08000,0.03000,0.02000,0.02000,0.02000
clean_contact,7,34,128,29,28,18,1,3,1,0.14000,0.04000,0.08000,0.08000,0.03000,0.02000,0.02000,0.02000
clean_contact,7,35,128,31,33,16,1,3,1,0.14000,0.04000,0.08000,0.08000,0.03000,0.02000,0.02000,0.02000
clean_contact,7,36,128,27,31,11,1,3,1,0.14000,0.04000,0.08000,0.08000,0.03000,0.02000,0.02000,0.02000
clean_contact,7,37,128,24,26,16,1,3,0,0.14000,0.04000,0.08000,0.08000,0.03000,0.02000,0.02000,0.02000
clean_contact,7,38,128,21,31,9,1,3,0,0.14000,0.04000,0.08000,0.08000,0.03000,0.02000,0.02000,0.02000
clean_contact,7,39,128,32,23,14,1,3,1,0.14000,0.04000,0.08000,0.08000,0.03000,0.02000,0.02000,0.02000
clean_contact,7,40,128,20,32,17,1,3,0,0.14000,0.04000,0.08000,0.08000,0.03000,0.02000,0.02000,0.02000
clean_contact,7,41,128,30,31,9,1,3,1,0.14000,0.04000,0.08000,0.08000,0.03000,0.02000,0.02000,0.02000
clean_contact,7,42,128,23,28,12,1,3,0,0.14000,0.04000,0.08000,0.08000,0.03000,0.02000,0.02000,0.02000
clean_contact,7,43,128,30,32,16,1,3,1,0.14000,0.04000,0.08000,0.08000,0.03000,0.02000,0.02000,0.02000
clean_contact,7,44,128,24,31,11,1,3,0,0.14000,0.04000,0.08000,0.08000,0.03000,0.02000,0.02000,0.02000
clean_contact,7,45,128,26,32,13,1,3,1,0.14000,0.04000,0.08000,0.08000,0.03000,0.02000,0.02000,0.02000
clean_contact,7,46,128,30,30,15,1,3,1,0.14000,0.04000,0.08000,0.08000,0.03000,0.02000,0.02000,0.02000
clean_contact,7,47,128,24,30,17,1,3,0,0.14000,0.04000,0.08000,0.08000,0.03000,0.02000,0.02000,0.02000
clean_contact,7,48,128,31,24,13,1,3,1,0.14000,0.04000,0.08000,0.08000,0.03000,0.02000,0.02000,0.02000
clean_contact,7,49,128,22,29,13,1,3,0,0.14000,0.04000,0.08000,0.08000,0.03000,0.02000,0.02000,0.02000
clean_contact,7,50,128,25,33,10,1,3,0,0.14000,0.04000,0.08000,0.08000,0.03000,0.02000,0.02000,0.02000
clean_contact,7,51,128,25,27,17,1,3,0,0.14000,0.04000,0.08000,0.08000,0.03000,0.02000,0.02000,0.02000
clean_contact,7,52,128,22,25,10,1,3,0,0.14000,0.04000,0.08000,0.08000,0.03000,0.02000,0.02000,0.02000
clean_contact,7,53,128,26,32,15,1,3,1,0.14000,0.04000,0.08000,0.08000,0.03000,0.02000,0.02000,0.02000
clean_contact,7,54,128,25,27,11,1,3,0,0.14000,0.04000,0.08000,0.08000,0.03000,0.02000,0.02000,0.02000
clean_contact,7,55,128,27,28,12,1,3,1,0.14000,0.04000,0.08000,0.08000,0.03000,0.02000,0.02000,0.02000
clean_contact,7,56,128,20,28,15,1,3,0,0.14000,0.04000,0.08000,0.08000,0.03000,0.02000,0.02000,0.02000
clean_contact,7,57,128,30,30,13,1,3,1,0.14000,0.04000,0.08000,0.08000,0.03000,0.02000,0.02000,0.02000
clean_contact,7,58,128,32,30,11,1,3,1,0.14000,0.04000,0.08000,0.08000,0.03000,0.02000,0.02000,0.02000
clean_contact,7,59,128,27,24,10,1,3,1,0.14000,0.04000,0.08000,0.08000,0.03000,0.02000,0.02000,0.02000
clean_contact,7,60,128,26,26,17,1,3,1,0.14000,0.04000,0.08000,0.08000,0.03000,0.02000,0.02000,0.02000
clean_contact,7,61,128,21,24,18,1,3,0,0.14000,0.04000,0.08000,0.08000,0.03000,0.02000,0.02000,0.02000
clean_contact,7,62,128,20,31,10,1,3,0,0.14000,0.04000,0.08000,0.08000,0.03000,0.02000,0.02000,0.02000
clean_contact,7,63,128,21,31,18,1,3,0,0.14000,0.04000,0.08000,0.08000,0.03000,0.02000,0.02000,0.02000
clean_contact,8,0,128,31,33,14,1,3,1,0.14000,0.04000,0.08000,0.08000,0.03000,0.02000,0.02000,0.02000
clean_contact,8,1,128,24,29,13,1,3,0,0.14000,0.04000,0.08000,0.08000,0.03000,0.02000,0.02000,0.02000
clean_contact,8,2,128,21,26,10,1,3,0,0.14000,0.04000,0.08000,0.08000,0.03000,0.02000,0.02000,0.02000
clean_contact,8,3,128,33,29,14,1,3,1,0.14000,0.04000,0.08000,0.08000,0.03000,0.02000,0.02000,0.02000
clean_contact,8,4,128,26,23,15,1,3,1,0.14000,0.04000,0.08000,0.08000,0.03000,0.02000,0.02000,0.02000
clean_contact,8,5,128,30,22,11,1,3,1,0.14000,0.04000,0.08000,0.08000,0.03000,0.02000,0.02000,0.02000
clean_contact,8,6,128,25,30,10,1,3,0,0.14000,0.04000,0.08000,0.08000,0.03000,0.02000,0.02000,0.02000
clean_contact,8,7,128,27,32,12,1,3,1,0.14000,0.04000,0.08000,0.08000,0.03000,0.02000,0.02000,0.02000
clean_contact,8,8,128,33,27,12,1,3,1,0.14000,0.04000,0.08000,0.08000,0.03000,0.02000,0.02000,0.02000
clean_contact,8,9,128,25,22,13,1,3,0,0.14000,0.04000,0.08000,0.08000,0.03000,0.02000,0.02000,0.02000
clean_contact,8,10,128,22,28,16,1,3,0,0.14000,0.04000,0.08000,0.08000,0.03000,0.02000,0.02000,0.02000
clean_contact,8,11,128,24,22,13,1,3,0,0.14000,0.04000,0.08000,0.08000,0.03000,0.02000,0.02000,0.02000
clean_contact,8,12,128,21,33,13,1,3,0,0.14000,0.04000,0.08000,0.08000,0.03000,0.02000,0.02000,0.02000
clean_contact,8,13,128,25,24,17,1,3,0,0.14000,0.04000,0.08000,0.08000,0.03000,0.02000,0.02000,0.02000
clean_contact,8,14,128,33,27,17,1,3,1,0.14000,0.04000,0.08000,0.08000,0.03000,0.02000,0.02000,0.02000
clean_contact,8,15,128,20,28,17,1,3,0,0.14000,0.04000,0.08000,0.08000,0.03000,0.02000,0.02000,0.02000
clean_contact,8,16,128,23,27,14,1,3,0,0.14000,0.04000,0.08000,0.08000,0.03000,0.02000,0.02000,0.02000
clean_contact,8,17,128,22,22,12,1,3,0,0.14000,0.04000,0.08000,0.08000,0.03000,0.02000,0.02000,0.02000
clean_contact,8,18,128,23,29,10,1,3,0,0.14000,0.04000,0.08000,0.08000,0.03000,0.02000,0.02000,0.02000
clean_contact,8,19,128,30,33,16,1,3,1,0.14000,0.04000,0.08000,0.08000,0.03000,0.02000,0.02000,0.02000
clean_contact,8,20,128,20,33,16,1,3,0,0.14000,0.04000,0.08000,0.08000,0.03000,0.02000,0.02000,0.02000
clean_contact,8,21,128,24,28,14,1,3,0,0.14000,0.04000,0.08000,0.08000,0.03000,0.02000,0.02000,0.02000
clean_contact,8,22,128,23,33,15,1,3,0,0.14000,0.04000,0.08000,0.08000,0.03000,0.02000,0.02000,0.02000
clean_contact,8,23,128,31,33,10,1,3,1,0.14000,0.04000,0.08000,0.08000,0.03000,0.02000,0.02000,0.02000
clean_contact,8,24,128,20,23,10,1,3,0,0.14000,0.04000,0.08000,0.08000,0.03000,0.02000,0.02000,0.02000
clean_contact,8,25,128,33,26,18,1,3,1,0.14000,0.04000,0.08000,0.08000,0.03000,0.02000,0.02000,0.02000
clean_contact,8,26,128,25,32,12,1,3,0,0.14000,0.04000,0.08000,0.08000,0.03000,0.02000,0.02000,0.02000
clean_contact,8,27,128,31,22,17,1,3,1,0.14000,0.04000,0.08000,0.08000,0.03000,0.02000,0.02000,0.02000
clean_contact,8,28,128,22,26,15,1,3,0,0.14000,0.04000,0.08000,0.08000,0.03000,0.02000,0.02000,0.02000
clean_contact,8,29,128,28,24,10,1,3,1,0.14000,0.04000,0.08000,0.08000,0.03000,0.02000,0.02000,0.02000
clean_contact,8,30,128,32,24,17,1,3,1,0.14000,0.04000,0.08000,0.08000,0.03000,0.02000,0.02000,0.02000
clean_contact,8,31,128,25,24,13,1,3,0,0.14000,0.04000,0.08000,0.08000,0.03000,0.02000,0.02000,0.02000
clean_contact,8,32,128,22,32,12,1,3,0,0.14000,0.04000,0.08000,0.08000,0.03000,0.02000,0.02000,0.02000
clean_contact,8,33,128,23,23,11,1,3,0,0.14000,0.04000,0.08000,0.08000,0.03000,0.02000,0.02000,0.02000
clean_contact,8,34,128,24,32,15,1,3,0,0.14000,0.04000,0.08000,0.08000,0.03000,0.02000,0.02000,0.02000
clean_contact,8,35,128,24,24,14,1,3,0,0.14000,0.04000,0.08000,0.08000,0.03000,0.02000,0.02000,0.02000
clean_contact,8,36,128,23,25,18,1,3,0,0.14000,0.04000,0.08000,0.08000,0.03000,0.02000,0.02000,0.02000
clean_contact,8,37,128,21,31,13,1,3,0,0.14000,0.04000,0.08000,0.08000,0.03000,0.02000,0.02000,0.02000
clean_contact,8,38,128,20,22,15,1,3,0,0.14000,0.04000,0.08000,0.08000,0.03000,0.02000,0.02000,0.02000
clean_contact,8,39,128,26,23,15,1,3,1,0.14000,0.04000,0.08000,0.08000,0.03000,0.02000,0.02000,0.02000
clean_contact,8,40,128,27,32,10,1,3,1,0.14000,0.04000,0.08000,0.08000,0.03000,0.02000,0.02000,0.02000
clean_contact,8,41,128,26,23,16,1,3,1,0.14000,0.04000,0.08000,0.08000,0.03000,0.02000,0.02000,0.02000
clean_contact,8,42,128,29,22,17,1,3,1,0.14000,0.04000,0.08000,0.08000,0.03000,0.02000,0.02000,0.02000
clean_contact,8,43,128,26,30,9,1,3,1,0.14000,0.04000,0.08000,0.08000,0.03000,0.02000,0.02000,0.02000
clean_contact,8,44,128,32,33,11,1,3,1,0.14000,0.04000,0.08000,0.08000,0.03000,0.02000,0.02000,0.02000
clean_contact,8,45,128,27,24,12,1,3,1,0.14000,0.04000,0.08000,0.08000,0.03000,0.02000,0.02000,0.02000
clean_contact,8,46,128,30,32,14,1,3,1,0.14000,0.04000,0.08000,0.08000,0.03000,0.02000,0.02000,0.02000
clean_contact,8,47,128,27,30,13,1,3,1,0.14000,0.04000,0.08000,0.08000,0.03000,0.02000,0.02000,0.02000
clean_contact,8,48,128,24,24,14,1,3,0,0.14000,0.04000,0.08000,0.08000,0.03000,0.02000,0.02000,0.02000
clean_contact,8,49,128,29,28,11,1,3,1,0.14000,0.04000,0.08000,0.08000,0.03000,0.02000,0.02000,0.02000
clean_contact,8,50,128,27,23,12,1,3,1,0.14000,0.04000,0.08000,0.08000,0.03000,0.02000,0.02000,0.02000
clean_contact,8,51,128,22,26,18,1,3,0,0.14000,0.04000,0.08000,0.08000,0.03000,0.02000,0.02000,0.02000
clean_contact,8,52,128,30,28,10,1,3,1,0.14000,0.04000,0.08000,0.08000,0.03000,0.02000,0.02000,0.02000
clean_contact,8,53,128,23,27,17,1,3,0,0.14000,0.04000,0.08000,0.08000,0.03000,0.02000,0.02000,0.02000
clean_contact,8,54,128,30,31,16,1,3,1,0.14000,0.04000,0.08000,0.08000,0.03000,0.02000,0.02000,0.02000
clean_contact,8,55,128,32,23,11,1,3,1,0.14000,0.04000,0.08000,0.08000,0.03000,0.02000,0.02000,0.02000
clean_contact,8,56,128,32,23,18,1,3,1,0.14000,0.04000,0.08000,0.08000,0.03000,0.02000,0.02000,0.02000
clean_contact,8,57,128,28,31,9,1,3,1,0.14000,0.04000,0.08000,0.08000,0.03000,0.02000,0.02000,0.02000
clean_contact,8,58,128,32,28,16,1,3,1,0.14000,0.04000,0.08000,0.08000,0.03000,0.02000,0.02000,0.02000
clean_contact,8,59,128,23,22,12,1,3,0,0.14000,0.04000,0.08000,0.08000,0.03000,0.02000,0.02000,0.02000
clean_contact,8,60,128,32,22,15,1,3,1,0.14000,0.04000,0.08000,0.08000,0.03000,0.02000,0.02000,0.02000
clean_contact,8,61,128,23,28,12,1,3,0,0.14000,0.04000,0.08000,0.08000,0.03000,0.02000,0.02000,0.02000
clean_contact,8,62,128,32,25,9,1,3,1,0.14000,0.04000,0.08000,0.08000,0.03000,0.02000,0.02000,0.02000
clean_contact,8,63,128,31,27,14,1,3,1,0.14000,0.04000,0.08000,0.08000,0.03000,0.02000,0.02000,0.02000
clean_contact,9,0,128,33,23,12,1,3,1,0.14000,0.04000,0.08000,0.08000,0.03000,0.02000,0.02000,0.02000
clean_contact,9,1,128,33,22,9,1,3,1,0.14000,0.04000,0.08000,0.08000,0.03000,0.02000,0.02000,0.02000
clean_contact,9,2,128,32,26,10,1,3,1,0.14000,0.04000,0.08000,0.08000,0.03000,0.02000,0.02000,0.02000
clean_contact,9,3,128,21,32,17,1,3,0,0.14000,0.04000,0.08000,0.08000,0.03000,0.02000,0.02000,0.02000
clean_contact,9,4,128,28,33,15,1,3,1,0.14000,0.04000,0.08000,0.08000,0.03000,0.02000,0.02000,0.02000
clean_contact,9,5,128,20,23,16,1,3,0,0.14000,0.04000,0.08000,0.08000,0.03000,0.02000,0.02000,0.02000
clean_contact,9,6,128,32,30,12,1,3,1,0.14000,0.04000,0.08000,0.08000,0.03000,0.02000,0.02000,0.02000
clean_contact,9,7,128,21,29,9,1,3,0,0.14000,0.04000,0.08000,0.08000,0.03000,0.02000,0.02000,0.02000
clean_contact,9,8,128,30,30,17,1,3,1,0.14000,0.04000,0.08000,0.08000,0.03000,0.02000,0.02000,0.02000
clean_contact,9,9,128,22,32,18,1,3,0,0.14000,0.04000,0.08000,0.08000,0.03000,0.02000,0.02000,0.02000
clean_contact,9,10,128,24,22,15,1,3,0,0.14000,0.04000,0.08000,0.08000,0.03000,0.02000,0.02000,0.02000
clean_contact,9,11,128,31,27,15,1,3,1,0.14000,0.04000,0.08000,0.08000,0.03000,0.02000,0.02000,0.02000
clean_contact,9,12,128,32,29,15,1,3,1,0.14000,0.04000,0.08000,0.08000,0.03000,0.02000,0.02000,0.02000
clean_contact,9,13,128,24,23,11,1,3,0,0.14000,0.04000,0.08000,0.08000,0.03000,0.02000,0.02000,0.02000
clean_contact,9,14,128,33,28,14,1,3,1,0.14000,0.04000,0.08000,0.08000,0.03000,0.02000,0.02000,0.02000
clean_contact,9,15,128,26,29,11,1,3,1,0.14000,0.04000,0.08000,0.08000,0.03000,0.02000,0.02000,0.02000
clean_contact,9,16,128,32,29,15,1,3,1,0.14000,0.04000,0.08000,0.08000,0.03000,0.02000,0.02000,0.02000
clean_contact,9,17,128,31,29,13,1,3,1,0.14000,0.04000,0.08000,0.08000,0.03000,0.02000,0.02000,0.02000
clean_contact,9,18,128,32,32,10,1,3,1,0.14000,0.04000,0.08000,0.08000,0.03000,0.02000,0.02000,0.02000
clean_contact,9,19,128,31,22,10,1,3,1,0.14000,0.04000,0.08000,0.08000,0.03000,0.02000,0.02000,0.02000
clean_contact,9,20,128,22,31,14,1,3,0,0.14000,0.04000,0.08000,0.08000,0.03000,0.02000,0.02000,0.02000
clean_contact,9,21,128,21,32,15,1,3,0,0.14000,0.04000,0.08000,0.08000,0.03000,0.02000,0.02000,0.02000
clean_contact,9,22,128,22,23,16,1,3,0,0.14000,0.04000,0.08000,0.08000,0.03000,0.02000,0.02000,0.02000
clean_contact,9,23,128,20,22,14,1,3,0,0.14000,0.04000,0.08000,0.08000,0.03000,0.02000,0.02000,0.02000
clean_contact,9,24,128,27,26,9,1,3,1,0.14000,0.04000,0.08000,0.08000,0.03000,0.02000,0.02000,0.02000
clean_contact,9,25,128,29,27,13,1,3,1,0.14000,0.04000,0.08000,0.08000,0.03000,0.02000,0.02000,0.02000
clean_contact,9,26,128,30,33,16,1,3,1,0.14000,0.04000,0.08000,0.08000,0.03000,0.02000,0.02000,0.02000
clean_contact,9,27,128,20,28,13,1,3,0,0.14000,0.04000,0.08000,0.08000,0.03000,0.02000,0.02000,0.02000
clean_contact,9,28,128,29,23,16,1,3,1,0.14000,0.04000,0.08000,0.08000,0.03000,0.02000,0.02000,0.02000
clean_contact,9,29,128,28,32,13,1,3,1,0.14000,0.04000,0.08000,0.08000,0.03000,0.02000,0.02000,0.02000
clean_contact,9,30,128,30,25,11,1,3,1,0.14000,0.04000,0.08000,0.08000,0.03000,0.02000,0.02000,0.02000
clean_contact,9,31,128,32,29,9,1,3,1,0.14000,0.04000,0.08000,0.08000,0.03000,0.02000,0.02000,0.02000
clean_contact,9,32,128,21,26,14,1,3,0,0.14000,0.04000,0.08000,0.08000,0.03000,0.02000,0.02000,0.02000
clean_contact,9,33,128,20,29,9,1,3,0,0.14000,0.04000,0.08000,0.08000,0.03000,0.02000,0.02000,0.02000
clean_contact,9,34,128,26,30,18,1,3,1,0.14000,0.04000,0.08000,0.08000,0.03000,0.02000,0.02000,0.02000
clean_contact,9,35,128,33,27,16,1,3,1,0.14000,0.04000,0.08000,0.08000,0.03000,0.02000,0.02000,0.02000
clean_contact,9,36,128,20,24,17,1,3,0,0.14000,0.04000,0.08000,0.08000,0.03000,0.02000,0.02000,0.02000
clean_contact,9,37,128,33,28,15,1,3,1,0.14000,0.04000,0.08000,0.08000,0.03000,0.02000,0.02000,0.02000
clean_contact,9,38,128,30,25,15,1,3,1,0.14000,0.04000,0.08000,0.08000,0.03000,0.02000,0.02000,0.02000
clean_contact,9,39,128,24,31,12,1,3,0,0.14000,0.04000,0.08000,0.08000,0.03000,0.02000,0.02000,0.02000
clean_contact,9,40,128,26,23,12,1,3,1,0.14000,0.04000,0.08000,0.08000,0.03000,0.02000,0.02000,0.02000
clean_contact,9,41,128,20,22,14,1,3,0,0.14000,0.04000,0.08000,0.08000,0.03000,0.02000,0.02000,0.02000
clean_contact,9,42,128,21,25,13,1,3,0,0.14000,0.04000,0.08000,0.08000,0.03000,0.02000,0.02000,0.02000
clean_contact,9,43,128,30,30,17,1,3,1,0.14000,0.04000,0.08000,0.08000,0.03000,0.02000,0.02000,0.02000
clean_contact,9,44,128,30,25,16,1,3,1,0.14000,0.04000,0.08000,0.08000,0.03000,0.02000,0.02000,0.02000
clean_contact,9,45,128,26,24,13,1,3,1,0.14000,0.04000,0.08000,0.08000,0.03000,0.02000,0.02000,0.02000
clean_contact,9,46,128,33,31,13,1,3,1,0.14000,0.04000,0.08000,0.08000,0.03000,0.02000,0.02000,0.02000
clean_contact,9,47,128,27,24,15,1,3,1,0.14000,0.04000,0.08000,0.08000,0.03000,0.02000,0.02000,0.02000
clean_contact,9,48,128,23,25,17,1,3,0,0.14000,0.04000,0.08000,0.08000,0.03000,0.02000,0.02000,0.02000
clean_contact,9,49,128,28,30,11,1,3,1,0.14000,0.04000,0.08000,0.08000,0.03000,0.02000,0.02000,0.02000
clean_contact,9,50,128,27,29,17,1,3,1,0.14000,0.04000,0.08000,0.08000,0.03000,0.02000,0.02000,0.02000
clean_contact,9,51,128,23,23,17,1,3,0,0.14000,0.04000,0.08000,0.08000,0.03000,0.02000,0.02000,0.02000
clean_contact,9,52,128,31,28,10,1,3,1,0.14000,0.04000,0.08000,0.08000,0.03000,0.02000,0.02000,0.02000
clean_contact,9,53,128,27,32,17,1,3,1,0.14000,0.04000,0.08000,0.08000,0.03000,0.02000,0.02000,0.02000
clean_contact,9,54,128,27,24,17,1,3,1,0.14000,0.04000,0.08000,0.08000,0.03000,0.02000,0.02000,0.02000
clean_contact,9,55,128,20,27,9,1,3,0,0.14000,0.04000,0.08000,0.08000,0.03000,0.02000,0.02000,0.02000
clean_contact,9,56,128,27,25,16,1,3,1,0.14000,0.04000,0.08000,0.08000,0.03000,0.02000,0.02000,0.02000
clean_contact,9,57,128,22,29,14,1,3,0,0.14000,0.04000,0.08000,0.08000,0.03000,0.02000,0.02000,0.02000
clean_contact,9,58,128,20,29,9,1,3,0,0.14000,0.04000,0.08000,0.08000,0.03000,0.02000,0.02000,0.02000
clean_contact,9,59,128,27,22,10,1,3,1,0.14000,0.04000,0.08000,0.08000,0.03000,0.02000,0.02000,0.02000
clean_contact,9,60,128,23,23,13,1,3,0,0.14000,0.04000,0.08000,0.08000,0.03000,0.02000,0.02000,0.02000
clean_contact,9,61,128,30,25,18,1,3,1,0.14000,0.04000,0.08000,0.08000,0.03000,0.02000,0.02000,0.02000
clean_contact,9,62,128,21,30,16,1,3,0,0.14000,0.04000,0.08000,0.08000,0.03000,0.02000,0.02000,0.02000
clean_contact,9,63,128,20,33,18,1,3,0,0.14000,0.04000,0.08000,0.08000,0.03000,0.02000,0.02000,0.02000
passive_conveyor,0,0,128,32,25,17,3,5,1,0.55000,0.08000,0.12000,0.14000,0.09000,0.03000,0.04000,0.04000
passive_conveyor,0,1,128,29,32,9,2,5,1,0.55000,0.08000,0.12000,0.14000,0.09000,0.03000,0.04000,0.04000
passive_conveyor,0,2,128,33,25,15,3,5,1,0.55000,0.08000,0.12000,0.14000,0.09000,0.03000,0.04000,0.04000
passive_conveyor,0,3,128,25,23,17,2,5,1,0.55000,0.08000,0.12000,0.14000,0.09000,0.03000,0.04000,0.04000
passive_conveyor,0,4,128,30,24,13,2,5,1,0.55000,0.08000,0.12000,0.14000,0.09000,0.03000,0.04000,0.04000
passive_conveyor,0,5,128,31,29,18,2,5,1,0.55000,0.08000,0.12000,0.14000,0.09000,0.03000,0.04000,0.04000
passive_conveyor,0,6,128,31,22,10,2,5,1,0.55000,0.08000,0.12000,0.14000,0.09000,0.03000,0.04000,0.04000
passive_conveyor,0,7,128,29,30,9,2,5,1,0.55000,0.08000,0.12000,0.14000,0.09000,0.03000,0.04000,0.04000
passive_conveyor,0,8,128,21,26,17,2,5,1,0.55000,0.08000,0.12000,0.14000,0.09000,0.03000,0.04000,0.04000
passive_conveyor,0,9,128,27,27,11,2,5,1,0.55000,0.08000,0.12000,0.14000,0.09000,0.03000,0.04000,0.04000
passive_conveyor,0,10,128,27,27,15,2,5,1,0.55000,0.08000,0.12000,0.14000,0.09000,0.03000,0.04000,0.04000
passive_conveyor,0,11,128,23,23,14,2,5,1,0.55000,0.08000,0.12000,0.14000,0.09000,0.03000,0.04000,0.04000
passive_conveyor,0,12,128,24,32,14,2,5,1,0.55000,0.08000,0.12000,0.14000,0.09000,0.03000,0.04000,0.04000
passive_conveyor,0,13,128,30,30,18,2,5,1,0.55000,0.08000,0.12000,0.14000,0.09000,0.03000,0.04000,0.04000
passive_conveyor,0,14,128,24,23,18,2,5,1,0.55000,0.08000,0.12000,0.14000,0.09000,0.03000,0.04000,0.04000
passive_conveyor,0,15,128,28,33,10,2,5,1,0.55000,0.08000,0.12000,0.14000,0.09000,0.03000,0.04000,0.04000
passive_conveyor,0,16,128,28,22,13,2,5,1,0.55000,0.08000,0.12000,0.14000,0.09000,0.03000,0.04000,0.04000
passive_conveyor,0,17,128,33,33,12,3,5,1,0.55000,0.08000,0.12000,0.14000,0.09000,0.03000,0.04000,0.04000
passive_conveyor,0,18,128,32,22,14,3,5,1,0.55000,0.08000,0.12000,0.14000,0.09000,0.03000,0.04000,0.04000
passive_conveyor,0,19,128,30,32,10,2,5,1,0.55000,0.08000,0.12000,0.14000,0.09000,0.03000,0.04000,0.04000
passive_conveyor,0,20,128,20,25,17,2,5,1,0.55000,0.08000,0.12000,0.14000,0.09000,0.03000,0.04000,0.04000
passive_conveyor,0,21,128,26,24,11,2,5,1,0.55000,0.08000,0.12000,0.14000,0.09000,0.03000,0.04000,0.04000
passive_conveyor,0,22,128,30,29,15,2,5,1,0.55000,0.08000,0.12000,0.14000,0.09000,0.03000,0.04000,0.04000
passive_conveyor,0,23,128,22,29,15,2,5,1,0.55000,0.08000,0.12000,0.14000,0.09000,0.03000,0.04000,0.04000
passive_conveyor,0,24,128,20,33,9,2,5,1,0.55000,0.08000,0.12000,0.14000,0.09000,0.03000,0.04000,0.04000
passive_conveyor,0,25,128,20,31,12,2,5,1,0.55000,0.08000,0.12000,0.14000,0.09000,0.03000,0.04000,0.04000
passive_conveyor,0,26,128,20,26,18,2,5,1,0.55000,0.08000,0.12000,0.14000,0.09000,0.03000,0.04000,0.04000
passive_conveyor,0,27,128,31,29,18,2,5,1,0.55000,0.08000,0.12000,0.14000,0.09000,0.03000,0.04000,0.04000
passive_conveyor,0,28,128,28,27,15,2,5,1,0.55000,0.08000,0.12000,0.14000,0.09000,0.03000,0.04000,0.04000
passive_conveyor,0,29,128,20,30,11,2,5,1,0.55000,0.08000,0.12000,0.14000,0.09000,0.03000,0.04000,0.04000
passive_conveyor,0,30,128,30,27,10,2,5,1,0.55000,0.08000,0.12000,0.14000,0.09000,0.03000,0.04000,0.04000
passive_conveyor,0,31,128,27,26,15,2,5,1,0.55000,0.08000,0.12000,0.14000,0.09000,0.03000,0.04000,0.04000
passive_conveyor,0,32,128,29,24,10,2,5,1,0.55000,0.08000,0.12000,0.14000,0.09000,0.03000,0.04000,0.04000
passive_conveyor,0,33,128,26,28,14,2,5,1,0.55000,0.08000,0.12000,0.14000,0.09000,0.03000,0.04000,0.04000
passive_conveyor,0,34,128,32,24,14,3,5,1,0.55000,0.08000,0.12000,0.14000,0.09000,0.03000,0.04000,0.04000
passive_conveyor,0,35,128,31,30,15,2,5,1,0.55000,0.08000,0.12000,0.14000,0.09000,0.03000,0.04000,0.04000
passive_conveyor,0,36,128,24,24,18,2,5,1,0.55000,0.08000,0.12000,0.14000,0.09000,0.03000,0.04000,0.04000
passive_conveyor,0,37,128,32,30,9,3,5,1,0.55000,0.08000,0.12000,0.14000,0.09000,0.03000,0.04000,0.04000
passive_conveyor,0,38,128,23,28,13,2,5,1,0.55000,0.08000,0.12000,0.14000,0.09000,0.03000,0.04000,0.04000
passive_conveyor,0,39,128,20,23,15,2,5,1,0.55000,0.08000,0.12000,0.14000,0.09000,0.03000,0.04000,0.04000
passive_conveyor,0,40,128,20,25,11,2,5,1,0.55000,0.08000,0.12000,0.14000,0.09000,0.03000,0.04000,0.04000
passive_conveyor,0,41,128,26,23,18,2,5,1,0.55000,0.08000,0.12000,0.14000,0.09000,0.03000,0.04000,0.04000
passive_conveyor,0,42,128,29,26,17,2,5,1,0.55000,0.08000,0.12000,0.14000,0.09000,0.03000,0.04000,0.04000
passive_conveyor,0,43,128,27,33,16,2,5,1,0.55000,0.08000,0.12000,0.14000,0.09000,0.03000,0.04000,0.04000
passive_conveyor,0,44,128,23,31,15,2,5,1,0.55000,0.08000,0.12000,0.14000,0.09000,0.03000,0.04000,0.04000
passive_conveyor,0,45,128,25,23,12,2,5,1,0.55000,0.08000,0.12000,0.14000,0.09000,0.03000,0.04000,0.04000
passive_conveyor,0,46,128,29,25,17,2,5,1,0.55000,0.08000,0.12000,0.14000,0.09000,0.03000,0.04000,0.04000
passive_conveyor,0,47,128,27,27,15,2,5,1,0.55000,0.08000,0.12000,0.14000,0.09000,0.03000,0.04000,0.04000
passive_conveyor,0,48,128,23,26,11,2,5,1,0.55000,0.08000,0.12000,0.14000,0.09000,0.03000,0.04000,0.04000
passive_conveyor,0,49,128,30,31,16,2,5,1,0.55000,0.08000,0.12000,0.14000,0.09000,0.03000,0.04000,0.04000
passive_conveyor,0,50,128,20,24,12,2,5,1,0.55000,0.08000,0.12000,0.14000,0.09000,0.03000,0.04000,0.04000
passive_conveyor,0,51,128,26,24,16,2,5,1,0.55000,0.08000,0.12000,0.14000,0.09000,0.03000,0.04000,0.04000
passive_conveyor,0,52,128,26,29,16,2,5,1,0.55000,0.08000,0.12000,0.14000,0.09000,0.03000,0.04000,0.04000
passive_conveyor,0,53,128,33,31,16,3,5,1,0.55000,0.08000,0.12000,0.14000,0.09000,0.03000,0.04000,0.04000
passive_conveyor,0,54,128,25,23,18,2,5,1,0.55000,0.08000,0.12000,0.14000,0.09000,0.03000,0.04000,0.04000
passive_conveyor,0,55,128,22,30,14,2,5,1,0.55000,0.08000,0.12000,0.14000,0.09000,0.03000,0.04000,0.04000
passive_conveyor,0,56,128,21,33,17,2,5,1,0.55000,0.08000,0.12000,0.14000,0.09000,0.03000,0.04000,0.04000
passive_conveyor,0,57,128,25,32,12,2,5,1,0.55000,0.08000,0.12000,0.14000,0.09000,0.03000,0.04000,0.04000
passive_conveyor,0,58,128,23,22,18,2,5,1,0.55000,0.08000,0.12000,0.14000,0.09000,0.03000,0.04000,0.04000
passive_conveyor,0,59,128,23,31,10,2,5,1,0.55000,0.08000,0.12000,0.14000,0.09000,0.03000,0.04000,0.04000
passive_conveyor,0,60,128,26,27,12,2,5,1,0.55000,0.08000,0.12000,0.14000,0.09000,0.03000,0.04000,0.04000
passive_conveyor,0,61,128,25,25,10,2,5,1,0.55000,0.08000,0.12000,0.14000,0.09000,0.03000,0.04000,0.04000
passive_conveyor,0,62,128,23,27,10,2,5,1,0.55000,0.08000,0.12000,0.14000,0.09000,0.03000,0.04000,0.04000
passive_conveyor,0,63,128,20,22,15,2,5,1,0.55000,0.08000,0.12000,0.14000,0.09000,0.03000,0.04000,0.04000
passive_conveyor,1,0,128,31,30,13,2,5,1,0.55000,0.08000,0.12000,0.14000,0.09000,0.03000,0.04000,0.04000
passive_conveyor,1,1,128,31,24,17,2,5,1,0.55000,0.08000,0.12000,0.14000,0.09000,0.03000,0.04000,0.04000
passive_conveyor,1,2,128,23,30,16,2,5,1,0.55000,0.08000,0.12000,0.14000,0.09000,0.03000,0.04000,0.04000
passive_conveyor,1,3,128,29,32,10,2,5,1,0.55000,0.08000,0.12000,0.14000,0.09000,0.03000,0.04000,0.04000
passive_conveyor,1,4,128,25,27,14,2,5,1,0.55000,0.08000,0.12000,0.14000,0.09000,0.03000,0.04000,0.04000
passive_conveyor,1,5,128,30,27,17,2,5,1,0.55000,0.08000,0.12000,0.14000,0.09000,0.03000,0.04000,0.04000
passive_conveyor,1,6,128,27,30,15,2,5,1,0.55000,0.08000,0.12000,0.14000,0.09000,0.03000,0.04000,0.04000
passive_conveyor,1,7,128,31,33,13,2,5,1,0.55000,0.08000,0.12000,0.14000,0.09000,0.03000,0.04000,0.04000
passive_conveyor,1,8,128,31,25,9,2,5,1,0.55000,0.08000,0.12000,0.14000,0.09000,0.03000,0.04000,0.04000
passive_conveyor,1,9,128,29,22,18,2,5,1,0.55000,0.08000,0.12000,0.14000,0.09000,0.03000,0.04000,0.04000
passive_conveyor,1,10,128,20,23,18,2,5,1,0.55000,0.08000,0.12000,0.14000,0.09000,0.03000,0.04000,0.04000
passive_conveyor,1,11,128,30,24,13,2,5,1,0.55000,0.08000,0.12000,0.14000,0.09000,0.03000,0.04000,0.04000
passive_conveyor,1,12,128,25,23,12,2,5,1,0.55000,0.08000,0.12000,0.14000,0.09000,0.03000,0.04000,0.04000
passive_conveyor,1,13,128,27,26,16,2,5,1,0.55000,0.08000,0.12000,0.14000,0.09000,0.03000,0.04000,0.04000
passive_conveyor,1,14,128,31,32,18,2,5,1,0.55000,0.08000,0.12000,0.14000,0.09000,0.03000,0.04000,0.04000
passive_conveyor,1,15,128,20,32,14,2,5,1,0.55000,0.08000,0.12000,0.14000,0.09000,0.03000,0.04000,0.04000
passive_conveyor,1,16,128,22,29,13,2,5,1,0.55000,0.08000,0.12000,0.14000,0.09000,0.03000,0.04000,0.04000
passive_conveyor,1,17,128,23,30,14,2,5,1,0.55000,0.08000,0.12000,0.14000,0.09000,0.03000,0.04000,0.04000
passive_conveyor,1,18,128,27,26,17,2,5,1,0.55000,0.08000,0.12000,0.14000,0.09000,0.03000,0.04000,0.04000
passive_conveyor,1,19,128,33,27,14,3,5,1,0.55000,0.08000,0.12000,0.14000,0.09000,0.03000,0.04000,0.04000
passive_conveyor,1,20,128,23,29,17,2,5,1,0.55000,0.08000,0.12000,0.14000,0.09000,0.03000,0.04000,0.04000
passive_conveyor,1,21,128,27,33,16,2,5,1,0.55000,0.08000,0.12000,0.14000,0.09000,0.03000,0.04000,0.04000
passive_conveyor,1,22,128,28,26,18,2,5,1,0.55000,0.08000,0.12000,0.14000,0.09000,0.03000,0.04000,0.04000
passive_conveyor,1,23,128,27,29,18,2,5,1,0.55000,0.08000,0.12000,0.14000,0.09000,0.03000,0.04000,0.04000
passive_conveyor,1,24,128,32,28,11,3,5,1,0.55000,0.08000,0.12000,0.14000,0.09000,0.03000,0.04000,0.04000
passive_conveyor,1,25,128,29,32,16,2,5,1,0.55000,0.08000,0.12000,0.14000,0.09000,0.03000,0.04000,0.04000
passive_conveyor,1,26,128,31,28,18,2,5,1,0.55000,0.08000,0.12000,0.14000,0.09000,0.03000,0.04000,0.04000
passive_conveyor,1,27,128,31,26,9,2,5,1,0.55000,0.08000,0.12000,0.14000,0.09000,0.03000,0.04000,0.04000
passive_conveyor,1,28,128,32,26,12,3,5,1,0.55000,0.08000,0.12000,0.14000,0.09000,0.03000,0.04000,0.04000
passive_conveyor,1,29,128,25,26,10,2,5,1,0.55000,0.08000,0.12000,0.14000,0.09000,0.03000,0.04000,0.04000
passive_conveyor,1,30,128,33,29,10,3,5,1,0.55000,0.08000,0.12000,0.14000,0.09000,0.03000,0.04000,0.04000
passive_conveyor,1,31,128,21,25,10,2,5,1,0.55000,0.08000,0.12000,0.14000,0.09000,0.03000,0.04000,0.04000
passive_conveyor,1,32,128,29,24,10,2,5,1,0.55000,0.08000,0.12000,0.14000,0.09000,0.03000,0.04000,0.04000
passive_conveyor,1,33,128,21,22,16,2,5,1,0.55000,0.08000,0.12000,0.14000,0.09000,0.03000,0.04000,0.04000
passive_conveyor,1,34,128,26,31,16,2,5,1,0.55000,0.08000,0.12000,0.14000,0.09000,0.03000,0.04000,0.04000
passive_conveyor,1,35,128,33,26,16,3,5,1,0.55000,0.08000,0.12000,0.14000,0.09000,0.03000,0.04000,0.04000
passive_conveyor,1,36,128,26,27,18,2,5,1,0.55000,0.08000,0.12000,0.14000,0.09000,0.03000,0.04000,0.04000
passive_conveyor,1,37,128,32,25,16,3,5,1,0.55000,0.08000,0.12000,0.14000,0.09000,0.03000,0.04000,0.04000
passive_conveyor,1,38,128,20,28,10,2,5,1,0.55000,0.08000,0.12000,0.14000,0.09000,0.03000,0.04000,0.04000
passive_conveyor,1,39,128,24,26,13,2,5,1,0.55000,0.08000,0.12000,0.14000,0.09000,0.03000,0.04000,0.04000
passive_conveyor,1,40,128,22,27,9,2,5,1,0.55000,0.08000,0.12000,0.14000,0.09000,0.03000,0.04000,0.04000
passive_conveyor,1,41,128,20,32,9,2,5,1,0.55000,0.08000,0.12000,0.14000,0.09000,0.03000,0.04000,0.04000
passive_conveyor,1,42,128,29,30,15,2,5,1,0.55000,0.08000,0.12000,0.14000,0.09000,0.03000,0.04000,0.04000
passive_conveyor,1,43,128,32,22,12,3,5,1,0.55000,0.08000,0.12000,0.14000,0.09000,0.03000,0.04000,0.04000
passive_conveyor,1,44,128,24,27,11,2,5,1,0.55000,0.08000,0.12000,0.14000,0.09000,0.03000,0.04000,0.04000
passive_conveyor,1,45,128,27,30,16,2,5,1,0.55000,0.08000,0.12000,0.14000,0.09000,0.03000,0.04000,0.04000
passive_conveyor,1,46,128,32,25,16,3,5,1,0.55000,0.08000,0.12000,0.14000,0.09000,0.03000,0.04000,0.04000
passive_conveyor,1,47,128,28,29,14,2,5,1,0.55000,0.08000,0.12000,0.14000,0.09000,0.03000,0.04000,0.04000
passive_conveyor,1,48,128,26,28,13,2,5,1,0.55000,0.08000,0.12000,0.14000,0.09000,0.03000,0.04000,0.04000
passive_conveyor,1,49,128,21,33,17,2,5,1,0.55000,0.08000,0.12000,0.14000,0.09000,0.03000,0.04000,0.04000
passive_conveyor,1,50,128,25,25,12,2,5,1,0.55000,0.08000,0.12000,0.14000,0.09000,0.03000,0.04000,0.04000
passive_conveyor,1,51,128,33,31,12,3,5,1,0.55000,0.08000,0.12000,0.14000,0.09000,0.03000,0.04000,0.04000
passive_conveyor,1,52,128,27,26,18,2,5,1,0.55000,0.08000,0.12000,0.14000,0.09000,0.03000,0.04000,0.04000
passive_conveyor,1,53,128,31,32,12,2,5,1,0.55000,0.08000,0.12000,0.14000,0.09000,0.03000,0.04000,0.04000
passive_conveyor,1,54,128,20,28,10,2,5,1,0.55000,0.08000,0.12000,0.14000,0.09000,0.03000,0.04000,0.04000
passive_conveyor,1,55,128,25,23,9,2,5,1,0.55000,0.08000,0.12000,0.14000,0.09000,0.03000,0.04000,0.04000
passive_conveyor,1,56,128,30,28,18,2,5,1,0.55000,0.08000,0.12000,0.14000,0.09000,0.03000,0.04000,0.04000
passive_conveyor,1,57,128,30,27,14,2,5,1,0.55000,0.08000,0.12000,0.14000,0.09000,0.03000,0.04000,0.04000
passive_conveyor,1,58,128,33,28,14,3,5,1,0.55000,0.08000,0.12000,0.14000,0.09000,0.03000,0.04000,0.04000
passive_conveyor,1,59,128,29,25,18,2,5,1,0.55000,0.08000,0.12000,0.14000,0.09000,0.03000,0.04000,0.04000
passive_conveyor,1,60,128,21,23,14,2,5,1,0.55000,0.08000,0.12000,0.14000,0.09000,0.03000,0.04000,0.04000
passive_conveyor,1,61,128,32,32,18,3,5,1,0.55000,0.08000,0.12000,0.14000,0.09000,0.03000,0.04000,0.04000
passive_conveyor,1,62,128,26,30,14,2,5,1,0.55000,0.08000,0.12000,0.14000,0.09000,0.03000,0.04000,0.04000
passive_conveyor,1,63,128,26,31,13,2,5,1,0.55000,0.08000,0.12000,0.14000,0.09000,0.03000,0.04000,0.04000
passive_conveyor,2,0,128,29,27,14,2,5,1,0.55000,0.08000,0.12000,0.14000,0.09000,0.03000,0.04000,0.04000
passive_conveyor,2,1,128,29,25,12,2,5,1,0.55000,0.08000,0.12000,0.14000,0.09000,0.03000,0.04000,0.04000
passive_conveyor,2,2,128,26,26,16,2,5,1,0.55000,0.08000,0.12000,0.14000,0.09000,0.03000,0.04000,0.04000
passive_conveyor,2,3,128,31,28,12,2,5,1,0.55000,0.08000,0.12000,0.14000,0.09000,0.03000,0.04000,0.04000
passive_conveyor,2,4,128,27,26,17,2,5,1,0.55000,0.08000,0.12000,0.14000,0.09000,0.03000,0.04000,0.04000
passive_conveyor,2,5,128,32,29,12,3,5,1,0.55000,0.08000,0.12000,0.14000,0.09000,0.03000,0.04000,0.04000
passive_conveyor,2,6,128,22,30,9,2,5,1,0.55000,0.08000,0.12000,0.14000,0.09000,0.03000,0.04000,0.04000
passive_conveyor,2,7,128,33,22,16,3,5,1,0.55000,0.08000,0.12000,0.14000,0.09000,0.03000,0.04000,0.04000
passive_conveyor,2,8,128,33,25,18,3,5,1,0.55000,0.08000,0.12000,0.14000,0.09000,0.03000,0.04000,0.04000
passive_conveyor,2,9,128,22,33,13,2,5,1,0.55000,0.08000,0.12000,0.14000,0.09000,0.03000,0.04000,0.04000
passive_conveyor,2,10,128,25,29,17,2,5,1,0.55000,0.08000,0.12000,0.14000,0.09000,0.03000,0.04000,0.04000
passive_conveyor,2,11,128,26,22,13,2,5,1,0.55000,0.08000,0.12000,0.14000,0.09000,0.03000,0.04000,0.04000
passive_conveyor,2,12,128,27,23,15,2,5,1,0.55000,0.08000,0.12000,0.14000,0.09000,0.03000,0.04000,0.04000
passive_conveyor,2,13,128,29,29,9,2,5,1,0.55000,0.08000,0.12000,0.14000,0.09000,0.03000,0.04000,0.04000
passive_conveyor,2,14,128,33,33,9,3,5,1,0.55000,0.08000,0.12000,0.14000,0.09000,0.03000,0.04000,0.04000
passive_conveyor,2,15,128,20,29,14,2,5,1,0.55000,0.08000,0.12000,0.14000,0.09000,0.03000,0.04000,0.04000
passive_conveyor,2,16,128,30,22,14,2,5,1,0.55000,0.08000,0.12000,0.14000,0.09000,0.03000,0.04000,0.04000
passive_conveyor,2,17,128,20,30,14,2,5,1,0.55000,0.08000,0.12000,0.14000,0.09000,0.03000,0.04000,0.04000
passive_conveyor,2,18,128,26,22,16,2,5,1,0.55000,0.08000,0.12000,0.14000,0.09000,0.03000,0.04000,0.04000
passive_conveyor,2,19,128,28,33,14,2,5,1,0.55000,0.08000,0.12000,0.14000,0.09000,0.03000,0.04000,0.04000
passive_conveyor,2,20,128,20,22,11,2,5,1,0.55000,0.08000,0.12000,0.14000,0.09000,0.03000,0.04000,0.04000
passive_conveyor,2,21,128,22,33,14,2,5,1,0.55000,0.08000,0.12000,0.14000,0.09000,0.03000,0.04000,0.04000
passive_conveyor,2,22,128,27,28,9,2,5,1,0.55000,0.08000,0.12000,0.14000,0.09000,0.03000,0.04000,0.04000
passive_conveyor,2,23,128,21,33,13,2,5,1,0.55000,0.08000,0.12000,0.14000,0.09000,0.03000,0.04000,0.04000
passive_conveyor,2,24,128,28,32,14,2,5,1,0.55000,0.08000,0.12000,0.14000,0.09000,0.03000,0.04000,0.04000
passive_conveyor,2,25,128,28,22,10,2,5,1,0.55000,0.08000,0.12000,0.14000,0.09000,0.03000,0.04000,0.04000
passive_conveyor,2,26,128,29,26,16,2,5,1,0.55000,0.08000,0.12000,0.14000,0.09000,0.03000,0.04000,0.04000
passive_conveyor,2,27,128,22,25,13,2,5,1,0.55000,0.08000,0.12000,0.14000,0.09000,0.03000,0.04000,0.04000
passive_conveyor,2,28,128,20,26,12,2,5,1,0.55000,0.08000,0.12000,0.14000,0.09000,0.03000,0.04000,0.04000
passive_conveyor,2,29,128,22,32,16,2,5,1,0.55000,0.08000,0.12000,0.14000,0.09000,0.03000,0.04000,0.04000
passive_conveyor,2,30,128,22,25,16,2,5,1,0.55000,0.08000,0.12000,0.14000,0.09000,0.03000,0.04000,0.04000
passive_conveyor,2,31,128,20,23,14,2,5,1,0.55000,0.08000,0.12000,0.14000,0.09000,0.03000,0.04000,0.04000
passive_conveyor,2,32,128,22,31,17,2,5,1,0.55000,0.08000,0.12000,0.14000,0.09000,0.03000,0.04000,0.04000
passive_conveyor,2,33,128,28,29,10,2,5,1,0.55000,0.08000,0.12000,0.14000,0.09000,0.03000,0.04000,0.04000
passive_conveyor,2,34,128,33,29,10,3,5,1,0.55000,0.08000,0.12000,0.14000,0.09000,0.03000,0.04000,0.04000
passive_conveyor,2,35,128,31,24,15,2,5,1,0.55000,0.08000,0.12000,0.14000,0.09000,0.03000,0.04000,0.04000
passive_conveyor,2,36,128,21,25,11,2,5,1,0.55000,0.08000,0.12000,0.14000,0.09000,0.03000,0.04000,0.04000
passive_conveyor,2,37,128,20,26,9,2,5,1,0.55000,0.08000,0.12000,0.14000,0.09000,0.03000,0.04000,0.04000
passive_conveyor,2,38,128,20,27,15,2,5,1,0.55000,0.08000,0.12000,0.14000,0.09000,0.03000,0.04000,0.04000
passive_conveyor,2,39,128,29,25,13,2,5,1,0.55000,0.08000,0.12000,0.14000,0.09000,0.03000,0.04000,0.04000
passive_conveyor,2,40,128,21,30,17,2,5,1,0.55000,0.08000,0.12000,0.14000,0.09000,0.03000,0.04000,0.04000
passive_conveyor,2,41,128,24,30,15,2,5,1,0.55000,0.08000,0.12000,0.14000,0.09000,0.03000,0.04000,0.04000
passive_conveyor,2,42,128,27,29,17,2,5,1,0.55000,0.08000,0.12000,0.14000,0.09000,0.03000,0.04000,0.04000
passive_conveyor,2,43,128,24,23,16,2,5,1,0.55000,0.08000,0.12000,0.14000,0.09000,0.03000,0.04000,0.04000
passive_conveyor,2,44,128,30,26,9,2,5,1,0.55000,0.08000,0.12000,0.14000,0.09000,0.03000,0.04000,0.04000
passive_conveyor,2,45,128,21,28,14,2,5,1,0.55000,0.08000,0.12000,0.14000,0.09000,0.03000,0.04000,0.04000
passive_conveyor,2,46,128,28,22,13,2,5,1,0.55000,0.08000,0.12000,0.14000,0.09000,0.03000,0.04000,0.04000
passive_conveyor,2,47,128,31,32,17,2,5,1,0.55000,0.08000,0.12000,0.14000,0.09000,0.03000,0.04000,0.04000
passive_conveyor,2,48,128,27,27,17,2,5,1,0.55000,0.08000,0.12000,0.14000,0.09000,0.03000,0.04000,0.04000
passive_conveyor,2,49,128,21,32,13,2,5,1,0.55000,0.08000,0.12000,0.14000,0.09000,0.03000,0.04000,0.04000
passive_conveyor,2,50,128,30,26,9,2,5,1,0.55000,0.08000,0.12000,0.14000,0.09000,0.03000,0.04000,0.04000
passive_conveyor,2,51,128,20,27,16,2,5,1,0.55000,0.08000,0.12000,0.14000,0.09000,0.03000,0.04000,0.04000
passive_conveyor,2,52,128,26,30,10,2,5,1,0.55000,0.08000,0.12000,0.14000,0.09000,0.03000,0.04000,0.04000
passive_conveyor,2,53,128,24,31,12,2,5,1,0.55000,0.08000,0.12000,0.14000,0.09000,0.03000,0.04000,0.04000
passive_conveyor,2,54,128,27,32,12,2,5,1,0.55000,0.08000,0.12000,0.14000,0.09000,0.03000,0.04000,0.04000
passive_conveyor,2,55,128,22,30,13,2,5,1,0.55000,0.08000,0.12000,0.14000,0.09000,0.03000,0.04000,0.04000
passive_conveyor,2,56,128,31,30,16,2,5,1,0.55000,0.08000,0.12000,0.14000,0.09000,0.03000,0.04000,0.04000
passive_conveyor,2,57,128,32,30,9,3,5,1,0.55000,0.08000,0.12000,0.14000,0.09000,0.03000,0.04000,0.04000
passive_conveyor,2,58,128,22,33,14,2,5,1,0.55000,0.08000,0.12000,0.14000,0.09000,0.03000,0.04000,0.04000
passive_conveyor,2,59,128,21,23,18,2,5,1,0.55000,0.08000,0.12000,0.14000,0.09000,0.03000,0.04000,0.04000
passive_conveyor,2,60,128,21,26,11,2,5,1,0.55000,0.08000,0.12000,0.14000,0.09000,0.03000,0.04000,0.04000
passive_conveyor,2,61,128,25,32,12,2,5,1,0.55000,0.08000,0.12000,0.14000,0.09000,0.03000,0.04000,0.04000
passive_conveyor,2,62,128,33,31,17,3,5,1,0.55000,0.08000,0.12000,0.14000,0.09000,0.03000,0.04000,0.04000
passive_conveyor,2,63,128,28,33,9,2,5,1,0.55000,0.08000,0.12000,0.14000,0.09000,0.03000,0.04000,0.04000
passive_conveyor,3,0,128,31,26,13,2,5,1,0.55000,0.08000,0.12000,0.14000,0.09000,0.03000,0.04000,0.04000
passive_conveyor,3,1,128,31,25,14,2,5,1,0.55000,0.08000,0.12000,0.14000,0.09000,0.03000,0.04000,0.04000
passive_conveyor,3,2,128,20,26,13,2,5,1,0.55000,0.08000,0.12000,0.14000,0.09000,0.03000,0.04000,0.04000
passive_conveyor,3,3,128,31,25,11,2,5,1,0.55000,0.08000,0.12000,0.14000,0.09000,0.03000,0.04000,0.04000
passive_conveyor,3,4,128,31,28,14,2,5,1,0.55000,0.08000,0.12000,0.14000,0.09000,0.03000,0.04000,0.04000
passive_conveyor,3,5,128,24,26,16,2,5,1,0.55000,0.08000,0.12000,0.14000,0.09000,0.03000,0.04000,0.04000
passive_conveyor,3,6,128,27,23,10,2,5,1,0.55000,0.08000,0.12000,0.14000,0.09000,0.03000,0.04000,0.04000
passive_conveyor,3,7,128,24,24,18,2,5,1,0.55000,0.08000,0.12000,0.14000,0.09000,0.03000,0.04000,0.04000
passive_conveyor,3,8,128,25,26,18,2,5,1,0.55000,0.08000,0.12000,0.14000,0.09000,0.03000,0.04000,0.04000
passive_conveyor,3,9,128,24,29,15,2,5,1,0.55000,0.08000,0.12000,0.14000,0.09000,0.03000,0.04000,0.04000
passive_conveyor,3,10,128,24,30,10,2,5,1,0.55000,0.08000,0.12000,0.14000,0.09000,0.03000,0.04000,0.04000
passive_conveyor,3,11,128,30,24,18,2,5,1,0.55000,0.08000,0.12000,0.14000,0.09000,0.03000,0.04000,0.04000
passive_conveyor,3,12,128,22,32,12,2,5,1,0.55000,0.08000,0.12000,0.14000,0.09000,0.03000,0.04000,0.04000
passive_conveyor,3,13,128,32,28,16,3,5,1,0.55000,0.08000,0.12000,0.14000,0.09000,0.03000,0.04000,0.04000
passive_conveyor,3,14,128,30,25,15,2,5,1,0.55000,0.08000,0.12000,0.14000,0.09000,0.03000,0.04000,0.04000
passive_conveyor,3,15,128,30,30,14,2,5,1,0.55000,0.08000,0.12000,0.14000,0.09000,0.03000,0.04000,0.04000
passive_conveyor,3,16,128,26,26,12,2,5,1,0.55000,0.08000,0.12000,0.14000,0.09000,0.03000,0.04000,0.04000
passive_conveyor,3,17,128,20,30,18,2,5,1,0.55000,0.08000,0.12000,0.14000,0.09000,0.03000,0.04000,0.04000
passive_conveyor,3,18,128,32,24,11,3,5,1,0.55000,0.08000,0.12000,0.14000,0.09000,0.03000,0.04000,0.04000
passive_conveyor,3,19,128,26,28,10,2,5,1,0.55000,0.08000,0.12000,0.14000,0.09000,0.03000,0.04000,0.04000
passive_conveyor,3,20,128,29,22,14,2,5,1,0.55000,0.08000,0.12000,0.14000,0.09000,0.03000,0.04000,0.04000
passive_conveyor,3,21,128,31,33,13,2,5,1,0.55000,0.08000,0.12000,0.14000,0.09000,0.03000,0.04000,0.04000
passive_conveyor,3,22,128,29,24,12,2,5,1,0.55000,0.08000,0.12000,0.14000,0.09000,0.03000,0.04000,0.04000
passive_conveyor,3,23,128,31,23,17,2,5,1,0.55000,0.08000,0.12000,0.14000,0.09000,0.03000,0.04000,0.04000
passive_conveyor,3,24,128,25,28,16,2,5,1,0.55000,0.08000,0.12000,0.14000,0.09000,0.03000,0.04000,0.04000
passive_conveyor,3,25,128,20,32,16,2,5,1,0.55000,0.08000,0.12000,0.14000,0.09000,0.03000,0.04000,0.04000
passive_conveyor,3,26,128,30,25,17,2,5,1,0.55000,0.08000,0.12000,0.14000,0.09000,0.03000,0.04000,0.04000
passive_conveyor,3,27,128,24,26,17,2,5,1,0.55000,0.08000,0.12000,0.14000,0.09000,0.03000,0.04000,0.04000
passive_conveyor,3,28,128,24,22,11,2,5,1,0.55000,0.08000,0.12000,0.14000,0.09000,0.03000,0.04000,0.04000
passive_conveyor,3,29,128,20,28,9,2,5,1,0.55000,0.08000,0.12000,0.14000,0.09000,0.03000,0.04000,0.04000
passive_conveyor,3,30,128,24,29,10,2,5,1,0.55000,0.08000,0.12000,0.14000,0.09000,0.03000,0.04000,0.04000
passive_conveyor,3,31,128,32,22,15,3,5,1,0.55000,0.08000,0.12000,0.14000,0.09000,0.03000,0.04000,0.04000
passive_conveyor,3,32,128,31,26,9,2,5,1,0.55000,0.08000,0.12000,0.14000,0.09000,0.03000,0.04000,0.04000
passive_conveyor,3,33,128,28,30,11,2,5,1,0.55000,0.08000,0.12000,0.14000,0.09000,0.03000,0.04000,0.04000
passive_conveyor,3,34,128,21,25,10,2,5,1,0.55000,0.08000,0.12000,0.14000,0.09000,0.03000,0.04000,0.04000
passive_conveyor,3,35,128,32,31,14,3,5,1,0.55000,0.08000,0.12000,0.14000,0.09000,0.03000,0.04000,0.04000
passive_conveyor,3,36,128,32,29,11,3,5,1,0.55000,0.08000,0.12000,0.14000,0.09000,0.03000,0.04000,0.04000
passive_conveyor,3,37,128,27,32,14,2,5,1,0.55000,0.08000,0.12000,0.14000,0.09000,0.03000,0.04000,0.04000
passive_conveyor,3,38,128,26,23,18,2,5,1,0.55000,0.08000,0.12000,0.14000,0.09000,0.03000,0.04000,0.04000
passive_conveyor,3,39,128,30,31,10,2,5,1,0.55000,0.08000,0.12000,0.14000,0.09000,0.03000,0.04000,0.04000
passive_conveyor,3,40,128,21,24,10,2,5,1,0.55000,0.08000,0.12000,0.14000,0.09000,0.03000,0.04000,0.04000
passive_conveyor,3,41,128,30,27,18,2,5,1,0.55000,0.08000,0.12000,0.14000,0.09000,0.03000,0.04000,0.04000
passive_conveyor,3,42,128,22,31,15,2,5,1,0.55000,0.08000,0.12000,0.14000,0.09000,0.03000,0.04000,0.04000
passive_conveyor,3,43,128,22,30,15,2,5,1,0.55000,0.08000,0.12000,0.14000,0.09000,0.03000,0.04000,0.04000
passive_conveyor,3,44,128,22,26,9,2,5,1,0.55000,0.08000,0.12000,0.14000,0.09000,0.03000,0.04000,0.04000
passive_conveyor,3,45,128,21,31,9,2,5,1,0.55000,0.08000,0.12000,0.14000,0.09000,0.03000,0.04000,0.04000
passive_conveyor,3,46,128,30,30,12,2,5,1,0.55000,0.08000,0.12000,0.14000,0.09000,0.03000,0.04000,0.04000
passive_conveyor,3,47,128,32,23,16,3,5,1,0.55000,0.08000,0.12000,0.14000,0.09000,0.03000,0.04000,0.04000
passive_conveyor,3,48,128,28,31,15,2,5,1,0.55000,0.08000,0.12000,0.14000,0.09000,0.03000,0.04000,0.04000
passive_conveyor,3,49,128,30,31,16,2,5,1,0.55000,0.08000,0.12000,0.14000,0.09000,0.03000,0.04000,0.04000
passive_conveyor,3,50,128,30,25,16,2,5,1,0.55000,0.08000,0.12000,0.14000,0.09000,0.03000,0.04000,0.04000
passive_conveyor,3,51,128,20,27,17,2,5,1,0.55000,0.08000,0.12000,0.14000,0.09000,0.03000,0.04000,0.04000
passive_conveyor,3,52,128,26,30,18,2,5,1,0.55000,0.08000,0.12000,0.14000,0.09000,0.03000,0.04000,0.04000
passive_conveyor,3,53,128,25,29,14,2,5,1,0.55000,0.08000,0.12000,0.14000,0.09000,0.03000,0.04000,0.04000
passive_conveyor,3,54,128,32,24,14,3,5,1,0.55000,0.08000,0.12000,0.14000,0.09000,0.03000,0.04000,0.04000
passive_conveyor,3,55,128,31,24,9,2,5,1,0.55000,0.08000,0.12000,0.14000,0.09000,0.03000,0.04000,0.04000
passive_conveyor,3,56,128,25,26,18,2,5,1,0.55000,0.08000,0.12000,0.14000,0.09000,0.03000,0.04000,0.04000
passive_conveyor,3,57,128,25,33,9,2,5,1,0.55000,0.08000,0.12000,0.14000,0.09000,0.03000,0.04000,0.04000
passive_conveyor,3,58,128,23,27,13,2,5,1,0.55000,0.08000,0.12000,0.14000,0.09000,0.03000,0.04000,0.04000
passive_conveyor,3,59,128,28,26,18,2,5,1,0.55000,0.08000,0.12000,0.14000,0.09000,0.03000,0.04000,0.04000
passive_conveyor,3,60,128,29,22,13,2,5,1,0.55000,0.08000,0.12000,0.14000,0.09000,0.03000,0.04000,0.04000
passive_conveyor,3,61,128,24,32,17,2,5,1,0.55000,0.08000,0.12000,0.14000,0.09000,0.03000,0.04000,0.04000
passive_conveyor,3,62,128,28,27,9,2,5,1,0.55000,0.08000,0.12000,0.14000,0.09000,0.03000,0.04000,0.04000
passive_conveyor,3,63,128,22,30,13,2,5,1,0.55000,0.08000,0.12000,0.14000,0.09000,0.03000,0.04000,0.04000
passive_conveyor,4,0,128,27,31,14,2,5,1,0.55000,0.08000,0.12000,0.14000,0.09000,0.03000,0.04000,0.04000
passive_conveyor,4,1,128,23,28,14,2,5,1,0.55000,0.08000,0.12000,0.14000,0.09000,0.03000,0.04000,0.04000
passive_conveyor,4,2,128,25,23,17,2,5,1,0.55000,0.08000,0.12000,0.14000,0.09000,0.03000,0.04000,0.04000
passive_conveyor,4,3,128,26,28,15,2,5,1,0.55000,0.08000,0.12000,0.14000,0.09000,0.03000,0.04000,0.04000
passive_conveyor,4,4,128,25,26,17,2,5,1,0.55000,0.08000,0.12000,0.14000,0.09000,0.03000,0.04000,0.04000
passive_conveyor,4,5,128,33,25,13,3,5,1,0.55000,0.08000,0.12000,0.14000,0.09000,0.03000,0.04000,0.04000
passive_conveyor,4,6,128,31,23,18,2,5,1,0.55000,0.08000,0.12000,0.14000,0.09000,0.03000,0.04000,0.04000
passive_conveyor,4,7,128,24,33,13,2,5,1,0.55000,0.08000,0.12000,0.14000,0.09000,0.03000,0.04000,0.04000
passive_conveyor,4,8,128,28,29,13,2,5,1,0.55000,0.08000,0.12000,0.14000,0.09000,0.03000,0.04000,0.04000
passive_conveyor,4,9,128,20,31,18,2,5,1,0.55000,0.08000,0.12000,0.14000,0.09000,0.03000,0.04000,0.04000
passive_conveyor,4,10,128,22,23,10,2,5,1,0.55000,0.08000,0.12000,0.14000,0.09000,0.03000,0.04000,0.04000
passive_conveyor,4,11,128,27,25,9,2,5,1,0.55000,0.08000,0.12000,0.14000,0.09000,0.03000,0.04000,0.04000
passive_conveyor,4,12,128,20,25,18,2,5,1,0.55000,0.08000,0.12000,0.14000,0.09000,0.03000,0.04000,0.04000
passive_conveyor,4,13,128,31,30,18,2,5,1,0.55000,0.08000,0.12000,0.14000,0.09000,0.03000,0.04000,0.04000
passive_conveyor,4,14,128,31,31,14,2,5,1,0.55000,0.08000,0.12000,0.14000,0.09000,0.03000,0.04000,0.04000
passive_conveyor,4,15,128,30,28,12,2,5,1,0.55000,0.08000,0.12000,0.14000,0.09000,0.03000,0.04000,0.04000
passive_conveyor,4,16,128,26,28,12,2,5,1,0.55000,0.08000,0.12000,0.14000,0.09000,0.03000,0.04000,0.04000
passive_conveyor,4,17,128,20,30,12,2,5,1,0.55000,0.08000,0.12000,0.14000,0.09000,0.03000,0.04000,0.04000
passive_conveyor,4,18,128,33,28,11,3,5,1,0.55000,0.08000,0.12000,0.14000,0.09000,0.03000,0.04000,0.04000
passive_conveyor,4,19,128,22,26,15,2,5,1,0.55000,0.08000,0.12000,0.14000,0.09000,0.03000,0.04000,0.04000
passive_conveyor,4,20,128,28,24,18,2,5,1,0.55000,0.08000,0.12000,0.14000,0.09000,0.03000,0.04000,0.04000
passive_conveyor,4,21,128,23,26,18,2,5,1,0.55000,0.08000,0.12000,0.14000,0.09000,0.03000,0.04000,0.04000
passive_conveyor,4,22,128,21,26,12,2,5,1,0.55000,0.08000,0.12000,0.14000,0.09000,0.03000,0.04000,0.04000
passive_conveyor,4,23,128,28,22,15,2,5,1,0.55000,0.08000,0.12000,0.14000,0.09000,0.03000,0.04000,0.04000
passive_conveyor,4,24,128,27,28,16,2,5,1,0.55000,0.08000,0.12000,0.14000,0.09000,0.03000,0.04000,0.04000
passive_conveyor,4,25,128,29,32,16,2,5,1,0.55000,0.08000,0.12000,0.14000,0.09000,0.03000,0.04000,0.04000
passive_conveyor,4,26,128,27,23,17,2,5,1,0.55000,0.08000,0.12000,0.14000,0.09000,0.03000,0.04000,0.04000
passive_conveyor,4,27,128,25,30,9,2,5,1,0.55000,0.08000,0.12000,0.14000,0.09000,0.03000,0.04000,0.04000
passive_conveyor,4,28,128,21,32,10,2,5,1,0.55000,0.08000,0.12000,0.14000,0.09000,0.03000,0.04000,0.04000
passive_conveyor,4,29,128,25,27,11,2,5,1,0.55000,0.08000,0.12000,0.14000,0.09000,0.03000,0.04000,0.04000
passive_conveyor,4,30,128,22,23,14,2,5,1,0.55000,0.08000,0.12000,0.14000,0.09000,0.03000,0.04000,0.04000
passive_conveyor,4,31,128,25,22,9,2,5,1,0.55000,0.08000,0.12000,0.14000,0.09000,0.03000,0.04000,0.04000
passive_conveyor,4,32,128,33,28,12,3,5,1,0.55000,0.08000,0.12000,0.14000,0.09000,0.03000,0.04000,0.04000
passive_conveyor,4,33,128,29,33,10,2,5,1,0.55000,0.08000,0.12000,0.14000,0.09000,0.03000,0.04000,0.04000
passive_conveyor,4,34,128,22,22,18,2,5,1,0.55000,0.08000,0.12000,0.14000,0.09000,0.03000,0.04000,0.04000
passive_conveyor,4,35,128,24,25,13,2,5,1,0.55000,0.08000,0.12000,0.14000,0.09000,0.03000,0.04000,0.04000
passive_conveyor,4,36,128,26,27,18,2,5,1,0.55000,0.08000,0.12000,0.14000,0.09000,0.03000,0.04000,0.04000
passive_conveyor,4,37,128,32,25,13,3,5,1,0.55000,0.08000,0.12000,0.14000,0.09000,0.03000,0.04000,0.04000
passive_conveyor,4,38,128,22,32,13,2,5,1,0.55000,0.08000,0.12000,0.14000,0.09000,0.03000,0.04000,0.04000
passive_conveyor,4,39,128,28,30,17,2,5,1,0.55000,0.08000,0.12000,0.14000,0.09000,0.03000,0.04000,0.04000
passive_conveyor,4,40,128,27,33,16,2,5,1,0.55000,0.08000,0.12000,0.14000,0.09000,0.03000,0.04000,0.04000
passive_conveyor,4,41,128,26,28,16,2,5,1,0.55000,0.08000,0.12000,0.14000,0.09000,0.03000,0.04000,0.04000
passive_conveyor,4,42,128,28,29,14,2,5,1,0.55000,0.08000,0.12000,0.14000,0.09000,0.03000,0.04000,0.04000
passive_conveyor,4,43,128,33,24,12,3,5,1,0.55000,0.08000,0.12000,0.14000,0.09000,0.03000,0.04000,0.04000
passive_conveyor,4,44,128,29,31,18,2,5,1,0.55000,0.08000,0.12000,0.14000,0.09000,0.03000,0.04000,0.04000
passive_conveyor,4,45,128,26,31,9,2,5,1,0.55000,0.08000,0.12000,0.14000,0.09000,0.03000,0.04000,0.04000
passive_conveyor,4,46,128,20,29,16,2,5,1,0.55000,0.08000,0.12000,0.14000,0.09000,0.03000,0.04000,0.04000
passive_conveyor,4,47,128,32,28,15,3,5,1,0.55000,0.08000,0.12000,0.14000,0.09000,0.03000,0.04000,0.04000
passive_conveyor,4,48,128,31,33,16,2,5,1,0.55000,0.08000,0.12000,0.14000,0.09000,0.03000,0.04000,0.04000
passive_conveyor,4,49,128,26,31,14,2,5,1,0.55000,0.08000,0.12000,0.14000,0.09000,0.03000,0.04000,0.04000
passive_conveyor,4,50,128,32,29,10,3,5,1,0.55000,0.08000,0.12000,0.14000,0.09000,0.03000,0.04000,0.04000
passive_conveyor,4,51,128,26,24,12,2,5,1,0.55000,0.08000,0.12000,0.14000,0.09000,0.03000,0.04000,0.04000
passive_conveyor,4,52,128,27,32,17,2,5,1,0.55000,0.08000,0.12000,0.14000,0.09000,0.03000,0.04000,0.04000
passive_conveyor,4,53,128,24,33,16,2,5,1,0.55000,0.08000,0.12000,0.14000,0.09000,0.03000,0.04000,0.04000
passive_conveyor,4,54,128,30,25,9,2,5,1,0.55000,0.08000,0.12000,0.14000,0.09000,0.03000,0.04000,0.04000
passive_conveyor,4,55,128,30,22,17,2,5,1,0.55000,0.08000,0.12000,0.14000,0.09000,0.03000,0.04000,0.04000
passive_conveyor,4,56,128,24,30,10,2,5,1,0.55000,0.08000,0.12000,0.14000,0.09000,0.03000,0.04000,0.04000
passive_conveyor,4,57,128,20,30,17,2,5,1,0.55000,0.08000,0.12000,0.14000,0.09000,0.03000,0.04000,0.04000
passive_conveyor,4,58,128,29,23,18,2,5,1,0.55000,0.08000,0.12000,0.14000,0.09000,0.03000,0.04000,0.04000
passive_conveyor,4,59,128,23,31,15,2,5,1,0.55000,0.08000,0.12000,0.14000,0.09000,0.03000,0.04000,0.04000
passive_conveyor,4,60,128,27,28,11,2,5,1,0.55000,0.08000,0.12000,0.14000,0.09000,0.03000,0.04000,0.04000
passive_conveyor,4,61,128,32,27,9,3,5,1,0.55000,0.08000,0.12000,0.14000,0.09000,0.03000,0.04000,0.04000
passive_conveyor,4,62,128,28,32,15,2,5,1,0.55000,0.08000,0.12000,0.14000,0.09000,0.03000,0.04000,0.04000
passive_conveyor,4,63,128,26,32,9,2,5,1,0.55000,0.08000,0.12000,0.14000,0.09000,0.03000,0.04000,0.04000
passive_conveyor,5,0,128,29,27,10,2,5,1,0.55000,0.08000,0.12000,0.14000,0.09000,0.03000,0.04000,0.04000
passive_conveyor,5,1,128,21,22,11,2,5,1,0.55000,0.08000,0.12000,0.14000,0.09000,0.03000,0.04000,0.04000
passive_conveyor,5,2,128,30,32,16,2,5,1,0.55000,0.08000,0.12000,0.14000,0.09000,0.03000,0.04000,0.04000
passive_conveyor,5,3,128,20,28,9,2,5,1,0.55000,0.08000,0.12000,0.14000,0.09000,0.03000,0.04000,0.04000
passive_conveyor,5,4,128,21,27,12,2,5,1,0.55000,0.08000,0.12000,0.14000,0.09000,0.03000,0.04000,0.04000
passive_conveyor,5,5,128,29,26,10,2,5,1,0.55000,0.08000,0.12000,0.14000,0.09000,0.03000,0.04000,0.04000
passive_conveyor,5,6,128,27,33,13,2,5,1,0.55000,0.08000,0.12000,0.14000,0.09000,0.03000,0.04000,0.04000
passive_conveyor,5,7,128,24,28,17,2,5,1,0.55000,0.08000,0.12000,0.14000,0.09000,0.03000,0.04000,0.04000
passive_conveyor,5,8,128,28,24,16,2,5,1,0.55000,0.08000,0.12000,0.14000,0.09000,0.03000,0.04000,0.04000
passive_conveyor,5,9,128,27,26,12,2,5,1,0.55000,0.08000,0.12000,0.14000,0.09000,0.03000,0.04000,0.04000
passive_conveyor,5,10,128,27,26,9,2,5,1,0.55000,0.08000,0.12000,0.14000,0.09000,0.03000,0.04000,0.04000
passive_conveyor,5,11,128,24,32,11,2,5,1,0.55000,0.08000,0.12000,0.14000,0.09000,0.03000,0.04000,0.04000
passive_conveyor,5,12,128,27,22,11,2,5,1,0.55000,0.08000,0.12000,0.14000,0.09000,0.03000,0.04000,0.04000
passive_conveyor,5,13,128,29,32,9,2,5,1,0.55000,0.08000,0.12000,0.14000,0.09000,0.03000,0.04000,0.04000
passive_conveyor,5,14,128,29,28,10,2,5,1,0.55000,0.08000,0.12000,0.14000,0.09000,0.03000,0.04000,0.04000
passive_conveyor,5,15,128,22,31,9,2,5,1,0.55000,0.08000,0.12000,0.14000,0.09000,0.03000,0.04000,0.04000
passive_conveyor,5,16,128,33,28,18,3,5,1,0.55000,0.08000,0.12000,0.14000,0.09000,0.03000,0.04000,0.04000
passive_conveyor,5,17,128,25,32,12,2,5,1,0.55000,0.08000,0.12000,0.14000,0.09000,0.03000,0.04000,0.04000
passive_conveyor,5,18,128,23,22,9,2,5,1,0.55000,0.08000,0.12000,0.14000,0.09000,0.03000,0.04000,0.04000
passive_conveyor,5,19,128,24,24,9,2,5,1,0.55000,0.08000,0.12000,0.14000,0.09000,0.03000,0.04000,0.04000
passive_conveyor,5,20,128,27,24,17,2,5,1,0.55000,0.08000,0.12000,0.14000,0.09000,0.03000,0.04000,0.04000
passive_conveyor,5,21,128,20,33,15,2,5,1,0.55000,0.08000,0.12000,0.14000,0.09000,0.03000,0.04000,0.04000
passive_conveyor,5,22,128,24,32,9,2,5,1,0.55000,0.08000,0.12000,0.14000,0.09000,0.03000,0.04000,0.04000
passive_conveyor,5,23,128,29,26,12,2,5,1,0.55000,0.08000,0.12000,0.14000,0.09000,0.03000,0.04000,0.04000
passive_conveyor,5,24,128,31,28,14,2,5,1,0.55000,0.08000,0.12000,0.14000,0.09000,0.03000,0.04000,0.04000
passive_conveyor,5,25,128,32,23,13,3,5,1,0.55000,0.08000,0.12000,0.14000,0.09000,0.03000,0.04000,0.04000
passive_conveyor,5,26,128,28,25,10,2,5,1,0.55000,0.08000,0.12000,0.14000,0.09000,0.03000,0.04000,0.04000
passive_conveyor,5,27,128,28,23,9,2,5,1,0.55000,0.08000,0.12000,0.14000,0.09000,0.03000,0.04000,0.04000
passive_conveyor,5,28,128,20,24,13,2,5,1,0.55000,0.08000,0.12000,0.14000,0.09000,0.03000,0.04000,0.04000
passive_conveyor,5,29,128,25,23,14,2,5,1,0.55000,0.08000,0.12000,0.14000,0.09000,0.03000,0.04000,0.04000
passive_conveyor,5,30,128,29,24,14,2,5,1,0.55000,0.08000,0.12000,0.14000,0.09000,0.03000,0.04000,0.04000
passive_conveyor,5,31,128,30,22,13,2,5,1,0.55000,0.08000,0.12000,0.14000,0.09000,0.03000,0.04000,0.04000
passive_conveyor,5,32,128,32,25,14,3,5,1,0.55000,0.08000,0.12000,0.14000,0.09000,0.03000,0.04000,0.04000
passive_conveyor,5,33,128,26,22,11,2,5,1,0.55000,0.08000,0.12000,0.14000,0.09000,0.03000,0.04000,0.04000
passive_conveyor,5,34,128,30,22,17,2,5,1,0.55000,0.08000,0.12000,0.14000,0.09000,0.03000,0.04000,0.04000
passive_conveyor,5,35,128,28,29,13,2,5,1,0.55000,0.08000,0.12000,0.14000,0.09000,0.03000,0.04000,0.04000
passive_conveyor,5,36,128,29,26,10,2,5,1,0.55000,0.08000,0.12000,0.14000,0.09000,0.03000,0.04000,0.04000
passive_conveyor,5,37,128,20,24,11,2,5,1,0.55000,0.08000,0.12000,0.14000,0.09000,0.03000,0.04000,0.04000
passive_conveyor,5,38,128,29,23,16,2,5,1,0.55000,0.08000,0.12000,0.14000,0.09000,0.03000,0.04000,0.04000
passive_conveyor,5,39,128,28,26,12,2,5,1,0.55000,0.08000,0.12000,0.14000,0.09000,0.03000,0.04000,0.04000
passive_conveyor,5,40,128,30,25,17,2,5,1,0.55000,0.08000,0.12000,0.14000,0.09000,0.03000,0.04000,0.04000
passive_conveyor,5,41,128,26,32,14,2,5,1,0.55000,0.08000,0.12000,0.14000,0.09000,0.03000,0.04000,0.04000
passive_conveyor,5,42,128,30,33,10,2,5,1,0.55000,0.08000,0.12000,0.14000,0.09000,0.03000,0.04000,0.04000
passive_conveyor,5,43,128,27,22,18,2,5,1,0.55000,0.08000,0.12000,0.14000,0.09000,0.03000,0.04000,0.04000
passive_conveyor,5,44,128,30,24,11,2,5,1,0.55000,0.08000,0.12000,0.14000,0.09000,0.03000,0.04000,0.04000
passive_conveyor,5,45,128,31,28,12,2,5,1,0.55000,0.08000,0.12000,0.14000,0.09000,0.03000,0.04000,0.04000
passive_conveyor,5,46,128,33,26,17,3,5,1,0.55000,0.08000,0.12000,0.14000,0.09000,0.03000,0.04000,0.04000
passive_conveyor,5,47,128,31,30,13,2,5,1,0.55000,0.08000,0.12000,0.14000,0.09000,0.03000,0.04000,0.04000
passive_conveyor,5,48,128,22,33,12,2,5,1,0.55000,0.08000,0.12000,0.14000,0.09000,0.03000,0.04000,0.04000
passive_conveyor,5,49,128,26,31,10,2,5,1,0.55000,0.08000,0.12000,0.14000,0.09000,0.03000,0.04000,0.04000
passive_conveyor,5,50,128,30,22,13,2,5,1,0.55000,0.08000,0.12000,0.14000,0.09000,0.03000,0.04000,0.04000
passive_conveyor,5,51,128,27,33,12,2,5,1,0.55000,0.08000,0.12000,0.14000,0.09000,0.03000,0.04000,0.04000
passive_conveyor,5,52,128,22,26,17,2,5,1,0.55000,0.08000,0.12000,0.14000,0.09000,0.03000,0.04000,0.04000
passive_conveyor,5,53,128,32,22,18,3,5,1,0.55000,0.08000,0.12000,0.14000,0.09000,0.03000,0.04000,0.04000
passive_conveyor,5,54,128,20,33,16,2,5,1,0.55000,0.08000,0.12000,0.14000,0.09000,0.03000,0.04000,0.04000
passive_conveyor,5,55,128,25,32,18,2,5,1,0.55000,0.08000,0.12000,0.14000,0.09000,0.03000,0.04000,0.04000
passive_conveyor,5,56,128,25,29,11,2,5,1,0.55000,0.08000,0.12000,0.14000,0.09000,0.03000,0.04000,0.04000
passive_conveyor,5,57,128,33,23,9,3,5,1,0.55000,0.08000,0.12000,0.14000,0.09000,0.03000,0.04000,0.04000
passive_conveyor,5,58,128,23,28,9,2,5,1,0.55000,0.08000,0.12000,0.14000,0.09000,0.03000,0.04000,0.04000
passive_conveyor,5,59,128,20,33,16,2,5,1,0.55000,0.08000,0.12000,0.14000,0.09000,0.03000,0.04000,0.04000
passive_conveyor,5,60,128,25,28,9,2,5,1,0.55000,0.08000,0.12000,0.14000,0.09000,0.03000,0.04000,0.04000
passive_conveyor,5,61,128,27,26,11,2,5,1,0.55000,0.08000,0.12000,0.14000,0.09000,0.03000,0.04000,0.04000
passive_conveyor,5,62,128,20,28,9,2,5,1,0.55000,0.08000,0.12000,0.14000,0.09000,0.03000,0.04000,0.04000
passive_conveyor,5,63,128,26,29,12,2,5,1,0.55000,0.08000,0.12000,0.14000,0.09000,0.03000,0.04000,0.04000
passive_conveyor,6,0,128,33,29,9,3,5,1,0.55000,0.08000,0.12000,0.14000,0.09000,0.03000,0.04000,0.04000
passive_conveyor,6,1,128,32,23,16,3,5,1,0.55000,0.08000,0.12000,0.14000,0.09000,0.03000,0.04000,0.04000
passive_conveyor,6,2,128,22,32,12,2,5,1,0.55000,0.08000,0.12000,0.14000,0.09000,0.03000,0.04000,0.04000
passive_conveyor,6,3,128,23,27,12,2,5,1,0.55000,0.08000,0.12000,0.14000,0.09000,0.03000,0.04000,0.04000
passive_conveyor,6,4,128,23,22,14,2,5,1,0.55000,0.08000,0.12000,0.14000,0.09000,0.03000,0.04000,0.04000
passive_conveyor,6,5,128,25,27,13,2,5,1,0.55000,0.08000,0.12000,0.14000,0.09000,0.03000,0.04000,0.04000
passive_conveyor,6,6,128,27,32,12,2,5,1,0.55000,0.08000,0.12000,0.14000,0.09000,0.03000,0.04000,0.04000
passive_conveyor,6,7,128,31,28,14,2,5,1,0.55000,0.08000,0.12000,0.14000,0.09000,0.03000,0.04000,0.04000
passive_conveyor,6,8,128,27,23,9,2,5,1,0.55000,0.08000,0.12000,0.14000,0.09000,0.03000,0.04000,0.04000
passive_conveyor,6,9,128,32,31,18,3,5,1,0.55000,0.08000,0.12000,0.14000,0.09000,0.03000,0.04000,0.04000
passive_conveyor,6,10,128,25,26,11,2,5,1,0.55000,0.08000,0.12000,0.14000,0.09000,0.03000,0.04000,0.04000
passive_conveyor,6,11,128,20,24,14,2,5,1,0.55000,0.08000,0.12000,0.14000,0.09000,0.03000,0.04000,0.04000
passive_conveyor,6,12,128,28,26,13,2,5,1,0.55000,0.08000,0.12000,0.14000,0.09000,0.03000,0.04000,0.04000
passive_conveyor,6,13,128,22,31,16,2,5,1,0.55000,0.08000,0.12000,0.14000,0.09000,0.03000,0.04000,0.04000
passive_conveyor,6,14,128,28,31,17,2,5,1,0.55000,0.08000,0.12000,0.14000,0.09000,0.03000,0.04000,0.04000
passive_conveyor,6,15,128,31,24,12,2,5,1,0.55000,0.08000,0.12000,0.14000,0.09000,0.03000,0.04000,0.04000
passive_conveyor,6,16,128,29,22,16,2,5,1,0.55000,0.08000,0.12000,0.14000,0.09000,0.03000,0.04000,0.04000
passive_conveyor,6,17,128,20,26,16,2,5,1,0.55000,0.08000,0.12000,0.14000,0.09000,0.03000,0.04000,0.04000
passive_conveyor,6,18,128,32,27,15,3,5,1,0.55000,0.08000,0.12000,0.14000,0.09000,0.03000,0.04000,0.04000
passive_conveyor,6,19,128,33,24,16,3,5,1,0.55000,0.08000,0.12000,0.14000,0.09000,0.03000,0.04000,0.04000
passive_conveyor,6,20,128,20,31,14,2,5,1,0.55000,0.08000,0.12000,0.14000,0.09000,0.03000,0.04000,0.04000
passive_conveyor,6,21,128,22,31,10,2,5,1,0.55000,0.08000,0.12000,0.14000,0.09000,0.03000,0.04000,0.04000
passive_conveyor,6,22,128,22,23,10,2,5,1,0.55000,0.08000,0.12000,0.14000,0.09000,0.03000,0.04000,0.04000
passive_conveyor,6,23,128,21,23,9,2,5,1,0.55000,0.08000,0.12000,0.14000,0.09000,0.03000,0.04000,0.04000
passive_conveyor,6,24,128,20,24,18,2,5,1,0.55000,0.08000,0.12000,0.14000,0.09000,0.03000,0.04000,0.04000
passive_conveyor,6,25,128,32,30,17,3,5,1,0.55000,0.08000,0.12000,0.14000,0.09000,0.03000,0.04000,0.04000
passive_conveyor,6,26,128,23,24,11,2,5,1,0.55000,0.08000,0.12000,0.14000,0.09000,0.03000,0.04000,0.04000
passive_conveyor,6,27,128,25,23,12,2,5,1,0.55000,0.08000,0.12000,0.14000,0.09000,0.03000,0.04000,0.04000
passive_conveyor,6,28,128,26,32,16,2,5,1,0.55000,0.08000,0.12000,0.14000,0.09000,0.03000,0.04000,0.04000
passive_conveyor,6,29,128,32,23,9,3,5,1,0.55000,0.08000,0.12000,0.14000,0.09000,0.03000,0.04000,0.04000
passive_conveyor,6,30,128,29,27,14,2,5,1,0.55000,0.08000,0.12000,0.14000,0.09000,0.03000,0.04000,0.04000
passive_conveyor,6,31,128,31,31,18,2,5,1,0.55000,0.08000,0.12000,0.14000,0.09000,0.03000,0.04000,0.04000
passive_conveyor,6,32,128,23,26,17,2,5,1,0.55000,0.08000,0.12000,0.14000,0.09000,0.03000,0.04000,0.04000
passive_conveyor,6,33,128,29,33,15,2,5,1,0.55000,0.08000,0.12000,0.14000,0.09000,0.03000,0.04000,0.04000
passive_conveyor,6,34,128,29,27,16,2,5,1,0.55000,0.08000,0.12000,0.14000,0.09000,0.03000,0.04000,0.04000
passive_conveyor,6,35,128,33,27,15,3,5,1,0.55000,0.08000,0.12000,0.14000,0.09000,0.03000,0.04000,0.04000
passive_conveyor,6,36,128,29,30,13,2,5,1,0.55000,0.08000,0.12000,0.14000,0.09000,0.03000,0.04000,0.04000
passive_conveyor,6,37,128,33,31,12,3,5,1,0.55000,0.08000,0.12000,0.14000,0.09000,0.03000,0.04000,0.04000
passive_conveyor,6,38,128,32,31,12,3,5,1,0.55000,0.08000,0.12000,0.14000,0.09000,0.03000,0.04000,0.04000
passive_conveyor,6,39,128,22,23,16,2,5,1,0.55000,0.08000,0.12000,0.14000,0.09000,0.03000,0.04000,0.04000
passive_conveyor,6,40,128,25,30,11,2,5,1,0.55000,0.08000,0.12000,0.14000,0.09000,0.03000,0.04000,0.04000
passive_conveyor,6,41,128,29,29,10,2,5,1,0.55000,0.08000,0.12000,0.14000,0.09000,0.03000,0.04000,0.04000
passive_conveyor,6,42,128,33,28,16,3,5,1,0.55000,0.08000,0.12000,0.14000,0.09000,0.03000,0.04000,0.04000
passive_conveyor,6,43,128,24,32,10,2,5,1,0.55000,0.08000,0.12000,0.14000,0.09000,0.03000,0.04000,0.04000
passive_conveyor,6,44,128,23,32,17,2,5,1,0.55000,0.08000,0.12000,0.14000,0.09000,0.03000,0.04000,0.04000
passive_conveyor,6,45,128,28,32,9,2,5,1,0.55000,0.08000,0.12000,0.14000,0.09000,0.03000,0.04000,0.04000
passive_conveyor,6,46,128,21,26,11,2,5,1,0.55000,0.08000,0.12000,0.14000,0.09000,0.03000,0.04000,0.04000
passive_conveyor,6,47,128,31,23,10,2,5,1,0.55000,0.08000,0.12000,0.14000,0.09000,0.03000,0.04000,0.04000
passive_conveyor,6,48,128,25,22,10,2,5,1,0.55000,0.08000,0.12000,0.14000,0.09000,0.03000,0.04000,0.04000
passive_conveyor,6,49,128,30,26,14,2,5,1,0.55000,0.08000,0.12000,0.14000,0.09000,0.03000,0.04000,0.04000
passive_conveyor,6,50,128,22,33,16,2,5,1,0.55000,0.08000,0.12000,0.14000,0.09000,0.03000,0.04000,0.04000
passive_conveyor,6,51,128,33,26,14,3,5,1,0.55000,0.08000,0.12000,0.14000,0.09000,0.03000,0.04000,0.04000
passive_conveyor,6,52,128,26,31,14,2,5,1,0.55000,0.08000,0.12000,0.14000,0.09000,0.03000,0.04000,0.04000
passive_conveyor,6,53,128,28,32,18,2,5,1,0.55000,0.08000,0.12000,0.14000,0.09000,0.03000,0.04000,0.04000
passive_conveyor,6,54,128,28,32,9,2,5,1,0.55000,0.08000,0.12000,0.14000,0.09000,0.03000,0.04000,0.04000
passive_conveyor,6,55,128,32,28,15,3,5,1,0.55000,0.08000,0.12000,0.14000,0.09000,0.03000,0.04000,0.04000
passive_conveyor,6,56,128,25,33,16,2,5,1,0.55000,0.08000,0.12000,0.14000,0.09000,0.03000,0.04000,0.04000
passive_conveyor,6,57,128,30,24,14,2,5,1,0.55000,0.08000,0.12000,0.14000,0.09000,0.03000,0.04000,0.04000
passive_conveyor,6,58,128,32,22,12,3,5,1,0.55000,0.08000,0.12000,0.14000,0.09000,0.03000,0.04000,0.04000
passive_conveyor,6,59,128,26,23,14,2,5,1,0.55000,0.08000,0.12000,0.14000,0.09000,0.03000,0.04000,0.04000
passive_conveyor,6,60,128,30,31,12,2,5,1,0.55000,0.08000,0.12000,0.14000,0.09000,0.03000,0.04000,0.04000
passive_conveyor,6,61,128,31,22,17,2,5,1,0.55000,0.08000,0.12000,0.14000,0.09000,0.03000,0.04000,0.04000
passive_conveyor,6,62,128,22,23,12,2,5,1,0.55000,0.08000,0.12000,0.14000,0.09000,0.03000,0.04000,0.04000
passive_conveyor,6,63,128,30,31,16,2,5,1,0.55000,0.08000,0.12000,0.14000,0.09000,0.03000,0.04000,0.04000
passive_conveyor,7,0,128,30,29,17,2,5,1,0.55000,0.08000,0.12000,0.14000,0.09000,0.03000,0.04000,0.04000
passive_conveyor,7,1,128,24,32,17,2,5,1,0.55000,0.08000,0.12000,0.14000,0.09000,0.03000,0.04000,0.04000
passive_conveyor,7,2,128,27,27,10,2,5,1,0.55000,0.08000,0.12000,0.14000,0.09000,0.03000,0.04000,0.04000
passive_conveyor,7,3,128,31,32,17,2,5,1,0.55000,0.08000,0.12000,0.14000,0.09000,0.03000,0.04000,0.04000
passive_conveyor,7,4,128,31,29,12,2,5,1,0.55000,0.08000,0.12000,0.14000,0.09000,0.03000,0.04000,0.04000
passive_conveyor,7,5,128,26,24,12,2,5,1,0.55000,0.08000,0.12000,0.14000,0.09000,0.03000,0.04000,0.04000
passive_conveyor,7,6,128,32,28,16,3,5,1,0.55000,0.08000,0.12000,0.14000,0.09000,0.03000,0.04000,0.04000
passive_conveyor,7,7,128,24,33,14,2,5,1,0.55000,0.08000,0.12000,0.14000,0.09000,0.03000,0.04000,0.04000
passive_conveyor,7,8,128,28,29,10,2,5,1,0.55000,0.08000,0.12000,0.14000,0.09000,0.03000,0.04000,0.04000
passive_conveyor,7,9,128,20,22,14,2,5,1,0.55000,0.08000,0.12000,0.14000,0.09000,0.03000,0.04000,0.04000
passive_conveyor,7,10,128,21,30,16,2,5,1,0.55000,0.08000,0.12000,0.14000,0.09000,0.03000,0.04000,0.04000
passive_conveyor,7,11,128,24,32,14,2,5,1,0.55000,0.08000,0.12000,0.14000,0.09000,0.03000,0.04000,0.04000
passive_conveyor,7,12,128,26,26,9,2,5,1,0.55000,0.08000,0.12000,0.14000,0.09000,0.03000,0.04000,0.04000
passive_conveyor,7,13,128,27,27,17,2,5,1,0.55000,0.08000,0.12000,0.14000,0.09000,0.03000,0.04000,0.04000
passive_conveyor,7,14,128,33,30,9,3,5,1,0.55000,0.08000,0.12000,0.14000,0.09000,0.03000,0.04000,0.04000
passive_conveyor,7,15,128,32,28,11,3,5,1,0.55000,0.08000,0.12000,0.14000,0.09000,0.03000,0.04000,0.04000
passive_conveyor,7,16,128,27,28,13,2,5,1,0.55000,0.08000,0.12000,0.14000,0.09000,0.03000,0.04000,0.04000
passive_conveyor,7,17,128,31,24,16,2,5,1,0.55000,0.08000,0.12000,0.14000,0.09000,0.03000,0.04000,0.04000
passive_conveyor,7,18,128,27,27,11,2,5,1,0.55000,0.08000,0.12000,0.14000,0.09000,0.03000,0.04000,0.04000
passive_conveyor,7,19,128,20,27,12,2,5,1,0.55000,0.08000,0.12000,0.14000,0.09000,0.03000,0.04000,0.04000
passive_conveyor,7,20,128,22,31,15,2,5,1,0.55000,0.08000,0.12000,0.14000,0.09000,0.03000,0.04000,0.04000
passive_conveyor,7,21,128,32,23,10,3,5,1,0.55000,0.08000,0.12000,0.14000,0.09000,0.03000,0.04000,0.04000
passive_conveyor,7,22,128,28,29,17,2,5,1,0.55000,0.08000,0.12000,0.14000,0.09000,0.03000,0.04000,0.04000
passive_conveyor,7,23,128,31,23,11,2,5,1,0.55000,0.08000,0.12000,0.14000,0.09000,0.03000,0.04000,0.04000
passive_conveyor,7,24,128,32,31,15,3,5,1,0.55000,0.08000,0.12000,0.14000,0.09000,0.03000,0.04000,0.04000
passive_conveyor,7,25,128,29,30,15,2,5,1,0.55000,0.08000,0.12000,0.14000,0.09000,0.03000,0.04000,0.04000
passive_conveyor,7,26,128,24,25,11,2,5,1,0.55000,0.08000,0.12000,0.14000,0.09000,0.03000,0.04000,0.04000
passive_conveyor,7,27,128,23,26,18,2,5,1,0.55000,0.08000,0.12000,0.14000,0.09000,0.03000,0.04000,0.04000
passive_conveyor,7,28,128,32,32,14,3,5,1,0.55000,0.08000,0.12000,0.14000,0.09000,0.03000,0.04000,0.04000
passive_conveyor,7,29,128,31,24,13,2,5,1,0.55000,0.08000,0.12000,0.14000,0.09000,0.03000,0.04000,0.04000
passive_conveyor,7,30,128,26,30,18,2,5,1,0.55000,0.08000,0.12000,0.14000,0.09000,0.03000,0.04000,0.04000
passive_conveyor,7,31,128,22,22,9,2,5,1,0.55000,0.08000,0.12000,0.14000,0.09000,0.03000,0.04000,0.04000
passive_conveyor,7,32,128,22,33,11,2,5,1,0.55000,0.08000,0.12000,0.14000,0.09000,0.03000,0.04000,0.04000
passive_conveyor,7,33,128,24,33,17,2,5,1,0.55000,0.08000,0.12000,0.14000,0.09000,0.03000,0.04000,0.04000
passive_conveyor,7,34,128,32,24,13,3,5,1,0.55000,0.08000,0.12000,0.14000,0.09000,0.03000,0.04000,0.04000
passive_conveyor,7,35,128,24,33,17,2,5,1,0.55000,0.08000,0.12000,0.14000,0.09000,0.03000,0.04000,0.04000
passive_conveyor,7,36,128,33,22,14,3,5,1,0.55000,0.08000,0.12000,0.14000,0.09000,0.03000,0.04000,0.04000
passive_conveyor,7,37,128,29,30,12,2,5,1,0.55000,0.08000,0.12000,0.14000,0.09000,0.03000,0.04000,0.04000
passive_conveyor,7,38,128,27,32,14,2,5,1,0.55000,0.08000,0.12000,0.14000,0.09000,0.03000,0.04000,0.04000
passive_conveyor,7,39,128,20,33,16,2,5,1,0.55000,0.08000,0.12000,0.14000,0.09000,0.03000,0.04000,0.04000
passive_conveyor,7,40,128,23,23,12,2,5,1,0.55000,0.08000,0.12000,0.14000,0.09000,0.03000,0.04000,0.04000
passive_conveyor,7,41,128,28,23,18,2,5,1,0.55000,0.08000,0.12000,0.14000,0.09000,0.03000,0.04000,0.04000
passive_conveyor,7,42,128,20,28,16,2,5,1,0.55000,0.08000,0.12000,0.14000,0.09000,0.03000,0.04000,0.04000
passive_conveyor,7,43,128,30,32,13,2,5,1,0.55000,0.08000,0.12000,0.14000,0.09000,0.03000,0.04000,0.04000
passive_conveyor,7,44,128,20,29,14,2,5,1,0.55000,0.08000,0.12000,0.14000,0.09000,0.03000,0.04000,0.04000
passive_conveyor,7,45,128,28,33,12,2,5,1,0.55000,0.08000,0.12000,0.14000,0.09000,0.03000,0.04000,0.04000
passive_conveyor,7,46,128,33,22,17,3,5,1,0.55000,0.08000,0.12000,0.14000,0.09000,0.03000,0.04000,0.04000
passive_conveyor,7,47,128,21,28,15,2,5,1,0.55000,0.08000,0.12000,0.14000,0.09000,0.03000,0.04000,0.04000
passive_conveyor,7,48,128,33,25,14,3,5,1,0.55000,0.08000,0.12000,0.14000,0.09000,0.03000,0.04000,0.04000
passive_conveyor,7,49,128,28,26,15,2,5,1,0.55000,0.08000,0.12000,0.14000,0.09000,0.03000,0.04000,0.04000
passive_conveyor,7,50,128,21,31,12,2,5,1,0.55000,0.08000,0.12000,0.14000,0.09000,0.03000,0.04000,0.04000
passive_conveyor,7,51,128,30,32,15,2,5,1,0.55000,0.08000,0.12000,0.14000,0.09000,0.03000,0.04000,0.04000
passive_conveyor,7,52,128,26,29,16,2,5,1,0.55000,0.08000,0.12000,0.14000,0.09000,0.03000,0.04000,0.04000
passive_conveyor,7,53,128,20,32,13,2,5,1,0.55000,0.08000,0.12000,0.14000,0.09000,0.03000,0.04000,0.04000
passive_conveyor,7,54,128,23,33,14,2,5,1,0.55000,0.08000,0.12000,0.14000,0.09000,0.03000,0.04000,0.04000
passive_conveyor,7,55,128,30,30,14,2,5,1,0.55000,0.08000,0.12000,0.14000,0.09000,0.03000,0.04000,0.04000
passive_conveyor,7,56,128,30,30,11,2,5,1,0.55000,0.08000,0.12000,0.14000,0.09000,0.03000,0.04000,0.04000
passive_conveyor,7,57,128,23,26,12,2,5,1,0.55000,0.08000,0.12000,0.14000,0.09000,0.03000,0.04000,0.04000
passive_conveyor,7,58,128,32,30,10,3,5,1,0.55000,0.08000,0.12000,0.14000,0.09000,0.03000,0.04000,0.04000
passive_conveyor,7,59,128,20,33,12,2,5,1,0.55000,0.08000,0.12000,0.14000,0.09000,0.03000,0.04000,0.04000
passive_conveyor,7,60,128,29,30,10,2,5,1,0.55000,0.08000,0.12000,0.14000,0.09000,0.03000,0.04000,0.04000
passive_conveyor,7,61,128,23,27,16,2,5,1,0.55000,0.08000,0.12000,0.14000,0.09000,0.03000,0.04000,0.04000
passive_conveyor,7,62,128,20,25,15,2,5,1,0.55000,0.08000,0.12000,0.14000,0.09000,0.03000,0.04000,0.04000
passive_conveyor,7,63,128,26,23,17,2,5,1,0.55000,0.08000,0.12000,0.14000,0.09000,0.03000,0.04000,0.04000
passive_conveyor,8,0,128,33,31,13,3,5,1,0.55000,0.08000,0.12000,0.14000,0.09000,0.03000,0.04000,0.04000
passive_conveyor,8,1,128,32,31,12,3,5,1,0.55000,0.08000,0.12000,0.14000,0.09000,0.03000,0.04000,0.04000
passive_conveyor,8,2,128,20,25,15,2,5,1,0.55000,0.08000,0.12000,0.14000,0.09000,0.03000,0.04000,0.04000
passive_conveyor,8,3,128,29,28,10,2,5,1,0.55000,0.08000,0.12000,0.14000,0.09000,0.03000,0.04000,0.04000
passive_conveyor,8,4,128,20,23,9,2,5,1,0.55000,0.08000,0.12000,0.14000,0.09000,0.03000,0.04000,0.04000
passive_conveyor,8,5,128,24,28,16,2,5,1,0.55000,0.08000,0.12000,0.14000,0.09000,0.03000,0.04000,0.04000
passive_conveyor,8,6,128,22,23,16,2,5,1,0.55000,0.08000,0.12000,0.14000,0.09000,0.03000,0.04000,0.04000
passive_conveyor,8,7,128,20,30,10,2,5,1,0.55000,0.08000,0.12000,0.14000,0.09000,0.03000,0.04000,0.04000
passive_conveyor,8,8,128,26,27,17,2,5,1,0.55000,0.08000,0.12000,0.14000,0.09000,0.03000,0.04000,0.04000
passive_conveyor,8,9,128,26,22,12,2,5,1,0.55000,0.08000,0.12000,0.14000,0.09000,0.03000,0.04000,0.04000
passive_conveyor,8,10,128,21,29,16,2,5,1,0.55000,0.08000,0.12000,0.14000,0.09000,0.03000,0.04000,0.04000
passive_conveyor,8,11,128,29,27,15,2,5,1,0.55000,0.08000,0.12000,0.14000,0.09000,0.03000,0.04000,0.04000
passive_conveyor,8,12,128,32,28,11,3,5,1,0.55000,0.08000,0.12000,0.14000,0.09000,0.03000,0.04000,0.04000
passive_conveyor,8,13,128,29,26,17,2,5,1,0.55000,0.08000,0.12000,0.14000,0.09000,0.03000,0.04000,0.04000
passive_conveyor,8,14,128,20,23,11,2,5,1,0.55000,0.08000,0.12000,0.14000,0.09000,0.03000,0.04000,0.04000
passive_conveyor,8,15,128,27,22,12,2,5,1,0.55000,0.08000,0.12000,0.14000,0.09000,0.03000,0.04000,0.04000
passive_conveyor,8,16,128,23,32,13,2,5,1,0.55000,0.08000,0.12000,0.14000,0.09000,0.03000,0.04000,0.04000
passive_conveyor,8,17,128,29,25,17,2,5,1,0.55000,0.08000,0.12000,0.14000,0.09000,0.03000,0.04000,0.04000
passive_conveyor,8,18,128,25,30,14,2,5,1,0.55000,0.08000,0.12000,0.14000,0.09000,0.03000,0.04000,0.04000
passive_conveyor,8,19,128,25,33,14,2,5,1,0.55000,0.08000,0.12000,0.14000,0.09000,0.03000,0.04000,0.04000
passive_conveyor,8,20,128,24,29,14,2,5,1,0.55000,0.08000,0.12000,0.14000,0.09000,0.03000,0.04000,0.04000
passive_conveyor,8,21,128,21,22,18,2,5,1,0.55000,0.08000,0.12000,0.14000,0.09000,0.03000,0.04000,0.04000
passive_conveyor,8,22,128,31,23,9,2,5,1,0.55000,0.08000,0.12000,0.14000,0.09000,0.03000,0.04000,0.04000
passive_conveyor,8,23,128,23,27,17,2,5,1,0.55000,0.08000,0.12000,0.14000,0.09000,0.03000,0.04000,0.04000
passive_conveyor,8,24,128,29,27,14,2,5,1,0.55000,0.08000,0.12000,0.14000,0.09000,0.03000,0.04000,0.04000
passive_conveyor,8,25,128,29,24,10,2,5,1,0.55000,0.08000,0.12000,0.14000,0.09000,0.03000,0.04000,0.04000
passive_conveyor,8,26,128,30,28,12,2,5,1,0.55000,0.08000,0.12000,0.14000,0.09000,0.03000,0.04000,0.04000
passive_conveyor,8,27,128,22,25,16,2,5,1,0.55000,0.08000,0.12000,0.14000,0.09000,0.03000,0.04000,0.04000
passive_conveyor,8,28,128,23,23,18,2,5,1,0.55000,0.08000,0.12000,0.14000,0.09000,0.03000,0.04000,0.04000
passive_conveyor,8,29,128,27,31,13,2,5,1,0.55000,0.08000,0.12000,0.14000,0.09000,0.03000,0.04000,0.04000
passive_conveyor,8,30,128,29,25,13,2,5,1,0.55000,0.08000,0.12000,0.14000,0.09000,0.03000,0.04000,0.04000
passive_conveyor,8,31,128,28,22,12,2,5,1,0.55000,0.08000,0.12000,0.14000,0.09000,0.03000,0.04000,0.04000
passive_conveyor,8,32,128,20,33,12,2,5,1,0.55000,0.08000,0.12000,0.14000,0.09000,0.03000,0.04000,0.04000
passive_conveyor,8,33,128,25,33,9,2,5,1,0.55000,0.08000,0.12000,0.14000,0.09000,0.03000,0.04000,0.04000
passive_conveyor,8,34,128,25,22,18,2,5,1,0.55000,0.08000,0.12000,0.14000,0.09000,0.03000,0.04000,0.04000
passive_conveyor,8,35,128,33,24,17,3,5,1,0.55000,0.08000,0.12000,0.14000,0.09000,0.03000,0.04000,0.04000
passive_conveyor,8,36,128,27,32,9,2,5,1,0.55000,0.08000,0.12000,0.14000,0.09000,0.03000,0.04000,0.04000
passive_conveyor,8,37,128,27,26,10,2,5,1,0.55000,0.08000,0.12000,0.14000,0.09000,0.03000,0.04000,0.04000
passive_conveyor,8,38,128,31,30,14,2,5,1,0.55000,0.08000,0.12000,0.14000,0.09000,0.03000,0.04000,0.04000
passive_conveyor,8,39,128,20,32,12,2,5,1,0.55000,0.08000,0.12000,0.14000,0.09000,0.03000,0.04000,0.04000
passive_conveyor,8,40,128,26,29,17,2,5,1,0.55000,0.08000,0.12000,0.14000,0.09000,0.03000,0.04000,0.04000
passive_conveyor,8,41,128,22,30,12,2,5,1,0.55000,0.08000,0.12000,0.14000,0.09000,0.03000,0.04000,0.04000
passive_conveyor,8,42,128,28,24,13,2,5,1,0.55000,0.08000,0.12000,0.14000,0.09000,0.03000,0.04000,0.04000
passive_conveyor,8,43,128,25,22,10,2,5,1,0.55000,0.08000,0.12000,0.14000,0.09000,0.03000,0.04000,0.04000
passive_conveyor,8,44,128,22,30,17,2,5,1,0.55000,0.08000,0.12000,0.14000,0.09000,0.03000,0.04000,0.04000
passive_conveyor,8,45,128,24,29,10,2,5,1,0.55000,0.08000,0.12000,0.14000,0.09000,0.03000,0.04000,0.04000
passive_conveyor,8,46,128,23,26,16,2,5,1,0.55000,0.08000,0.12000,0.14000,0.09000,0.03000,0.04000,0.04000
passive_conveyor,8,47,128,31,27,10,2,5,1,0.55000,0.08000,0.12000,0.14000,0.09000,0.03000,0.04000,0.04000
passive_conveyor,8,48,128,31,31,16,2,5,1,0.55000,0.08000,0.12000,0.14000,0.09000,0.03000,0.04000,0.04000
passive_conveyor,8,49,128,23,23,12,2,5,1,0.55000,0.08000,0.12000,0.14000,0.09000,0.03000,0.04000,0.04000
passive_conveyor,8,50,128,24,24,16,2,5,1,0.55000,0.08000,0.12000,0.14000,0.09000,0.03000,0.04000,0.04000
passive_conveyor,8,51,128,20,33,12,2,5,1,0.55000,0.08000,0.12000,0.14000,0.09000,0.03000,0.04000,0.04000
passive_conveyor,8,52,128,32,31,10,3,5,1,0.55000,0.08000,0.12000,0.14000,0.09000,0.03000,0.04000,0.04000
passive_conveyor,8,53,128,33,24,18,3,5,1,0.55000,0.08000,0.12000,0.14000,0.09000,0.03000,0.04000,0.04000
passive_conveyor,8,54,128,32,25,15,3,5,1,0.55000,0.08000,0.12000,0.14000,0.09000,0.03000,0.04000,0.04000
passive_conveyor,8,55,128,29,26,17,2,5,1,0.55000,0.08000,0.12000,0.14000,0.09000,0.03000,0.04000,0.04000
passive_conveyor,8,56,128,20,26,18,2,5,1,0.55000,0.08000,0.12000,0.14000,0.09000,0.03000,0.04000,0.04000
passive_conveyor,8,57,128,21,29,12,2,5,1,0.55000,0.08000,0.12000,0.14000,0.09000,0.03000,0.04000,0.04000
passive_conveyor,8,58,128,30,23,13,2,5,1,0.55000,0.08000,0.12000,0.14000,0.09000,0.03000,0.04000,0.04000
passive_conveyor,8,59,128,25,26,14,2,5,1,0.55000,0.08000,0.12000,0.14000,0.09000,0.03000,0.04000,0.04000
passive_conveyor,8,60,128,24,33,17,2,5,1,0.55000,0.08000,0.12000,0.14000,0.09000,0.03000,0.04000,0.04000
passive_conveyor,8,61,128,28,32,11,2,5,1,0.55000,0.08000,0.12000,0.14000,0.09000,0.03000,0.04000,0.04000
passive_conveyor,8,62,128,25,28,10,2,5,1,0.55000,0.08000,0.12000,0.14000,0.09000,0.03000,0.04000,0.04000
passive_conveyor,8,63,128,31,33,16,2,5,1,0.55000,0.08000,0.12000,0.14000,0.09000,0.03000,0.04000,0.04000
passive_conveyor,9,0,128,24,30,14,2,5,1,0.55000,0.08000,0.12000,0.14000,0.09000,0.03000,0.04000,0.04000
passive_conveyor,9,1,128,31,23,12,2,5,1,0.55000,0.08000,0.12000,0.14000,0.09000,0.03000,0.04000,0.04000
passive_conveyor,9,2,128,22,29,17,2,5,1,0.55000,0.08000,0.12000,0.14000,0.09000,0.03000,0.04000,0.04000
passive_conveyor,9,3,128,22,32,10,2,5,1,0.55000,0.08000,0.12000,0.14000,0.09000,0.03000,0.04000,0.04000
passive_conveyor,9,4,128,25,30,10,2,5,1,0.55000,0.08000,0.12000,0.14000,0.09000,0.03000,0.04000,0.04000
passive_conveyor,9,5,128,32,30,15,3,5,1,0.55000,0.08000,0.12000,0.14000,0.09000,0.03000,0.04000,0.04000
passive_conveyor,9,6,128,33,33,12,3,5,1,0.55000,0.08000,0.12000,0.14000,0.09000,0.03000,0.04000,0.04000
passive_conveyor,9,7,128,29,33,13,2,5,1,0.55000,0.08000,0.12000,0.14000,0.09000,0.03000,0.04000,0.04000
passive_conveyor,9,8,128,29,33,15,2,5,1,0.55000,0.08000,0.12000,0.14000,0.09000,0.03000,0.04000,0.04000
passive_conveyor,9,9,128,27,24,18,2,5,1,0.55000,0.08000,0.12000,0.14000,0.09000,0.03000,0.04000,0.04000
passive_conveyor,9,10,128,33,23,12,3,5,1,0.55000,0.08000,0.12000,0.14000,0.09000,0.03000,0.04000,0.04000
passive_conveyor,9,11,128,26,29,11,2,5,1,0.55000,0.08000,0.12000,0.14000,0.09000,0.03000,0.04000,0.04000
passive_conveyor,9,12,128,30,28,16,2,5,1,0.55000,0.08000,0.12000,0.14000,0.09000,0.03000,0.04000,0.04000
passive_conveyor,9,13,128,23,22,17,2,5,1,0.55000,0.08000,0.12000,0.14000,0.09000,0.03000,0.04000,0.04000
passive_conveyor,9,14,128,21,30,13,2,5,1,0.55000,0.08000,0.12000,0.14000,0.09000,0.03000,0.04000,0.04000
passive_conveyor,9,15,128,30,33,12,2,5,1,0.55000,0.08000,0.12000,0.14000,0.09000,0.03000,0.04000,0.04000
passive_conveyor,9,16,128,32,29,17,3,5,1,0.55000,0.08000,0.12000,0.14000,0.09000,0.03000,0.04000,0.04000
passive_conveyor,9,17,128,24,24,13,2,5,1,0.55000,0.08000,0.12000,0.14000,0.09000,0.03000,0.04000,0.04000
passive_conveyor,9,18,128,22,31,14,2,5,1,0.55000,0.08000,0.12000,0.14000,0.09000,0.03000,0.04000,0.04000
passive_conveyor,9,19,128,26,24,9,2,5,1,0.55000,0.08000,0.12000,0.14000,0.09000,0.03000,0.04000,0.04000
passive_conveyor,9,20,128,28,26,11,2,5,1,0.55000,0.08000,0.12000,0.14000,0.09000,0.03000,0.04000,0.04000
passive_conveyor,9,21,128,30,28,9,2,5,1,0.55000,0.08000,0.12000,0.14000,0.09000,0.03000,0.04000,0.04000
passive_conveyor,9,22,128,25,30,16,2,5,1,0.55000,0.08000,0.12000,0.14000,0.09000,0.03000,0.04000,0.04000
passive_conveyor,9,23,128,21,22,15,2,5,1,0.55000,0.08000,0.12000,0.14000,0.09000,0.03000,0.04000,0.04000
passive_conveyor,9,24,128,28,25,9,2,5,1,0.55000,0.08000,0.12000,0.14000,0.09000,0.03000,0.04000,0.04000
passive_conveyor,9,25,128,30,30,12,2,5,1,0.55000,0.08000,0.12000,0.14000,0.09000,0.03000,0.04000,0.04000
passive_conveyor,9,26,128,31,29,13,2,5,1,0.55000,0.08000,0.12000,0.14000,0.09000,0.03000,0.04000,0.04000
passive_conveyor,9,27,128,23,27,14,2,5,1,0.55000,0.08000,0.12000,0.14000,0.09000,0.03000,0.04000,0.04000
passive_conveyor,9,28,128,25,30,11,2,5,1,0.55000,0.08000,0.12000,0.14000,0.09000,0.03000,0.04000,0.04000
passive_conveyor,9,29,128,26,31,9,2,5,1,0.55000,0.08000,0.12000,0.14000,0.09000,0.03000,0.04000,0.04000
passive_conveyor,9,30,128,30,25,12,2,5,1,0.55000,0.08000,0.12000,0.14000,0.09000,0.03000,0.04000,0.04000
passive_conveyor,9,31,128,25,25,13,2,5,1,0.55000,0.08000,0.12000,0.14000,0.09000,0.03000,0.04000,0.04000
passive_conveyor,9,32,128,24,32,17,2,5,1,0.55000,0.08000,0.12000,0.14000,0.09000,0.03000,0.04000,0.04000
passive_conveyor,9,33,128,21,26,13,2,5,1,0.55000,0.08000,0.12000,0.14000,0.09000,0.03000,0.04000,0.04000
passive_conveyor,9,34,128,31,28,13,2,5,1,0.55000,0.08000,0.12000,0.14000,0.09000,0.03000,0.04000,0.04000
passive_conveyor,9,35,128,26,22,17,2,5,1,0.55000,0.08000,0.12000,0.14000,0.09000,0.03000,0.04000,0.04000
passive_conveyor,9,36,128,21,27,9,2,5,1,0.55000,0.08000,0.12000,0.14000,0.09000,0.03000,0.04000,0.04000
passive_conveyor,9,37,128,30,24,14,2,5,1,0.55000,0.08000,0.12000,0.14000,0.09000,0.03000,0.04000,0.04000
passive_conveyor,9,38,128,27,28,17,2,5,1,0.55000,0.08000,0.12000,0.14000,0.09000,0.03000,0.04000,0.04000
passive_conveyor,9,39,128,24,22,11,2,5,1,0.55000,0.08000,0.12000,0.14000,0.09000,0.03000,0.04000,0.04000
passive_conveyor,9,40,128,33,23,18,3,5,1,0.55000,0.08000,0.12000,0.14000,0.09000,0.03000,0.04000,0.04000
passive_conveyor,9,41,128,24,28,11,2,5,1,0.55000,0.08000,0.12000,0.14000,0.09000,0.03000,0.04000,0.04000
passive_conveyor,9,42,128,22,27,13,2,5,1,0.55000,0.08000,0.12000,0.14000,0.09000,0.03000,0.04000,0.04000
passive_conveyor,9,43,128,31,26,9,2,5,1,0.55000,0.08000,0.12000,0.14000,0.09000,0.03000,0.04000,0.04000
passive_conveyor,9,44,128,33,24,10,3,5,1,0.55000,0.08000,0.12000,0.14000,0.09000,0.03000,0.04000,0.04000
passive_conveyor,9,45,128,27,27,9,2,5,1,0.55000,0.08000,0.12000,0.14000,0.09000,0.03000,0.04000,0.04000
passive_conveyor,9,46,128,32,26,13,3,5,1,0.55000,0.08000,0.12000,0.14000,0.09000,0.03000,0.04000,0.04000
passive_conveyor,9,47,128,24,32,18,2,5,1,0.55000,0.08000,0.12000,0.14000,0.09000,0.03000,0.04000,0.04000
passive_conveyor,9,48,128,25,31,14,2,5,1,0.55000,0.08000,0.12000,0.14000,0.09000,0.03000,0.04000,0.04000
passive_conveyor,9,49,128,31,25,9,2,5,1,0.55000,0.08000,0.12000,0.14000,0.09000,0.03000,0.04000,0.04000
passive_conveyor,9,50,128,23,33,11,2,5,1,0.55000,0.08000,0.12000,0.14000,0.09000,0.03000,0.04000,0.04000
passive_conveyor,9,51,128,30,32,10,2,5,1,0.55000,0.08000,0.12000,0.14000,0.09000,0.03000,0.04000,0.04000
passive_conveyor,9,52,128,30,27,12,2,5,1,0.55000,0.08000,0.12000,0.14000,0.09000,0.03000,0.04000,0.04000
passive_conveyor,9,53,128,23,27,13,2,5,1,0.55000,0.08000,0.12000,0.14000,0.09000,0.03000,0.04000,0.04000
passive_conveyor,9,54,128,29,30,16,2,5,1,0.55000,0.08000,0.12000,0.14000,0.09000,0.03000,0.04000,0.04000
passive_conveyor,9,55,128,31,25,18,2,5,1,0.55000,0.08000,0.12000,0.14000,0.09000,0.03000,0.04000,0.04000
passive_conveyor,9,56,128,25,24,15,2,5,1,0.55000,0.08000,0.12000,0.14000,0.09000,0.03000,0.04000,0.04000
passive_conveyor,9,57,128,28,30,13,2,5,1,0.55000,0.08000,0.12000,0.14000,0.09000,0.03000,0.04000,0.04000
passive_conveyor,9,58,128,32,26,9,3,5,1,0.55000,0.08000,0.12000,0.14000,0.09000,0.03000,0.04000,0.04000
passive_conveyor,9,59,128,32,27,14,3,5,1,0.55000,0.08000,0.12000,0.14000,0.09000,0.03000,0.04000,0.04000
passive_conveyor,9,60,128,25,30,17,2,5,1,0.55000,0.08000,0.12000,0.14000,0.09000,0.03000,0.04000,0.04000
passive_conveyor,9,61,128,25,27,9,2,5,1,0.55000,0.08000,0.12000,0.14000,0.09000,0.03000,0.04000,0.04000
passive_conveyor,9,62,128,33,33,16,3,5,1,0.55000,0.08000,0.12000,0.14000,0.09000,0.03000,0.04000,0.04000
passive_conveyor,9,63,128,31,31,17,2,5,1,0.55000,0.08000,0.12000,0.14000,0.09000,0.03000,0.04000,0.04000
articulated_coupling,0,0,128,33,33,14,3,6,2,0.28000,0.10000,0.58000,0.16000,0.06000,0.03000,0.05000,0.05000
articulated_coupling,0,1,128,22,29,17,2,6,1,0.28000,0.10000,0.58000,0.16000,0.06000,0.03000,0.05000,0.05000
articulated_coupling,0,2,128,22,30,14,2,6,1,0.28000,0.10000,0.58000,0.16000,0.06000,0.03000,0.05000,0.05000
articulated_coupling,0,3,128,25,23,16,2,6,1,0.28000,0.10000,0.58000,0.16000,0.06000,0.03000,0.05000,0.05000
articulated_coupling,0,4,128,21,28,10,2,6,1,0.28000,0.10000,0.58000,0.16000,0.06000,0.03000,0.05000,0.05000
articulated_coupling,0,5,128,30,27,15,3,6,2,0.28000,0.10000,0.58000,0.16000,0.06000,0.03000,0.05000,0.05000
articulated_coupling,0,6,128,20,28,17,2,6,1,0.28000,0.10000,0.58000,0.16000,0.06000,0.03000,0.05000,0.05000
articulated_coupling,0,7,128,28,22,18,3,6,1,0.28000,0.10000,0.58000,0.16000,0.06000,0.03000,0.05000,0.05000
articulated_coupling,0,8,128,24,31,11,2,6,1,0.28000,0.10000,0.58000,0.16000,0.06000,0.03000,0.05000,0.05000
articulated_coupling,0,9,128,20,27,16,2,6,1,0.28000,0.10000,0.58000,0.16000,0.06000,0.03000,0.05000,0.05000
articulated_coupling,0,10,128,26,23,13,3,6,1,0.28000,0.10000,0.58000,0.16000,0.06000,0.03000,0.05000,0.05000
articulated_coupling,0,11,128,24,30,13,2,6,1,0.28000,0.10000,0.58000,0.16000,0.06000,0.03000,0.05000,0.05000
articulated_coupling,0,12,128,27,28,19,3,6,1,0.28000,0.10000,0.58000,0.16000,0.06000,0.03000,0.05000,0.05000
articulated_coupling,0,13,128,29,25,14,3,6,1,0.28000,0.10000,0.58000,0.16000,0.06000,0.03000,0.05000,0.05000
articulated_coupling,0,14,128,22,29,15,2,6,1,0.28000,0.10000,0.58000,0.16000,0.06000,0.03000,0.05000,0.05000
articulated_coupling,0,15,128,29,27,10,3,6,1,0.28000,0.10000,0.58000,0.16000,0.06000,0.03000,0.05000,0.05000
articulated_coupling,0,16,128,31,25,13,3,6,2,0.28000,0.10000,0.58000,0.16000,0.06000,0.03000,0.05000,0.05000
articulated_coupling,0,17,128,30,25,12,3,6,2,0.28000,0.10000,0.58000,0.16000,0.06000,0.03000,0.05000,0.05000
articulated_coupling,0,18,128,26,28,19,3,6,1,0.28000,0.10000,0.58000,0.16000,0.06000,0.03000,0.05000,0.05000
articulated_coupling,0,19,128,25,25,19,2,6,1,0.28000,0.10000,0.58000,0.16000,0.06000,0.03000,0.05000,0.05000
articulated_coupling,0,20,128,24,25,13,2,6,1,0.28000,0.10000,0.58000,0.16000,0.06000,0.03000,0.05000,0.05000
articulated_coupling,0,21,128,33,24,12,3,6,2,0.28000,0.10000,0.58000,0.16000,0.06000,0.03000,0.05000,0.05000
articulated_coupling,0,22,128,26,29,12,3,6,1,0.28000,0.10000,0.58000,0.16000,0.06000,0.03000,0.05000,0.05000
articulated_coupling,0,23,128,31,29,18,3,6,2,0.28000,0.10000,0.58000,0.16000,0.06000,0.03000,0.05000,0.05000
articulated_coupling,0,24,128,28,29,10,3,6,1,0.28000,0.10000,0.58000,0.16000,0.06000,0.03000,0.05000,0.05000
articulated_coupling,0,25,128,30,22,17,3,6,2,0.28000,0.10000,0.58000,0.16000,0.06000,0.03000,0.05000,0.05000
articulated_coupling,0,26,128,24,26,17,2,6,1,0.28000,0.10000,0.58000,0.16000,0.06000,0.03000,0.05000,0.05000
articulated_coupling,0,27,128,33,29,19,3,6,2,0.28000,0.10000,0.58000,0.16000,0.06000,0.03000,0.05000,0.05000
articulated_coupling,0,28,128,28,23,12,3,6,1,0.28000,0.10000,0.58000,0.16000,0.06000,0.03000,0.05000,0.05000
articulated_coupling,0,29,128,26,33,11,3,6,1,0.28000,0.10000,0.58000,0.16000,0.06000,0.03000,0.05000,0.05000
articulated_coupling,0,30,128,29,26,15,3,6,1,0.28000,0.10000,0.58000,0.16000,0.06000,0.03000,0.05000,0.05000
articulated_coupling,0,31,128,21,32,14,2,6,1,0.28000,0.10000,0.58000,0.16000,0.06000,0.03000,0.05000,0.05000
articulated_coupling,0,32,128,27,29,17,3,6,1,0.28000,0.10000,0.58000,0.16000,0.06000,0.03000,0.05000,0.05000
articulated_coupling,0,33,128,22,26,10,2,6,1,0.28000,0.10000,0.58000,0.16000,0.06000,0.03000,0.05000,0.05000
articulated_coupling,0,34,128,30,31,10,3,6,2,0.28000,0.10000,0.58000,0.16000,0.06000,0.03000,0.05000,0.05000
articulated_coupling,0,35,128,22,28,13,2,6,1,0.28000,0.10000,0.58000,0.16000,0.06000,0.03000,0.05000,0.05000
articulated_coupling,0,36,128,33,23,18,3,6,2,0.28000,0.10000,0.58000,0.16000,0.06000,0.03000,0.05000,0.05000
articulated_coupling,0,37,128,23,28,12,2,6,1,0.28000,0.10000,0.58000,0.16000,0.06000,0.03000,0.05000,0.05000
articulated_coupling,0,38,128,29,32,11,3,6,1,0.28000,0.10000,0.58000,0.16000,0.06000,0.03000,0.05000,0.05000
articulated_coupling,0,39,128,27,26,18,3,6,1,0.28000,0.10000,0.58000,0.16000,0.06000,0.03000,0.05000,0.05000
articulated_coupling,0,40,128,22,32,13,2,6,1,0.28000,0.10000,0.58000,0.16000,0.06000,0.03000,0.05000,0.05000
articulated_coupling,0,41,128,31,24,16,3,6,2,0.28000,0.10000,0.58000,0.16000,0.06000,0.03000,0.05000,0.05000
articulated_coupling,0,42,128,23,22,16,2,6,1,0.28000,0.10000,0.58000,0.16000,0.06000,0.03000,0.05000,0.05000
articulated_coupling,0,43,128,26,24,15,3,6,1,0.28000,0.10000,0.58000,0.16000,0.06000,0.03000,0.05000,0.05000
articulated_coupling,0,44,128,23,28,10,2,6,1,0.28000,0.10000,0.58000,0.16000,0.06000,0.03000,0.05000,0.05000
articulated_coupling,0,45,128,33,33,11,3,6,2,0.28000,0.10000,0.58000,0.16000,0.06000,0.03000,0.05000,0.05000
articulated_coupling,0,46,128,20,32,18,2,6,1,0.28000,0.10000,0.58000,0.16000,0.06000,0.03000,0.05000,0.05000
articulated_coupling,0,47,128,25,31,15,2,6,1,0.28000,0.10000,0.58000,0.16000,0.06000,0.03000,0.05000,0.05000
articulated_coupling,0,48,128,25,22,17,2,6,1,0.28000,0.10000,0.58000,0.16000,0.06000,0.03000,0.05000,0.05000
articulated_coupling,0,49,128,24,26,10,2,6,1,0.28000,0.10000,0.58000,0.16000,0.06000,0.03000,0.05000,0.05000
articulated_coupling,0,50,128,25,28,19,2,6,1,0.28000,0.10000,0.58000,0.16000,0.06000,0.03000,0.05000,0.05000
articulated_coupling,0,51,128,29,22,19,3,6,1,0.28000,0.10000,0.58000,0.16000,0.06000,0.03000,0.05000,0.05000
articulated_coupling,0,52,128,23,32,11,2,6,1,0.28000,0.10000,0.58000,0.16000,0.06000,0.03000,0.05000,0.05000
articulated_coupling,0,53,128,32,30,18,3,6,2,0.28000,0.10000,0.58000,0.16000,0.06000,0.03000,0.05000,0.05000
articulated_coupling,0,54,128,21,27,15,2,6,1,0.28000,0.10000,0.58000,0.16000,0.06000,0.03000,0.05000,0.05000
articulated_coupling,0,55,128,32,27,19,3,6,2,0.28000,0.10000,0.58000,0.16000,0.06000,0.03000,0.05000,0.05000
articulated_coupling,0,56,128,33,28,15,3,6,2,0.28000,0.10000,0.58000,0.16000,0.06000,0.03000,0.05000,0.05000
articulated_coupling,0,57,128,25,30,13,2,6,1,0.28000,0.10000,0.58000,0.16000,0.06000,0.03000,0.05000,0.05000
articulated_coupling,0,58,128,33,33,12,3,6,2,0.28000,0.10000,0.58000,0.16000,0.06000,0.03000,0.05000,0.05000
articulated_coupling,0,59,128,22,30,13,2,6,1,0.28000,0.10000,0.58000,0.16000,0.06000,0.03000,0.05000,0.05000
articulated_coupling,0,60,128,29,26,12,3,6,1,0.28000,0.10000,0.58000,0.16000,0.06000,0.03000,0.05000,0.05000
articulated_coupling,0,61,128,29,24,16,3,6,1,0.28000,0.10000,0.58000,0.16000,0.06000,0.03000,0.05000,0.05000
articulated_coupling,0,62,128,25,33,16,2,6,1,0.28000,0.10000,0.58000,0.16000,0.06000,0.03000,0.05000,0.05000
articulated_coupling,0,63,128,21,23,11,2,6,1,0.28000,0.10000,0.58000,0.16000,0.06000,0.03000,0.05000,0.05000
articulated_coupling,1,0,128,24,32,10,2,6,1,0.28000,0.10000,0.58000,0.16000,0.06000,0.03000,0.05000,0.05000
articulated_coupling,1,1,128,23,26,17,2,6,1,0.28000,0.10000,0.58000,0.16000,0.06000,0.03000,0.05000,0.05000
articulated_coupling,1,2,128,30,25,17,3,6,2,0.28000,0.10000,0.58000,0.16000,0.06000,0.03000,0.05000,0.05000
articulated_coupling,1,3,128,28,32,14,3,6,1,0.28000,0.10000,0.58000,0.16000,0.06000,0.03000,0.05000,0.05000
articulated_coupling,1,4,128,32,31,14,3,6,2,0.28000,0.10000,0.58000,0.16000,0.06000,0.03000,0.05000,0.05000
articulated_coupling,1,5,128,27,32,16,3,6,1,0.28000,0.10000,0.58000,0.16000,0.06000,0.03000,0.05000,0.05000
articulated_coupling,1,6,128,30,31,12,3,6,2,0.28000,0.10000,0.58000,0.16000,0.06000,0.03000,0.05000,0.05000
articulated_coupling,1,7,128,22,31,10,2,6,1,0.28000,0.10000,0.58000,0.16000,0.06000,0.03000,0.05000,0.05000
articulated_coupling,1,8,128,27,27,14,3,6,1,0.28000,0.10000,0.58000,0.16000,0.06000,0.03000,0.05000,0.05000
articulated_coupling,1,9,128,31,24,18,3,6,2,0.28000,0.10000,0.58000,0.16000,0.06000,0.03000,0.05000,0.05000
articulated_coupling,1,10,128,24,27,13,2,6,1,0.28000,0.10000,0.58000,0.16000,0.06000,0.03000,0.05000,0.05000
articulated_coupling,1,11,128,23,28,13,2,6,1,0.28000,0.10000,0.58000,0.16000,0.06000,0.03000,0.05000,0.05000
articulated_coupling,1,12,128,33,28,10,3,6,2,0.28000,0.10000,0.58000,0.16000,0.06000,0.03000,0.05000,0.05000
articulated_coupling,1,13,128,28,29,13,3,6,1,0.28000,0.10000,0.58000,0.16000,0.06000,0.03000,0.05000,0.05000
articulated_coupling,1,14,128,21,28,15,2,6,1,0.28000,0.10000,0.58000,0.16000,0.06000,0.03000,0.05000,0.05000
articulated_coupling,1,15,128,23,27,18,2,6,1,0.28000,0.10000,0.58000,0.16000,0.06000,0.03000,0.05000,0.05000
articulated_coupling,1,16,128,24,27,15,2,6,1,0.28000,0.10000,0.58000,0.16000,0.06000,0.03000,0.05000,0.05000
articulated_coupling,1,17,128,21,24,13,2,6,1,0.28000,0.10000,0.58000,0.16000,0.06000,0.03000,0.05000,0.05000
articulated_coupling,1,18,128,23,22,11,2,6,1,0.28000,0.10000,0.58000,0.16000,0.06000,0.03000,0.05000,0.05000
articulated_coupling,1,19,128,30,32,19,3,6,2,0.28000,0.10000,0.58000,0.16000,0.06000,0.03000,0.05000,0.05000
articulated_coupling,1,20,128,26,31,12,3,6,1,0.28000,0.10000,0.58000,0.16000,0.06000,0.03000,0.05000,0.05000
articulated_coupling,1,21,128,22,28,16,2,6,1,0.28000,0.10000,0.58000,0.16000,0.06000,0.03000,0.05000,0.05000
articulated_coupling,1,22,128,32,23,17,3,6,2,0.28000,0.10000,0.58000,0.16000,0.06000,0.03000,0.05000,0.05000
articulated_coupling,1,23,128,22,32,16,2,6,1,0.28000,0.10000,0.58000,0.16000,0.06000,0.03000,0.05000,0.05000
articulated_coupling,1,24,128,20,32,10,2,6,1,0.28000,0.10000,0.58000,0.16000,0.06000,0.03000,0.05000,0.05000
articulated_coupling,1,25,128,21,32,13,2,6,1,0.28000,0.10000,0.58000,0.16000,0.06000,0.03000,0.05000,0.05000
articulated_coupling,1,26,128,31,27,14,3,6,2,0.28000,0.10000,0.58000,0.16000,0.06000,0.03000,0.05000,0.05000
articulated_coupling,1,27,128,30,24,14,3,6,2,0.28000,0.10000,0.58000,0.16000,0.06000,0.03000,0.05000,0.05000
articulated_coupling,1,28,128,28,28,11,3,6,1,0.28000,0.10000,0.58000,0.16000,0.06000,0.03000,0.05000,0.05000
articulated_coupling,1,29,128,24,33,17,2,6,1,0.28000,0.10000,0.58000,0.16000,0.06000,0.03000,0.05000,0.05000
articulated_coupling,1,30,128,26,24,18,3,6,1,0.28000,0.10000,0.58000,0.16000,0.06000,0.03000,0.05000,0.05000
articulated_coupling,1,31,128,29,25,16,3,6,1,0.28000,0.10000,0.58000,0.16000,0.06000,0.03000,0.05000,0.05000
articulated_coupling,1,32,128,26,28,11,3,6,1,0.28000,0.10000,0.58000,0.16000,0.06000,0.03000,0.05000,0.05000
articulated_coupling,1,33,128,31,22,10,3,6,2,0.28000,0.10000,0.58000,0.16000,0.06000,0.03000,0.05000,0.05000
articulated_coupling,1,34,128,28,33,18,3,6,1,0.28000,0.10000,0.58000,0.16000,0.06000,0.03000,0.05000,0.05000
articulated_coupling,1,35,128,27,25,19,3,6,1,0.28000,0.10000,0.58000,0.16000,0.06000,0.03000,0.05000,0.05000
articulated_coupling,1,36,128,31,26,14,3,6,2,0.28000,0.10000,0.58000,0.16000,0.06000,0.03000,0.05000,0.05000
articulated_coupling,1,37,128,31,24,17,3,6,2,0.28000,0.10000,0.58000,0.16000,0.06000,0.03000,0.05000,0.05000
articulated_coupling,1,38,128,25,25,12,2,6,1,0.28000,0.10000,0.58000,0.16000,0.06000,0.03000,0.05000,0.05000
articulated_coupling,1,39,128,23,26,12,2,6,1,0.28000,0.10000,0.58000,0.16000,0.06000,0.03000,0.05000,0.05000
articulated_coupling,1,40,128,23,30,19,2,6,1,0.28000,0.10000,0.58000,0.16000,0.06000,0.03000,0.05000,0.05000
articulated_coupling,1,41,128,32,33,15,3,6,2,0.28000,0.10000,0.58000,0.16000,0.06000,0.03000,0.05000,0.05000
articulated_coupling,1,42,128,21,27,11,2,6,1,0.28000,0.10000,0.58000,0.16000,0.06000,0.03000,0.05000,0.05000
articulated_coupling,1,43,128,30,27,13,3,6,2,0.28000,0.10000,0.58000,0.16000,0.06000,0.03000,0.05000,0.05000
articulated_coupling,1,44,128,21,30,17,2,6,1,0.28000,0.10000,0.58000,0.16000,0.06000,0.03000,0.05000,0.05000
articulated_coupling,1,45,128,21,24,11,2,6,1,0.28000,0.10000,0.58000,0.16000,0.06000,0.03000,0.05000,0.05000
articulated_coupling,1,46,128,22,25,10,2,6,1,0.28000,0.10000,0.58000,0.16000,0.06000,0.03000,0.05000,0.05000
articulated_coupling,1,47,128,22,30,18,2,6,1,0.28000,0.10000,0.58000,0.16000,0.06000,0.03000,0.05000,0.05000
articulated_coupling,1,48,128,20,28,11,2,6,1,0.28000,0.10000,0.58000,0.16000,0.06000,0.03000,0.05000,0.05000
articulated_coupling,1,49,128,30,27,16,3,6,2,0.28000,0.10000,0.58000,0.16000,0.06000,0.03000,0.05000,0.05000
articulated_coupling,1,50,128,24,30,15,2,6,1,0.28000,0.10000,0.58000,0.16000,0.06000,0.03000,0.05000,0.05000
articulated_coupling,1,51,128,28,25,12,3,6,1,0.28000,0.10000,0.58000,0.16000,0.06000,0.03000,0.05000,0.05000
articulated_coupling,1,52,128,30,33,10,3,6,2,0.28000,0.10000,0.58000,0.16000,0.06000,0.03000,0.05000,0.05000
articulated_coupling,1,53,128,28,23,13,3,6,1,0.28000,0.10000,0.58000,0.16000,0.06000,0.03000,0.05000,0.05000
articulated_coupling,1,54,128,21,24,17,2,6,1,0.28000,0.10000,0.58000,0.16000,0.06000,0.03000,0.05000,0.05000
articulated_coupling,1,55,128,20,28,11,2,6,1,0.28000,0.10000,0.58000,0.16000,0.06000,0.03000,0.05000,0.05000
articulated_coupling,1,56,128,22,25,18,2,6,1,0.28000,0.10000,0.58000,0.16000,0.06000,0.03000,0.05000,0.05000
articulated_coupling,1,57,128,33,23,15,3,6,2,0.28000,0.10000,0.58000,0.16000,0.06000,0.03000,0.05000,0.05000
articulated_coupling,1,58,128,25,25,15,2,6,1,0.28000,0.10000,0.58000,0.16000,0.06000,0.03000,0.05000,0.05000
articulated_coupling,1,59,128,21,23,17,2,6,1,0.28000,0.10000,0.58000,0.16000,0.06000,0.03000,0.05000,0.05000
articulated_coupling,1,60,128,20,31,17,2,6,1,0.28000,0.10000,0.58000,0.16000,0.06000,0.03000,0.05000,0.05000
articulated_coupling,1,61,128,22,32,11,2,6,1,0.28000,0.10000,0.58000,0.16000,0.06000,0.03000,0.05000,0.05000
articulated_coupling,1,62,128,31,31,18,3,6,2,0.28000,0.10000,0.58000,0.16000,0.06000,0.03000,0.05000,0.05000
articulated_coupling,1,63,128,29,24,10,3,6,1,0.28000,0.10000,0.58000,0.16000,0.06000,0.03000,0.05000,0.05000
articulated_coupling,2,0,128,33,26,17,3,6,2,0.28000,0.10000,0.58000,0.16000,0.06000,0.03000,0.05000,0.05000
articulated_coupling,2,1,128,33,31,14,3,6,2,0.28000,0.10000,0.58000,0.16000,0.06000,0.03000,0.05000,0.05000
articulated_coupling,2,2,128,32,26,18,3,6,2,0.28000,0.10000,0.58000,0.16000,0.06000,0.03000,0.05000,0.05000
articulated_coupling,2,3,128,25,28,16,2,6,1,0.28000,0.10000,0.58000,0.16000,0.06000,0.03000,0.05000,0.05000
articulated_coupling,2,4,128,26,27,18,3,6,1,0.28000,0.10000,0.58000,0.16000,0.06000,0.03000,0.05000,0.05000
articulated_coupling,2,5,128,27,31,13,3,6,1,0.28000,0.10000,0.58000,0.16000,0.06000,0.03000,0.05000,0.05000
articulated_coupling,2,6,128,30,29,16,3,6,2,0.28000,0.10000,0.58000,0.16000,0.06000,0.03000,0.05000,0.05000
articulated_coupling,2,7,128,26,27,11,3,6,1,0.28000,0.10000,0.58000,0.16000,0.06000,0.03000,0.05000,0.05000
articulated_coupling,2,8,128,22,33,17,2,6,1,0.28000,0.10000,0.58000,0.16000,0.06000,0.03000,0.05000,0.05000
articulated_coupling,2,9,128,20,24,15,2,6,1,0.28000,0.10000,0.58000,0.16000,0.06000,0.03000,0.05000,0.05000
articulated_coupling,2,10,128,22,24,13,2,6,1,0.28000,0.10000,0.58000,0.16000,0.06000,0.03000,0.05000,0.05000
articulated_coupling,2,11,128,32,22,19,3,6,2,0.28000,0.10000,0.58000,0.16000,0.06000,0.03000,0.05000,0.05000
articulated_coupling,2,12,128,33,25,14,3,6,2,0.28000,0.10000,0.58000,0.16000,0.06000,0.03000,0.05000,0.05000
articulated_coupling,2,13,128,29,25,10,3,6,1,0.28000,0.10000,0.58000,0.16000,0.06000,0.03000,0.05000,0.05000
articulated_coupling,2,14,128,27,32,10,3,6,1,0.28000,0.10000,0.58000,0.16000,0.06000,0.03000,0.05000,0.05000
articulated_coupling,2,15,128,30,22,15,3,6,2,0.28000,0.10000,0.58000,0.16000,0.06000,0.03000,0.05000,0.05000
articulated_coupling,2,16,128,25,24,19,2,6,1,0.28000,0.10000,0.58000,0.16000,0.06000,0.03000,0.05000,0.05000
articulated_coupling,2,17,128,31,26,10,3,6,2,0.28000,0.10000,0.58000,0.16000,0.06000,0.03000,0.05000,0.05000
articulated_coupling,2,18,128,28,25,18,3,6,1,0.28000,0.10000,0.58000,0.16000,0.06000,0.03000,0.05000,0.05000
articulated_coupling,2,19,128,22,23,19,2,6,1,0.28000,0.10000,0.58000,0.16000,0.06000,0.03000,0.05000,0.05000
articulated_coupling,2,20,128,22,32,13,2,6,1,0.28000,0.10000,0.58000,0.16000,0.06000,0.03000,0.05000,0.05000
articulated_coupling,2,21,128,21,31,13,2,6,1,0.28000,0.10000,0.58000,0.16000,0.06000,0.03000,0.05000,0.05000
articulated_coupling,2,22,128,21,25,12,2,6,1,0.28000,0.10000,0.58000,0.16000,0.06000,0.03000,0.05000,0.05000
articulated_coupling,2,23,128,28,23,11,3,6,1,0.28000,0.10000,0.58000,0.16000,0.06000,0.03000,0.05000,0.05000
articulated_coupling,2,24,128,20,27,14,2,6,1,0.28000,0.10000,0.58000,0.16000,0.06000,0.03000,0.05000,0.05000
articulated_coupling,2,25,128,23,22,12,2,6,1,0.28000,0.10000,0.58000,0.16000,0.06000,0.03000,0.05000,0.05000
articulated_coupling,2,26,128,25,28,11,2,6,1,0.28000,0.10000,0.58000,0.16000,0.06000,0.03000,0.05000,0.05000
articulated_coupling,2,27,128,24,22,19,2,6,1,0.28000,0.10000,0.58000,0.16000,0.06000,0.03000,0.05000,0.05000
articulated_coupling,2,28,128,20,33,17,2,6,1,0.28000,0.10000,0.58000,0.16000,0.06000,0.03000,0.05000,0.05000
articulated_coupling,2,29,128,27,32,10,3,6,1,0.28000,0.10000,0.58000,0.16000,0.06000,0.03000,0.05000,0.05000
articulated_coupling,2,30,128,23,26,17,2,6,1,0.28000,0.10000,0.58000,0.16000,0.06000,0.03000,0.05000,0.05000
articulated_coupling,2,31,128,31,30,16,3,6,2,0.28000,0.10000,0.58000,0.16000,0.06000,0.03000,0.05000,0.05000
articulated_coupling,2,32,128,25,31,14,2,6,1,0.28000,0.10000,0.58000,0.16000,0.06000,0.03000,0.05000,0.05000
articulated_coupling,2,33,128,21,22,17,2,6,1,0.28000,0.10000,0.58000,0.16000,0.06000,0.03000,0.05000,0.05000
articulated_coupling,2,34,128,25,29,14,2,6,1,0.28000,0.10000,0.58000,0.16000,0.06000,0.03000,0.05000,0.05000
articulated_coupling,2,35,128,30,24,11,3,6,2,0.28000,0.10000,0.58000,0.16000,0.06000,0.03000,0.05000,0.05000
articulated_coupling,2,36,128,28,30,15,3,6,1,0.28000,0.10000,0.58000,0.16000,0.06000,0.03000,0.05000,0.05000
articulated_coupling,2,37,128,22,25,11,2,6,1,0.28000,0.10000,0.58000,0.16000,0.06000,0.03000,0.05000,0.05000
articulated_coupling,2,38,128,31,29,18,3,6,2,0.28000,0.10000,0.58000,0.16000,0.06000,0.03000,0.05000,0.05000
articulated_coupling,2,39,128,26,24,11,3,6,1,0.28000,0.10000,0.58000,0.16000,0.06000,0.03000,0.05000,0.05000
articulated_coupling,2,40,128,22,31,13,2,6,1,0.28000,0.10000,0.58000,0.16000,0.06000,0.03000,0.05000,0.05000
articulated_coupling,2,41,128,27,30,10,3,6,1,0.28000,0.10000,0.58000,0.16000,0.06000,0.03000,0.05000,0.05000
articulated_coupling,2,42,128,21,29,11,2,6,1,0.28000,0.10000,0.58000,0.16000,0.06000,0.03000,0.05000,0.05000
articulated_coupling,2,43,128,25,22,17,2,6,1,0.28000,0.10000,0.58000,0.16000,0.06000,0.03000,0.05000,0.05000
articulated_coupling,2,44,128,29,27,11,3,6,1,0.28000,0.10000,0.58000,0.16000,0.06000,0.03000,0.05000,0.05000
articulated_coupling,2,45,128,32,23,15,3,6,2,0.28000,0.10000,0.58000,0.16000,0.06000,0.03000,0.05000,0.05000
articulated_coupling,2,46,128,22,25,18,2,6,1,0.28000,0.10000,0.58000,0.16000,0.06000,0.03000,0.05000,0.05000
articulated_coupling,2,47,128,20,32,19,2,6,1,0.28000,0.10000,0.58000,0.16000,0.06000,0.03000,0.05000,0.05000
articulated_coupling,2,48,128,28,33,17,3,6,1,0.28000,0.10000,0.58000,0.16000,0.06000,0.03000,0.05000,0.05000
articulated_coupling,2,49,128,29,26,11,3,6,1,0.28000,0.10000,0.58000,0.16000,0.06000,0.03000,0.05000,0.05000
articulated_coupling,2,50,128,32,31,19,3,6,2,0.28000,0.10000,0.58000,0.16000,0.06000,0.03000,0.05000,0.05000
articulated_coupling,2,51,128,30,27,16,3,6,2,0.28000,0.10000,0.58000,0.16000,0.06000,0.03000,0.05000,0.05000
articulated_coupling,2,52,128,25,33,16,2,6,1,0.28000,0.10000,0.58000,0.16000,0.06000,0.03000,0.05000,0.05000
articulated_coupling,2,53,128,33,30,11,3,6,2,0.28000,0.10000,0.58000,0.16000,0.06000,0.03000,0.05000,0.05000
articulated_coupling,2,54,128,28,33,19,3,6,1,0.28000,0.10000,0.58000,0.16000,0.06000,0.03000,0.05000,0.05000
articulated_coupling,2,55,128,33,27,16,3,6,2,0.28000,0.10000,0.58000,0.16000,0.06000,0.03000,0.05000,0.05000
articulated_coupling,2,56,128,29,28,12,3,6,1,0.28000,0.10000,0.58000,0.16000,0.06000,0.03000,0.05000,0.05000
articulated_coupling,2,57,128,31,23,12,3,6,2,0.28000,0.10000,0.58000,0.16000,0.06000,0.03000,0.05000,0.05000
articulated_coupling,2,58,128,24,23,13,2,6,1,0.28000,0.10000,0.58000,0.16000,0.06000,0.03000,0.05000,0.05000
articulated_coupling,2,59,128,20,29,13,2,6,1,0.28000,0.10000,0.58000,0.16000,0.06000,0.03000,0.05000,0.05000
articulated_coupling,2,60,128,21,29,19,2,6,1,0.28000,0.10000,0.58000,0.16000,0.06000,0.03000,0.05000,0.05000
articulated_coupling,2,61,128,28,30,16,3,6,1,0.28000,0.10000,0.58000,0.16000,0.06000,0.03000,0.05000,0.05000
articulated_coupling,2,62,128,21,30,15,2,6,1,0.28000,0.10000,0.58000,0.16000,0.06000,0.03000,0.05000,0.05000
articulated_coupling,2,63,128,21,32,18,2,6,1,0.28000,0.10000,0.58000,0.16000,0.06000,0.03000,0.05000,0.05000
articulated_coupling,3,0,128,26,28,14,3,6,1,0.28000,0.10000,0.58000,0.16000,0.06000,0.03000,0.05000,0.05000
articulated_coupling,3,1,128,23,32,10,2,6,1,0.28000,0.10000,0.58000,0.16000,0.06000,0.03000,0.05000,0.05000
articulated_coupling,3,2,128,31,23,16,3,6,2,0.28000,0.10000,0.58000,0.16000,0.06000,0.03000,0.05000,0.05000
articulated_coupling,3,3,128,22,33,12,2,6,1,0.28000,0.10000,0.58000,0.16000,0.06000,0.03000,0.05000,0.05000
articulated_coupling,3,4,128,27,25,15,3,6,1,0.28000,0.10000,0.58000,0.16000,0.06000,0.03000,0.05000,0.05000
articulated_coupling,3,5,128,32,32,18,3,6,2,0.28000,0.10000,0.58000,0.16000,0.06000,0.03000,0.05000,0.05000
articulated_coupling,3,6,128,20,33,13,2,6,1,0.28000,0.10000,0.58000,0.16000,0.06000,0.03000,0.05000,0.05000
articulated_coupling,3,7,128,30,28,14,3,6,2,0.28000,0.10000,0.58000,0.16000,0.06000,0.03000,0.05000,0.05000
articulated_coupling,3,8,128,31,28,11,3,6,2,0.28000,0.10000,0.58000,0.16000,0.06000,0.03000,0.05000,0.05000
articulated_coupling,3,9,128,31,27,18,3,6,2,0.28000,0.10000,0.58000,0.16000,0.06000,0.03000,0.05000,0.05000
articulated_coupling,3,10,128,31,28,17,3,6,2,0.28000,0.10000,0.58000,0.16000,0.06000,0.03000,0.05000,0.05000
articulated_coupling,3,11,128,27,30,10,3,6,1,0.28000,0.10000,0.58000,0.16000,0.06000,0.03000,0.05000,0.05000
articulated_coupling,3,12,128,24,23,19,2,6,1,0.28000,0.10000,0.58000,0.16000,0.06000,0.03000,0.05000,0.05000
articulated_coupling,3,13,128,20,30,11,2,6,1,0.28000,0.10000,0.58000,0.16000,0.06000,0.03000,0.05000,0.05000
articulated_coupling,3,14,128,31,31,17,3,6,2,0.28000,0.10000,0.58000,0.16000,0.06000,0.03000,0.05000,0.05000
articulated_coupling,3,15,128,22,31,11,2,6,1,0.28000,0.10000,0.58000,0.16000,0.06000,0.03000,0.05000,0.05000
articulated_coupling,3,16,128,21,27,16,2,6,1,0.28000,0.10000,0.58000,0.16000,0.06000,0.03000,0.05000,0.05000
articulated_coupling,3,17,128,22,33,12,2,6,1,0.28000,0.10000,0.58000,0.16000,0.06000,0.03000,0.05000,0.05000
articulated_coupling,3,18,128,22,26,13,2,6,1,0.28000,0.10000,0.58000,0.16000,0.06000,0.03000,0.05000,0.05000
articulated_coupling,3,19,128,20,33,19,2,6,1,0.28000,0.10000,0.58000,0.16000,0.06000,0.03000,0.05000,0.05000
articulated_coupling,3,20,128,23,23,15,2,6,1,0.28000,0.10000,0.58000,0.16000,0.06000,0.03000,0.05000,0.05000
articulated_coupling,3,21,128,27,33,13,3,6,1,0.28000,0.10000,0.58000,0.16000,0.06000,0.03000,0.05000,0.05000
articulated_coupling,3,22,128,32,29,17,3,6,2,0.28000,0.10000,0.58000,0.16000,0.06000,0.03000,0.05000,0.05000
articulated_coupling,3,23,128,22,30,13,2,6,1,0.28000,0.10000,0.58000,0.16000,0.06000,0.03000,0.05000,0.05000
articulated_coupling,3,24,128,20,32,16,2,6,1,0.28000,0.10000,0.58000,0.16000,0.06000,0.03000,0.05000,0.05000
articulated_coupling,3,25,128,21,30,12,2,6,1,0.28000,0.10000,0.58000,0.16000,0.06000,0.03000,0.05000,0.05000
articulated_coupling,3,26,128,26,26,14,3,6,1,0.28000,0.10000,0.58000,0.16000,0.06000,0.03000,0.05000,0.05000
articulated_coupling,3,27,128,33,30,14,3,6,2,0.28000,0.10000,0.58000,0.16000,0.06000,0.03000,0.05000,0.05000
articulated_coupling,3,28,128,31,30,18,3,6,2,0.28000,0.10000,0.58000,0.16000,0.06000,0.03000,0.05000,0.05000
articulated_coupling,3,29,128,22,32,16,2,6,1,0.28000,0.10000,0.58000,0.16000,0.06000,0.03000,0.05000,0.05000
articulated_coupling,3,30,128,30,29,18,3,6,2,0.28000,0.10000,0.58000,0.16000,0.06000,0.03000,0.05000,0.05000
articulated_coupling,3,31,128,26,29,17,3,6,1,0.28000,0.10000,0.58000,0.16000,0.06000,0.03000,0.05000,0.05000
articulated_coupling,3,32,128,28,32,15,3,6,1,0.28000,0.10000,0.58000,0.16000,0.06000,0.03000,0.05000,0.05000
articulated_coupling,3,33,128,30,29,16,3,6,2,0.28000,0.10000,0.58000,0.16000,0.06000,0.03000,0.05000,0.05000
articulated_coupling,3,34,128,29,27,12,3,6,1,0.28000,0.10000,0.58000,0.16000,0.06000,0.03000,0.05000,0.05000
articulated_coupling,3,35,128,33,29,19,3,6,2,0.28000,0.10000,0.58000,0.16000,0.06000,0.03000,0.05000,0.05000
articulated_coupling,3,36,128,28,32,15,3,6,1,0.28000,0.10000,0.58000,0.16000,0.06000,0.03000,0.05000,0.05000
articulated_coupling,3,37,128,29,33,11,3,6,1,0.28000,0.10000,0.58000,0.16000,0.06000,0.03000,0.05000,0.05000
articulated_coupling,3,38,128,25,29,13,2,6,1,0.28000,0.10000,0.58000,0.16000,0.06000,0.03000,0.05000,0.05000
articulated_coupling,3,39,128,21,28,16,2,6,1,0.28000,0.10000,0.58000,0.16000,0.06000,0.03000,0.05000,0.05000
articulated_coupling,3,40,128,29,26,18,3,6,1,0.28000,0.10000,0.58000,0.16000,0.06000,0.03000,0.05000,0.05000
articulated_coupling,3,41,128,31,22,19,3,6,2,0.28000,0.10000,0.58000,0.16000,0.06000,0.03000,0.05000,0.05000
articulated_coupling,3,42,128,21,27,17,2,6,1,0.28000,0.10000,0.58000,0.16000,0.06000,0.03000,0.05000,0.05000
articulated_coupling,3,43,128,32,25,16,3,6,2,0.28000,0.10000,0.58000,0.16000,0.06000,0.03000,0.05000,0.05000
articulated_coupling,3,44,128,24,22,13,2,6,1,0.28000,0.10000,0.58000,0.16000,0.06000,0.03000,0.05000,0.05000
articulated_coupling,3,45,128,25,27,17,2,6,1,0.28000,0.10000,0.58000,0.16000,0.06000,0.03000,0.05000,0.05000
articulated_coupling,3,46,128,20,30,16,2,6,1,0.28000,0.10000,0.58000,0.16000,0.06000,0.03000,0.05000,0.05000
articulated_coupling,3,47,128,24,32,14,2,6,1,0.28000,0.10000,0.58000,0.16000,0.06000,0.03000,0.05000,0.05000
articulated_coupling,3,48,128,20,27,14,2,6,1,0.28000,0.10000,0.58000,0.16000,0.06000,0.03000,0.05000,0.05000
articulated_coupling,3,49,128,32,25,12,3,6,2,0.28000,0.10000,0.58000,0.16000,0.06000,0.03000,0.05000,0.05000
articulated_coupling,3,50,128,21,31,17,2,6,1,0.28000,0.10000,0.58000,0.16000,0.06000,0.03000,0.05000,0.05000
articulated_coupling,3,51,128,33,25,11,3,6,2,0.28000,0.10000,0.58000,0.16000,0.06000,0.03000,0.05000,0.05000
articulated_coupling,3,52,128,21,25,19,2,6,1,0.28000,0.10000,0.58000,0.16000,0.06000,0.03000,0.05000,0.05000
articulated_coupling,3,53,128,33,29,13,3,6,2,0.28000,0.10000,0.58000,0.16000,0.06000,0.03000,0.05000,0.05000
articulated_coupling,3,54,128,25,32,13,2,6,1,0.28000,0.10000,0.58000,0.16000,0.06000,0.03000,0.05000,0.05000
articulated_coupling,3,55,128,22,32,14,2,6,1,0.28000,0.10000,0.58000,0.16000,0.06000,0.03000,0.05000,0.05000
articulated_coupling,3,56,128,27,30,12,3,6,1,0.28000,0.10000,0.58000,0.16000,0.06000,0.03000,0.05000,0.05000
articulated_coupling,3,57,128,32,28,18,3,6,2,0.28000,0.10000,0.58000,0.16000,0.06000,0.03000,0.05000,0.05000
articulated_coupling,3,58,128,25,29,11,2,6,1,0.28000,0.10000,0.58000,0.16000,0.06000,0.03000,0.05000,0.05000
articulated_coupling,3,59,128,31,31,11,3,6,2,0.28000,0.10000,0.58000,0.16000,0.06000,0.03000,0.05000,0.05000
articulated_coupling,3,60,128,29,27,18,3,6,1,0.28000,0.10000,0.58000,0.16000,0.06000,0.03000,0.05000,0.05000
articulated_coupling,3,61,128,21,22,10,2,6,1,0.28000,0.10000,0.58000,0.16000,0.06000,0.03000,0.05000,0.05000
articulated_coupling,3,62,128,26,22,13,3,6,1,0.28000,0.10000,0.58000,0.16000,0.06000,0.03000,0.05000,0.05000
articulated_coupling,3,63,128,24,22,15,2,6,1,0.28000,0.10000,0.58000,0.16000,0.06000,0.03000,0.05000,0.05000
articulated_coupling,4,0,128,33,28,13,3,6,2,0.28000,0.10000,0.58000,0.16000,0.06000,0.03000,0.05000,0.05000
articulated_coupling,4,1,128,29,27,11,3,6,1,0.28000,0.10000,0.58000,0.16000,0.06000,0.03000,0.05000,0.05000
articulated_coupling,4,2,128,23,32,11,2,6,1,0.28000,0.10000,0.58000,0.16000,0.06000,0.03000,0.05000,0.05000
articulated_coupling,4,3,128,29,24,17,3,6,1,0.28000,0.10000,0.58000,0.16000,0.06000,0.03000,0.05000,0.05000
articulated_coupling,4,4,128,27,23,14,3,6,1,0.28000,0.10000,0.58000,0.16000,0.06000,0.03000,0.05000,0.05000
articulated_coupling,4,5,128,20,25,15,2,6,1,0.28000,0.10000,0.58000,0.16000,0.06000,0.03000,0.05000,0.05000
articulated_coupling,4,6,128,23,24,18,2,6,1,0.28000,0.10000,0.58000,0.16000,0.06000,0.03000,0.05000,0.05000
articulated_coupling,4,7,128,28,30,11,3,6,1,0.28000,0.10000,0.58000,0.16000,0.06000,0.03000,0.05000,0.05000
articulated_coupling,4,8,128,24,24,19,2,6,1,0.28000,0.10000,0.58000,0.16000,0.06000,0.03000,0.05000,0.05000
articulated_coupling,4,9,128,33,32,17,3,6,2,0.28000,0.10000,0.58000,0.16000,0.06000,0.03000,0.05000,0.05000
articulated_coupling,4,10,128,28,29,18,3,6,1,0.28000,0.10000,0.58000,0.16000,0.06000,0.03000,0.05000,0.05000
articulated_coupling,4,11,128,31,22,14,3,6,2,0.28000,0.10000,0.58000,0.16000,0.06000,0.03000,0.05000,0.05000
articulated_coupling,4,12,128,25,31,17,2,6,1,0.28000,0.10000,0.58000,0.16000,0.06000,0.03000,0.05000,0.05000
articulated_coupling,4,13,128,23,24,11,2,6,1,0.28000,0.10000,0.58000,0.16000,0.06000,0.03000,0.05000,0.05000
articulated_coupling,4,14,128,32,24,12,3,6,2,0.28000,0.10000,0.58000,0.16000,0.06000,0.03000,0.05000,0.05000
articulated_coupling,4,15,128,31,31,10,3,6,2,0.28000,0.10000,0.58000,0.16000,0.06000,0.03000,0.05000,0.05000
articulated_coupling,4,16,128,23,30,11,2,6,1,0.28000,0.10000,0.58000,0.16000,0.06000,0.03000,0.05000,0.05000
articulated_coupling,4,17,128,28,28,12,3,6,1,0.28000,0.10000,0.58000,0.16000,0.06000,0.03000,0.05000,0.05000
articulated_coupling,4,18,128,33,30,11,3,6,2,0.28000,0.10000,0.58000,0.16000,0.06000,0.03000,0.05000,0.05000
articulated_coupling,4,19,128,33,30,17,3,6,2,0.28000,0.10000,0.58000,0.16000,0.06000,0.03000,0.05000,0.05000
articulated_coupling,4,20,128,26,24,19,3,6,1,0.28000,0.10000,0.58000,0.16000,0.06000,0.03000,0.05000,0.05000
articulated_coupling,4,21,128,26,28,14,3,6,1,0.28000,0.10000,0.58000,0.16000,0.06000,0.03000,0.05000,0.05000
articulated_coupling,4,22,128,33,31,13,3,6,2,0.28000,0.10000,0.58000,0.16000,0.06000,0.03000,0.05000,0.05000
articulated_coupling,4,23,128,26,24,11,3,6,1,0.28000,0.10000,0.58000,0.16000,0.06000,0.03000,0.05000,0.05000
articulated_coupling,4,24,128,28,32,11,3,6,1,0.28000,0.10000,0.58000,0.16000,0.06000,0.03000,0.05000,0.05000
articulated_coupling,4,25,128,31,32,16,3,6,2,0.28000,0.10000,0.58000,0.16000,0.06000,0.03000,0.05000,0.05000
articulated_coupling,4,26,128,27,29,10,3,6,1,0.28000,0.10000,0.58000,0.16000,0.06000,0.03000,0.05000,0.05000
articulated_coupling,4,27,128,25,24,16,2,6,1,0.28000,0.10000,0.58000,0.16000,0.06000,0.03000,0.05000,0.05000
articulated_coupling,4,28,128,28,27,19,3,6,1,0.28000,0.10000,0.58000,0.16000,0.06000,0.03000,0.05000,0.05000
articulated_coupling,4,29,128,30,23,15,3,6,2,0.28000,0.10000,0.58000,0.16000,0.06000,0.03000,0.05000,0.05000
articulated_coupling,4,30,128,24,27,17,2,6,1,0.28000,0.10000,0.58000,0.16000,0.06000,0.03000,0.05000,0.05000
articulated_coupling,4,31,128,21,25,11,2,6,1,0.28000,0.10000,0.58000,0.16000,0.06000,0.03000,0.05000,0.05000
articulated_coupling,4,32,128,30,31,13,3,6,2,0.28000,0.10000,0.58000,0.16000,0.06000,0.03000,0.05000,0.05000
articulated_coupling,4,33,128,28,25,19,3,6,1,0.28000,0.10000,0.58000,0.16000,0.06000,0.03000,0.05000,0.05000
articulated_coupling,4,34,128,24,27,12,2,6,1,0.28000,0.10000,0.58000,0.16000,0.06000,0.03000,0.05000,0.05000
articulated_coupling,4,35,128,22,32,19,2,6,1,0.28000,0.10000,0.58000,0.16000,0.06000,0.03000,0.05000,0.05000
articulated_coupling,4,36,128,24,30,18,2,6,1,0.28000,0.10000,0.58000,0.16000,0.06000,0.03000,0.05000,0.05000
articulated_coupling,4,37,128,32,32,15,3,6,2,0.28000,0.10000,0.58000,0.16000,0.06000,0.03000,0.05000,0.05000
articulated_coupling,4,38,128,30,27,19,3,6,2,0.28000,0.10000,0.58000,0.16000,0.06000,0.03000,0.05000,0.05000
articulated_coupling,4,39,128,23,23,17,2,6,1,0.28000,0.10000,0.58000,0.16000,0.06000,0.03000,0.05000,0.05000
articulated_coupling,4,40,128,24,29,17,2,6,1,0.28000,0.10000,0.58000,0.16000,0.06000,0.03000,0.05000,0.05000
articulated_coupling,4,41,128,32,31,10,3,6,2,0.28000,0.10000,0.58000,0.16000,0.06000,0.03000,0.05000,0.05000
articulated_coupling,4,42,128,20,32,19,2,6,1,0.28000,0.10000,0.58000,0.16000,0.06000,0.03000,0.05000,0.05000
articulated_coupling,4,43,128,29,32,18,3,6,1,0.28000,0.10000,0.58000,0.16000,0.06000,0.03000,0.05000,0.05000
articulated_coupling,4,44,128,30,24,16,3,6,2,0.28000,0.10000,0.58000,0.16000,0.06000,0.03000,0.05000,0.05000
articulated_coupling,4,45,128,26,30,13,3,6,1,0.28000,0.10000,0.58000,0.16000,0.06000,0.03000,0.05000,0.05000
articulated_coupling,4,46,128,26,32,16,3,6,1,0.28000,0.10000,0.58000,0.16000,0.06000,0.03000,0.05000,0.05000
articulated_coupling,4,47,128,26,22,13,3,6,1,0.28000,0.10000,0.58000,0.16000,0.06000,0.03000,0.05000,0.05000
articulated_coupling,4,48,128,26,30,15,3,6,1,0.28000,0.10000,0.58000,0.16000,0.06000,0.03000,0.05000,0.05000
articulated_coupling,4,49,128,29,32,14,3,6,1,0.28000,0.10000,0.58000,0.16000,0.06000,0.03000,0.05000,0.05000
articulated_coupling,4,50,128,30,26,17,3,6,2,0.28000,0.10000,0.58000,0.16000,0.06000,0.03000,0.05000,0.05000
articulated_coupling,4,51,128,31,28,14,3,6,2,0.28000,0.10000,0.58000,0.16000,0.06000,0.03000,0.05000,0.05000
articulated_coupling,4,52,128,28,28,12,3,6,1,0.28000,0.10000,0.58000,0.16000,0.06000,0.03000,0.05000,0.05000
articulated_coupling,4,53,128,21,27,15,2,6,1,0.28000,0.10000,0.58000,0.16000,0.06000,0.03000,0.05000,0.05000
articulated_coupling,4,54,128,27,31,18,3,6,1,0.28000,0.10000,0.58000,0.16000,0.06000,0.03000,0.05000,0.05000
articulated_coupling,4,55,128,20,23,17,2,6,1,0.28000,0.10000,0.58000,0.16000,0.06000,0.03000,0.05000,0.05000
articulated_coupling,4,56,128,24,32,19,2,6,1,0.28000,0.10000,0.58000,0.16000,0.06000,0.03000,0.05000,0.05000
articulated_coupling,4,57,128,23,31,19,2,6,1,0.28000,0.10000,0.58000,0.16000,0.06000,0.03000,0.05000,0.05000
articulated_coupling,4,58,128,29,31,16,3,6,1,0.28000,0.10000,0.58000,0.16000,0.06000,0.03000,0.05000,0.05000
articulated_coupling,4,59,128,31,28,11,3,6,2,0.28000,0.10000,0.58000,0.16000,0.06000,0.03000,0.05000,0.05000
articulated_coupling,4,60,128,21,22,19,2,6,1,0.28000,0.10000,0.58000,0.16000,0.06000,0.03000,0.05000,0.05000
articulated_coupling,4,61,128,26,23,18,3,6,1,0.28000,0.10000,0.58000,0.16000,0.06000,0.03000,0.05000,0.05000
articulated_coupling,4,62,128,20,26,14,2,6,1,0.28000,0.10000,0.58000,0.16000,0.06000,0.03000,0.05000,0.05000
articulated_coupling,4,63,128,33,31,11,3,6,2,0.28000,0.10000,0.58000,0.16000,0.06000,0.03000,0.05000,0.05000
articulated_coupling,5,0,128,26,32,12,3,6,1,0.28000,0.10000,0.58000,0.16000,0.06000,0.03000,0.05000,0.05000
articulated_coupling,5,1,128,27,22,18,3,6,1,0.28000,0.10000,0.58000,0.16000,0.06000,0.03000,0.05000,0.05000
articulated_coupling,5,2,128,32,30,18,3,6,2,0.28000,0.10000,0.58000,0.16000,0.06000,0.03000,0.05000,0.05000
articulated_coupling,5,3,128,33,32,12,3,6,2,0.28000,0.10000,0.58000,0.16000,0.06000,0.03000,0.05000,0.05000
articulated_coupling,5,4,128,28,25,10,3,6,1,0.28000,0.10000,0.58000,0.16000,0.06000,0.03000,0.05000,0.05000
articulated_coupling,5,5,128,20,23,11,2,6,1,0.28000,0.10000,0.58000,0.16000,0.06000,0.03000,0.05000,0.05000
articulated_coupling,5,6,128,25,31,10,2,6,1,0.28000,0.10000,0.58000,0.16000,0.06000,0.03000,0.05000,0.05000
articulated_coupling,5,7,128,26,33,15,3,6,1,0.28000,0.10000,0.58000,0.16000,0.06000,0.03000,0.05000,0.05000
articulated_coupling,5,8,128,28,30,19,3,6,1,0.28000,0.10000,0.58000,0.16000,0.06000,0.03000,0.05000,0.05000
articulated_coupling,5,9,128,33,32,10,3,6,2,0.28000,0.10000,0.58000,0.16000,0.06000,0.03000,0.05000,0.05000
articulated_coupling,5,10,128,33,30,18,3,6,2,0.28000,0.10000,0.58000,0.16000,0.06000,0.03000,0.05000,0.05000
articulated_coupling,5,11,128,28,33,13,3,6,1,0.28000,0.10000,0.58000,0.16000,0.06000,0.03000,0.05000,0.05000
articulated_coupling,5,12,128,30,25,15,3,6,2,0.28000,0.10000,0.58000,0.16000,0.06000,0.03000,0.05000,0.05000
articulated_coupling,5,13,128,28,24,11,3,6,1,0.28000,0.10000,0.58000,0.16000,0.06000,0.03000,0.05000,0.05000
articulated_coupling,5,14,128,33,33,12,3,6,2,0.28000,0.10000,0.58000,0.16000,0.06000,0.03000,0.05000,0.05000
articulated_coupling,5,15,128,24,29,15,2,6,1,0.28000,0.10000,0.58000,0.16000,0.06000,0.03000,0.05000,0.05000
articulated_coupling,5,16,128,25,29,11,2,6,1,0.28000,0.10000,0.58000,0.16000,0.06000,0.03000,0.05000,0.05000
articulated_coupling,5,17,128,22,28,17,2,6,1,0.28000,0.10000,0.58000,0.16000,0.06000,0.03000,0.05000,0.05000
articulated_coupling,5,18,128,23,33,12,2,6,1,0.28000,0.10000,0.58000,0.16000,0.06000,0.03000,0.05000,0.05000
articulated_coupling,5,19,128,24,29,13,2,6,1,0.28000,0.10000,0.58000,0.16000,0.06000,0.03000,0.05000,0.05000
articulated_coupling,5,20,128,23,25,18,2,6,1,0.28000,0.10000,0.58000,0.16000,0.06000,0.03000,0.05000,0.05000
articulated_coupling,5,21,128,26,32,11,3,6,1,0.28000,0.10000,0.58000,0.16000,0.06000,0.03000,0.05000,0.05000
articulated_coupling,5,22,128,29,27,19,3,6,1,0.28000,0.10000,0.58000,0.16000,0.06000,0.03000,0.05000,0.05000
articulated_coupling,5,23,128,31,32,13,3,6,2,0.28000,0.10000,0.58000,0.16000,0.06000,0.03000,0.05000,0.05000
articulated_coupling,5,24,128,20,22,10,2,6,1,0.28000,0.10000,0.58000,0.16000,0.06000,0.03000,0.05000,0.05000
articulated_coupling,5,25,128,24,25,10,2,6,1,0.28000,0.10000,0.58000,0.16000,0.06000,0.03000,0.05000,0.05000
articulated_coupling,5,26,128,33,28,15,3,6,2,0.28000,0.10000,0.58000,0.16000,0.06000,0.03000,0.05000,0.05000
articulated_coupling,5,27,128,25,29,18,2,6,1,0.28000,0.10000,0.58000,0.16000,0.06000,0.03000,0.05000,0.05000
articulated_coupling,5,28,128,23,32,11,2,6,1,0.28000,0.10000,0.58000,0.16000,0.06000,0.03000,0.05000,0.05000
articulated_coupling,5,29,128,32,24,17,3,6,2,0.28000,0.10000,0.58000,0.16000,0.06000,0.03000,0.05000,0.05000
articulated_coupling,5,30,128,29,27,10,3,6,1,0.28000,0.10000,0.58000,0.16000,0.06000,0.03000,0.05000,0.05000
articulated_coupling,5,31,128,23,32,17,2,6,1,0.28000,0.10000,0.58000,0.16000,0.06000,0.03000,0.05000,0.05000
articulated_coupling,5,32,128,28,26,16,3,6,1,0.28000,0.10000,0.58000,0.16000,0.06000,0.03000,0.05000,0.05000
articulated_coupling,5,33,128,24,30,19,2,6,1,0.28000,0.10000,0.58000,0.16000,0.06000,0.03000,0.05000,0.05000
articulated_coupling,5,34,128,23,32,11,2,6,1,0.28000,0.10000,0.58000,0.16000,0.06000,0.03000,0.05000,0.05000
articulated_coupling,5,35,128,30,22,13,3,6,2,0.28000,0.10000,0.58000,0.16000,0.06000,0.03000,0.05000,0.05000
articulated_coupling,5,36,128,24,27,12,2,6,1,0.28000,0.10000,0.58000,0.16000,0.06000,0.03000,0.05000,0.05000
articulated_coupling,5,37,128,20,32,13,2,6,1,0.28000,0.10000,0.58000,0.16000,0.06000,0.03000,0.05000,0.05000
articulated_coupling,5,38,128,27,22,19,3,6,1,0.28000,0.10000,0.58000,0.16000,0.06000,0.03000,0.05000,0.05000
articulated_coupling,5,39,128,33,31,10,3,6,2,0.28000,0.10000,0.58000,0.16000,0.06000,0.03000,0.05000,0.05000
articulated_coupling,5,40,128,23,24,14,2,6,1,0.28000,0.10000,0.58000,0.16000,0.06000,0.03000,0.05000,0.05000
articulated_coupling,5,41,128,27,28,17,3,6,1,0.28000,0.10000,0.58000,0.16000,0.06000,0.03000,0.05000,0.05000
articulated_coupling,5,42,128,25,24,16,2,6,1,0.28000,0.10000,0.58000,0.16000,0.06000,0.03000,0.05000,0.05000
articulated_coupling,5,43,128,29,26,18,3,6,1,0.28000,0.10000,0.58000,0.16000,0.06000,0.03000,0.05000,0.05000
articulated_coupling,5,44,128,26,30,12,3,6,1,0.28000,0.10000,0.58000,0.16000,0.06000,0.03000,0.05000,0.05000
articulated_coupling,5,45,128,30,32,17,3,6,2,0.28000,0.10000,0.58000,0.16000,0.06000,0.03000,0.05000,0.05000
articulated_coupling,5,46,128,25,24,12,2,6,1,0.28000,0.10000,0.58000,0.16000,0.06000,0.03000,0.05000,0.05000
articulated_coupling,5,47,128,29,22,15,3,6,1,0.28000,0.10000,0.58000,0.16000,0.06000,0.03000,0.05000,0.05000
articulated_coupling,5,48,128,31,24,13,3,6,2,0.28000,0.10000,0.58000,0.16000,0.06000,0.03000,0.05000,0.05000
articulated_coupling,5,49,128,29,31,14,3,6,1,0.28000,0.10000,0.58000,0.16000,0.06000,0.03000,0.05000,0.05000
articulated_coupling,5,50,128,25,33,10,2,6,1,0.28000,0.10000,0.58000,0.16000,0.06000,0.03000,0.05000,0.05000
articulated_coupling,5,51,128,28,27,10,3,6,1,0.28000,0.10000,0.58000,0.16000,0.06000,0.03000,0.05000,0.05000
articulated_coupling,5,52,128,21,31,16,2,6,1,0.28000,0.10000,0.58000,0.16000,0.06000,0.03000,0.05000,0.05000
articulated_coupling,5,53,128,26,26,19,3,6,1,0.28000,0.10000,0.58000,0.16000,0.06000,0.03000,0.05000,0.05000
articulated_coupling,5,54,128,30,29,18,3,6,2,0.28000,0.10000,0.58000,0.16000,0.06000,0.03000,0.05000,0.05000
articulated_coupling,5,55,128,24,23,16,2,6,1,0.28000,0.10000,0.58000,0.16000,0.06000,0.03000,0.05000,0.05000
articulated_coupling,5,56,128,32,31,15,3,6,2,0.28000,0.10000,0.58000,0.16000,0.06000,0.03000,0.05000,0.05000
articulated_coupling,5,57,128,25,26,17,2,6,1,0.28000,0.10000,0.58000,0.16000,0.06000,0.03000,0.05000,0.05000
articulated_coupling,5,58,128,29,27,15,3,6,1,0.28000,0.10000,0.58000,0.16000,0.06000,0.03000,0.05000,0.05000
articulated_coupling,5,59,128,31,31,14,3,6,2,0.28000,0.10000,0.58000,0.16000,0.06000,0.03000,0.05000,0.05000
articulated_coupling,5,60,128,33,29,12,3,6,2,0.28000,0.10000,0.58000,0.16000,0.06000,0.03000,0.05000,0.05000
articulated_coupling,5,61,128,25,28,18,2,6,1,0.28000,0.10000,0.58000,0.16000,0.06000,0.03000,0.05000,0.05000
articulated_coupling,5,62,128,20,29,13,2,6,1,0.28000,0.10000,0.58000,0.16000,0.06000,0.03000,0.05000,0.05000
articulated_coupling,5,63,128,20,23,18,2,6,1,0.28000,0.10000,0.58000,0.16000,0.06000,0.03000,0.05000,0.05000
articulated_coupling,6,0,128,26,22,10,3,6,1,0.28000,0.10000,0.58000,0.16000,0.06000,0.03000,0.05000,0.05000
articulated_coupling,6,1,128,25,32,18,2,6,1,0.28000,0.10000,0.58000,0.16000,0.06000,0.03000,0.05000,0.05000
articulated_coupling,6,2,128,25,23,18,2,6,1,0.28000,0.10000,0.58000,0.16000,0.06000,0.03000,0.05000,0.05000
articulated_coupling,6,3,128,22,23,16,2,6,1,0.28000,0.10000,0.58000,0.16000,0.06000,0.03000,0.05000,0.05000
articulated_coupling,6,4,128,21,31,11,2,6,1,0.28000,0.10000,0.58000,0.16000,0.06000,0.03000,0.05000,0.05000
articulated_coupling,6,5,128,21,26,11,2,6,1,0.28000,0.10000,0.58000,0.16000,0.06000,0.03000,0.05000,0.05000
articulated_coupling,6,6,128,22,22,19,2,6,1,0.28000,0.10000,0.58000,0.16000,0.06000,0.03000,0.05000,0.05000
articulated_coupling,6,7,128,31,23,12,3,6,2,0.28000,0.10000,0.58000,0.16000,0.06000,0.03000,0.05000,0.05000
articulated_coupling,6,8,128,25,22,13,2,6,1,0.28000,0.10000,0.58000,0.16000,0.06000,0.03000,0.05000,0.05000
articulated_coupling,6,9,128,20,29,13,2,6,1,0.28000,0.10000,0.58000,0.16000,0.06000,0.03000,0.05000,0.05000
articulated_coupling,6,10,128,30,30,12,3,6,2,0.28000,0.10000,0.58000,0.16000,0.06000,0.03000,0.05000,0.05000
articulated_coupling,6,11,128,25,24,17,2,6,1,0.28000,0.10000,0.58000,0.16000,0.06000,0.03000,0.05000,0.05000
articulated_coupling,6,12,128,22,30,15,2,6,1,0.28000,0.10000,0.58000,0.16000,0.06000,0.03000,0.05000,0.05000
articulated_coupling,6,13,128,25,23,15,2,6,1,0.28000,0.10000,0.58000,0.16000,0.06000,0.03000,0.05000,0.05000
articulated_coupling,6,14,128,24,29,10,2,6,1,0.28000,0.10000,0.58000,0.16000,0.06000,0.03000,0.05000,0.05000
articulated_coupling,6,15,128,27,30,15,3,6,1,0.28000,0.10000,0.58000,0.16000,0.06000,0.03000,0.05000,0.05000
articulated_coupling,6,16,128,30,28,14,3,6,2,0.28000,0.10000,0.58000,0.16000,0.06000,0.03000,0.05000,0.05000
articulated_coupling,6,17,128,27,29,16,3,6,1,0.28000,0.10000,0.58000,0.16000,0.06000,0.03000,0.05000,0.05000
articulated_coupling,6,18,128,27,30,11,3,6,1,0.28000,0.10000,0.58000,0.16000,0.06000,0.03000,0.05000,0.05000
articulated_coupling,6,19,128,26,28,16,3,6,1,0.28000,0.10000,0.58000,0.16000,0.06000,0.03000,0.05000,0.05000
articulated_coupling,6,20,128,23,33,15,2,6,1,0.28000,0.10000,0.58000,0.16000,0.06000,0.03000,0.05000,0.05000
articulated_coupling,6,21,128,30,27,13,3,6,2,0.28000,0.10000,0.58000,0.16000,0.06000,0.03000,0.05000,0.05000
articulated_coupling,6,22,128,25,22,16,2,6,1,0.28000,0.10000,0.58000,0.16000,0.06000,0.03000,0.05000,0.05000
articulated_coupling,6,23,128,21,23,13,2,6,1,0.28000,0.10000,0.58000,0.16000,0.06000,0.03000,0.05000,0.05000
articulated_coupling,6,24,128,28,26,15,3,6,1,0.28000,0.10000,0.58000,0.16000,0.06000,0.03000,0.05000,0.05000
articulated_coupling,6,25,128,27,30,17,3,6,1,0.28000,0.10000,0.58000,0.16000,0.06000,0.03000,0.05000,0.05000
articulated_coupling,6,26,128,27,32,16,3,6,1,0.28000,0.10000,0.58000,0.16000,0.06000,0.03000,0.05000,0.05000
articulated_coupling,6,27,128,23,33,14,2,6,1,0.28000,0.10000,0.58000,0.16000,0.06000,0.03000,0.05000,0.05000
articulated_coupling,6,28,128,26,30,16,3,6,1,0.28000,0.10000,0.58000,0.16000,0.06000,0.03000,0.05000,0.05000
articulated_coupling,6,29,128,23,24,19,2,6,1,0.28000,0.10000,0.58000,0.16000,0.06000,0.03000,0.05000,0.05000
articulated_coupling,6,30,128,31,32,10,3,6,2,0.28000,0.10000,0.58000,0.16000,0.06000,0.03000,0.05000,0.05000
articulated_coupling,6,31,128,20,32,19,2,6,1,0.28000,0.10000,0.58000,0.16000,0.06000,0.03000,0.05000,0.05000
articulated_coupling,6,32,128,22,26,19,2,6,1,0.28000,0.10000,0.58000,0.16000,0.06000,0.03000,0.05000,0.05000
articulated_coupling,6,33,128,23,22,11,2,6,1,0.28000,0.10000,0.58000,0.16000,0.06000,0.03000,0.05000,0.05000
articulated_coupling,6,34,128,29,23,15,3,6,1,0.28000,0.10000,0.58000,0.16000,0.06000,0.03000,0.05000,0.05000
articulated_coupling,6,35,128,20,33,16,2,6,1,0.28000,0.10000,0.58000,0.16000,0.06000,0.03000,0.05000,0.05000
articulated_coupling,6,36,128,21,22,19,2,6,1,0.28000,0.10000,0.58000,0.16000,0.06000,0.03000,0.05000,0.05000
articulated_coupling,6,37,128,27,29,13,3,6,1,0.28000,0.10000,0.58000,0.16000,0.06000,0.03000,0.05000,0.05000
articulated_coupling,6,38,128,27,30,19,3,6,1,0.28000,0.10000,0.58000,0.16000,0.06000,0.03000,0.05000,0.05000
articulated_coupling,6,39,128,21,25,19,2,6,1,0.28000,0.10000,0.58000,0.16000,0.06000,0.03000,0.05000,0.05000
articulated_coupling,6,40,128,27,27,18,3,6,1,0.28000,0.10000,0.58000,0.16000,0.06000,0.03000,0.05000,0.05000
articulated_coupling,6,41,128,31,28,18,3,6,2,0.28000,0.10000,0.58000,0.16000,0.06000,0.03000,0.05000,0.05000
articulated_coupling,6,42,128,33,26,10,3,6,2,0.28000,0.10000,0.58000,0.16000,0.06000,0.03000,0.05000,0.05000
articulated_coupling,6,43,128,29,22,17,3,6,1,0.28000,0.10000,0.58000,0.16000,0.06000,0.03000,0.05000,0.05000
articulated_coupling,6,44,128,20,30,16,2,6,1,0.28000,0.10000,0.58000,0.16000,0.06000,0.03000,0.05000,0.05000
articulated_coupling,6,45,128,21,23,15,2,6,1,0.28000,0.10000,0.58000,0.16000,0.06000,0.03000,0.05000,0.05000
articulated_coupling,6,46,128,29,24,13,3,6,1,0.28000,0.10000,0.58000,0.16000,0.06000,0.03000,0.05000,0.05000
articulated_coupling,6,47,128,33,32,11,3,6,2,0.28000,0.10000,0.58000,0.16000,0.06000,0.03000,0.05000,0.05000
articulated_coupling,6,48,128,28,28,12,3,6,1,0.28000,0.10000,0.58000,0.16000,0.06000,0.03000,0.05000,0.05000
articulated_coupling,6,49,128,31,25,16,3,6,2,0.28000,0.10000,0.58000,0.16000,0.06000,0.03000,0.05000,0.05000
articulated_coupling,6,50,128,23,31,19,2,6,1,0.28000,0.10000,0.58000,0.16000,0.06000,0.03000,0.05000,0.05000
articulated_coupling,6,51,128,22,31,18,2,6,1,0.28000,0.10000,0.58000,0.16000,0.06000,0.03000,0.05000,0.05000
articulated_coupling,6,52,128,24,25,14,2,6,1,0.28000,0.10000,0.58000,0.16000,0.06000,0.03000,0.05000,0.05000
articulated_coupling,6,53,128,23,23,17,2,6,1,0.28000,0.10000,0.58000,0.16000,0.06000,0.03000,0.05000,0.05000
articulated_coupling,6,54,128,26,25,15,3,6,1,0.28000,0.10000,0.58000,0.16000,0.06000,0.03000,0.05000,0.05000
articulated_coupling,6,55,128,29,23,19,3,6,1,0.28000,0.10000,0.58000,0.16000,0.06000,0.03000,0.05000,0.05000
articulated_coupling,6,56,128,27,29,18,3,6,1,0.28000,0.10000,0.58000,0.16000,0.06000,0.03000,0.05000,0.05000
articulated_coupling,6,57,128,21,31,11,2,6,1,0.28000,0.10000,0.58000,0.16000,0.06000,0.03000,0.05000,0.05000
articulated_coupling,6,58,128,31,26,10,3,6,2,0.28000,0.10000,0.58000,0.16000,0.06000,0.03000,0.05000,0.05000
articulated_coupling,6,59,128,27,31,13,3,6,1,0.28000,0.10000,0.58000,0.16000,0.06000,0.03000,0.05000,0.05000
articulated_coupling,6,60,128,33,30,14,3,6,2,0.28000,0.10000,0.58000,0.16000,0.06000,0.03000,0.05000,0.05000
articulated_coupling,6,61,128,30,31,17,3,6,2,0.28000,0.10000,0.58000,0.16000,0.06000,0.03000,0.05000,0.05000
articulated_coupling,6,62,128,23,32,19,2,6,1,0.28000,0.10000,0.58000,0.16000,0.06000,0.03000,0.05000,0.05000
articulated_coupling,6,63,128,27,30,19,3,6,1,0.28000,0.10000,0.58000,0.16000,0.06000,0.03000,0.05000,0.05000
articulated_coupling,7,0,128,31,33,19,3,6,2,0.28000,0.10000,0.58000,0.16000,0.06000,0.03000,0.05000,0.05000
articulated_coupling,7,1,128,26,27,12,3,6,1,0.28000,0.10000,0.58000,0.16000,0.06000,0.03000,0.05000,0.05000
articulated_coupling,7,2,128,26,32,19,3,6,1,0.28000,0.10000,0.58000,0.16000,0.06000,0.03000,0.05000,0.05000
articulated_coupling,7,3,128,27,29,13,3,6,1,0.28000,0.10000,0.58000,0.16000,0.06000,0.03000,0.05000,0.05000
articulated_coupling,7,4,128,29,25,17,3,6,1,0.28000,0.10000,0.58000,0.16000,0.06000,0.03000,0.05000,0.05000
articulated_coupling,7,5,128,32,25,10,3,6,2,0.28000,0.10000,0.58000,0.16000,0.06000,0.03000,0.05000,0.05000
articulated_coupling,7,6,128,22,30,17,2,6,1,0.28000,0.10000,0.58000,0.16000,0.06000,0.03000,0.05000,0.05000
articulated_coupling,7,7,128,31,22,18,3,6,2,0.28000,0.10000,0.58000,0.16000,0.06000,0.03000,0.05000,0.05000
articulated_coupling,7,8,128,24,24,13,2,6,1,0.28000,0.10000,0.58000,0.16000,0.06000,0.03000,0.05000,0.05000
articulated_coupling,7,9,128,23,32,14,2,6,1,0.28000,0.10000,0.58000,0.16000,0.06000,0.03000,0.05000,0.05000
articulated_coupling,7,10,128,22,23,18,2,6,1,0.28000,0.10000,0.58000,0.16000,0.06000,0.03000,0.05000,0.05000
articulated_coupling,7,11,128,31,31,17,3,6,2,0.28000,0.10000,0.58000,0.16000,0.06000,0.03000,0.05000,0.05000
articulated_coupling,7,12,128,23,32,13,2,6,1,0.28000,0.10000,0.58000,0.16000,0.06000,0.03000,0.05000,0.05000
articulated_coupling,7,13,128,25,23,16,2,6,1,0.28000,0.10000,0.58000,0.16000,0.06000,0.03000,0.05000,0.05000
articulated_coupling,7,14,128,21,33,18,2,6,1,0.28000,0.10000,0.58000,0.16000,0.06000,0.03000,0.05000,0.05000
articulated_coupling,7,15,128,22,29,16,2,6,1,0.28000,0.10000,0.58000,0.16000,0.06000,0.03000,0.05000,0.05000
articulated_coupling,7,16,128,24,28,17,2,6,1,0.28000,0.10000,0.58000,0.16000,0.06000,0.03000,0.05000,0.05000
articulated_coupling,7,17,128,27,23,10,3,6,1,0.28000,0.10000,0.58000,0.16000,0.06000,0.03000,0.05000,0.05000
articulated_coupling,7,18,128,31,26,17,3,6,2,0.28000,0.10000,0.58000,0.16000,0.06000,0.03000,0.05000,0.05000
articulated_coupling,7,19,128,26,27,19,3,6,1,0.28000,0.10000,0.58000,0.16000,0.06000,0.03000,0.05000,0.05000
articulated_coupling,7,20,128,23,31,19,2,6,1,0.28000,0.10000,0.58000,0.16000,0.06000,0.03000,0.05000,0.05000
articulated_coupling,7,21,128,25,22,18,2,6,1,0.28000,0.10000,0.58000,0.16000,0.06000,0.03000,0.05000,0.05000
articulated_coupling,7,22,128,31,33,19,3,6,2,0.28000,0.10000,0.58000,0.16000,0.06000,0.03000,0.05000,0.05000
articulated_coupling,7,23,128,20,31,10,2,6,1,0.28000,0.10000,0.58000,0.16000,0.06000,0.03000,0.05000,0.05000
articulated_coupling,7,24,128,29,33,10,3,6,1,0.28000,0.10000,0.58000,0.16000,0.06000,0.03000,0.05000,0.05000
articulated_coupling,7,25,128,28,22,14,3,6,1,0.28000,0.10000,0.58000,0.16000,0.06000,0.03000,0.05000,0.05000
articulated_coupling,7,26,128,24,26,13,2,6,1,0.28000,0.10000,0.58000,0.16000,0.06000,0.03000,0.05000,0.05000
articulated_coupling,7,27,128,20,33,18,2,6,1,0.28000,0.10000,0.58000,0.16000,0.06000,0.03000,0.05000,0.05000
articulated_coupling,7,28,128,31,27,13,3,6,2,0.28000,0.10000,0.58000,0.16000,0.06000,0.03000,0.05000,0.05000
articulated_coupling,7,29,128,27,30,10,3,6,1,0.28000,0.10000,0.58000,0.16000,0.06000,0.03000,0.05000,0.05000
articulated_coupling,7,30,128,20,25,11,2,6,1,0.28000,0.10000,0.58000,0.16000,0.06000,0.03000,0.05000,0.05000
articulated_coupling,7,31,128,20,30,16,2,6,1,0.28000,0.10000,0.58000,0.16000,0.06000,0.03000,0.05000,0.05000
articulated_coupling,7,32,128,33,31,15,3,6,2,0.28000,0.10000,0.58000,0.16000,0.06000,0.03000,0.05000,0.05000
articulated_coupling,7,33,128,30,32,10,3,6,2,0.28000,0.10000,0.58000,0.16000,0.06000,0.03000,0.05000,0.05000
articulated_coupling,7,34,128,20,24,18,2,6,1,0.28000,0.10000,0.58000,0.16000,0.06000,0.03000,0.05000,0.05000
articulated_coupling,7,35,128,20,29,16,2,6,1,0.28000,0.10000,0.58000,0.16000,0.06000,0.03000,0.05000,0.05000
articulated_coupling,7,36,128,25,23,16,2,6,1,0.28000,0.10000,0.58000,0.16000,0.06000,0.03000,0.05000,0.05000
articulated_coupling,7,37,128,23,31,15,2,6,1,0.28000,0.10000,0.58000,0.16000,0.06000,0.03000,0.05000,0.05000
articulated_coupling,7,38,128,23,27,18,2,6,1,0.28000,0.10000,0.58000,0.16000,0.06000,0.03000,0.05000,0.05000
articulated_coupling,7,39,128,21,31,13,2,6,1,0.28000,0.10000,0.58000,0.16000,0.06000,0.03000,0.05000,0.05000
articulated_coupling,7,40,128,26,22,15,3,6,1,0.28000,0.10000,0.58000,0.16000,0.06000,0.03000,0.05000,0.05000
articulated_coupling,7,41,128,33,24,19,3,6,2,0.28000,0.10000,0.58000,0.16000,0.06000,0.03000,0.05000,0.05000
articulated_coupling,7,42,128,28,23,14,3,6,1,0.28000,0.10000,0.58000,0.16000,0.06000,0.03000,0.05000,0.05000
articulated_coupling,7,43,128,22,23,17,2,6,1,0.28000,0.10000,0.58000,0.16000,0.06000,0.03000,0.05000,0.05000
articulated_coupling,7,44,128,30,22,18,3,6,2,0.28000,0.10000,0.58000,0.16000,0.06000,0.03000,0.05000,0.05000
articulated_coupling,7,45,128,23,32,10,2,6,1,0.28000,0.10000,0.58000,0.16000,0.06000,0.03000,0.05000,0.05000
articulated_coupling,7,46,128,32,25,10,3,6,2,0.28000,0.10000,0.58000,0.16000,0.06000,0.03000,0.05000,0.05000
articulated_coupling,7,47,128,33,23,17,3,6,2,0.28000,0.10000,0.58000,0.16000,0.06000,0.03000,0.05000,0.05000
articulated_coupling,7,48,128,23,33,14,2,6,1,0.28000,0.10000,0.58000,0.16000,0.06000,0.03000,0.05000,0.05000
articulated_coupling,7,49,128,20,25,10,2,6,1,0.28000,0.10000,0.58000,0.16000,0.06000,0.03000,0.05000,0.05000
articulated_coupling,7,50,128,22,27,19,2,6,1,0.28000,0.10000,0.58000,0.16000,0.06000,0.03000,0.05000,0.05000
articulated_coupling,7,51,128,30,32,12,3,6,2,0.28000,0.10000,0.58000,0.16000,0.06000,0.03000,0.05000,0.05000
articulated_coupling,7,52,128,33,22,13,3,6,2,0.28000,0.10000,0.58000,0.16000,0.06000,0.03000,0.05000,0.05000
articulated_coupling,7,53,128,22,22,14,2,6,1,0.28000,0.10000,0.58000,0.16000,0.06000,0.03000,0.05000,0.05000
articulated_coupling,7,54,128,20,29,19,2,6,1,0.28000,0.10000,0.58000,0.16000,0.06000,0.03000,0.05000,0.05000
articulated_coupling,7,55,128,29,26,19,3,6,1,0.28000,0.10000,0.58000,0.16000,0.06000,0.03000,0.05000,0.05000
articulated_coupling,7,56,128,25,31,11,2,6,1,0.28000,0.10000,0.58000,0.16000,0.06000,0.03000,0.05000,0.05000
articulated_coupling,7,57,128,30,22,15,3,6,2,0.28000,0.10000,0.58000,0.16000,0.06000,0.03000,0.05000,0.05000
articulated_coupling,7,58,128,31,32,13,3,6,2,0.28000,0.10000,0.58000,0.16000,0.06000,0.03000,0.05000,0.05000
articulated_coupling,7,59,128,27,23,10,3,6,1,0.28000,0.10000,0.58000,0.16000,0.06000,0.03000,0.05000,0.05000
articulated_coupling,7,60,128,26,31,15,3,6,1,0.28000,0.10000,0.58000,0.16000,0.06000,0.03000,0.05000,0.05000
articulated_coupling,7,61,128,26,33,14,3,6,1,0.28000,0.10000,0.58000,0.16000,0.06000,0.03000,0.05000,0.05000
articulated_coupling,7,62,128,24,33,19,2,6,1,0.28000,0.10000,0.58000,0.16000,0.06000,0.03000,0.05000,0.05000
articulated_coupling,7,63,128,28,27,11,3,6,1,0.28000,0.10000,0.58000,0.16000,0.06000,0.03000,0.05000,0.05000
articulated_coupling,8,0,128,24,28,15,2,6,1,0.28000,0.10000,0.58000,0.16000,0.06000,0.03000,0.05000,0.05000
articulated_coupling,8,1,128,25,29,19,2,6,1,0.28000,0.10000,0.58000,0.16000,0.06000,0.03000,0.05000,0.05000
articulated_coupling,8,2,128,27,24,16,3,6,1,0.28000,0.10000,0.58000,0.16000,0.06000,0.03000,0.05000,0.05000
articulated_coupling,8,3,128,30,30,17,3,6,2,0.28000,0.10000,0.58000,0.16000,0.06000,0.03000,0.05000,0.05000
articulated_coupling,8,4,128,23,26,13,2,6,1,0.28000,0.10000,0.58000,0.16000,0.06000,0.03000,0.05000,0.05000
articulated_coupling,8,5,128,32,22,11,3,6,2,0.28000,0.10000,0.58000,0.16000,0.06000,0.03000,0.05000,0.05000
articulated_coupling,8,6,128,20,23,10,2,6,1,0.28000,0.10000,0.58000,0.16000,0.06000,0.03000,0.05000,0.05000
articulated_coupling,8,7,128,27,23,12,3,6,1,0.28000,0.10000,0.58000,0.16000,0.06000,0.03000,0.05000,0.05000
articulated_coupling,8,8,128,22,23,11,2,6,1,0.28000,0.10000,0.58000,0.16000,0.06000,0.03000,0.05000,0.05000
articulated_coupling,8,9,128,22,23,10,2,6,1,0.28000,0.10000,0.58000,0.16000,0.06000,0.03000,0.05000,0.05000
articulated_coupling,8,10,128,25,29,10,2,6,1,0.28000,0.10000,0.58000,0.16000,0.06000,0.03000,0.05000,0.05000
articulated_coupling,8,11,128,33,26,16,3,6,2,0.28000,0.10000,0.58000,0.16000,0.06000,0.03000,0.05000,0.05000
articulated_coupling,8,12,128,30,27,14,3,6,2,0.28000,0.10000,0.58000,0.16000,0.06000,0.03000,0.05000,0.05000
articulated_coupling,8,13,128,33,24,16,3,6,2,0.28000,0.10000,0.58000,0.16000,0.06000,0.03000,0.05000,0.05000
articulated_coupling,8,14,128,22,22,14,2,6,1,0.28000,0.10000,0.58000,0.16000,0.06000,0.03000,0.05000,0.05000
articulated_coupling,8,15,128,26,31,11,3,6,1,0.28000,0.10000,0.58000,0.16000,0.06000,0.03000,0.05000,0.05000
articulated_coupling,8,16,128,30,30,13,3,6,2,0.28000,0.10000,0.58000,0.16000,0.06000,0.03000,0.05000,0.05000
articulated_coupling,8,17,128,24,30,15,2,6,1,0.28000,0.10000,0.58000,0.16000,0.06000,0.03000,0.05000,0.05000
articulated_coupling,8,18,128,28,23,14,3,6,1,0.28000,0.10000,0.58000,0.16000,0.06000,0.03000,0.05000,0.05000
articulated_coupling,8,19,128,29,25,18,3,6,1,0.28000,0.10000,0.58000,0.16000,0.06000,0.03000,0.05000,0.05000
articulated_coupling,8,20,128,20,30,12,2,6,1,0.28000,0.10000,0.58000,0.16000,0.06000,0.03000,0.05000,0.05000
articulated_coupling,8,21,128,30,28,18,3,6,2,0.28000,0.10000,0.58000,0.16000,0.06000,0.03000,0.05000,0.05000
articulated_coupling,8,22,128,23,22,12,2,6,1,0.28000,0.10000,0.58000,0.16000,0.06000,0.03000,0.05000,0.05000
articulated_coupling,8,23,128,32,27,11,3,6,2,0.28000,0.10000,0.58000,0.16000,0.06000,0.03000,0.05000,0.05000
articulated_coupling,8,24,128,25,31,17,2,6,1,0.28000,0.10000,0.58000,0.16000,0.06000,0.03000,0.05000,0.05000
articulated_coupling,8,25,128,31,31,12,3,6,2,0.28000,0.10000,0.58000,0.16000,0.06000,0.03000,0.05000,0.05000
articulated_coupling,8,26,128,29,24,19,3,6,1,0.28000,0.10000,0.58000,0.16000,0.06000,0.03000,0.05000,0.05000
articulated_coupling,8,27,128,21,27,17,2,6,1,0.28000,0.10000,0.58000,0.16000,0.06000,0.03000,0.05000,0.05000
articulated_coupling,8,28,128,26,27,14,3,6,1,0.28000,0.10000,0.58000,0.16000,0.06000,0.03000,0.05000,0.05000
articulated_coupling,8,29,128,33,28,13,3,6,2,0.28000,0.10000,0.58000,0.16000,0.06000,0.03000,0.05000,0.05000
articulated_coupling,8,30,128,31,32,18,3,6,2,0.28000,0.10000,0.58000,0.16000,0.06000,0.03000,0.05000,0.05000
articulated_coupling,8,31,128,25,28,12,2,6,1,0.28000,0.10000,0.58000,0.16000,0.06000,0.03000,0.05000,0.05000
articulated_coupling,8,32,128,32,27,13,3,6,2,0.28000,0.10000,0.58000,0.16000,0.06000,0.03000,0.05000,0.05000
articulated_coupling,8,33,128,26,25,18,3,6,1,0.28000,0.10000,0.58000,0.16000,0.06000,0.03000,0.05000,0.05000
articulated_coupling,8,34,128,26,22,12,3,6,1,0.28000,0.10000,0.58000,0.16000,0.06000,0.03000,0.05000,0.05000
articulated_coupling,8,35,128,24,24,15,2,6,1,0.28000,0.10000,0.58000,0.16000,0.06000,0.03000,0.05000,0.05000
articulated_coupling,8,36,128,23,24,18,2,6,1,0.28000,0.10000,0.58000,0.16000,0.06000,0.03000,0.05000,0.05000
articulated_coupling,8,37,128,30,33,17,3,6,2,0.28000,0.10000,0.58000,0.16000,0.06000,0.03000,0.05000,0.05000
articulated_coupling,8,38,128,28,33,19,3,6,1,0.28000,0.10000,0.58000,0.16000,0.06000,0.03000,0.05000,0.05000
articulated_coupling,8,39,128,27,23,11,3,6,1,0.28000,0.10000,0.58000,0.16000,0.06000,0.03000,0.05000,0.05000
articulated_coupling,8,40,128,27,25,18,3,6,1,0.28000,0.10000,0.58000,0.16000,0.06000,0.03000,0.05000,0.05000
articulated_coupling,8,41,128,30,25,11,3,6,2,0.28000,0.10000,0.58000,0.16000,0.06000,0.03000,0.05000,0.05000
articulated_coupling,8,42,128,22,24,15,2,6,1,0.28000,0.10000,0.58000,0.16000,0.06000,0.03000,0.05000,0.05000
articulated_coupling,8,43,128,28,22,13,3,6,1,0.28000,0.10000,0.58000,0.16000,0.06000,0.03000,0.05000,0.05000
articulated_coupling,8,44,128,25,30,12,2,6,1,0.28000,0.10000,0.58000,0.16000,0.06000,0.03000,0.05000,0.05000
articulated_coupling,8,45,128,21,32,10,2,6,1,0.28000,0.10000,0.58000,0.16000,0.06000,0.03000,0.05000,0.05000
articulated_coupling,8,46,128,30,29,17,3,6,2,0.28000,0.10000,0.58000,0.16000,0.06000,0.03000,0.05000,0.05000
articulated_coupling,8,47,128,26,31,13,3,6,1,0.28000,0.10000,0.58000,0.16000,0.06000,0.03000,0.05000,0.05000
articulated_coupling,8,48,128,24,28,17,2,6,1,0.28000,0.10000,0.58000,0.16000,0.06000,0.03000,0.05000,0.05000
articulated_coupling,8,49,128,26,32,17,3,6,1,0.28000,0.10000,0.58000,0.16000,0.06000,0.03000,0.05000,0.05000
articulated_coupling,8,50,128,30,29,13,3,6,2,0.28000,0.10000,0.58000,0.16000,0.06000,0.03000,0.05000,0.05000
articulated_coupling,8,51,128,27,22,17,3,6,1,0.28000,0.10000,0.58000,0.16000,0.06000,0.03000,0.05000,0.05000
articulated_coupling,8,52,128,24,25,13,2,6,1,0.28000,0.10000,0.58000,0.16000,0.06000,0.03000,0.05000,0.05000
articulated_coupling,8,53,128,23,32,10,2,6,1,0.28000,0.10000,0.58000,0.16000,0.06000,0.03000,0.05000,0.05000
articulated_coupling,8,54,128,20,30,17,2,6,1,0.28000,0.10000,0.58000,0.16000,0.06000,0.03000,0.05000,0.05000
articulated_coupling,8,55,128,32,25,12,3,6,2,0.28000,0.10000,0.58000,0.16000,0.06000,0.03000,0.05000,0.05000
articulated_coupling,8,56,128,28,33,15,3,6,1,0.28000,0.10000,0.58000,0.16000,0.06000,0.03000,0.05000,0.05000
articulated_coupling,8,57,128,28,25,18,3,6,1,0.28000,0.10000,0.58000,0.16000,0.06000,0.03000,0.05000,0.05000
articulated_coupling,8,58,128,27,27,16,3,6,1,0.28000,0.10000,0.58000,0.16000,0.06000,0.03000,0.05000,0.05000
articulated_coupling,8,59,128,24,26,17,2,6,1,0.28000,0.10000,0.58000,0.16000,0.06000,0.03000,0.05000,0.05000
articulated_coupling,8,60,128,31,33,13,3,6,2,0.28000,0.10000,0.58000,0.16000,0.06000,0.03000,0.05000,0.05000
articulated_coupling,8,61,128,29,31,13,3,6,1,0.28000,0.10000,0.58000,0.16000,0.06000,0.03000,0.05000,0.05000
articulated_coupling,8,62,128,29,27,17,3,6,1,0.28000,0.10000,0.58000,0.16000,0.06000,0.03000,0.05000,0.05000
articulated_coupling,8,63,128,27,22,10,3,6,1,0.28000,0.10000,0.58000,0.16000,0.06000,0.03000,0.05000,0.05000
articulated_coupling,9,0,128,22,30,13,2,6,1,0.28000,0.10000,0.58000,0.16000,0.06000,0.03000,0.05000,0.05000
articulated_coupling,9,1,128,25,29,18,2,6,1,0.28000,0.10000,0.58000,0.16000,0.06000,0.03000,0.05000,0.05000
articulated_coupling,9,2,128,23,32,19,2,6,1,0.28000,0.10000,0.58000,0.16000,0.06000,0.03000,0.05000,0.05000
articulated_coupling,9,3,128,28,31,17,3,6,1,0.28000,0.10000,0.58000,0.16000,0.06000,0.03000,0.05000,0.05000
articulated_coupling,9,4,128,31,33,10,3,6,2,0.28000,0.10000,0.58000,0.16000,0.06000,0.03000,0.05000,0.05000
articulated_coupling,9,5,128,21,30,17,2,6,1,0.28000,0.10000,0.58000,0.16000,0.06000,0.03000,0.05000,0.05000
articulated_coupling,9,6,128,25,24,15,2,6,1,0.28000,0.10000,0.58000,0.16000,0.06000,0.03000,0.05000,0.05000
articulated_coupling,9,7,128,20,30,16,2,6,1,0.28000,0.10000,0.58000,0.16000,0.06000,0.03000,0.05000,0.05000
articulated_coupling,9,8,128,31,24,13,3,6,2,0.28000,0.10000,0.58000,0.16000,0.06000,0.03000,0.05000,0.05000
articulated_coupling,9,9,128,23,30,17,2,6,1,0.28000,0.10000,0.58000,0.16000,0.06000,0.03000,0.05000,0.05000
articulated_coupling,9,10,128,32,25,14,3,6,2,0.28000,0.10000,0.58000,0.16000,0.06000,0.03000,0.05000,0.05000
articulated_coupling,9,11,128,30,23,19,3,6,2,0.28000,0.10000,0.58000,0.16000,0.06000,0.03000,0.05000,0.05000
articulated_coupling,9,12,128,28,26,14,3,6,1,0.28000,0.10000,0.58000,0.16000,0.06000,0.03000,0.05000,0.05000
articulated_coupling,9,13,128,33,25,11,3,6,2,0.28000,0.10000,0.58000,0.16000,0.06000,0.03000,0.05000,0.05000
articulated_coupling,9,14,128,33,26,11,3,6,2,0.28000,0.10000,0.58000,0.16000,0.06000,0.03000,0.05000,0.05000
articulated_coupling,9,15,128,23,24,11,2,6,1,0.28000,0.10000,0.58000,0.16000,0.06000,0.03000,0.05000,0.05000
articulated_coupling,9,16,128,21,27,12,2,6,1,0.28000,0.10000,0.58000,0.16000,0.06000,0.03000,0.05000,0.05000
articulated_coupling,9,17,128,22,27,17,2,6,1,0.28000,0.10000,0.58000,0.16000,0.06000,0.03000,0.05000,0.05000
articulated_coupling,9,18,128,23,25,18,2,6,1,0.28000,0.10000,0.58000,0.16000,0.06000,0.03000,0.05000,0.05000
articulated_coupling,9,19,128,22,33,14,2,6,1,0.28000,0.10000,0.58000,0.16000,0.06000,0.03000,0.05000,0.05000
articulated_coupling,9,20,128,25,27,18,2,6,1,0.28000,0.10000,0.58000,0.16000,0.06000,0.03000,0.05000,0.05000
articulated_coupling,9,21,128,33,31,15,3,6,2,0.28000,0.10000,0.58000,0.16000,0.06000,0.03000,0.05000,0.05000
articulated_coupling,9,22,128,24,23,18,2,6,1,0.28000,0.10000,0.58000,0.16000,0.06000,0.03000,0.05000,0.05000
articulated_coupling,9,23,128,27,23,15,3,6,1,0.28000,0.10000,0.58000,0.16000,0.06000,0.03000,0.05000,0.05000
articulated_coupling,9,24,128,25,25,19,2,6,1,0.28000,0.10000,0.58000,0.16000,0.06000,0.03000,0.05000,0.05000
articulated_coupling,9,25,128,22,33,12,2,6,1,0.28000,0.10000,0.58000,0.16000,0.06000,0.03000,0.05000,0.05000
articulated_coupling,9,26,128,33,28,11,3,6,2,0.28000,0.10000,0.58000,0.16000,0.06000,0.03000,0.05000,0.05000
articulated_coupling,9,27,128,21,29,10,2,6,1,0.28000,0.10000,0.58000,0.16000,0.06000,0.03000,0.05000,0.05000
articulated_coupling,9,28,128,27,26,12,3,6,1,0.28000,0.10000,0.58000,0.16000,0.06000,0.03000,0.05000,0.05000
articulated_coupling,9,29,128,27,26,17,3,6,1,0.28000,0.10000,0.58000,0.16000,0.06000,0.03000,0.05000,0.05000
articulated_coupling,9,30,128,33,24,15,3,6,2,0.28000,0.10000,0.58000,0.16000,0.06000,0.03000,0.05000,0.05000
articulated_coupling,9,31,128,23,32,14,2,6,1,0.28000,0.10000,0.58000,0.16000,0.06000,0.03000,0.05000,0.05000
articulated_coupling,9,32,128,29,33,16,3,6,1,0.28000,0.10000,0.58000,0.16000,0.06000,0.03000,0.05000,0.05000
articulated_coupling,9,33,128,25,27,13,2,6,1,0.28000,0.10000,0.58000,0.16000,0.06000,0.03000,0.05000,0.05000
articulated_coupling,9,34,128,23,26,19,2,6,1,0.28000,0.10000,0.58000,0.16000,0.06000,0.03000,0.05000,0.05000
articulated_coupling,9,35,128,20,32,16,2,6,1,0.28000,0.10000,0.58000,0.16000,0.06000,0.03000,0.05000,0.05000
articulated_coupling,9,36,128,30,26,16,3,6,2,0.28000,0.10000,0.58000,0.16000,0.06000,0.03000,0.05000,0.05000
articulated_coupling,9,37,128,32,32,19,3,6,2,0.28000,0.10000,0.58000,0.16000,0.06000,0.03000,0.05000,0.05000
articulated_coupling,9,38,128,25,33,14,2,6,1,0.28000,0.10000,0.58000,0.16000,0.06000,0.03000,0.05000,0.05000
articulated_coupling,9,39,128,22,33,16,2,6,1,0.28000,0.10000,0.58000,0.16000,0.06000,0.03000,0.05000,0.05000
articulated_coupling,9,40,128,28,25,11,3,6,1,0.28000,0.10000,0.58000,0.16000,0.06000,0.03000,0.05000,0.05000
articulated_coupling,9,41,128,22,25,14,2,6,1,0.28000,0.10000,0.58000,0.16000,0.06000,0.03000,0.05000,0.05000
articulated_coupling,9,42,128,25,26,19,2,6,1,0.28000,0.10000,0.58000,0.16000,0.06000,0.03000,0.05000,0.05000
articulated_coupling,9,43,128,31,28,13,3,6,2,0.28000,0.10000,0.58000,0.16000,0.06000,0.03000,0.05000,0.05000
articulated_coupling,9,44,128,23,30,10,2,6,1,0.28000,0.10000,0.58000,0.16000,0.06000,0.03000,0.05000,0.05000
articulated_coupling,9,45,128,22,32,19,2,6,1,0.28000,0.10000,0.58000,0.16000,0.06000,0.03000,0.05000,0.05000
articulated_coupling,9,46,128,20,27,19,2,6,1,0.28000,0.10000,0.58000,0.16000,0.06000,0.03000,0.05000,0.05000
articulated_coupling,9,47,128,29,24,15,3,6,1,0.28000,0.10000,0.58000,0.16000,0.06000,0.03000,0.05000,0.05000
articulated_coupling,9,48,128,31,28,16,3,6,2,0.28000,0.10000,0.58000,0.16000,0.06000,0.03000,0.05000,0.05000
articulated_coupling,9,49,128,27,29,18,3,6,1,0.28000,0.10000,0.58000,0.16000,0.06000,0.03000,0.05000,0.05000
articulated_coupling,9,50,128,32,23,14,3,6,2,0.28000,0.10000,0.58000,0.16000,0.06000,0.03000,0.05000,0.05000
articulated_coupling,9,51,128,32,27,14,3,6,2,0.28000,0.10000,0.58000,0.16000,0.06000,0.03000,0.05000,0.05000
articulated_coupling,9,52,128,24,30,18,2,6,1,0.28000,0.10000,0.58000,0.16000,0.06000,0.03000,0.05000,0.05000
articulated_coupling,9,53,128,31,24,17,3,6,2,0.28000,0.10000,0.58000,0.16000,0.06000,0.03000,0.05000,0.05000
articulated_coupling,9,54,128,31,24,12,3,6,2,0.28000,0.10000,0.58000,0.16000,0.06000,0.03000,0.05000,0.05000
articulated_coupling,9,55,128,33,25,13,3,6,2,0.28000,0.10000,0.58000,0.16000,0.06000,0.03000,0.05000,0.05000
articulated_coupling,9,56,128,25,22,13,2,6,1,0.28000,0.10000,0.58000,0.16000,0.06000,0.03000,0.05000,0.05000
articulated_coupling,9,57,128,24,24,17,2,6,1,0.28000,0.10000,0.58000,0.16000,0.06000,0.03000,0.05000,0.05000
articulated_coupling,9,58,128,32,33,19,3,6,2,0.28000,0.10000,0.58000,0.16000,0.06000,0.03000,0.05000,0.05000
articulated_coupling,9,59,128,33,33,14,3,6,2,0.28000,0.10000,0.58000,0.16000,0.06000,0.03000,0.05000,0.05000
articulated_coupling,9,60,128,20,29,13,2,6,1,0.28000,0.10000,0.58000,0.16000,0.06000,0.03000,0.05000,0.05000
articulated_coupling,9,61,128,22,33,12,2,6,1,0.28000,0.10000,0.58000,0.16000,0.06000,0.03000,0.05000,0.05000
articulated_coupling,9,62,128,33,29,14,3,6,2,0.28000,0.10000,0.58000,0.16000,0.06000,0.03000,0.05000,0.05000
articulated_coupling,9,63,128,28,23,16,3,6,1,0.28000,0.10000,0.58000,0.16000,0.06000,0.03000,0.05000,0.05000
occluded_interaction,0,0,128,20,30,15,9,23,1,0.32000,0.46000,0.22000,0.18000,0.07000,0.04000,0.18000,0.06000
occluded_interaction,0,1,128,20,32,15,9,23,1,0.32000,0.46000,0.22000,0.18000,0.07000,0.04000,0.18000,0.06000
occluded_interaction,0,2,128,28,27,16,13,23,2,0.32000,0.46000,0.22000,0.18000,0.07000,0.04000,0.18000,0.06000
occluded_interaction,0,3,128,30,24,17,14,23,2,0.32000,0.46000,0.22000,0.18000,0.07000,0.04000,0.18000,0.06000
occluded_interaction,0,4,128,23,33,17,11,23,1,0.32000,0.46000,0.22000,0.18000,0.07000,0.04000,0.18000,0.06000
occluded_interaction,0,5,128,28,22,10,13,23,2,0.32000,0.46000,0.22000,0.18000,0.07000,0.04000,0.18000,0.06000
occluded_interaction,0,6,128,25,29,15,12,23,2,0.32000,0.46000,0.22000,0.18000,0.07000,0.04000,0.18000,0.06000
occluded_interaction,0,7,128,27,24,14,12,23,2,0.32000,0.46000,0.22000,0.18000,0.07000,0.04000,0.18000,0.06000
occluded_interaction,0,8,128,33,28,13,15,23,2,0.32000,0.46000,0.22000,0.18000,0.07000,0.04000,0.18000,0.06000
occluded_interaction,0,9,128,32,26,16,15,23,2,0.32000,0.46000,0.22000,0.18000,0.07000,0.04000,0.18000,0.06000
occluded_interaction,0,10,128,28,31,14,13,23,2,0.32000,0.46000,0.22000,0.18000,0.07000,0.04000,0.18000,0.06000
occluded_interaction,0,11,128,22,28,16,10,23,1,0.32000,0.46000,0.22000,0.18000,0.07000,0.04000,0.18000,0.06000
occluded_interaction,0,12,128,21,30,18,10,23,1,0.32000,0.46000,0.22000,0.18000,0.07000,0.04000,0.18000,0.06000
occluded_interaction,0,13,128,33,31,17,15,23,2,0.32000,0.46000,0.22000,0.18000,0.07000,0.04000,0.18000,0.06000
occluded_interaction,0,14,128,32,32,19,15,23,2,0.32000,0.46000,0.22000,0.18000,0.07000,0.04000,0.18000,0.06000
occluded_interaction,0,15,128,25,31,17,12,23,2,0.32000,0.46000,0.22000,0.18000,0.07000,0.04000,0.18000,0.06000
occluded_interaction,0,16,128,21,23,11,10,23,1,0.32000,0.46000,0.22000,0.18000,0.07000,0.04000,0.18000,0.06000
occluded_interaction,0,17,128,24,27,17,11,23,1,0.32000,0.46000,0.22000,0.18000,0.07000,0.04000,0.18000,0.06000
occluded_interaction,0,18,128,27,25,17,12,23,2,0.32000,0.46000,0.22000,0.18000,0.07000,0.04000,0.18000,0.06000
occluded_interaction,0,19,128,33,28,17,15,23,2,0.32000,0.46000,0.22000,0.18000,0.07000,0.04000,0.18000,0.06000
occluded_interaction,0,20,128,24,26,17,11,23,1,0.32000,0.46000,0.22000,0.18000,0.07000,0.04000,0.18000,0.06000
occluded_interaction,0,21,128,28,29,13,13,23,2,0.32000,0.46000,0.22000,0.18000,0.07000,0.04000,0.18000,0.06000
occluded_interaction,0,22,128,33,29,14,15,23,2,0.32000,0.46000,0.22000,0.18000,0.07000,0.04000,0.18000,0.06000
occluded_interaction,0,23,128,22,25,14,10,23,1,0.32000,0.46000,0.22000,0.18000,0.07000,0.04000,0.18000,0.06000
occluded_interaction,0,24,128,28,31,18,13,23,2,0.32000,0.46000,0.22000,0.18000,0.07000,0.04000,0.18000,0.06000
occluded_interaction,0,25,128,27,26,10,12,23,2,0.32000,0.46000,0.22000,0.18000,0.07000,0.04000,0.18000,0.06000
occluded_interaction,0,26,128,30,25,10,14,23,2,0.32000,0.46000,0.22000,0.18000,0.07000,0.04000,0.18000,0.06000
occluded_interaction,0,27,128,23,25,16,11,23,1,0.32000,0.46000,0.22000,0.18000,0.07000,0.04000,0.18000,0.06000
occluded_interaction,0,28,128,26,25,14,12,23,2,0.32000,0.46000,0.22000,0.18000,0.07000,0.04000,0.18000,0.06000
occluded_interaction,0,29,128,27,23,17,12,23,2,0.32000,0.46000,0.22000,0.18000,0.07000,0.04000,0.18000,0.06000
occluded_interaction,0,30,128,28,27,17,13,23,2,0.32000,0.46000,0.22000,0.18000,0.07000,0.04000,0.18000,0.06000
occluded_interaction,0,31,128,30,32,11,14,23,2,0.32000,0.46000,0.22000,0.18000,0.07000,0.04000,0.18000,0.06000
occluded_interaction,0,32,128,33,22,18,15,23,2,0.32000,0.46000,0.22000,0.18000,0.07000,0.04000,0.18000,0.06000
occluded_interaction,0,33,128,23,29,12,11,23,1,0.32000,0.46000,0.22000,0.18000,0.07000,0.04000,0.18000,0.06000
occluded_interaction,0,34,128,26,24,11,12,23,2,0.32000,0.46000,0.22000,0.18000,0.07000,0.04000,0.18000,0.06000
occluded_interaction,0,35,128,21,29,16,10,23,1,0.32000,0.46000,0.22000,0.18000,0.07000,0.04000,0.18000,0.06000
occluded_interaction,0,36,128,20,31,13,9,23,1,0.32000,0.46000,0.22000,0.18000,0.07000,0.04000,0.18000,0.06000
occluded_interaction,0,37,128,28,29,10,13,23,2,0.32000,0.46000,0.22000,0.18000,0.07000,0.04000,0.18000,0.06000
occluded_interaction,0,38,128,25,32,12,12,23,2,0.32000,0.46000,0.22000,0.18000,0.07000,0.04000,0.18000,0.06000
occluded_interaction,0,39,128,28,27,10,13,23,2,0.32000,0.46000,0.22000,0.18000,0.07000,0.04000,0.18000,0.06000
occluded_interaction,0,40,128,20,31,19,9,23,1,0.32000,0.46000,0.22000,0.18000,0.07000,0.04000,0.18000,0.06000
occluded_interaction,0,41,128,31,28,12,14,23,2,0.32000,0.46000,0.22000,0.18000,0.07000,0.04000,0.18000,0.06000
occluded_interaction,0,42,128,24,27,19,11,23,1,0.32000,0.46000,0.22000,0.18000,0.07000,0.04000,0.18000,0.06000
occluded_interaction,0,43,128,30,32,13,14,23,2,0.32000,0.46000,0.22000,0.18000,0.07000,0.04000,0.18000,0.06000
occluded_interaction,0,44,128,32,23,11,15,23,2,0.32000,0.46000,0.22000,0.18000,0.07000,0.04000,0.18000,0.06000
occluded_interaction,0,45,128,22,23,19,10,23,1,0.32000,0.46000,0.22000,0.18000,0.07000,0.04000,0.18000,0.06000
occluded_interaction,0,46,128,29,31,11,13,23,2,0.32000,0.46000,0.22000,0.18000,0.07000,0.04000,0.18000,0.06000
occluded_interaction,0,47,128,21,22,17,10,23,1,0.32000,0.46000,0.22000,0.18000,0.07000,0.04000,0.18000,0.06000
occluded_interaction,0,48,128,33,30,10,15,23,2,0.32000,0.46000,0.22000,0.18000,0.07000,0.04000,0.18000,0.06000
occluded_interaction,0,49,128,22,31,18,10,23,1,0.32000,0.46000,0.22000,0.18000,0.07000,0.04000,0.18000,0.06000
occluded_interaction,0,50,128,22,31,14,10,23,1,0.32000,0.46000,0.22000,0.18000,0.07000,0.04000,0.18000,0.06000
occluded_interaction,0,51,128,21,29,12,10,23,1,0.32000,0.46000,0.22000,0.18000,0.07000,0.04000,0.18000,0.06000
occluded_interaction,0,52,128,26,27,17,12,23,2,0.32000,0.46000,0.22000,0.18000,0.07000,0.04000,0.18000,0.06000
occluded_interaction,0,53,128,31,23,17,14,23,2,0.32000,0.46000,0.22000,0.18000,0.07000,0.04000,0.18000,0.06000
occluded_interaction,0,54,128,33,23,10,15,23,2,0.32000,0.46000,0.22000,0.18000,0.07000,0.04000,0.18000,0.06000
occluded_interaction,0,55,128,31,25,16,14,23,2,0.32000,0.46000,0.22000,0.18000,0.07000,0.04000,0.18000,0.06000
occluded_interaction,0,56,128,24,30,19,11,23,1,0.32000,0.46000,0.22000,0.18000,0.07000,0.04000,0.18000,0.06000
occluded_interaction,0,57,128,32,29,16,15,23,2,0.32000,0.46000,0.22000,0.18000,0.07000,0.04000,0.18000,0.06000
occluded_interaction,0,58,128,29,23,14,13,23,2,0.32000,0.46000,0.22000,0.18000,0.07000,0.04000,0.18000,0.06000
occluded_interaction,0,59,128,20,29,10,9,23,1,0.32000,0.46000,0.22000,0.18000,0.07000,0.04000,0.18000,0.06000
occluded_interaction,0,60,128,24,26,15,11,23,1,0.32000,0.46000,0.22000,0.18000,0.07000,0.04000,0.18000,0.06000
occluded_interaction,0,61,128,23,25,16,11,23,1,0.32000,0.46000,0.22000,0.18000,0.07000,0.04000,0.18000,0.06000
occluded_interaction,0,62,128,27,27,17,12,23,2,0.32000,0.46000,0.22000,0.18000,0.07000,0.04000,0.18000,0.06000
occluded_interaction,0,63,128,20,31,15,9,23,1,0.32000,0.46000,0.22000,0.18000,0.07000,0.04000,0.18000,0.06000
occluded_interaction,1,0,128,20,32,11,9,23,1,0.32000,0.46000,0.22000,0.18000,0.07000,0.04000,0.18000,0.06000
occluded_interaction,1,1,128,33,22,19,15,23,2,0.32000,0.46000,0.22000,0.18000,0.07000,0.04000,0.18000,0.06000
occluded_interaction,1,2,128,22,22,11,10,23,1,0.32000,0.46000,0.22000,0.18000,0.07000,0.04000,0.18000,0.06000
occluded_interaction,1,3,128,21,33,14,10,23,1,0.32000,0.46000,0.22000,0.18000,0.07000,0.04000,0.18000,0.06000
occluded_interaction,1,4,128,26,33,16,12,23,2,0.32000,0.46000,0.22000,0.18000,0.07000,0.04000,0.18000,0.06000
occluded_interaction,1,5,128,33,31,17,15,23,2,0.32000,0.46000,0.22000,0.18000,0.07000,0.04000,0.18000,0.06000
occluded_interaction,1,6,128,32,23,10,15,23,2,0.32000,0.46000,0.22000,0.18000,0.07000,0.04000,0.18000,0.06000
occluded_interaction,1,7,128,31,27,17,14,23,2,0.32000,0.46000,0.22000,0.18000,0.07000,0.04000,0.18000,0.06000
occluded_interaction,1,8,128,29,33,13,13,23,2,0.32000,0.46000,0.22000,0.18000,0.07000,0.04000,0.18000,0.06000
occluded_interaction,1,9,128,22,27,18,10,23,1,0.32000,0.46000,0.22000,0.18000,0.07000,0.04000,0.18000,0.06000
occluded_interaction,1,10,128,21,27,11,10,23,1,0.32000,0.46000,0.22000,0.18000,0.07000,0.04000,0.18000,0.06000
occluded_interaction,1,11,128,28,22,12,13,23,2,0.32000,0.46000,0.22000,0.18000,0.07000,0.04000,0.18000,0.06000
occluded_interaction,1,12,128,27,22,17,12,23,2,0.32000,0.46000,0.22000,0.18000,0.07000,0.04000,0.18000,0.06000
occluded_interaction,1,13,128,21,28,10,10,23,1,0.32000,0.46000,0.22000,0.18000,0.07000,0.04000,0.18000,0.06000
occluded_interaction,1,14,128,26,23,15,12,23,2,0.32000,0.46000,0.22000,0.18000,0.07000,0.04000,0.18000,0.06000
occluded_interaction,1,15,128,27,27,16,12,23,2,0.32000,0.46000,0.22000,0.18000,0.07000,0.04000,0.18000,0.06000
occluded_interaction,1,16,128,25,33,19,12,23,2,0.32000,0.46000,0.22000,0.18000,0.07000,0.04000,0.18000,0.06000
occluded_interaction,1,17,128,28,27,16,13,23,2,0.32000,0.46000,0.22000,0.18000,0.07000,0.04000,0.18000,0.06000
occluded_interaction,1,18,128,21,23,10,10,23,1,0.32000,0.46000,0.22000,0.18000,0.07000,0.04000,0.18000,0.06000
occluded_interaction,1,19,128,26,22,10,12,23,2,0.32000,0.46000,0.22000,0.18000,0.07000,0.04000,0.18000,0.06000
occluded_interaction,1,20,128,33,33,14,15,23,2,0.32000,0.46000,0.22000,0.18000,0.07000,0.04000,0.18000,0.06000
occluded_interaction,1,21,128,29,32,13,13,23,2,0.32000,0.46000,0.22000,0.18000,0.07000,0.04000,0.18000,0.06000
occluded_interaction,1,22,128,20,28,15,9,23,1,0.32000,0.46000,0.22000,0.18000,0.07000,0.04000,0.18000,0.06000
occluded_interaction,1,23,128,24,32,15,11,23,1,0.32000,0.46000,0.22000,0.18000,0.07000,0.04000,0.18000,0.06000
occluded_interaction,1,24,128,33,26,13,15,23,2,0.32000,0.46000,0.22000,0.18000,0.07000,0.04000,0.18000,0.06000
occluded_interaction,1,25,128,31,33,17,14,23,2,0.32000,0.46000,0.22000,0.18000,0.07000,0.04000,0.18000,0.06000
occluded_interaction,1,26,128,31,23,15,14,23,2,0.32000,0.46000,0.22000,0.18000,0.07000,0.04000,0.18000,0.06000
occluded_interaction,1,27,128,22,26,14,10,23,1,0.32000,0.46000,0.22000,0.18000,0.07000,0.04000,0.18000,0.06000
occluded_interaction,1,28,128,22,27,19,10,23,1,0.32000,0.46000,0.22000,0.18000,0.07000,0.04000,0.18000,0.06000
occluded_interaction,1,29,128,25,29,16,12,23,2,0.32000,0.46000,0.22000,0.18000,0.07000,0.04000,0.18000,0.06000
occluded_interaction,1,30,128,30,30,13,14,23,2,0.32000,0.46000,0.22000,0.18000,0.07000,0.04000,0.18000,0.06000
occluded_interaction,1,31,128,33,22,15,15,23,2,0.32000,0.46000,0.22000,0.18000,0.07000,0.04000,0.18000,0.06000
occluded_interaction,1,32,128,20,31,17,9,23,1,0.32000,0.46000,0.22000,0.18000,0.07000,0.04000,0.18000,0.06000
occluded_interaction,1,33,128,25,24,19,12,23,2,0.32000,0.46000,0.22000,0.18000,0.07000,0.04000,0.18000,0.06000
occluded_interaction,1,34,128,20,22,11,9,23,1,0.32000,0.46000,0.22000,0.18000,0.07000,0.04000,0.18000,0.06000
occluded_interaction,1,35,128,30,24,12,14,23,2,0.32000,0.46000,0.22000,0.18000,0.07000,0.04000,0.18000,0.06000
occluded_interaction,1,36,128,31,31,15,14,23,2,0.32000,0.46000,0.22000,0.18000,0.07000,0.04000,0.18000,0.06000
occluded_interaction,1,37,128,25,25,13,12,23,2,0.32000,0.46000,0.22000,0.18000,0.07000,0.04000,0.18000,0.06000
occluded_interaction,1,38,128,28,29,11,13,23,2,0.32000,0.46000,0.22000,0.18000,0.07000,0.04000,0.18000,0.06000
occluded_interaction,1,39,128,27,29,17,12,23,2,0.32000,0.46000,0.22000,0.18000,0.07000,0.04000,0.18000,0.06000
occluded_interaction,1,40,128,20,31,16,9,23,1,0.32000,0.46000,0.22000,0.18000,0.07000,0.04000,0.18000,0.06000
occluded_interaction,1,41,128,27,22,12,12,23,2,0.32000,0.46000,0.22000,0.18000,0.07000,0.04000,0.18000,0.06000
occluded_interaction,1,42,128,28,24,13,13,23,2,0.32000,0.46000,0.22000,0.18000,0.07000,0.04000,0.18000,0.06000
occluded_interaction,1,43,128,26,26,16,12,23,2,0.32000,0.46000,0.22000,0.18000,0.07000,0.04000,0.18000,0.06000
occluded_interaction,1,44,128,21,33,11,10,23,1,0.32000,0.46000,0.22000,0.18000,0.07000,0.04000,0.18000,0.06000
occluded_interaction,1,45,128,22,25,18,10,23,1,0.32000,0.46000,0.22000,0.18000,0.07000,0.04000,0.18000,0.06000
occluded_interaction,1,46,128,24,26,17,11,23,1,0.32000,0.46000,0.22000,0.18000,0.07000,0.04000,0.18000,0.06000
occluded_interaction,1,47,128,24,25,13,11,23,1,0.32000,0.46000,0.22000,0.18000,0.07000,0.04000,0.18000,0.06000
occluded_interaction,1,48,128,20,27,17,9,23,1,0.32000,0.46000,0.22000,0.18000,0.07000,0.04000,0.18000,0.06000
occluded_interaction,1,49,128,23,23,14,11,23,1,0.32000,0.46000,0.22000,0.18000,0.07000,0.04000,0.18000,0.06000
occluded_interaction,1,50,128,21,33,11,10,23,1,0.32000,0.46000,0.22000,0.18000,0.07000,0.04000,0.18000,0.06000
occluded_interaction,1,51,128,23,32,16,11,23,1,0.32000,0.46000,0.22000,0.18000,0.07000,0.04000,0.18000,0.06000
occluded_interaction,1,52,128,27,28,12,12,23,2,0.32000,0.46000,0.22000,0.18000,0.07000,0.04000,0.18000,0.06000
occluded_interaction,1,53,128,25,31,19,12,23,2,0.32000,0.46000,0.22000,0.18000,0.07000,0.04000,0.18000,0.06000
occluded_interaction,1,54,128,32,31,14,15,23,2,0.32000,0.46000,0.22000,0.18000,0.07000,0.04000,0.18000,0.06000
occluded_interaction,1,55,128,27,23,19,12,23,2,0.32000,0.46000,0.22000,0.18000,0.07000,0.04000,0.18000,0.06000
occluded_interaction,1,56,128,32,27,16,15,23,2,0.32000,0.46000,0.22000,0.18000,0.07000,0.04000,0.18000,0.06000
occluded_interaction,1,57,128,21,27,19,10,23,1,0.32000,0.46000,0.22000,0.18000,0.07000,0.04000,0.18000,0.06000
occluded_interaction,1,58,128,29,28,12,13,23,2,0.32000,0.46000,0.22000,0.18000,0.07000,0.04000,0.18000,0.06000
occluded_interaction,1,59,128,27,27,12,12,23,2,0.32000,0.46000,0.22000,0.18000,0.07000,0.04000,0.18000,0.06000
occluded_interaction,1,60,128,26,27,13,12,23,2,0.32000,0.46000,0.22000,0.18000,0.07000,0.04000,0.18000,0.06000
occluded_interaction,1,61,128,22,25,10,10,23,1,0.32000,0.46000,0.22000,0.18000,0.07000,0.04000,0.18000,0.06000
occluded_interaction,1,62,128,24,25,15,11,23,1,0.32000,0.46000,0.22000,0.18000,0.07000,0.04000,0.18000,0.06000
occluded_interaction,1,63,128,20,28,10,9,23,1,0.32000,0.46000,0.22000,0.18000,0.07000,0.04000,0.18000,0.06000
occluded_interaction,2,0,128,23,23,14,11,23,1,0.32000,0.46000,0.22000,0.18000,0.07000,0.04000,0.18000,0.06000
occluded_interaction,2,1,128,22,22,14,10,23,1,0.32000,0.46000,0.22000,0.18000,0.07000,0.04000,0.18000,0.06000
occluded_interaction,2,2,128,21,22,10,10,23,1,0.32000,0.46000,0.22000,0.18000,0.07000,0.04000,0.18000,0.06000
occluded_interaction,2,3,128,26,28,16,12,23,2,0.32000,0.46000,0.22000,0.18000,0.07000,0.04000,0.18000,0.06000
occluded_interaction,2,4,128,31,27,14,14,23,2,0.32000,0.46000,0.22000,0.18000,0.07000,0.04000,0.18000,0.06000
occluded_interaction,2,5,128,33,33,14,15,23,2,0.32000,0.46000,0.22000,0.18000,0.07000,0.04000,0.18000,0.06000
occluded_interaction,2,6,128,32,28,13,15,23,2,0.32000,0.46000,0.22000,0.18000,0.07000,0.04000,0.18000,0.06000
occluded_interaction,2,7,128,21,29,10,10,23,1,0.32000,0.46000,0.22000,0.18000,0.07000,0.04000,0.18000,0.06000
occluded_interaction,2,8,128,26,32,14,12,23,2,0.32000,0.46000,0.22000,0.18000,0.07000,0.04000,0.18000,0.06000
occluded_interaction,2,9,128,30,33,18,14,23,2,0.32000,0.46000,0.22000,0.18000,0.07000,0.04000,0.18000,0.06000
occluded_interaction,2,10,128,21,22,15,10,23,1,0.32000,0.46000,0.22000,0.18000,0.07000,0.04000,0.18000,0.06000
occluded_interaction,2,11,128,23,28,19,11,23,1,0.32000,0.46000,0.22000,0.18000,0.07000,0.04000,0.18000,0.06000
occluded_interaction,2,12,128,25,25,11,12,23,2,0.32000,0.46000,0.22000,0.18000,0.07000,0.04000,0.18000,0.06000
occluded_interaction,2,13,128,29,23,17,13,23,2,0.32000,0.46000,0.22000,0.18000,0.07000,0.04000,0.18000,0.06000
occluded_interaction,2,14,128,32,26,13,15,23,2,0.32000,0.46000,0.22000,0.18000,0.07000,0.04000,0.18000,0.06000
occluded_interaction,2,15,128,21,31,17,10,23,1,0.32000,0.46000,0.22000,0.18000,0.07000,0.04000,0.18000,0.06000
occluded_interaction,2,16,128,27,26,12,12,23,2,0.32000,0.46000,0.22000,0.18000,0.07000,0.04000,0.18000,0.06000
occluded_interaction,2,17,128,22,24,18,10,23,1,0.32000,0.46000,0.22000,0.18000,0.07000,0.04000,0.18000,0.06000
occluded_interaction,2,18,128,32,32,12,15,23,2,0.32000,0.46000,0.22000,0.18000,0.07000,0.04000,0.18000,0.06000
occluded_interaction,2,19,128,27,26,16,12,23,2,0.32000,0.46000,0.22000,0.18000,0.07000,0.04000,0.18000,0.06000
occluded_interaction,2,20,128,24,31,13,11,23,1,0.32000,0.46000,0.22000,0.18000,0.07000,0.04000,0.18000,0.06000
occluded_interaction,2,21,128,28,25,14,13,23,2,0.32000,0.46000,0.22000,0.18000,0.07000,0.04000,0.18000,0.06000
occluded_interaction,2,22,128,22,31,18,10,23,1,0.32000,0.46000,0.22000,0.18000,0.07000,0.04000,0.18000,0.06000
occluded_interaction,2,23,128,24,24,14,11,23,1,0.32000,0.46000,0.22000,0.18000,0.07000,0.04000,0.18000,0.06000
occluded_interaction,2,24,128,31,24,19,14,23,2,0.32000,0.46000,0.22000,0.18000,0.07000,0.04000,0.18000,0.06000
occluded_interaction,2,25,128,32,25,10,15,23,2,0.32000,0.46000,0.22000,0.18000,0.07000,0.04000,0.18000,0.06000
occluded_interaction,2,26,128,32,32,12,15,23,2,0.32000,0.46000,0.22000,0.18000,0.07000,0.04000,0.18000,0.06000
occluded_interaction,2,27,128,32,23,17,15,23,2,0.32000,0.46000,0.22000,0.18000,0.07000,0.04000,0.18000,0.06000
occluded_interaction,2,28,128,23,31,12,11,23,1,0.32000,0.46000,0.22000,0.18000,0.07000,0.04000,0.18000,0.06000
occluded_interaction,2,29,128,32,33,12,15,23,2,0.32000,0.46000,0.22000,0.18000,0.07000,0.04000,0.18000,0.06000
occluded_interaction,2,30,128,29,29,10,13,23,2,0.32000,0.46000,0.22000,0.18000,0.07000,0.04000,0.18000,0.06000
occluded_interaction,2,31,128,22,27,13,10,23,1,0.32000,0.46000,0.22000,0.18000,0.07000,0.04000,0.18000,0.06000
occluded_interaction,2,32,128,33,33,19,15,23,2,0.32000,0.46000,0.22000,0.18000,0.07000,0.04000,0.18000,0.06000
occluded_interaction,2,33,128,23,26,11,11,23,1,0.32000,0.46000,0.22000,0.18000,0.07000,0.04000,0.18000,0.06000
occluded_interaction,2,34,128,31,29,14,14,23,2,0.32000,0.46000,0.22000,0.18000,0.07000,0.04000,0.18000,0.06000
occluded_interaction,2,35,128,24,24,16,11,23,1,0.32000,0.46000,0.22000,0.18000,0.07000,0.04000,0.18000,0.06000
occluded_interaction,2,36,128,32,28,11,15,23,2,0.32000,0.46000,0.22000,0.18000,0.07000,0.04000,0.18000,0.06000
occluded_interaction,2,37,128,26,27,13,12,23,2,0.32000,0.46000,0.22000,0.18000,0.07000,0.04000,0.18000,0.06000
occluded_interaction,2,38,128,29,26,17,13,23,2,0.32000,0.46000,0.22000,0.18000,0.07000,0.04000,0.18000,0.06000
occluded_interaction,2,39,128,28,32,10,13,23,2,0.32000,0.46000,0.22000,0.18000,0.07000,0.04000,0.18000,0.06000
occluded_interaction,2,40,128,25,31,13,12,23,2,0.32000,0.46000,0.22000,0.18000,0.07000,0.04000,0.18000,0.06000
occluded_interaction,2,41,128,33,25,16,15,23,2,0.32000,0.46000,0.22000,0.18000,0.07000,0.04000,0.18000,0.06000
occluded_interaction,2,42,128,23,22,14,11,23,1,0.32000,0.46000,0.22000,0.18000,0.07000,0.04000,0.18000,0.06000
occluded_interaction,2,43,128,33,24,19,15,23,2,0.32000,0.46000,0.22000,0.18000,0.07000,0.04000,0.18000,0.06000
occluded_interaction,2,44,128,24,28,12,11,23,1,0.32000,0.46000,0.22000,0.18000,0.07000,0.04000,0.18000,0.06000
occluded_interaction,2,45,128,32,33,15,15,23,2,0.32000,0.46000,0.22000,0.18000,0.07000,0.04000,0.18000,0.06000
occluded_interaction,2,46,128,20,27,12,9,23,1,0.32000,0.46000,0.22000,0.18000,0.07000,0.04000,0.18000,0.06000
occluded_interaction,2,47,128,28,29,13,13,23,2,0.32000,0.46000,0.22000,0.18000,0.07000,0.04000,0.18000,0.06000
occluded_interaction,2,48,128,26,26,19,12,23,2,0.32000,0.46000,0.22000,0.18000,0.07000,0.04000,0.18000,0.06000
occluded_interaction,2,49,128,22,26,17,10,23,1,0.32000,0.46000,0.22000,0.18000,0.07000,0.04000,0.18000,0.06000
occluded_interaction,2,50,128,24,25,17,11,23,1,0.32000,0.46000,0.22000,0.18000,0.07000,0.04000,0.18000,0.06000
occluded_interaction,2,51,128,31,29,17,14,23,2,0.32000,0.46000,0.22000,0.18000,0.07000,0.04000,0.18000,0.06000
occluded_interaction,2,52,128,25,31,18,12,23,2,0.32000,0.46000,0.22000,0.18000,0.07000,0.04000,0.18000,0.06000
occluded_interaction,2,53,128,28,29,16,13,23,2,0.32000,0.46000,0.22000,0.18000,0.07000,0.04000,0.18000,0.06000
occluded_interaction,2,54,128,21,22,10,10,23,1,0.32000,0.46000,0.22000,0.18000,0.07000,0.04000,0.18000,0.06000
occluded_interaction,2,55,128,25,33,14,12,23,2,0.32000,0.46000,0.22000,0.18000,0.07000,0.04000,0.18000,0.06000
occluded_interaction,2,56,128,30,24,15,14,23,2,0.32000,0.46000,0.22000,0.18000,0.07000,0.04000,0.18000,0.06000
occluded_interaction,2,57,128,23,28,18,11,23,1,0.32000,0.46000,0.22000,0.18000,0.07000,0.04000,0.18000,0.06000
occluded_interaction,2,58,128,25,26,12,12,23,2,0.32000,0.46000,0.22000,0.18000,0.07000,0.04000,0.18000,0.06000
occluded_interaction,2,59,128,27,27,14,12,23,2,0.32000,0.46000,0.22000,0.18000,0.07000,0.04000,0.18000,0.06000
occluded_interaction,2,60,128,21,29,15,10,23,1,0.32000,0.46000,0.22000,0.18000,0.07000,0.04000,0.18000,0.06000
occluded_interaction,2,61,128,27,26,10,12,23,2,0.32000,0.46000,0.22000,0.18000,0.07000,0.04000,0.18000,0.06000
occluded_interaction,2,62,128,25,33,13,12,23,2,0.32000,0.46000,0.22000,0.18000,0.07000,0.04000,0.18000,0.06000
occluded_interaction,2,63,128,31,31,11,14,23,2,0.32000,0.46000,0.22000,0.18000,0.07000,0.04000,0.18000,0.06000
occluded_interaction,3,0,128,29,27,18,13,23,2,0.32000,0.46000,0.22000,0.18000,0.07000,0.04000,0.18000,0.06000
occluded_interaction,3,1,128,28,28,17,13,23,2,0.32000,0.46000,0.22000,0.18000,0.07000,0.04000,0.18000,0.06000
occluded_interaction,3,2,128,22,26,18,10,23,1,0.32000,0.46000,0.22000,0.18000,0.07000,0.04000,0.18000,0.06000
occluded_interaction,3,3,128,25,26,15,12,23,2,0.32000,0.46000,0.22000,0.18000,0.07000,0.04000,0.18000,0.06000
occluded_interaction,3,4,128,33,32,15,15,23,2,0.32000,0.46000,0.22000,0.18000,0.07000,0.04000,0.18000,0.06000
occluded_interaction,3,5,128,30,29,15,14,23,2,0.32000,0.46000,0.22000,0.18000,0.07000,0.04000,0.18000,0.06000
occluded_interaction,3,6,128,27,32,19,12,23,2,0.32000,0.46000,0.22000,0.18000,0.07000,0.04000,0.18000,0.06000
occluded_interaction,3,7,128,23,32,15,11,23,1,0.32000,0.46000,0.22000,0.18000,0.07000,0.04000,0.18000,0.06000
occluded_interaction,3,8,128,21,23,11,10,23,1,0.32000,0.46000,0.22000,0.18000,0.07000,0.04000,0.18000,0.06000
occluded_interaction,3,9,128,24,31,16,11,23,1,0.32000,0.46000,0.22000,0.18000,0.07000,0.04000,0.18000,0.06000
occluded_interaction,3,10,128,29,32,12,13,23,2,0.32000,0.46000,0.22000,0.18000,0.07000,0.04000,0.18000,0.06000
occluded_interaction,3,11,128,20,24,19,9,23,1,0.32000,0.46000,0.22000,0.18000,0.07000,0.04000,0.18000,0.06000
occluded_interaction,3,12,128,20,31,15,9,23,1,0.32000,0.46000,0.22000,0.18000,0.07000,0.04000,0.18000,0.06000
occluded_interaction,3,13,128,26,23,18,12,23,2,0.32000,0.46000,0.22000,0.18000,0.07000,0.04000,0.18000,0.06000
occluded_interaction,3,14,128,20,32,19,9,23,1,0.32000,0.46000,0.22000,0.18000,0.07000,0.04000,0.18000,0.06000
occluded_interaction,3,15,128,27,22,16,12,23,2,0.32000,0.46000,0.22000,0.18000,0.07000,0.04000,0.18000,0.06000
occluded_interaction,3,16,128,23,32,12,11,23,1,0.32000,0.46000,0.22000,0.18000,0.07000,0.04000,0.18000,0.06000
occluded_interaction,3,17,128,29,27,19,13,23,2,0.32000,0.46000,0.22000,0.18000,0.07000,0.04000,0.18000,0.06000
occluded_interaction,3,18,128,28,26,10,13,23,2,0.32000,0.46000,0.22000,0.18000,0.07000,0.04000,0.18000,0.06000
occluded_interaction,3,19,128,27,30,16,12,23,2,0.32000,0.46000,0.22000,0.18000,0.07000,0.04000,0.18000,0.06000
occluded_interaction,3,20,128,25,33,15,12,23,2,0.32000,0.46000,0.22000,0.18000,0.07000,0.04000,0.18000,0.06000
occluded_interaction,3,21,128,28,23,16,13,23,2,0.32000,0.46000,0.22000,0.18000,0.07000,0.04000,0.18000,0.06000
occluded_interaction,3,22,128,23,29,17,11,23,1,0.32000,0.46000,0.22000,0.18000,0.07000,0.04000,0.18000,0.06000
occluded_interaction,3,23,128,25,27,14,12,23,2,0.32000,0.46000,0.22000,0.18000,0.07000,0.04000,0.18000,0.06000
occluded_interaction,3,24,128,23,28,15,11,23,1,0.32000,0.46000,0.22000,0.18000,0.07000,0.04000,0.18000,0.06000
occluded_interaction,3,25,128,26,28,18,12,23,2,0.32000,0.46000,0.22000,0.18000,0.07000,0.04000,0.18000,0.06000
occluded_interaction,3,26,128,33,22,17,15,23,2,0.32000,0.46000,0.22000,0.18000,0.07000,0.04000,0.18000,0.06000
occluded_interaction,3,27,128,32,22,10,15,23,2,0.32000,0.46000,0.22000,0.18000,0.07000,0.04000,0.18000,0.06000
occluded_interaction,3,28,128,22,33,19,10,23,1,0.32000,0.46000,0.22000,0.18000,0.07000,0.04000,0.18000,0.06000
occluded_interaction,3,29,128,32,27,15,15,23,2,0.32000,0.46000,0.22000,0.18000,0.07000,0.04000,0.18000,0.06000
occluded_interaction,3,30,128,29,26,14,13,23,2,0.32000,0.46000,0.22000,0.18000,0.07000,0.04000,0.18000,0.06000
occluded_interaction,3,31,128,20,32,14,9,23,1,0.32000,0.46000,0.22000,0.18000,0.07000,0.04000,0.18000,0.06000
occluded_interaction,3,32,128,30,27,17,14,23,2,0.32000,0.46000,0.22000,0.18000,0.07000,0.04000,0.18000,0.06000
occluded_interaction,3,33,128,32,27,10,15,23,2,0.32000,0.46000,0.22000,0.18000,0.07000,0.04000,0.18000,0.06000
occluded_interaction,3,34,128,30,32,15,14,23,2,0.32000,0.46000,0.22000,0.18000,0.07000,0.04000,0.18000,0.06000
occluded_interaction,3,35,128,29,30,13,13,23,2,0.32000,0.46000,0.22000,0.18000,0.07000,0.04000,0.18000,0.06000
occluded_interaction,3,36,128,32,29,15,15,23,2,0.32000,0.46000,0.22000,0.18000,0.07000,0.04000,0.18000,0.06000
occluded_interaction,3,37,128,21,24,12,10,23,1,0.32000,0.46000,0.22000,0.18000,0.07000,0.04000,0.18000,0.06000
occluded_interaction,3,38,128,25,26,18,12,23,2,0.32000,0.46000,0.22000,0.18000,0.07000,0.04000,0.18000,0.06000
occluded_interaction,3,39,128,23,27,13,11,23,1,0.32000,0.46000,0.22000,0.18000,0.07000,0.04000,0.18000,0.06000
occluded_interaction,3,40,128,24,23,13,11,23,1,0.32000,0.46000,0.22000,0.18000,0.07000,0.04000,0.18000,0.06000
occluded_interaction,3,41,128,21,28,11,10,23,1,0.32000,0.46000,0.22000,0.18000,0.07000,0.04000,0.18000,0.06000
occluded_interaction,3,42,128,20,27,16,9,23,1,0.32000,0.46000,0.22000,0.18000,0.07000,0.04000,0.18000,0.06000
occluded_interaction,3,43,128,30,31,10,14,23,2,0.32000,0.46000,0.22000,0.18000,0.07000,0.04000,0.18000,0.06000
occluded_interaction,3,44,128,32,23,10,15,23,2,0.32000,0.46000,0.22000,0.18000,0.07000,0.04000,0.18000,0.06000
occluded_interaction,3,45,128,30,31,12,14,23,2,0.32000,0.46000,0.22000,0.18000,0.07000,0.04000,0.18000,0.06000
occluded_interaction,3,46,128,24,31,19,11,23,1,0.32000,0.46000,0.22000,0.18000,0.07000,0.04000,0.18000,0.06000
occluded_interaction,3,47,128,31,31,10,14,23,2,0.32000,0.46000,0.22000,0.18000,0.07000,0.04000,0.18000,0.06000
occluded_interaction,3,48,128,31,24,18,14,23,2,0.32000,0.46000,0.22000,0.18000,0.07000,0.04000,0.18000,0.06000
occluded_interaction,3,49,128,20,27,18,9,23,1,0.32000,0.46000,0.22000,0.18000,0.07000,0.04000,0.18000,0.06000
occluded_interaction,3,50,128,33,23,15,15,23,2,0.32000,0.46000,0.22000,0.18000,0.07000,0.04000,0.18000,0.06000
occluded_interaction,3,51,128,20,22,19,9,23,1,0.32000,0.46000,0.22000,0.18000,0.07000,0.04000,0.18000,0.06000
occluded_interaction,3,52,128,26,32,13,12,23,2,0.32000,0.46000,0.22000,0.18000,0.07000,0.04000,0.18000,0.06000
occluded_interaction,3,53,128,28,33,11,13,23,2,0.32000,0.46000,0.22000,0.18000,0.07000,0.04000,0.18000,0.06000
occluded_interaction,3,54,128,29,25,11,13,23,2,0.32000,0.46000,0.22000,0.18000,0.07000,0.04000,0.18000,0.06000
occluded_interaction,3,55,128,30,33,13,14,23,2,0.32000,0.46000,0.22000,0.18000,0.07000,0.04000,0.18000,0.06000
occluded_interaction,3,56,128,25,31,19,12,23,2,0.32000,0.46000,0.22000,0.18000,0.07000,0.04000,0.18000,0.06000
occluded_interaction,3,57,128,31,22,10,14,23,2,0.32000,0.46000,0.22000,0.18000,0.07000,0.04000,0.18000,0.06000
occluded_interaction,3,58,128,31,27,12,14,23,2,0.32000,0.46000,0.22000,0.18000,0.07000,0.04000,0.18000,0.06000
occluded_interaction,3,59,128,32,32,17,15,23,2,0.32000,0.46000,0.22000,0.18000,0.07000,0.04000,0.18000,0.06000
occluded_interaction,3,60,128,21,32,14,10,23,1,0.32000,0.46000,0.22000,0.18000,0.07000,0.04000,0.18000,0.06000
occluded_interaction,3,61,128,27,29,15,12,23,2,0.32000,0.46000,0.22000,0.18000,0.07000,0.04000,0.18000,0.06000
occluded_interaction,3,62,128,32,27,16,15,23,2,0.32000,0.46000,0.22000,0.18000,0.07000,0.04000,0.18000,0.06000
occluded_interaction,3,63,128,20,33,18,9,23,1,0.32000,0.46000,0.22000,0.18000,0.07000,0.04000,0.18000,0.06000
occluded_interaction,4,0,128,22,27,18,10,23,1,0.32000,0.46000,0.22000,0.18000,0.07000,0.04000,0.18000,0.06000
occluded_interaction,4,1,128,21,24,15,10,23,1,0.32000,0.46000,0.22000,0.18000,0.07000,0.04000,0.18000,0.06000
occluded_interaction,4,2,128,31,26,12,14,23,2,0.32000,0.46000,0.22000,0.18000,0.07000,0.04000,0.18000,0.06000
occluded_interaction,4,3,128,20,25,15,9,23,1,0.32000,0.46000,0.22000,0.18000,0.07000,0.04000,0.18000,0.06000
occluded_interaction,4,4,128,21,23,14,10,23,1,0.32000,0.46000,0.22000,0.18000,0.07000,0.04000,0.18000,0.06000
occluded_interaction,4,5,128,26,32,17,12,23,2,0.32000,0.46000,0.22000,0.18000,0.07000,0.04000,0.18000,0.06000
occluded_interaction,4,6,128,22,29,19,10,23,1,0.32000,0.46000,0.22000,0.18000,0.07000,0.04000,0.18000,0.06000
occluded_interaction,4,7,128,30,25,11,14,23,2,0.32000,0.46000,0.22000,0.18000,0.07000,0.04000,0.18000,0.06000
occluded_interaction,4,8,128,25,23,19,12,23,2,0.32000,0.46000,0.22000,0.18000,0.07000,0.04000,0.18000,0.06000
occluded_interaction,4,9,128,27,25,18,12,23,2,0.32000,0.46000,0.22000,0.18000,0.07000,0.04000,0.18000,0.06000
occluded_interaction,4,10,128,20,22,10,9,23,1,0.32000,0.46000,0.22000,0.18000,0.07000,0.04000,0.18000,0.06000
occluded_interaction,4,11,128,27,32,16,12,23,2,0.32000,0.46000,0.22000,0.18000,0.07000,0.04000,0.18000,0.06000
occluded_interaction,4,12,128,25,28,17,12,23,2,0.32000,0.46000,0.22000,0.18000,0.07000,0.04000,0.18000,0.06000
occluded_interaction,4,13,128,23,28,14,11,23,1,0.32000,0.46000,0.22000,0.18000,0.07000,0.04000,0.18000,0.06000
occluded_interaction,4,14,128,21,33,10,10,23,1,0.32000,0.46000,0.22000,0.18000,0.07000,0.04000,0.18000,0.06000
occluded_interaction,4,15,128,28,28,14,13,23,2,0.32000,0.46000,0.22000,0.18000,0.07000,0.04000,0.18000,0.06000
occluded_interaction,4,16,128,26,29,17,12,23,2,0.32000,0.46000,0.22000,0.18000,0.07000,0.04000,0.18000,0.06000
occluded_interaction,4,17,128,23,29,13,11,23,1,0.32000,0.46000,0.22000,0.18000,0.07000,0.04000,0.18000,0.06000
occluded_interaction,4,18,128,20,23,11,9,23,1,0.32000,0.46000,0.22000,0.18000,0.07000,0.04000,0.18000,0.06000
occluded_interaction,4,19,128,28,31,19,13,23,2,0.32000,0.46000,0.22000,0.18000,0.07000,0.04000,0.18000,0.06000
occluded_interaction,4,20,128,33,26,17,15,23,2,0.32000,0.46000,0.22000,0.18000,0.07000,0.04000,0.18000,0.06000
occluded_interaction,4,21,128,24,29,18,11,23,1,0.32000,0.46000,0.22000,0.18000,0.07000,0.04000,0.18000,0.06000
occluded_interaction,4,22,128,30,26,19,14,23,2,0.32000,0.46000,0.22000,0.18000,0.07000,0.04000,0.18000,0.06000
occluded_interaction,4,23,128,33,25,11,15,23,2,0.32000,0.46000,0.22000,0.18000,0.07000,0.04000,0.18000,0.06000
occluded_interaction,4,24,128,22,32,17,10,23,1,0.32000,0.46000,0.22000,0.18000,0.07000,0.04000,0.18000,0.06000
occluded_interaction,4,25,128,32,25,13,15,23,2,0.32000,0.46000,0.22000,0.18000,0.07000,0.04000,0.18000,0.06000
occluded_interaction,4,26,128,32,29,17,15,23,2,0.32000,0.46000,0.22000,0.18000,0.07000,0.04000,0.18000,0.06000
occluded_interaction,4,27,128,28,25,15,13,23,2,0.32000,0.46000,0.22000,0.18000,0.07000,0.04000,0.18000,0.06000
occluded_interaction,4,28,128,20,26,13,9,23,1,0.32000,0.46000,0.22000,0.18000,0.07000,0.04000,0.18000,0.06000
occluded_interaction,4,29,128,20,22,10,9,23,1,0.32000,0.46000,0.22000,0.18000,0.07000,0.04000,0.18000,0.06000
occluded_interaction,4,30,128,22,24,11,10,23,1,0.32000,0.46000,0.22000,0.18000,0.07000,0.04000,0.18000,0.06000
occluded_interaction,4,31,128,32,31,11,15,23,2,0.32000,0.46000,0.22000,0.18000,0.07000,0.04000,0.18000,0.06000
occluded_interaction,4,32,128,30,31,13,14,23,2,0.32000,0.46000,0.22000,0.18000,0.07000,0.04000,0.18000,0.06000
occluded_interaction,4,33,128,26,32,15,12,23,2,0.32000,0.46000,0.22000,0.18000,0.07000,0.04000,0.18000,0.06000
occluded_interaction,4,34,128,30,28,14,14,23,2,0.32000,0.46000,0.22000,0.18000,0.07000,0.04000,0.18000,0.06000
occluded_interaction,4,35,128,27,29,16,12,23,2,0.32000,0.46000,0.22000,0.18000,0.07000,0.04000,0.18000,0.06000
occluded_interaction,4,36,128,29,27,10,13,23,2,0.32000,0.46000,0.22000,0.18000,0.07000,0.04000,0.18000,0.06000
occluded_interaction,4,37,128,20,30,13,9,23,1,0.32000,0.46000,0.22000,0.18000,0.07000,0.04000,0.18000,0.06000
occluded_interaction,4,38,128,25,26,16,12,23,2,0.32000,0.46000,0.22000,0.18000,0.07000,0.04000,0.18000,0.06000
occluded_interaction,4,39,128,24,33,18,11,23,1,0.32000,0.46000,0.22000,0.18000,0.07000,0.04000,0.18000,0.06000
occluded_interaction,4,40,128,25,23,11,12,23,2,0.32000,0.46000,0.22000,0.18000,0.07000,0.04000,0.18000,0.06000
occluded_interaction,4,41,128,20,23,12,9,23,1,0.32000,0.46000,0.22000,0.18000,0.07000,0.04000,0.18000,0.06000
occluded_interaction,4,42,128,28,29,10,13,23,2,0.32000,0.46000,0.22000,0.18000,0.07000,0.04000,0.18000,0.06000
occluded_interaction,4,43,128,26,27,14,12,23,2,0.32000,0.46000,0.22000,0.18000,0.07000,0.04000,0.18000,0.06000
occluded_interaction,4,44,128,32,25,19,15,23,2,0.32000,0.46000,0.22000,0.18000,0.07000,0.04000,0.18000,0.06000
occluded_interaction,4,45,128,24,23,15,11,23,1,0.32000,0.46000,0.22000,0.18000,0.07000,0.04000,0.18000,0.06000
occluded_interaction,4,46,128,27,30,10,12,23,2,0.32000,0.46000,0.22000,0.18000,0.07000,0.04000,0.18000,0.06000
occluded_interaction,4,47,128,32,26,12,15,23,2,0.32000,0.46000,0.22000,0.18000,0.07000,0.04000,0.18000,0.06000
occluded_interaction,4,48,128,31,26,19,14,23,2,0.32000,0.46000,0.22000,0.18000,0.07000,0.04000,0.18000,0.06000
occluded_interaction,4,49,128,24,23,15,11,23,1,0.32000,0.46000,0.22000,0.18000,0.07000,0.04000,0.18000,0.06000
occluded_interaction,4,50,128,22,31,10,10,23,1,0.32000,0.46000,0.22000,0.18000,0.07000,0.04000,0.18000,0.06000
occluded_interaction,4,51,128,33,23,15,15,23,2,0.32000,0.46000,0.22000,0.18000,0.07000,0.04000,0.18000,0.06000
occluded_interaction,4,52,128,30,29,12,14,23,2,0.32000,0.46000,0.22000,0.18000,0.07000,0.04000,0.18000,0.06000
occluded_interaction,4,53,128,25,31,19,12,23,2,0.32000,0.46000,0.22000,0.18000,0.07000,0.04000,0.18000,0.06000
occluded_interaction,4,54,128,20,30,11,9,23,1,0.32000,0.46000,0.22000,0.18000,0.07000,0.04000,0.18000,0.06000
occluded_interaction,4,55,128,24,29,10,11,23,1,0.32000,0.46000,0.22000,0.18000,0.07000,0.04000,0.18000,0.06000
occluded_interaction,4,56,128,27,25,10,12,23,2,0.32000,0.46000,0.22000,0.18000,0.07000,0.04000,0.18000,0.06000
occluded_interaction,4,57,128,31,22,13,14,23,2,0.32000,0.46000,0.22000,0.18000,0.07000,0.04000,0.18000,0.06000
occluded_interaction,4,58,128,21,22,12,10,23,1,0.32000,0.46000,0.22000,0.18000,0.07000,0.04000,0.18000,0.06000
occluded_interaction,4,59,128,31,23,18,14,23,2,0.32000,0.46000,0.22000,0.18000,0.07000,0.04000,0.18000,0.06000
occluded_interaction,4,60,128,22,24,10,10,23,1,0.32000,0.46000,0.22000,0.18000,0.07000,0.04000,0.18000,0.06000
occluded_interaction,4,61,128,25,25,19,12,23,2,0.32000,0.46000,0.22000,0.18000,0.07000,0.04000,0.18000,0.06000
occluded_interaction,4,62,128,20,25,19,9,23,1,0.32000,0.46000,0.22000,0.18000,0.07000,0.04000,0.18000,0.06000
occluded_interaction,4,63,128,23,24,18,11,23,1,0.32000,0.46000,0.22000,0.18000,0.07000,0.04000,0.18000,0.06000
occluded_interaction,5,0,128,30,30,10,14,23,2,0.32000,0.46000,0.22000,0.18000,0.07000,0.04000,0.18000,0.06000
occluded_interaction,5,1,128,25,28,17,12,23,2,0.32000,0.46000,0.22000,0.18000,0.07000,0.04000,0.18000,0.06000
occluded_interaction,5,2,128,33,26,18,15,23,2,0.32000,0.46000,0.22000,0.18000,0.07000,0.04000,0.18000,0.06000
occluded_interaction,5,3,128,33,30,12,15,23,2,0.32000,0.46000,0.22000,0.18000,0.07000,0.04000,0.18000,0.06000
occluded_interaction,5,4,128,26,30,16,12,23,2,0.32000,0.46000,0.22000,0.18000,0.07000,0.04000,0.18000,0.06000
occluded_interaction,5,5,128,27,31,19,12,23,2,0.32000,0.46000,0.22000,0.18000,0.07000,0.04000,0.18000,0.06000
occluded_interaction,5,6,128,28,33,19,13,23,2,0.32000,0.46000,0.22000,0.18000,0.07000,0.04000,0.18000,0.06000
occluded_interaction,5,7,128,20,22,13,9,23,1,0.32000,0.46000,0.22000,0.18000,0.07000,0.04000,0.18000,0.06000
occluded_interaction,5,8,128,24,30,12,11,23,1,0.32000,0.46000,0.22000,0.18000,0.07000,0.04000,0.18000,0.06000
occluded_interaction,5,9,128,20,28,16,9,23,1,0.32000,0.46000,0.22000,0.18000,0.07000,0.04000,0.18000,0.06000
occluded_interaction,5,10,128,32,32,19,15,23,2,0.32000,0.46000,0.22000,0.18000,0.07000,0.04000,0.18000,0.06000
occluded_interaction,5,11,128,29,26,15,13,23,2,0.32000,0.46000,0.22000,0.18000,0.07000,0.04000,0.18000,0.06000
occluded_interaction,5,12,128,28,28,19,13,23,2,0.32000,0.46000,0.22000,0.18000,0.07000,0.04000,0.18000,0.06000
occluded_interaction,5,13,128,25,32,12,12,23,2,0.32000,0.46000,0.22000,0.18000,0.07000,0.04000,0.18000,0.06000
occluded_interaction,5,14,128,28,27,12,13,23,2,0.32000,0.46000,0.22000,0.18000,0.07000,0.04000,0.18000,0.06000
occluded_interaction,5,15,128,33,29,10,15,23,2,0.32000,0.46000,0.22000,0.18000,0.07000,0.04000,0.18000,0.06000
occluded_interaction,5,16,128,23,22,10,11,23,1,0.32000,0.46000,0.22000,0.18000,0.07000,0.04000,0.18000,0.06000
occluded_interaction,5,17,128,20,28,12,9,23,1,0.32000,0.46000,0.22000,0.18000,0.07000,0.04000,0.18000,0.06000
occluded_interaction,5,18,128,33,26,11,15,23,2,0.32000,0.46000,0.22000,0.18000,0.07000,0.04000,0.18000,0.06000
occluded_interaction,5,19,128,25,30,19,12,23,2,0.32000,0.46000,0.22000,0.18000,0.07000,0.04000,0.18000,0.06000
occluded_interaction,5,20,128,22,23,18,10,23,1,0.32000,0.46000,0.22000,0.18000,0.07000,0.04000,0.18000,0.06000
occluded_interaction,5,21,128,29,30,19,13,23,2,0.32000,0.46000,0.22000,0.18000,0.07000,0.04000,0.18000,0.06000
occluded_interaction,5,22,128,28,32,11,13,23,2,0.32000,0.46000,0.22000,0.18000,0.07000,0.04000,0.18000,0.06000
occluded_interaction,5,23,128,20,25,12,9,23,1,0.32000,0.46000,0.22000,0.18000,0.07000,0.04000,0.18000,0.06000
occluded_interaction,5,24,128,23,28,10,11,23,1,0.32000,0.46000,0.22000,0.18000,0.07000,0.04000,0.18000,0.06000
occluded_interaction,5,25,128,28,25,16,13,23,2,0.32000,0.46000,0.22000,0.18000,0.07000,0.04000,0.18000,0.06000
occluded_interaction,5,26,128,24,33,15,11,23,1,0.32000,0.46000,0.22000,0.18000,0.07000,0.04000,0.18000,0.06000
occluded_interaction,5,27,128,27,32,19,12,23,2,0.32000,0.46000,0.22000,0.18000,0.07000,0.04000,0.18000,0.06000
occluded_interaction,5,28,128,22,27,14,10,23,1,0.32000,0.46000,0.22000,0.18000,0.07000,0.04000,0.18000,0.06000
occluded_interaction,5,29,128,28,29,13,13,23,2,0.32000,0.46000,0.22000,0.18000,0.07000,0.04000,0.18000,0.06000
occluded_interaction,5,30,128,20,27,17,9,23,1,0.32000,0.46000,0.22000,0.18000,0.07000,0.04000,0.18000,0.06000
occluded_interaction,5,31,128,22,24,13,10,23,1,0.32000,0.46000,0.22000,0.18000,0.07000,0.04000,0.18000,0.06000
occluded_interaction,5,32,128,20,27,19,9,23,1,0.32000,0.46000,0.22000,0.18000,0.07000,0.04000,0.18000,0.06000
occluded_interaction,5,33,128,21,32,17,10,23,1,0.32000,0.46000,0.22000,0.18000,0.07000,0.04000,0.18000,0.06000
occluded_interaction,5,34,128,32,27,10,15,23,2,0.32000,0.46000,0.22000,0.18000,0.07000,0.04000,0.18000,0.06000
occluded_interaction,5,35,128,25,32,13,12,23,2,0.32000,0.46000,0.22000,0.18000,0.07000,0.04000,0.18000,0.06000
occluded_interaction,5,36,128,31,22,16,14,23,2,0.32000,0.46000,0.22000,0.18000,0.07000,0.04000,0.18000,0.06000
occluded_interaction,5,37,128,23,32,18,11,23,1,0.32000,0.46000,0.22000,0.18000,0.07000,0.04000,0.18000,0.06000
occluded_interaction,5,38,128,20,25,17,9,23,1,0.32000,0.46000,0.22000,0.18000,0.07000,0.04000,0.18000,0.06000
occluded_interaction,5,39,128,26,26,11,12,23,2,0.32000,0.46000,0.22000,0.18000,0.07000,0.04000,0.18000,0.06000
occluded_interaction,5,40,128,33,27,12,15,23,2,0.32000,0.46000,0.22000,0.18000,0.07000,0.04000,0.18000,0.06000
occluded_interaction,5,41,128,25,33,12,12,23,2,0.32000,0.46000,0.22000,0.18000,0.07000,0.04000,0.18000,0.06000
occluded_interaction,5,42,128,23,32,13,11,23,1,0.32000,0.46000,0.22000,0.18000,0.07000,0.04000,0.18000,0.06000
occluded_interaction,5,43,128,23,32,15,11,23,1,0.32000,0.46000,0.22000,0.18000,0.07000,0.04000,0.18000,0.06000
occluded_interaction,5,44,128,29,32,12,13,23,2,0.32000,0.46000,0.22000,0.18000,0.07000,0.04000,0.18000,0.06000
occluded_interaction,5,45,128,33,33,13,15,23,2,0.32000,0.46000,0.22000,0.18000,0.07000,0.04000,0.18000,0.06000
occluded_interaction,5,46,128,30,22,13,14,23,2,0.32000,0.46000,0.22000,0.18000,0.07000,0.04000,0.18000,0.06000
occluded_interaction,5,47,128,23,22,15,11,23,1,0.32000,0.46000,0.22000,0.18000,0.07000,0.04000,0.18000,0.06000
occluded_interaction,5,48,128,25,33,17,12,23,2,0.32000,0.46000,0.22000,0.18000,0.07000,0.04000,0.18000,0.06000
occluded_interaction,5,49,128,27,31,19,12,23,2,0.32000,0.46000,0.22000,0.18000,0.07000,0.04000,0.18000,0.06000
occluded_interaction,5,50,128,21,22,13,10,23,1,0.32000,0.46000,0.22000,0.18000,0.07000,0.04000,0.18000,0.06000
occluded_interaction,5,51,128,29,33,18,13,23,2,0.32000,0.46000,0.22000,0.18000,0.07000,0.04000,0.18000,0.06000
occluded_interaction,5,52,128,25,28,19,12,23,2,0.32000,0.46000,0.22000,0.18000,0.07000,0.04000,0.18000,0.06000
occluded_interaction,5,53,128,29,31,16,13,23,2,0.32000,0.46000,0.22000,0.18000,0.07000,0.04000,0.18000,0.06000
occluded_interaction,5,54,128,30,32,10,14,23,2,0.32000,0.46000,0.22000,0.18000,0.07000,0.04000,0.18000,0.06000
occluded_interaction,5,55,128,26,27,10,12,23,2,0.32000,0.46000,0.22000,0.18000,0.07000,0.04000,0.18000,0.06000
occluded_interaction,5,56,128,32,29,12,15,23,2,0.32000,0.46000,0.22000,0.18000,0.07000,0.04000,0.18000,0.06000
occluded_interaction,5,57,128,23,29,11,11,23,1,0.32000,0.46000,0.22000,0.18000,0.07000,0.04000,0.18000,0.06000
occluded_interaction,5,58,128,22,24,18,10,23,1,0.32000,0.46000,0.22000,0.18000,0.07000,0.04000,0.18000,0.06000
occluded_interaction,5,59,128,28,33,16,13,23,2,0.32000,0.46000,0.22000,0.18000,0.07000,0.04000,0.18000,0.06000
occluded_interaction,5,60,128,21,27,14,10,23,1,0.32000,0.46000,0.22000,0.18000,0.07000,0.04000,0.18000,0.06000
occluded_interaction,5,61,128,25,30,18,12,23,2,0.32000,0.46000,0.22000,0.18000,0.07000,0.04000,0.18000,0.06000
occluded_interaction,5,62,128,27,27,11,12,23,2,0.32000,0.46000,0.22000,0.18000,0.07000,0.04000,0.18000,0.06000
occluded_interaction,5,63,128,21,32,14,10,23,1,0.32000,0.46000,0.22000,0.18000,0.07000,0.04000,0.18000,0.06000
occluded_interaction,6,0,128,31,33,18,14,23,2,0.32000,0.46000,0.22000,0.18000,0.07000,0.04000,0.18000,0.06000
occluded_interaction,6,1,128,28,29,17,13,23,2,0.32000,0.46000,0.22000,0.18000,0.07000,0.04000,0.18000,0.06000
occluded_interaction,6,2,128,31,33,17,14,23,2,0.32000,0.46000,0.22000,0.18000,0.07000,0.04000,0.18000,0.06000
occluded_interaction,6,3,128,24,29,10,11,23,1,0.32000,0.46000,0.22000,0.18000,0.07000,0.04000,0.18000,0.06000
occluded_interaction,6,4,128,30,22,11,14,23,2,0.32000,0.46000,0.22000,0.18000,0.07000,0.04000,0.18000,0.06000
occluded_interaction,6,5,128,32,28,14,15,23,2,0.32000,0.46000,0.22000,0.18000,0.07000,0.04000,0.18000,0.06000
occluded_interaction,6,6,128,20,31,14,9,23,1,0.32000,0.46000,0.22000,0.18000,0.07000,0.04000,0.18000,0.06000
occluded_interaction,6,7,128,22,32,16,10,23,1,0.32000,0.46000,0.22000,0.18000,0.07000,0.04000,0.18000,0.06000
occluded_interaction,6,8,128,22,25,19,10,23,1,0.32000,0.46000,0.22000,0.18000,0.07000,0.04000,0.18000,0.06000
occluded_interaction,6,9,128,26,23,18,12,23,2,0.32000,0.46000,0.22000,0.18000,0.07000,0.04000,0.18000,0.06000
occluded_interaction,6,10,128,31,29,13,14,23,2,0.32000,0.46000,0.22000,0.18000,0.07000,0.04000,0.18000,0.06000
occluded_interaction,6,11,128,28,31,15,13,23,2,0.32000,0.46000,0.22000,0.18000,0.07000,0.04000,0.18000,0.06000
occluded_interaction,6,12,128,28,33,13,13,23,2,0.32000,0.46000,0.22000,0.18000,0.07000,0.04000,0.18000,0.06000
occluded_interaction,6,13,128,21,26,16,10,23,1,0.32000,0.46000,0.22000,0.18000,0.07000,0.04000,0.18000,0.06000
occluded_interaction,6,14,128,25,25,17,12,23,2,0.32000,0.46000,0.22000,0.18000,0.07000,0.04000,0.18000,0.06000
occluded_interaction,6,15,128,29,31,14,13,23,2,0.32000,0.46000,0.22000,0.18000,0.07000,0.04000,0.18000,0.06000
occluded_interaction,6,16,128,30,26,17,14,23,2,0.32000,0.46000,0.22000,0.18000,0.07000,0.04000,0.18000,0.06000
occluded_interaction,6,17,128,30,27,11,14,23,2,0.32000,0.46000,0.22000,0.18000,0.07000,0.04000,0.18000,0.06000
occluded_interaction,6,18,128,30,33,15,14,23,2,0.32000,0.46000,0.22000,0.18000,0.07000,0.04000,0.18000,0.06000
occluded_interaction,6,19,128,20,26,11,9,23,1,0.32000,0.46000,0.22000,0.18000,0.07000,0.04000,0.18000,0.06000
occluded_interaction,6,20,128,20,27,11,9,23,1,0.32000,0.46000,0.22000,0.18000,0.07000,0.04000,0.18000,0.06000
occluded_interaction,6,21,128,22,23,19,10,23,1,0.32000,0.46000,0.22000,0.18000,0.07000,0.04000,0.18000,0.06000
occluded_interaction,6,22,128,24,24,12,11,23,1,0.32000,0.46000,0.22000,0.18000,0.07000,0.04000,0.18000,0.06000
occluded_interaction,6,23,128,29,28,12,13,23,2,0.32000,0.46000,0.22000,0.18000,0.07000,0.04000,0.18000,0.06000
occluded_interaction,6,24,128,30,30,12,14,23,2,0.32000,0.46000,0.22000,0.18000,0.07000,0.04000,0.18000,0.06000
occluded_interaction,6,25,128,29,32,11,13,23,2,0.32000,0.46000,0.22000,0.18000,0.07000,0.04000,0.18000,0.06000
occluded_interaction,6,26,128,29,23,13,13,23,2,0.32000,0.46000,0.22000,0.18000,0.07000,0.04000,0.18000,0.06000
occluded_interaction,6,27,128,31,23,15,14,23,2,0.32000,0.46000,0.22000,0.18000,0.07000,0.04000,0.18000,0.06000
occluded_interaction,6,28,128,30,30,12,14,23,2,0.32000,0.46000,0.22000,0.18000,0.07000,0.04000,0.18000,0.06000
occluded_interaction,6,29,128,33,28,18,15,23,2,0.32000,0.46000,0.22000,0.18000,0.07000,0.04000,0.18000,0.06000
occluded_interaction,6,30,128,27,28,13,12,23,2,0.32000,0.46000,0.22000,0.18000,0.07000,0.04000,0.18000,0.06000
occluded_interaction,6,31,128,21,30,14,10,23,1,0.32000,0.46000,0.22000,0.18000,0.07000,0.04000,0.18000,0.06000
occluded_interaction,6,32,128,32,25,17,15,23,2,0.32000,0.46000,0.22000,0.18000,0.07000,0.04000,0.18000,0.06000
occluded_interaction,6,33,128,22,24,11,10,23,1,0.32000,0.46000,0.22000,0.18000,0.07000,0.04000,0.18000,0.06000
occluded_interaction,6,34,128,26,25,13,12,23,2,0.32000,0.46000,0.22000,0.18000,0.07000,0.04000,0.18000,0.06000
occluded_interaction,6,35,128,29,30,19,13,23,2,0.32000,0.46000,0.22000,0.18000,0.07000,0.04000,0.18000,0.06000
occluded_interaction,6,36,128,29,32,19,13,23,2,0.32000,0.46000,0.22000,0.18000,0.07000,0.04000,0.18000,0.06000
occluded_interaction,6,37,128,21,23,12,10,23,1,0.32000,0.46000,0.22000,0.18000,0.07000,0.04000,0.18000,0.06000
occluded_interaction,6,38,128,25,22,15,12,23,2,0.32000,0.46000,0.22000,0.18000,0.07000,0.04000,0.18000,0.06000
occluded_interaction,6,39,128,33,22,11,15,23,2,0.32000,0.46000,0.22000,0.18000,0.07000,0.04000,0.18000,0.06000
occluded_interaction,6,40,128,22,33,14,10,23,1,0.32000,0.46000,0.22000,0.18000,0.07000,0.04000,0.18000,0.06000
occluded_interaction,6,41,128,22,22,19,10,23,1,0.32000,0.46000,0.22000,0.18000,0.07000,0.04000,0.18000,0.06000
occluded_interaction,6,42,128,26,31,16,12,23,2,0.32000,0.46000,0.22000,0.18000,0.07000,0.04000,0.18000,0.06000
occluded_interaction,6,43,128,23,25,18,11,23,1,0.32000,0.46000,0.22000,0.18000,0.07000,0.04000,0.18000,0.06000
occluded_interaction,6,44,128,24,23,16,11,23,1,0.32000,0.46000,0.22000,0.18000,0.07000,0.04000,0.18000,0.06000
occluded_interaction,6,45,128,31,27,14,14,23,2,0.32000,0.46000,0.22000,0.18000,0.07000,0.04000,0.18000,0.06000
occluded_interaction,6,46,128,33,23,10,15,23,2,0.32000,0.46000,0.22000,0.18000,0.07000,0.04000,0.18000,0.06000
occluded_interaction,6,47,128,20,28,14,9,23,1,0.32000,0.46000,0.22000,0.18000,0.07000,0.04000,0.18000,0.06000
occluded_interaction,6,48,128,24,26,14,11,23,1,0.32000,0.46000,0.22000,0.18000,0.07000,0.04000,0.18000,0.06000
occluded_interaction,6,49,128,26,26,16,12,23,2,0.32000,0.46000,0.22000,0.18000,0.07000,0.04000,0.18000,0.06000
occluded_interaction,6,50,128,33,26,15,15,23,2,0.32000,0.46000,0.22000,0.18000,0.07000,0.04000,0.18000,0.06000
occluded_interaction,6,51,128,30,32,12,14,23,2,0.32000,0.46000,0.22000,0.18000,0.07000,0.04000,0.18000,0.06000
occluded_interaction,6,52,128,23,26,13,11,23,1,0.32000,0.46000,0.22000,0.18000,0.07000,0.04000,0.18000,0.06000
occluded_interaction,6,53,128,24,32,15,11,23,1,0.32000,0.46000,0.22000,0.18000,0.07000,0.04000,0.18000,0.06000
occluded_interaction,6,54,128,30,32,17,14,23,2,0.32000,0.46000,0.22000,0.18000,0.07000,0.04000,0.18000,0.06000
occluded_interaction,6,55,128,25,30,15,12,23,2,0.32000,0.46000,0.22000,0.18000,0.07000,0.04000,0.18000,0.06000
occluded_interaction,6,56,128,30,30,15,14,23,2,0.32000,0.46000,0.22000,0.18000,0.07000,0.04000,0.18000,0.06000
occluded_interaction,6,57,128,23,32,19,11,23,1,0.32000,0.46000,0.22000,0.18000,0.07000,0.04000,0.18000,0.06000
occluded_interaction,6,58,128,27,32,15,12,23,2,0.32000,0.46000,0.22000,0.18000,0.07000,0.04000,0.18000,0.06000
occluded_interaction,6,59,128,20,25,13,9,23,1,0.32000,0.46000,0.22000,0.18000,0.07000,0.04000,0.18000,0.06000
occluded_interaction,6,60,128,26,24,13,12,23,2,0.32000,0.46000,0.22000,0.18000,0.07000,0.04000,0.18000,0.06000
occluded_interaction,6,61,128,22,26,19,10,23,1,0.32000,0.46000,0.22000,0.18000,0.07000,0.04000,0.18000,0.06000
occluded_interaction,6,62,128,32,27,18,15,23,2,0.32000,0.46000,0.22000,0.18000,0.07000,0.04000,0.18000,0.06000
occluded_interaction,6,63,128,28,23,10,13,23,2,0.32000,0.46000,0.22000,0.18000,0.07000,0.04000,0.18000,0.06000
occluded_interaction,7,0,128,30,32,10,14,23,2,0.32000,0.46000,0.22000,0.18000,0.07000,0.04000,0.18000,0.06000
occluded_interaction,7,1,128,26,33,18,12,23,2,0.32000,0.46000,0.22000,0.18000,0.07000,0.04000,0.18000,0.06000
occluded_interaction,7,2,128,33,30,15,15,23,2,0.32000,0.46000,0.22000,0.18000,0.07000,0.04000,0.18000,0.06000
occluded_interaction,7,3,128,22,27,10,10,23,1,0.32000,0.46000,0.22000,0.18000,0.07000,0.04000,0.18000,0.06000
occluded_interaction,7,4,128,30,27,19,14,23,2,0.32000,0.46000,0.22000,0.18000,0.07000,0.04000,0.18000,0.06000
occluded_interaction,7,5,128,30,24,11,14,23,2,0.32000,0.46000,0.22000,0.18000,0.07000,0.04000,0.18000,0.06000
occluded_interaction,7,6,128,31,29,15,14,23,2,0.32000,0.46000,0.22000,0.18000,0.07000,0.04000,0.18000,0.06000
occluded_interaction,7,7,128,24,29,14,11,23,1,0.32000,0.46000,0.22000,0.18000,0.07000,0.04000,0.18000,0.06000
occluded_interaction,7,8,128,20,31,16,9,23,1,0.32000,0.46000,0.22000,0.18000,0.07000,0.04000,0.18000,0.06000
occluded_interaction,7,9,128,22,32,12,10,23,1,0.32000,0.46000,0.22000,0.18000,0.07000,0.04000,0.18000,0.06000
occluded_interaction,7,10,128,29,23,14,13,23,2,0.32000,0.46000,0.22000,0.18000,0.07000,0.04000,0.18000,0.06000
occluded_interaction,7,11,128,32,29,19,15,23,2,0.32000,0.46000,0.22000,0.18000,0.07000,0.04000,0.18000,0.06000
occluded_interaction,7,12,128,31,26,15,14,23,2,0.32000,0.46000,0.22000,0.18000,0.07000,0.04000,0.18000,0.06000
occluded_interaction,7,13,128,33,31,17,15,23,2,0.32000,0.46000,0.22000,0.18000,0.07000,0.04000,0.18000,0.06000
occluded_interaction,7,14,128,23,32,12,11,23,1,0.32000,0.46000,0.22000,0.18000,0.07000,0.04000,0.18000,0.06000
occluded_interaction,7,15,128,21,23,19,10,23,1,0.32000,0.46000,0.22000,0.18000,0.07000,0.04000,0.18000,0.06000
occluded_interaction,7,16,128,29,30,18,13,23,2,0.32000,0.46000,0.22000,0.18000,0.07000,0.04000,0.18000,0.06000
occluded_interaction,7,17,128,23,32,19,11,23,1,0.32000,0.46000,0.22000,0.18000,0.07000,0.04000,0.18000,0.06000
occluded_interaction,7,18,128,21,33,13,10,23,1,0.32000,0.46000,0.22000,0.18000,0.07000,0.04000,0.18000,0.06000
occluded_interaction,7,19,128,31,26,19,14,23,2,0.32000,0.46000,0.22000,0.18000,0.07000,0.04000,0.18000,0.06000
occluded_interaction,7,20,128,24,27,10,11,23,1,0.32000,0.46000,0.22000,0.18000,0.07000,0.04000,0.18000,0.06000
occluded_interaction,7,21,128,30,28,11,14,23,2,0.32000,0.46000,0.22000,0.18000,0.07000,0.04000,0.18000,0.06000
occluded_interaction,7,22,128,31,28,18,14,23,2,0.32000,0.46000,0.22000,0.18000,0.07000,0.04000,0.18000,0.06000
occluded_interaction,7,23,128,26,33,10,12,23,2,0.32000,0.46000,0.22000,0.18000,0.07000,0.04000,0.18000,0.06000
occluded_interaction,7,24,128,24,23,12,11,23,1,0.32000,0.46000,0.22000,0.18000,0.07000,0.04000,0.18000,0.06000
occluded_interaction,7,25,128,27,30,12,12,23,2,0.32000,0.46000,0.22000,0.18000,0.07000,0.04000,0.18000,0.06000
occluded_interaction,7,26,128,24,30,18,11,23,1,0.32000,0.46000,0.22000,0.18000,0.07000,0.04000,0.18000,0.06000
occluded_interaction,7,27,128,32,30,10,15,23,2,0.32000,0.46000,0.22000,0.18000,0.07000,0.04000,0.18000,0.06000
occluded_interaction,7,28,128,21,30,19,10,23,1,0.32000,0.46000,0.22000,0.18000,0.07000,0.04000,0.18000,0.06000
occluded_interaction,7,29,128,32,24,11,15,23,2,0.32000,0.46000,0.22000,0.18000,0.07000,0.04000,0.18000,0.06000
occluded_interaction,7,30,128,27,33,13,12,23,2,0.32000,0.46000,0.22000,0.18000,0.07000,0.04000,0.18000,0.06000
occluded_interaction,7,31,128,20,22,12,9,23,1,0.32000,0.46000,0.22000,0.18000,0.07000,0.04000,0.18000,0.06000
occluded_interaction,7,32,128,26,28,12,12,23,2,0.32000,0.46000,0.22000,0.18000,0.07000,0.04000,0.18000,0.06000
occluded_interaction,7,33,128,21,26,17,10,23,1,0.32000,0.46000,0.22000,0.18000,0.07000,0.04000,0.18000,0.06000
occluded_interaction,7,34,128,29,26,12,13,23,2,0.32000,0.46000,0.22000,0.18000,0.07000,0.04000,0.18000,0.06000
occluded_interaction,7,35,128,29,31,16,13,23,2,0.32000,0.46000,0.22000,0.18000,0.07000,0.04000,0.18000,0.06000
occluded_interaction,7,36,128,27,28,17,12,23,2,0.32000,0.46000,0.22000,0.18000,0.07000,0.04000,0.18000,0.06000
occluded_interaction,7,37,128,25,26,15,12,23,2,0.32000,0.46000,0.22000,0.18000,0.07000,0.04000,0.18000,0.06000
occluded_interaction,7,38,128,30,26,10,14,23,2,0.32000,0.46000,0.22000,0.18000,0.07000,0.04000,0.18000,0.06000
occluded_interaction,7,39,128,31,27,11,14,23,2,0.32000,0.46000,0.22000,0.18000,0.07000,0.04000,0.18000,0.06000
occluded_interaction,7,40,128,28,28,19,13,23,2,0.32000,0.46000,0.22000,0.18000,0.07000,0.04000,0.18000,0.06000
occluded_interaction,7,41,128,31,23,15,14,23,2,0.32000,0.46000,0.22000,0.18000,0.07000,0.04000,0.18000,0.06000
occluded_interaction,7,42,128,20,25,11,9,23,1,0.32000,0.46000,0.22000,0.18000,0.07000,0.04000,0.18000,0.06000
occluded_interaction,7,43,128,23,24,11,11,23,1,0.32000,0.46000,0.22000,0.18000,0.07000,0.04000,0.18000,0.06000
occluded_interaction,7,44,128,24,30,16,11,23,1,0.32000,0.46000,0.22000,0.18000,0.07000,0.04000,0.18000,0.06000
occluded_interaction,7,45,128,22,22,18,10,23,1,0.32000,0.46000,0.22000,0.18000,0.07000,0.04000,0.18000,0.06000
occluded_interaction,7,46,128,33,27,19,15,23,2,0.32000,0.46000,0.22000,0.18000,0.07000,0.04000,0.18000,0.06000
occluded_interaction,7,47,128,26,28,19,12,23,2,0.32000,0.46000,0.22000,0.18000,0.07000,0.04000,0.18000,0.06000
occluded_interaction,7,48,128,26,22,11,12,23,2,0.32000,0.46000,0.22000,0.18000,0.07000,0.04000,0.18000,0.06000
occluded_interaction,7,49,128,32,24,10,15,23,2,0.32000,0.46000,0.22000,0.18000,0.07000,0.04000,0.18000,0.06000
occluded_interaction,7,50,128,31,28,15,14,23,2,0.32000,0.46000,0.22000,0.18000,0.07000,0.04000,0.18000,0.06000
occluded_interaction,7,51,128,25,26,14,12,23,2,0.32000,0.46000,0.22000,0.18000,0.07000,0.04000,0.18000,0.06000
occluded_interaction,7,52,128,22,22,15,10,23,1,0.32000,0.46000,0.22000,0.18000,0.07000,0.04000,0.18000,0.06000
occluded_interaction,7,53,128,31,31,17,14,23,2,0.32000,0.46000,0.22000,0.18000,0.07000,0.04000,0.18000,0.06000
occluded_interaction,7,54,128,20,29,12,9,23,1,0.32000,0.46000,0.22000,0.18000,0.07000,0.04000,0.18000,0.06000
occluded_interaction,7,55,128,28,28,17,13,23,2,0.32000,0.46000,0.22000,0.18000,0.07000,0.04000,0.18000,0.06000
occluded_interaction,7,56,128,31,28,12,14,23,2,0.32000,0.46000,0.22000,0.18000,0.07000,0.04000,0.18000,0.06000
occluded_interaction,7,57,128,29,22,14,13,23,2,0.32000,0.46000,0.22000,0.18000,0.07000,0.04000,0.18000,0.06000
occluded_interaction,7,58,128,28,25,17,13,23,2,0.32000,0.46000,0.22000,0.18000,0.07000,0.04000,0.18000,0.06000
occluded_interaction,7,59,128,29,25,11,13,23,2,0.32000,0.46000,0.22000,0.18000,0.07000,0.04000,0.18000,0.06000
occluded_interaction,7,60,128,28,27,13,13,23,2,0.32000,0.46000,0.22000,0.18000,0.07000,0.04000,0.18000,0.06000
occluded_interaction,7,61,128,24,27,17,11,23,1,0.32000,0.46000,0.22000,0.18000,0.07000,0.04000,0.18000,0.06000
occluded_interaction,7,62,128,33,23,11,15,23,2,0.32000,0.46000,0.22000,0.18000,0.07000,0.04000,0.18000,0.06000
occluded_interaction,7,63,128,30,28,14,14,23,2,0.32000,0.46000,0.22000,0.18000,0.07000,0.04000,0.18000,0.06000
occluded_interaction,8,0,128,23,32,19,11,23,1,0.32000,0.46000,0.22000,0.18000,0.07000,0.04000,0.18000,0.06000
occluded_interaction,8,1,128,26,31,15,12,23,2,0.32000,0.46000,0.22000,0.18000,0.07000,0.04000,0.18000,0.06000
occluded_interaction,8,2,128,25,32,16,12,23,2,0.32000,0.46000,0.22000,0.18000,0.07000,0.04000,0.18000,0.06000
occluded_interaction,8,3,128,29,33,17,13,23,2,0.32000,0.46000,0.22000,0.18000,0.07000,0.04000,0.18000,0.06000
occluded_interaction,8,4,128,27,23,16,12,23,2,0.32000,0.46000,0.22000,0.18000,0.07000,0.04000,0.18000,0.06000
occluded_interaction,8,5,128,31,31,15,14,23,2,0.32000,0.46000,0.22000,0.18000,0.07000,0.04000,0.18000,0.06000
occluded_interaction,8,6,128,31,24,10,14,23,2,0.32000,0.46000,0.22000,0.18000,0.07000,0.04000,0.18000,0.06000
occluded_interaction,8,7,128,24,24,11,11,23,1,0.32000,0.46000,0.22000,0.18000,0.07000,0.04000,0.18000,0.06000
occluded_interaction,8,8,128,20,22,10,9,23,1,0.32000,0.46000,0.22000,0.18000,0.07000,0.04000,0.18000,0.06000
occluded_interaction,8,9,128,30,22,19,14,23,2,0.32000,0.46000,0.22000,0.18000,0.07000,0.04000,0.18000,0.06000
occluded_interaction,8,10,128,33,27,12,15,23,2,0.32000,0.46000,0.22000,0.18000,0.07000,0.04000,0.18000,0.06000
occluded_interaction,8,11,128,21,25,14,10,23,1,0.32000,0.46000,0.22000,0.18000,0.07000,0.04000,0.18000,0.06000
occluded_interaction,8,12,128,30,32,19,14,23,2,0.32000,0.46000,0.22000,0.18000,0.07000,0.04000,0.18000,0.06000
occluded_interaction,8,13,128,28,28,11,13,23,2,0.32000,0.46000,0.22000,0.18000,0.07000,0.04000,0.18000,0.06000
occluded_interaction,8,14,128,33,30,10,15,23,2,0.32000,0.46000,0.22000,0.18000,0.07000,0.04000,0.18000,0.06000
occluded_interaction,8,15,128,27,22,17,12,23,2,0.32000,0.46000,0.22000,0.18000,0.07000,0.04000,0.18000,0.06000
occluded_interaction,8,16,128,20,22,15,9,23,1,0.32000,0.46000,0.22000,0.18000,0.07000,0.04000,0.18000,0.06000
occluded_interaction,8,17,128,22,23,11,10,23,1,0.32000,0.46000,0.22000,0.18000,0.07000,0.04000,0.18000,0.06000
occluded_interaction,8,18,128,31,24,17,14,23,2,0.32000,0.46000,0.22000,0.18000,0.07000,0.04000,0.18000,0.06000
occluded_interaction,8,19,128,33,32,18,15,23,2,0.32000,0.46000,0.22000,0.18000,0.07000,0.04000,0.18000,0.06000
occluded_interaction,8,20,128,32,24,12,15,23,2,0.32000,0.46000,0.22000,0.18000,0.07000,0.04000,0.18000,0.06000
occluded_interaction,8,21,128,21,29,15,10,23,1,0.32000,0.46000,0.22000,0.18000,0.07000,0.04000,0.18000,0.06000
occluded_interaction,8,22,128,29,26,17,13,23,2,0.32000,0.46000,0.22000,0.18000,0.07000,0.04000,0.18000,0.06000
occluded_interaction,8,23,128,33,24,19,15,23,2,0.32000,0.46000,0.22000,0.18000,0.07000,0.04000,0.18000,0.06000
occluded_interaction,8,24,128,23,23,15,11,23,1,0.32000,0.46000,0.22000,0.18000,0.07000,0.04000,0.18000,0.06000
occluded_interaction,8,25,128,30,31,17,14,23,2,0.32000,0.46000,0.22000,0.18000,0.07000,0.04000,0.18000,0.06000
occluded_interaction,8,26,128,21,29,10,10,23,1,0.32000,0.46000,0.22000,0.18000,0.07000,0.04000,0.18000,0.06000
occluded_interaction,8,27,128,27,24,13,12,23,2,0.32000,0.46000,0.22000,0.18000,0.07000,0.04000,0.18000,0.06000
occluded_interaction,8,28,128,24,23,15,11,23,1,0.32000,0.46000,0.22000,0.18000,0.07000,0.04000,0.18000,0.06000
occluded_interaction,8,29,128,30,28,14,14,23,2,0.32000,0.46000,0.22000,0.18000,0.07000,0.04000,0.18000,0.06000
occluded_interaction,8,30,128,32,26,18,15,23,2,0.32000,0.46000,0.22000,0.18000,0.07000,0.04000,0.18000,0.06000
occluded_interaction,8,31,128,29,26,13,13,23,2,0.32000,0.46000,0.22000,0.18000,0.07000,0.04000,0.18000,0.06000
occluded_interaction,8,32,128,28,33,10,13,23,2,0.32000,0.46000,0.22000,0.18000,0.07000,0.04000,0.18000,0.06000
occluded_interaction,8,33,128,23,25,18,11,23,1,0.32000,0.46000,0.22000,0.18000,0.07000,0.04000,0.18000,0.06000
occluded_interaction,8,34,128,24,23,17,11,23,1,0.32000,0.46000,0.22000,0.18000,0.07000,0.04000,0.18000,0.06000
occluded_interaction,8,35,128,21,26,17,10,23,1,0.32000,0.46000,0.22000,0.18000,0.07000,0.04000,0.18000,0.06000
occluded_interaction,8,36,128,21,23,15,10,23,1,0.32000,0.46000,0.22000,0.18000,0.07000,0.04000,0.18000,0.06000
occluded_interaction,8,37,128,21,30,10,10,23,1,0.32000,0.46000,0.22000,0.18000,0.07000,0.04000,0.18000,0.06000
occluded_interaction,8,38,128,22,24,10,10,23,1,0.32000,0.46000,0.22000,0.18000,0.07000,0.04000,0.18000,0.06000
occluded_interaction,8,39,128,31,33,17,14,23,2,0.32000,0.46000,0.22000,0.18000,0.07000,0.04000,0.18000,0.06000
occluded_interaction,8,40,128,27,33,19,12,23,2,0.32000,0.46000,0.22000,0.18000,0.07000,0.04000,0.18000,0.06000
occluded_interaction,8,41,128,33,26,18,15,23,2,0.32000,0.46000,0.22000,0.18000,0.07000,0.04000,0.18000,0.06000
occluded_interaction,8,42,128,28,24,11,13,23,2,0.32000,0.46000,0.22000,0.18000,0.07000,0.04000,0.18000,0.06000
occluded_interaction,8,43,128,23,24,12,11,23,1,0.32000,0.46000,0.22000,0.18000,0.07000,0.04000,0.18000,0.06000
occluded_interaction,8,44,128,27,26,14,12,23,2,0.32000,0.46000,0.22000,0.18000,0.07000,0.04000,0.18000,0.06000
occluded_interaction,8,45,128,30,22,13,14,23,2,0.32000,0.46000,0.22000,0.18000,0.07000,0.04000,0.18000,0.06000
occluded_interaction,8,46,128,23,30,16,11,23,1,0.32000,0.46000,0.22000,0.18000,0.07000,0.04000,0.18000,0.06000
occluded_interaction,8,47,128,26,22,12,12,23,2,0.32000,0.46000,0.22000,0.18000,0.07000,0.04000,0.18000,0.06000
occluded_interaction,8,48,128,27,26,15,12,23,2,0.32000,0.46000,0.22000,0.18000,0.07000,0.04000,0.18000,0.06000
occluded_interaction,8,49,128,33,33,18,15,23,2,0.32000,0.46000,0.22000,0.18000,0.07000,0.04000,0.18000,0.06000
occluded_interaction,8,50,128,31,29,18,14,23,2,0.32000,0.46000,0.22000,0.18000,0.07000,0.04000,0.18000,0.06000
occluded_interaction,8,51,128,27,28,14,12,23,2,0.32000,0.46000,0.22000,0.18000,0.07000,0.04000,0.18000,0.06000
occluded_interaction,8,52,128,20,24,16,9,23,1,0.32000,0.46000,0.22000,0.18000,0.07000,0.04000,0.18000,0.06000
occluded_interaction,8,53,128,29,25,10,13,23,2,0.32000,0.46000,0.22000,0.18000,0.07000,0.04000,0.18000,0.06000
occluded_interaction,8,54,128,26,27,11,12,23,2,0.32000,0.46000,0.22000,0.18000,0.07000,0.04000,0.18000,0.06000
occluded_interaction,8,55,128,22,33,11,10,23,1,0.32000,0.46000,0.22000,0.18000,0.07000,0.04000,0.18000,0.06000
occluded_interaction,8,56,128,23,27,14,11,23,1,0.32000,0.46000,0.22000,0.18000,0.07000,0.04000,0.18000,0.06000
occluded_interaction,8,57,128,28,24,14,13,23,2,0.32000,0.46000,0.22000,0.18000,0.07000,0.04000,0.18000,0.06000
occluded_interaction,8,58,128,22,29,13,10,23,1,0.32000,0.46000,0.22000,0.18000,0.07000,0.04000,0.18000,0.06000
occluded_interaction,8,59,128,29,24,14,13,23,2,0.32000,0.46000,0.22000,0.18000,0.07000,0.04000,0.18000,0.06000
occluded_interaction,8,60,128,23,25,11,11,23,1,0.32000,0.46000,0.22000,0.18000,0.07000,0.04000,0.18000,0.06000
occluded_interaction,8,61,128,33,26,12,15,23,2,0.32000,0.46000,0.22000,0.18000,0.07000,0.04000,0.18000,0.06000
occluded_interaction,8,62,128,33,28,19,15,23,2,0.32000,0.46000,0.22000,0.18000,0.07000,0.04000,0.18000,0.06000
occluded_interaction,8,63,128,29,33,19,13,23,2,0.32000,0.46000,0.22000,0.18000,0.07000,0.04000,0.18000,0.06000
occluded_interaction,9,0,128,28,30,11,13,23,2,0.32000,0.46000,0.22000,0.18000,0.07000,0.04000,0.18000,0.06000
occluded_interaction,9,1,128,23,27,17,11,23,1,0.32000,0.46000,0.22000,0.18000,0.07000,0.04000,0.18000,0.06000
occluded_interaction,9,2,128,22,30,19,10,23,1,0.32000,0.46000,0.22000,0.18000,0.07000,0.04000,0.18000,0.06000
occluded_interaction,9,3,128,25,27,13,12,23,2,0.32000,0.46000,0.22000,0.18000,0.07000,0.04000,0.18000,0.06000
occluded_interaction,9,4,128,22,24,14,10,23,1,0.32000,0.46000,0.22000,0.18000,0.07000,0.04000,0.18000,0.06000
occluded_interaction,9,5,128,24,30,13,11,23,1,0.32000,0.46000,0.22000,0.18000,0.07000,0.04000,0.18000,0.06000
occluded_interaction,9,6,128,25,29,14,12,23,2,0.32000,0.46000,0.22000,0.18000,0.07000,0.04000,0.18000,0.06000
occluded_interaction,9,7,128,32,32,11,15,23,2,0.32000,0.46000,0.22000,0.18000,0.07000,0.04000,0.18000,0.06000
occluded_interaction,9,8,128,32,29,11,15,23,2,0.32000,0.46000,0.22000,0.18000,0.07000,0.04000,0.18000,0.06000
occluded_interaction,9,9,128,33,22,18,15,23,2,0.32000,0.46000,0.22000,0.18000,0.07000,0.04000,0.18000,0.06000
occluded_interaction,9,10,128,31,23,14,14,23,2,0.32000,0.46000,0.22000,0.18000,0.07000,0.04000,0.18000,0.06000
occluded_interaction,9,11,128,23,25,16,11,23,1,0.32000,0.46000,0.22000,0.18000,0.07000,0.04000,0.18000,0.06000
occluded_interaction,9,12,128,25,27,14,12,23,2,0.32000,0.46000,0.22000,0.18000,0.07000,0.04000,0.18000,0.06000
occluded_interaction,9,13,128,28,23,13,13,23,2,0.32000,0.46000,0.22000,0.18000,0.07000,0.04000,0.18000,0.06000
occluded_interaction,9,14,128,30,26,12,14,23,2,0.32000,0.46000,0.22000,0.18000,0.07000,0.04000,0.18000,0.06000
occluded_interaction,9,15,128,33,33,11,15,23,2,0.32000,0.46000,0.22000,0.18000,0.07000,0.04000,0.18000,0.06000
occluded_interaction,9,16,128,24,32,10,11,23,1,0.32000,0.46000,0.22000,0.18000,0.07000,0.04000,0.18000,0.06000
occluded_interaction,9,17,128,25,22,18,12,23,2,0.32000,0.46000,0.22000,0.18000,0.07000,0.04000,0.18000,0.06000
occluded_interaction,9,18,128,22,23,12,10,23,1,0.32000,0.46000,0.22000,0.18000,0.07000,0.04000,0.18000,0.06000
occluded_interaction,9,19,128,31,31,15,14,23,2,0.32000,0.46000,0.22000,0.18000,0.07000,0.04000,0.18000,0.06000
occluded_interaction,9,20,128,21,23,10,10,23,1,0.32000,0.46000,0.22000,0.18000,0.07000,0.04000,0.18000,0.06000
occluded_interaction,9,21,128,26,24,11,12,23,2,0.32000,0.46000,0.22000,0.18000,0.07000,0.04000,0.18000,0.06000
occluded_interaction,9,22,128,21,32,14,10,23,1,0.32000,0.46000,0.22000,0.18000,0.07000,0.04000,0.18000,0.06000
occluded_interaction,9,23,128,31,22,12,14,23,2,0.32000,0.46000,0.22000,0.18000,0.07000,0.04000,0.18000,0.06000
occluded_interaction,9,24,128,33,30,10,15,23,2,0.32000,0.46000,0.22000,0.18000,0.07000,0.04000,0.18000,0.06000
occluded_interaction,9,25,128,23,27,11,11,23,1,0.32000,0.46000,0.22000,0.18000,0.07000,0.04000,0.18000,0.06000
occluded_interaction,9,26,128,25,24,18,12,23,2,0.32000,0.46000,0.22000,0.18000,0.07000,0.04000,0.18000,0.06000
occluded_interaction,9,27,128,30,25,14,14,23,2,0.32000,0.46000,0.22000,0.18000,0.07000,0.04000,0.18000,0.06000
occluded_interaction,9,28,128,29,33,14,13,23,2,0.32000,0.46000,0.22000,0.18000,0.07000,0.04000,0.18000,0.06000
occluded_interaction,9,29,128,33,29,18,15,23,2,0.32000,0.46000,0.22000,0.18000,0.07000,0.04000,0.18000,0.06000
occluded_interaction,9,30,128,31,29,13,14,23,2,0.32000,0.46000,0.22000,0.18000,0.07000,0.04000,0.18000,0.06000
occluded_interaction,9,31,128,24,30,15,11,23,1,0.32000,0.46000,0.22000,0.18000,0.07000,0.04000,0.18000,0.06000
occluded_interaction,9,32,128,28,25,18,13,23,2,0.32000,0.46000,0.22000,0.18000,0.07000,0.04000,0.18000,0.06000
occluded_interaction,9,33,128,23,23,17,11,23,1,0.32000,0.46000,0.22000,0.18000,0.07000,0.04000,0.18000,0.06000
occluded_interaction,9,34,128,29,28,15,13,23,2,0.32000,0.46000,0.22000,0.18000,0.07000,0.04000,0.18000,0.06000
occluded_interaction,9,35,128,30,24,18,14,23,2,0.32000,0.46000,0.22000,0.18000,0.07000,0.04000,0.18000,0.06000
occluded_interaction,9,36,128,21,29,14,10,23,1,0.32000,0.46000,0.22000,0.18000,0.07000,0.04000,0.18000,0.06000
occluded_interaction,9,37,128,27,27,17,12,23,2,0.32000,0.46000,0.22000,0.18000,0.07000,0.04000,0.18000,0.06000
occluded_interaction,9,38,128,32,28,16,15,23,2,0.32000,0.46000,0.22000,0.18000,0.07000,0.04000,0.18000,0.06000
occluded_interaction,9,39,128,23,23,17,11,23,1,0.32000,0.46000,0.22000,0.18000,0.07000,0.04000,0.18000,0.06000
occluded_interaction,9,40,128,27,30,14,12,23,2,0.32000,0.46000,0.22000,0.18000,0.07000,0.04000,0.18000,0.06000
occluded_interaction,9,41,128,27,22,13,12,23,2,0.32000,0.46000,0.22000,0.18000,0.07000,0.04000,0.18000,0.06000
occluded_interaction,9,42,128,27,28,10,12,23,2,0.32000,0.46000,0.22000,0.18000,0.07000,0.04000,0.18000,0.06000
occluded_interaction,9,43,128,28,29,17,13,23,2,0.32000,0.46000,0.22000,0.18000,0.07000,0.04000,0.18000,0.06000
occluded_interaction,9,44,128,22,22,18,10,23,1,0.32000,0.46000,0.22000,0.18000,0.07000,0.04000,0.18000,0.06000
occluded_interaction,9,45,128,30,24,12,14,23,2,0.32000,0.46000,0.22000,0.18000,0.07000,0.04000,0.18000,0.06000
occluded_interaction,9,46,128,29,26,10,13,23,2,0.32000,0.46000,0.22000,0.18000,0.07000,0.04000,0.18000,0.06000
occluded_interaction,9,47,128,31,24,14,14,23,2,0.32000,0.46000,0.22000,0.18000,0.07000,0.04000,0.18000,0.06000
occluded_interaction,9,48,128,21,29,13,10,23,1,0.32000,0.46000,0.22000,0.18000,0.07000,0.04000,0.18000,0.06000
occluded_interaction,9,49,128,25,26,11,12,23,2,0.32000,0.46000,0.22000,0.18000,0.07000,0.04000,0.18000,0.06000
occluded_interaction,9,50,128,33,25,17,15,23,2,0.32000,0.46000,0.22000,0.18000,0.07000,0.04000,0.18000,0.06000
occluded_interaction,9,51,128,20,24,16,9,23,1,0.32000,0.46000,0.22000,0.18000,0.07000,0.04000,0.18000,0.06000
occluded_interaction,9,52,128,27,31,13,12,23,2,0.32000,0.46000,0.22000,0.18000,0.07000,0.04000,0.18000,0.06000
occluded_interaction,9,53,128,26,25,13,12,23,2,0.32000,0.46000,0.22000,0.18000,0.07000,0.04000,0.18000,0.06000
occluded_interaction,9,54,128,25,32,13,12,23,2,0.32000,0.46000,0.22000,0.18000,0.07000,0.04000,0.18000,0.06000
occluded_interaction,9,55,128,22,26,19,10,23,1,0.32000,0.46000,0.22000,0.18000,0.07000,0.04000,0.18000,0.06000
occluded_interaction,9,56,128,29,31,14,13,23,2,0.32000,0.46000,0.22000,0.18000,0.07000,0.04000,0.18000,0.06000
occluded_interaction,9,57,128,31,22,19,14,23,2,0.32000,0.46000,0.22000,0.18000,0.07000,0.04000,0.18000,0.06000
occluded_interaction,9,58,128,22,27,13,10,23,1,0.32000,0.46000,0.22000,0.18000,0.07000,0.04000,0.18000,0.06000
occluded_interaction,9,59,128,26,24,19,12,23,2,0.32000,0.46000,0.22000,0.18000,0.07000,0.04000,0.18000,0.06000
occluded_interaction,9,60,128,21,23,16,10,23,1,0.32000,0.46000,0.22000,0.18000,0.07000,0.04000,0.18000,0.06000
occluded_interaction,9,61,128,21,33,10,10,23,1,0.32000,0.46000,0.22000,0.18000,0.07000,0.04000,0.18000,0.06000
occluded_interaction,9,62,128,28,26,14,13,23,2,0.32000,0.46000,0.22000,0.18000,0.07000,0.04000,0.18000,0.06000
occluded_interaction,9,63,128,26,22,16,12,23,2,0.32000,0.46000,0.22000,0.18000,0.07000,0.04000,0.18000,0.06000
ego_motion_shift,0,0,128,25,25,12,4,9,1,0.34000,0.14000,0.18000,0.18000,0.24000,0.04200,0.07000,0.04000
ego_motion_shift,0,1,128,25,28,10,4,9,1,0.34000,0.14000,0.18000,0.18000,0.24000,0.04200,0.07000,0.04000
ego_motion_shift,0,2,128,20,32,15,3,9,1,0.34000,0.14000,0.18000,0.18000,0.24000,0.04200,0.07000,0.04000
ego_motion_shift,0,3,128,25,29,19,4,9,1,0.34000,0.14000,0.18000,0.18000,0.24000,0.04200,0.07000,0.04000
ego_motion_shift,0,4,128,23,30,11,3,9,1,0.34000,0.14000,0.18000,0.18000,0.24000,0.04200,0.07000,0.04000
ego_motion_shift,0,5,128,25,28,16,4,9,1,0.34000,0.14000,0.18000,0.18000,0.24000,0.04200,0.07000,0.04000
ego_motion_shift,0,6,128,33,23,17,5,9,1,0.34000,0.14000,0.18000,0.18000,0.24000,0.04200,0.07000,0.04000
ego_motion_shift,0,7,128,26,32,17,4,9,1,0.34000,0.14000,0.18000,0.18000,0.24000,0.04200,0.07000,0.04000
ego_motion_shift,0,8,128,23,33,15,3,9,1,0.34000,0.14000,0.18000,0.18000,0.24000,0.04200,0.07000,0.04000
ego_motion_shift,0,9,128,22,28,12,3,9,1,0.34000,0.14000,0.18000,0.18000,0.24000,0.04200,0.07000,0.04000
ego_motion_shift,0,10,128,25,32,19,4,9,1,0.34000,0.14000,0.18000,0.18000,0.24000,0.04200,0.07000,0.04000
ego_motion_shift,0,11,128,26,25,12,4,9,1,0.34000,0.14000,0.18000,0.18000,0.24000,0.04200,0.07000,0.04000
ego_motion_shift,0,12,128,21,22,11,3,9,1,0.34000,0.14000,0.18000,0.18000,0.24000,0.04200,0.07000,0.04000
ego_motion_shift,0,13,128,32,32,19,4,9,1,0.34000,0.14000,0.18000,0.18000,0.24000,0.04200,0.07000,0.04000
ego_motion_shift,0,14,128,32,29,18,4,9,1,0.34000,0.14000,0.18000,0.18000,0.24000,0.04200,0.07000,0.04000
ego_motion_shift,0,15,128,27,33,15,4,9,1,0.34000,0.14000,0.18000,0.18000,0.24000,0.04200,0.07000,0.04000
ego_motion_shift,0,16,128,31,26,18,4,9,1,0.34000,0.14000,0.18000,0.18000,0.24000,0.04200,0.07000,0.04000
ego_motion_shift,0,17,128,28,33,13,4,9,1,0.34000,0.14000,0.18000,0.18000,0.24000,0.04200,0.07000,0.04000
ego_motion_shift,0,18,128,27,25,18,4,9,1,0.34000,0.14000,0.18000,0.18000,0.24000,0.04200,0.07000,0.04000
ego_motion_shift,0,19,128,26,23,14,4,9,1,0.34000,0.14000,0.18000,0.18000,0.24000,0.04200,0.07000,0.04000
ego_motion_shift,0,20,128,27,22,17,4,9,1,0.34000,0.14000,0.18000,0.18000,0.24000,0.04200,0.07000,0.04000
ego_motion_shift,0,21,128,30,31,19,4,9,1,0.34000,0.14000,0.18000,0.18000,0.24000,0.04200,0.07000,0.04000
ego_motion_shift,0,22,128,33,32,14,5,9,1,0.34000,0.14000,0.18000,0.18000,0.24000,0.04200,0.07000,0.04000
ego_motion_shift,0,23,128,22,26,19,3,9,1,0.34000,0.14000,0.18000,0.18000,0.24000,0.04200,0.07000,0.04000
ego_motion_shift,0,24,128,24,22,11,3,9,1,0.34000,0.14000,0.18000,0.18000,0.24000,0.04200,0.07000,0.04000
ego_motion_shift,0,25,128,24,26,11,3,9,1,0.34000,0.14000,0.18000,0.18000,0.24000,0.04200,0.07000,0.04000
ego_motion_shift,0,26,128,22,24,13,3,9,1,0.34000,0.14000,0.18000,0.18000,0.24000,0.04200,0.07000,0.04000
ego_motion_shift,0,27,128,28,28,12,4,9,1,0.34000,0.14000,0.18000,0.18000,0.24000,0.04200,0.07000,0.04000
ego_motion_shift,0,28,128,26,29,19,4,9,1,0.34000,0.14000,0.18000,0.18000,0.24000,0.04200,0.07000,0.04000
ego_motion_shift,0,29,128,21,32,15,3,9,1,0.34000,0.14000,0.18000,0.18000,0.24000,0.04200,0.07000,0.04000
ego_motion_shift,0,30,128,33,32,18,5,9,1,0.34000,0.14000,0.18000,0.18000,0.24000,0.04200,0.07000,0.04000
ego_motion_shift,0,31,128,26,27,18,4,9,1,0.34000,0.14000,0.18000,0.18000,0.24000,0.04200,0.07000,0.04000
ego_motion_shift,0,32,128,27,30,12,4,9,1,0.34000,0.14000,0.18000,0.18000,0.24000,0.04200,0.07000,0.04000
ego_motion_shift,0,33,128,22,23,11,3,9,1,0.34000,0.14000,0.18000,0.18000,0.24000,0.04200,0.07000,0.04000
ego_motion_shift,0,34,128,32,27,15,4,9,1,0.34000,0.14000,0.18000,0.18000,0.24000,0.04200,0.07000,0.04000
ego_motion_shift,0,35,128,25,23,18,4,9,1,0.34000,0.14000,0.18000,0.18000,0.24000,0.04200,0.07000,0.04000
ego_motion_shift,0,36,128,33,22,12,5,9,1,0.34000,0.14000,0.18000,0.18000,0.24000,0.04200,0.07000,0.04000
ego_motion_shift,0,37,128,25,30,15,4,9,1,0.34000,0.14000,0.18000,0.18000,0.24000,0.04200,0.07000,0.04000
ego_motion_shift,0,38,128,32,28,11,4,9,1,0.34000,0.14000,0.18000,0.18000,0.24000,0.04200,0.07000,0.04000
ego_motion_shift,0,39,128,23,26,10,3,9,1,0.34000,0.14000,0.18000,0.18000,0.24000,0.04200,0.07000,0.04000
ego_motion_shift,0,40,128,33,27,17,5,9,1,0.34000,0.14000,0.18000,0.18000,0.24000,0.04200,0.07000,0.04000
ego_motion_shift,0,41,128,23,31,15,3,9,1,0.34000,0.14000,0.18000,0.18000,0.24000,0.04200,0.07000,0.04000
ego_motion_shift,0,42,128,21,28,10,3,9,1,0.34000,0.14000,0.18000,0.18000,0.24000,0.04200,0.07000,0.04000
ego_motion_shift,0,43,128,29,30,16,4,9,1,0.34000,0.14000,0.18000,0.18000,0.24000,0.04200,0.07000,0.04000
ego_motion_shift,0,44,128,28,23,19,4,9,1,0.34000,0.14000,0.18000,0.18000,0.24000,0.04200,0.07000,0.04000
ego_motion_shift,0,45,128,27,31,14,4,9,1,0.34000,0.14000,0.18000,0.18000,0.24000,0.04200,0.07000,0.04000
ego_motion_shift,0,46,128,29,30,13,4,9,1,0.34000,0.14000,0.18000,0.18000,0.24000,0.04200,0.07000,0.04000
ego_motion_shift,0,47,128,24,23,16,3,9,1,0.34000,0.14000,0.18000,0.18000,0.24000,0.04200,0.07000,0.04000
ego_motion_shift,0,48,128,21,23,18,3,9,1,0.34000,0.14000,0.18000,0.18000,0.24000,0.04200,0.07000,0.04000
ego_motion_shift,0,49,128,23,30,19,3,9,1,0.34000,0.14000,0.18000,0.18000,0.24000,0.04200,0.07000,0.04000
ego_motion_shift,0,50,128,21,27,17,3,9,1,0.34000,0.14000,0.18000,0.18000,0.24000,0.04200,0.07000,0.04000
ego_motion_shift,0,51,128,29,28,16,4,9,1,0.34000,0.14000,0.18000,0.18000,0.24000,0.04200,0.07000,0.04000
ego_motion_shift,0,52,128,31,25,11,4,9,1,0.34000,0.14000,0.18000,0.18000,0.24000,0.04200,0.07000,0.04000
ego_motion_shift,0,53,128,22,25,15,3,9,1,0.34000,0.14000,0.18000,0.18000,0.24000,0.04200,0.07000,0.04000
ego_motion_shift,0,54,128,24,24,19,3,9,1,0.34000,0.14000,0.18000,0.18000,0.24000,0.04200,0.07000,0.04000
ego_motion_shift,0,55,128,26,27,15,4,9,1,0.34000,0.14000,0.18000,0.18000,0.24000,0.04200,0.07000,0.04000
ego_motion_shift,0,56,128,20,27,19,3,9,1,0.34000,0.14000,0.18000,0.18000,0.24000,0.04200,0.07000,0.04000
ego_motion_shift,0,57,128,26,33,17,4,9,1,0.34000,0.14000,0.18000,0.18000,0.24000,0.04200,0.07000,0.04000
ego_motion_shift,0,58,128,28,33,15,4,9,1,0.34000,0.14000,0.18000,0.18000,0.24000,0.04200,0.07000,0.04000
ego_motion_shift,0,59,128,25,30,16,4,9,1,0.34000,0.14000,0.18000,0.18000,0.24000,0.04200,0.07000,0.04000
ego_motion_shift,0,60,128,21,28,19,3,9,1,0.34000,0.14000,0.18000,0.18000,0.24000,0.04200,0.07000,0.04000
ego_motion_shift,0,61,128,21,30,14,3,9,1,0.34000,0.14000,0.18000,0.18000,0.24000,0.04200,0.07000,0.04000
ego_motion_shift,0,62,128,23,26,16,3,9,1,0.34000,0.14000,0.18000,0.18000,0.24000,0.04200,0.07000,0.04000
ego_motion_shift,0,63,128,30,22,11,4,9,1,0.34000,0.14000,0.18000,0.18000,0.24000,0.04200,0.07000,0.04000
ego_motion_shift,1,0,128,30,24,10,4,9,1,0.34000,0.14000,0.18000,0.18000,0.24000,0.04200,0.07000,0.04000
ego_motion_shift,1,1,128,26,29,11,4,9,1,0.34000,0.14000,0.18000,0.18000,0.24000,0.04200,0.07000,0.04000
ego_motion_shift,1,2,128,20,26,17,3,9,1,0.34000,0.14000,0.18000,0.18000,0.24000,0.04200,0.07000,0.04000
ego_motion_shift,1,3,128,26,22,14,4,9,1,0.34000,0.14000,0.18000,0.18000,0.24000,0.04200,0.07000,0.04000
ego_motion_shift,1,4,128,23,23,16,3,9,1,0.34000,0.14000,0.18000,0.18000,0.24000,0.04200,0.07000,0.04000
ego_motion_shift,1,5,128,25,24,12,4,9,1,0.34000,0.14000,0.18000,0.18000,0.24000,0.04200,0.07000,0.04000
ego_motion_shift,1,6,128,25,27,10,4,9,1,0.34000,0.14000,0.18000,0.18000,0.24000,0.04200,0.07000,0.04000
ego_motion_shift,1,7,128,27,33,15,4,9,1,0.34000,0.14000,0.18000,0.18000,0.24000,0.04200,0.07000,0.04000
ego_motion_shift,1,8,128,23,24,19,3,9,1,0.34000,0.14000,0.18000,0.18000,0.24000,0.04200,0.07000,0.04000
ego_motion_shift,1,9,128,26,30,11,4,9,1,0.34000,0.14000,0.18000,0.18000,0.24000,0.04200,0.07000,0.04000
ego_motion_shift,1,10,128,24,31,16,3,9,1,0.34000,0.14000,0.18000,0.18000,0.24000,0.04200,0.07000,0.04000
ego_motion_shift,1,11,128,20,22,15,3,9,1,0.34000,0.14000,0.18000,0.18000,0.24000,0.04200,0.07000,0.04000
ego_motion_shift,1,12,128,20,25,11,3,9,1,0.34000,0.14000,0.18000,0.18000,0.24000,0.04200,0.07000,0.04000
ego_motion_shift,1,13,128,31,30,12,4,9,1,0.34000,0.14000,0.18000,0.18000,0.24000,0.04200,0.07000,0.04000
ego_motion_shift,1,14,128,33,25,15,5,9,1,0.34000,0.14000,0.18000,0.18000,0.24000,0.04200,0.07000,0.04000
ego_motion_shift,1,15,128,32,23,10,4,9,1,0.34000,0.14000,0.18000,0.18000,0.24000,0.04200,0.07000,0.04000
ego_motion_shift,1,16,128,26,27,18,4,9,1,0.34000,0.14000,0.18000,0.18000,0.24000,0.04200,0.07000,0.04000
ego_motion_shift,1,17,128,30,33,11,4,9,1,0.34000,0.14000,0.18000,0.18000,0.24000,0.04200,0.07000,0.04000
ego_motion_shift,1,18,128,26,25,16,4,9,1,0.34000,0.14000,0.18000,0.18000,0.24000,0.04200,0.07000,0.04000
ego_motion_shift,1,19,128,21,24,10,3,9,1,0.34000,0.14000,0.18000,0.18000,0.24000,0.04200,0.07000,0.04000
ego_motion_shift,1,20,128,24,31,11,3,9,1,0.34000,0.14000,0.18000,0.18000,0.24000,0.04200,0.07000,0.04000
ego_motion_shift,1,21,128,24,22,14,3,9,1,0.34000,0.14000,0.18000,0.18000,0.24000,0.04200,0.07000,0.04000
ego_motion_shift,1,22,128,32,27,17,4,9,1,0.34000,0.14000,0.18000,0.18000,0.24000,0.04200,0.07000,0.04000
ego_motion_shift,1,23,128,33,22,13,5,9,1,0.34000,0.14000,0.18000,0.18000,0.24000,0.04200,0.07000,0.04000
ego_motion_shift,1,24,128,22,23,14,3,9,1,0.34000,0.14000,0.18000,0.18000,0.24000,0.04200,0.07000,0.04000
ego_motion_shift,1,25,128,20,28,16,3,9,1,0.34000,0.14000,0.18000,0.18000,0.24000,0.04200,0.07000,0.04000
ego_motion_shift,1,26,128,28,30,17,4,9,1,0.34000,0.14000,0.18000,0.18000,0.24000,0.04200,0.07000,0.04000
ego_motion_shift,1,27,128,24,28,18,3,9,1,0.34000,0.14000,0.18000,0.18000,0.24000,0.04200,0.07000,0.04000
ego_motion_shift,1,28,128,27,25,19,4,9,1,0.34000,0.14000,0.18000,0.18000,0.24000,0.04200,0.07000,0.04000
ego_motion_shift,1,29,128,20,26,11,3,9,1,0.34000,0.14000,0.18000,0.18000,0.24000,0.04200,0.07000,0.04000
ego_motion_shift,1,30,128,23,22,11,3,9,1,0.34000,0.14000,0.18000,0.18000,0.24000,0.04200,0.07000,0.04000
ego_motion_shift,1,31,128,29,26,11,4,9,1,0.34000,0.14000,0.18000,0.18000,0.24000,0.04200,0.07000,0.04000
ego_motion_shift,1,32,128,32,29,13,4,9,1,0.34000,0.14000,0.18000,0.18000,0.24000,0.04200,0.07000,0.04000
ego_motion_shift,1,33,128,33,28,17,5,9,1,0.34000,0.14000,0.18000,0.18000,0.24000,0.04200,0.07000,0.04000
ego_motion_shift,1,34,128,29,27,13,4,9,1,0.34000,0.14000,0.18000,0.18000,0.24000,0.04200,0.07000,0.04000
ego_motion_shift,1,35,128,26,23,14,4,9,1,0.34000,0.14000,0.18000,0.18000,0.24000,0.04200,0.07000,0.04000
ego_motion_shift,1,36,128,27,28,12,4,9,1,0.34000,0.14000,0.18000,0.18000,0.24000,0.04200,0.07000,0.04000
ego_motion_shift,1,37,128,32,30,18,4,9,1,0.34000,0.14000,0.18000,0.18000,0.24000,0.04200,0.07000,0.04000
ego_motion_shift,1,38,128,23,30,16,3,9,1,0.34000,0.14000,0.18000,0.18000,0.24000,0.04200,0.07000,0.04000
ego_motion_shift,1,39,128,27,30,19,4,9,1,0.34000,0.14000,0.18000,0.18000,0.24000,0.04200,0.07000,0.04000
ego_motion_shift,1,40,128,21,23,18,3,9,1,0.34000,0.14000,0.18000,0.18000,0.24000,0.04200,0.07000,0.04000
ego_motion_shift,1,41,128,25,31,14,4,9,1,0.34000,0.14000,0.18000,0.18000,0.24000,0.04200,0.07000,0.04000
ego_motion_shift,1,42,128,25,24,15,4,9,1,0.34000,0.14000,0.18000,0.18000,0.24000,0.04200,0.07000,0.04000
ego_motion_shift,1,43,128,24,22,12,3,9,1,0.34000,0.14000,0.18000,0.18000,0.24000,0.04200,0.07000,0.04000
ego_motion_shift,1,44,128,33,31,11,5,9,1,0.34000,0.14000,0.18000,0.18000,0.24000,0.04200,0.07000,0.04000
ego_motion_shift,1,45,128,26,22,11,4,9,1,0.34000,0.14000,0.18000,0.18000,0.24000,0.04200,0.07000,0.04000
ego_motion_shift,1,46,128,33,26,18,5,9,1,0.34000,0.14000,0.18000,0.18000,0.24000,0.04200,0.07000,0.04000
ego_motion_shift,1,47,128,32,22,13,4,9,1,0.34000,0.14000,0.18000,0.18000,0.24000,0.04200,0.07000,0.04000
ego_motion_shift,1,48,128,29,30,14,4,9,1,0.34000,0.14000,0.18000,0.18000,0.24000,0.04200,0.07000,0.04000
ego_motion_shift,1,49,128,31,32,14,4,9,1,0.34000,0.14000,0.18000,0.18000,0.24000,0.04200,0.07000,0.04000
ego_motion_shift,1,50,128,30,32,12,4,9,1,0.34000,0.14000,0.18000,0.18000,0.24000,0.04200,0.07000,0.04000
ego_motion_shift,1,51,128,28,23,12,4,9,1,0.34000,0.14000,0.18000,0.18000,0.24000,0.04200,0.07000,0.04000
ego_motion_shift,1,52,128,33,23,17,5,9,1,0.34000,0.14000,0.18000,0.18000,0.24000,0.04200,0.07000,0.04000
ego_motion_shift,1,53,128,31,31,16,4,9,1,0.34000,0.14000,0.18000,0.18000,0.24000,0.04200,0.07000,0.04000
ego_motion_shift,1,54,128,21,32,11,3,9,1,0.34000,0.14000,0.18000,0.18000,0.24000,0.04200,0.07000,0.04000
ego_motion_shift,1,55,128,27,23,10,4,9,1,0.34000,0.14000,0.18000,0.18000,0.24000,0.04200,0.07000,0.04000
ego_motion_shift,1,56,128,26,28,13,4,9,1,0.34000,0.14000,0.18000,0.18000,0.24000,0.04200,0.07000,0.04000
ego_motion_shift,1,57,128,20,30,10,3,9,1,0.34000,0.14000,0.18000,0.18000,0.24000,0.04200,0.07000,0.04000
ego_motion_shift,1,58,128,21,25,13,3,9,1,0.34000,0.14000,0.18000,0.18000,0.24000,0.04200,0.07000,0.04000
ego_motion_shift,1,59,128,22,25,14,3,9,1,0.34000,0.14000,0.18000,0.18000,0.24000,0.04200,0.07000,0.04000
ego_motion_shift,1,60,128,25,22,14,4,9,1,0.34000,0.14000,0.18000,0.18000,0.24000,0.04200,0.07000,0.04000
ego_motion_shift,1,61,128,21,23,19,3,9,1,0.34000,0.14000,0.18000,0.18000,0.24000,0.04200,0.07000,0.04000
ego_motion_shift,1,62,128,33,29,12,5,9,1,0.34000,0.14000,0.18000,0.18000,0.24000,0.04200,0.07000,0.04000
ego_motion_shift,1,63,128,28,27,15,4,9,1,0.34000,0.14000,0.18000,0.18000,0.24000,0.04200,0.07000,0.04000
ego_motion_shift,2,0,128,26,22,15,4,9,1,0.34000,0.14000,0.18000,0.18000,0.24000,0.04200,0.07000,0.04000
ego_motion_shift,2,1,128,33,29,10,5,9,1,0.34000,0.14000,0.18000,0.18000,0.24000,0.04200,0.07000,0.04000
ego_motion_shift,2,2,128,33,24,13,5,9,1,0.34000,0.14000,0.18000,0.18000,0.24000,0.04200,0.07000,0.04000
ego_motion_shift,2,3,128,24,26,13,3,9,1,0.34000,0.14000,0.18000,0.18000,0.24000,0.04200,0.07000,0.04000
ego_motion_shift,2,4,128,27,30,14,4,9,1,0.34000,0.14000,0.18000,0.18000,0.24000,0.04200,0.07000,0.04000
ego_motion_shift,2,5,128,33,22,19,5,9,1,0.34000,0.14000,0.18000,0.18000,0.24000,0.04200,0.07000,0.04000
ego_motion_shift,2,6,128,33,22,13,5,9,1,0.34000,0.14000,0.18000,0.18000,0.24000,0.04200,0.07000,0.04000
ego_motion_shift,2,7,128,24,29,10,3,9,1,0.34000,0.14000,0.18000,0.18000,0.24000,0.04200,0.07000,0.04000
ego_motion_shift,2,8,128,32,28,17,4,9,1,0.34000,0.14000,0.18000,0.18000,0.24000,0.04200,0.07000,0.04000
ego_motion_shift,2,9,128,21,23,12,3,9,1,0.34000,0.14000,0.18000,0.18000,0.24000,0.04200,0.07000,0.04000
ego_motion_shift,2,10,128,32,31,12,4,9,1,0.34000,0.14000,0.18000,0.18000,0.24000,0.04200,0.07000,0.04000
ego_motion_shift,2,11,128,26,30,15,4,9,1,0.34000,0.14000,0.18000,0.18000,0.24000,0.04200,0.07000,0.04000
ego_motion_shift,2,12,128,29,30,10,4,9,1,0.34000,0.14000,0.18000,0.18000,0.24000,0.04200,0.07000,0.04000
ego_motion_shift,2,13,128,27,26,14,4,9,1,0.34000,0.14000,0.18000,0.18000,0.24000,0.04200,0.07000,0.04000
ego_motion_shift,2,14,128,26,23,15,4,9,1,0.34000,0.14000,0.18000,0.18000,0.24000,0.04200,0.07000,0.04000
ego_motion_shift,2,15,128,23,29,10,3,9,1,0.34000,0.14000,0.18000,0.18000,0.24000,0.04200,0.07000,0.04000
ego_motion_shift,2,16,128,20,22,19,3,9,1,0.34000,0.14000,0.18000,0.18000,0.24000,0.04200,0.07000,0.04000
ego_motion_shift,2,17,128,33,23,16,5,9,1,0.34000,0.14000,0.18000,0.18000,0.24000,0.04200,0.07000,0.04000
ego_motion_shift,2,18,128,24,22,17,3,9,1,0.34000,0.14000,0.18000,0.18000,0.24000,0.04200,0.07000,0.04000
ego_motion_shift,2,19,128,25,23,17,4,9,1,0.34000,0.14000,0.18000,0.18000,0.24000,0.04200,0.07000,0.04000
ego_motion_shift,2,20,128,27,33,17,4,9,1,0.34000,0.14000,0.18000,0.18000,0.24000,0.04200,0.07000,0.04000
ego_motion_shift,2,21,128,24,26,14,3,9,1,0.34000,0.14000,0.18000,0.18000,0.24000,0.04200,0.07000,0.04000
ego_motion_shift,2,22,128,24,23,10,3,9,1,0.34000,0.14000,0.18000,0.18000,0.24000,0.04200,0.07000,0.04000
ego_motion_shift,2,23,128,27,30,11,4,9,1,0.34000,0.14000,0.18000,0.18000,0.24000,0.04200,0.07000,0.04000
ego_motion_shift,2,24,128,23,31,10,3,9,1,0.34000,0.14000,0.18000,0.18000,0.24000,0.04200,0.07000,0.04000
ego_motion_shift,2,25,128,31,31,17,4,9,1,0.34000,0.14000,0.18000,0.18000,0.24000,0.04200,0.07000,0.04000
ego_motion_shift,2,26,128,28,32,13,4,9,1,0.34000,0.14000,0.18000,0.18000,0.24000,0.04200,0.07000,0.04000
ego_motion_shift,2,27,128,29,23,12,4,9,1,0.34000,0.14000,0.18000,0.18000,0.24000,0.04200,0.07000,0.04000
ego_motion_shift,2,28,128,27,24,12,4,9,1,0.34000,0.14000,0.18000,0.18000,0.24000,0.04200,0.07000,0.04000
ego_motion_shift,2,29,128,30,26,15,4,9,1,0.34000,0.14000,0.18000,0.18000,0.24000,0.04200,0.07000,0.04000
ego_motion_shift,2,30,128,25,22,17,4,9,1,0.34000,0.14000,0.18000,0.18000,0.24000,0.04200,0.07000,0.04000
ego_motion_shift,2,31,128,30,28,19,4,9,1,0.34000,0.14000,0.18000,0.18000,0.24000,0.04200,0.07000,0.04000
ego_motion_shift,2,32,128,33,31,17,5,9,1,0.34000,0.14000,0.18000,0.18000,0.24000,0.04200,0.07000,0.04000
ego_motion_shift,2,33,128,31,24,10,4,9,1,0.34000,0.14000,0.18000,0.18000,0.24000,0.04200,0.07000,0.04000
ego_motion_shift,2,34,128,20,30,12,3,9,1,0.34000,0.14000,0.18000,0.18000,0.24000,0.04200,0.07000,0.04000
ego_motion_shift,2,35,128,25,31,18,4,9,1,0.34000,0.14000,0.18000,0.18000,0.24000,0.04200,0.07000,0.04000
ego_motion_shift,2,36,128,29,33,10,4,9,1,0.34000,0.14000,0.18000,0.18000,0.24000,0.04200,0.07000,0.04000
ego_motion_shift,2,37,128,22,22,14,3,9,1,0.34000,0.14000,0.18000,0.18000,0.24000,0.04200,0.07000,0.04000
ego_motion_shift,2,38,128,22,25,17,3,9,1,0.34000,0.14000,0.18000,0.18000,0.24000,0.04200,0.07000,0.04000
ego_motion_shift,2,39,128,20,33,13,3,9,1,0.34000,0.14000,0.18000,0.18000,0.24000,0.04200,0.07000,0.04000
ego_motion_shift,2,40,128,30,33,19,4,9,1,0.34000,0.14000,0.18000,0.18000,0.24000,0.04200,0.07000,0.04000
ego_motion_shift,2,41,128,22,32,13,3,9,1,0.34000,0.14000,0.18000,0.18000,0.24000,0.04200,0.07000,0.04000
ego_motion_shift,2,42,128,23,27,17,3,9,1,0.34000,0.14000,0.18000,0.18000,0.24000,0.04200,0.07000,0.04000
ego_motion_shift,2,43,128,23,28,19,3,9,1,0.34000,0.14000,0.18000,0.18000,0.24000,0.04200,0.07000,0.04000
ego_motion_shift,2,44,128,33,23,18,5,9,1,0.34000,0.14000,0.18000,0.18000,0.24000,0.04200,0.07000,0.04000
ego_motion_shift,2,45,128,21,28,13,3,9,1,0.34000,0.14000,0.18000,0.18000,0.24000,0.04200,0.07000,0.04000
ego_motion_shift,2,46,128,20,33,15,3,9,1,0.34000,0.14000,0.18000,0.18000,0.24000,0.04200,0.07000,0.04000
ego_motion_shift,2,47,128,32,24,11,4,9,1,0.34000,0.14000,0.18000,0.18000,0.24000,0.04200,0.07000,0.04000
ego_motion_shift,2,48,128,33,32,14,5,9,1,0.34000,0.14000,0.18000,0.18000,0.24000,0.04200,0.07000,0.04000
ego_motion_shift,2,49,128,25,32,10,4,9,1,0.34000,0.14000,0.18000,0.18000,0.24000,0.04200,0.07000,0.04000
ego_motion_shift,2,50,128,21,33,10,3,9,1,0.34000,0.14000,0.18000,0.18000,0.24000,0.04200,0.07000,0.04000
ego_motion_shift,2,51,128,27,30,18,4,9,1,0.34000,0.14000,0.18000,0.18000,0.24000,0.04200,0.07000,0.04000
ego_motion_shift,2,52,128,29,24,10,4,9,1,0.34000,0.14000,0.18000,0.18000,0.24000,0.04200,0.07000,0.04000
ego_motion_shift,2,53,128,20,25,10,3,9,1,0.34000,0.14000,0.18000,0.18000,0.24000,0.04200,0.07000,0.04000
ego_motion_shift,2,54,128,31,27,15,4,9,1,0.34000,0.14000,0.18000,0.18000,0.24000,0.04200,0.07000,0.04000
ego_motion_shift,2,55,128,26,33,13,4,9,1,0.34000,0.14000,0.18000,0.18000,0.24000,0.04200,0.07000,0.04000
ego_motion_shift,2,56,128,26,27,11,4,9,1,0.34000,0.14000,0.18000,0.18000,0.24000,0.04200,0.07000,0.04000
ego_motion_shift,2,57,128,26,25,18,4,9,1,0.34000,0.14000,0.18000,0.18000,0.24000,0.04200,0.07000,0.04000
ego_motion_shift,2,58,128,22,33,17,3,9,1,0.34000,0.14000,0.18000,0.18000,0.24000,0.04200,0.07000,0.04000
ego_motion_shift,2,59,128,20,32,10,3,9,1,0.34000,0.14000,0.18000,0.18000,0.24000,0.04200,0.07000,0.04000
ego_motion_shift,2,60,128,26,22,10,4,9,1,0.34000,0.14000,0.18000,0.18000,0.24000,0.04200,0.07000,0.04000
ego_motion_shift,2,61,128,26,25,13,4,9,1,0.34000,0.14000,0.18000,0.18000,0.24000,0.04200,0.07000,0.04000
ego_motion_shift,2,62,128,24,24,11,3,9,1,0.34000,0.14000,0.18000,0.18000,0.24000,0.04200,0.07000,0.04000
ego_motion_shift,2,63,128,21,29,15,3,9,1,0.34000,0.14000,0.18000,0.18000,0.24000,0.04200,0.07000,0.04000
ego_motion_shift,3,0,128,32,29,15,4,9,1,0.34000,0.14000,0.18000,0.18000,0.24000,0.04200,0.07000,0.04000
ego_motion_shift,3,1,128,27,32,14,4,9,1,0.34000,0.14000,0.18000,0.18000,0.24000,0.04200,0.07000,0.04000
ego_motion_shift,3,2,128,26,33,16,4,9,1,0.34000,0.14000,0.18000,0.18000,0.24000,0.04200,0.07000,0.04000
ego_motion_shift,3,3,128,28,32,14,4,9,1,0.34000,0.14000,0.18000,0.18000,0.24000,0.04200,0.07000,0.04000
ego_motion_shift,3,4,128,23,31,19,3,9,1,0.34000,0.14000,0.18000,0.18000,0.24000,0.04200,0.07000,0.04000
ego_motion_shift,3,5,128,31,33,11,4,9,1,0.34000,0.14000,0.18000,0.18000,0.24000,0.04200,0.07000,0.04000
ego_motion_shift,3,6,128,23,31,17,3,9,1,0.34000,0.14000,0.18000,0.18000,0.24000,0.04200,0.07000,0.04000
ego_motion_shift,3,7,128,20,23,18,3,9,1,0.34000,0.14000,0.18000,0.18000,0.24000,0.04200,0.07000,0.04000
ego_motion_shift,3,8,128,32,23,13,4,9,1,0.34000,0.14000,0.18000,0.18000,0.24000,0.04200,0.07000,0.04000
ego_motion_shift,3,9,128,21,27,13,3,9,1,0.34000,0.14000,0.18000,0.18000,0.24000,0.04200,0.07000,0.04000
ego_motion_shift,3,10,128,32,28,12,4,9,1,0.34000,0.14000,0.18000,0.18000,0.24000,0.04200,0.07000,0.04000
ego_motion_shift,3,11,128,21,32,16,3,9,1,0.34000,0.14000,0.18000,0.18000,0.24000,0.04200,0.07000,0.04000
ego_motion_shift,3,12,128,21,25,17,3,9,1,0.34000,0.14000,0.18000,0.18000,0.24000,0.04200,0.07000,0.04000
ego_motion_shift,3,13,128,21,22,10,3,9,1,0.34000,0.14000,0.18000,0.18000,0.24000,0.04200,0.07000,0.04000
ego_motion_shift,3,14,128,20,24,13,3,9,1,0.34000,0.14000,0.18000,0.18000,0.24000,0.04200,0.07000,0.04000
ego_motion_shift,3,15,128,21,24,11,3,9,1,0.34000,0.14000,0.18000,0.18000,0.24000,0.04200,0.07000,0.04000
ego_motion_shift,3,16,128,20,23,17,3,9,1,0.34000,0.14000,0.18000,0.18000,0.24000,0.04200,0.07000,0.04000
ego_motion_shift,3,17,128,22,26,10,3,9,1,0.34000,0.14000,0.18000,0.18000,0.24000,0.04200,0.07000,0.04000
ego_motion_shift,3,18,128,24,27,19,3,9,1,0.34000,0.14000,0.18000,0.18000,0.24000,0.04200,0.07000,0.04000
ego_motion_shift,3,19,128,21,26,17,3,9,1,0.34000,0.14000,0.18000,0.18000,0.24000,0.04200,0.07000,0.04000
ego_motion_shift,3,20,128,31,33,18,4,9,1,0.34000,0.14000,0.18000,0.18000,0.24000,0.04200,0.07000,0.04000
ego_motion_shift,3,21,128,22,22,17,3,9,1,0.34000,0.14000,0.18000,0.18000,0.24000,0.04200,0.07000,0.04000
ego_motion_shift,3,22,128,25,29,17,4,9,1,0.34000,0.14000,0.18000,0.18000,0.24000,0.04200,0.07000,0.04000
ego_motion_shift,3,23,128,31,28,17,4,9,1,0.34000,0.14000,0.18000,0.18000,0.24000,0.04200,0.07000,0.04000
ego_motion_shift,3,24,128,28,22,17,4,9,1,0.34000,0.14000,0.18000,0.18000,0.24000,0.04200,0.07000,0.04000
ego_motion_shift,3,25,128,33,23,15,5,9,1,0.34000,0.14000,0.18000,0.18000,0.24000,0.04200,0.07000,0.04000
ego_motion_shift,3,26,128,31,30,15,4,9,1,0.34000,0.14000,0.18000,0.18000,0.24000,0.04200,0.07000,0.04000
ego_motion_shift,3,27,128,26,33,11,4,9,1,0.34000,0.14000,0.18000,0.18000,0.24000,0.04200,0.07000,0.04000
ego_motion_shift,3,28,128,30,30,16,4,9,1,0.34000,0.14000,0.18000,0.18000,0.24000,0.04200,0.07000,0.04000
ego_motion_shift,3,29,128,28,25,17,4,9,1,0.34000,0.14000,0.18000,0.18000,0.24000,0.04200,0.07000,0.04000
ego_motion_shift,3,30,128,33,29,14,5,9,1,0.34000,0.14000,0.18000,0.18000,0.24000,0.04200,0.07000,0.04000
ego_motion_shift,3,31,128,20,32,18,3,9,1,0.34000,0.14000,0.18000,0.18000,0.24000,0.04200,0.07000,0.04000
ego_motion_shift,3,32,128,26,30,10,4,9,1,0.34000,0.14000,0.18000,0.18000,0.24000,0.04200,0.07000,0.04000
ego_motion_shift,3,33,128,28,25,11,4,9,1,0.34000,0.14000,0.18000,0.18000,0.24000,0.04200,0.07000,0.04000
ego_motion_shift,3,34,128,30,23,18,4,9,1,0.34000,0.14000,0.18000,0.18000,0.24000,0.04200,0.07000,0.04000
ego_motion_shift,3,35,128,29,29,15,4,9,1,0.34000,0.14000,0.18000,0.18000,0.24000,0.04200,0.07000,0.04000
ego_motion_shift,3,36,128,25,23,13,4,9,1,0.34000,0.14000,0.18000,0.18000,0.24000,0.04200,0.07000,0.04000
ego_motion_shift,3,37,128,29,32,18,4,9,1,0.34000,0.14000,0.18000,0.18000,0.24000,0.04200,0.07000,0.04000
ego_motion_shift,3,38,128,23,27,13,3,9,1,0.34000,0.14000,0.18000,0.18000,0.24000,0.04200,0.07000,0.04000
ego_motion_shift,3,39,128,27,33,17,4,9,1,0.34000,0.14000,0.18000,0.18000,0.24000,0.04200,0.07000,0.04000
ego_motion_shift,3,40,128,30,29,13,4,9,1,0.34000,0.14000,0.18000,0.18000,0.24000,0.04200,0.07000,0.04000
ego_motion_shift,3,41,128,32,30,18,4,9,1,0.34000,0.14000,0.18000,0.18000,0.24000,0.04200,0.07000,0.04000
ego_motion_shift,3,42,128,26,31,13,4,9,1,0.34000,0.14000,0.18000,0.18000,0.24000,0.04200,0.07000,0.04000
ego_motion_shift,3,43,128,30,27,10,4,9,1,0.34000,0.14000,0.18000,0.18000,0.24000,0.04200,0.07000,0.04000
ego_motion_shift,3,44,128,22,25,16,3,9,1,0.34000,0.14000,0.18000,0.18000,0.24000,0.04200,0.07000,0.04000
ego_motion_shift,3,45,128,22,28,11,3,9,1,0.34000,0.14000,0.18000,0.18000,0.24000,0.04200,0.07000,0.04000
ego_motion_shift,3,46,128,26,32,13,4,9,1,0.34000,0.14000,0.18000,0.18000,0.24000,0.04200,0.07000,0.04000
ego_motion_shift,3,47,128,33,28,11,5,9,1,0.34000,0.14000,0.18000,0.18000,0.24000,0.04200,0.07000,0.04000
ego_motion_shift,3,48,128,23,27,12,3,9,1,0.34000,0.14000,0.18000,0.18000,0.24000,0.04200,0.07000,0.04000
ego_motion_shift,3,49,128,27,23,10,4,9,1,0.34000,0.14000,0.18000,0.18000,0.24000,0.04200,0.07000,0.04000
ego_motion_shift,3,50,128,29,24,10,4,9,1,0.34000,0.14000,0.18000,0.18000,0.24000,0.04200,0.07000,0.04000
ego_motion_shift,3,51,128,32,25,18,4,9,1,0.34000,0.14000,0.18000,0.18000,0.24000,0.04200,0.07000,0.04000
ego_motion_shift,3,52,128,27,29,19,4,9,1,0.34000,0.14000,0.18000,0.18000,0.24000,0.04200,0.07000,0.04000
ego_motion_shift,3,53,128,20,25,19,3,9,1,0.34000,0.14000,0.18000,0.18000,0.24000,0.04200,0.07000,0.04000
ego_motion_shift,3,54,128,23,32,13,3,9,1,0.34000,0.14000,0.18000,0.18000,0.24000,0.04200,0.07000,0.04000
ego_motion_shift,3,55,128,21,29,15,3,9,1,0.34000,0.14000,0.18000,0.18000,0.24000,0.04200,0.07000,0.04000
ego_motion_shift,3,56,128,20,33,11,3,9,1,0.34000,0.14000,0.18000,0.18000,0.24000,0.04200,0.07000,0.04000
ego_motion_shift,3,57,128,27,25,18,4,9,1,0.34000,0.14000,0.18000,0.18000,0.24000,0.04200,0.07000,0.04000
ego_motion_shift,3,58,128,27,29,10,4,9,1,0.34000,0.14000,0.18000,0.18000,0.24000,0.04200,0.07000,0.04000
ego_motion_shift,3,59,128,25,27,11,4,9,1,0.34000,0.14000,0.18000,0.18000,0.24000,0.04200,0.07000,0.04000
ego_motion_shift,3,60,128,25,30,11,4,9,1,0.34000,0.14000,0.18000,0.18000,0.24000,0.04200,0.07000,0.04000
ego_motion_shift,3,61,128,24,31,10,3,9,1,0.34000,0.14000,0.18000,0.18000,0.24000,0.04200,0.07000,0.04000
ego_motion_shift,3,62,128,31,23,17,4,9,1,0.34000,0.14000,0.18000,0.18000,0.24000,0.04200,0.07000,0.04000
ego_motion_shift,3,63,128,29,27,18,4,9,1,0.34000,0.14000,0.18000,0.18000,0.24000,0.04200,0.07000,0.04000
ego_motion_shift,4,0,128,21,24,18,3,9,1,0.34000,0.14000,0.18000,0.18000,0.24000,0.04200,0.07000,0.04000
ego_motion_shift,4,1,128,21,33,18,3,9,1,0.34000,0.14000,0.18000,0.18000,0.24000,0.04200,0.07000,0.04000
ego_motion_shift,4,2,128,26,30,12,4,9,1,0.34000,0.14000,0.18000,0.18000,0.24000,0.04200,0.07000,0.04000
ego_motion_shift,4,3,128,33,27,10,5,9,1,0.34000,0.14000,0.18000,0.18000,0.24000,0.04200,0.07000,0.04000
ego_motion_shift,4,4,128,29,23,15,4,9,1,0.34000,0.14000,0.18000,0.18000,0.24000,0.04200,0.07000,0.04000
ego_motion_shift,4,5,128,28,31,15,4,9,1,0.34000,0.14000,0.18000,0.18000,0.24000,0.04200,0.07000,0.04000
ego_motion_shift,4,6,128,31,29,14,4,9,1,0.34000,0.14000,0.18000,0.18000,0.24000,0.04200,0.07000,0.04000
ego_motion_shift,4,7,128,30,27,18,4,9,1,0.34000,0.14000,0.18000,0.18000,0.24000,0.04200,0.07000,0.04000
ego_motion_shift,4,8,128,30,26,18,4,9,1,0.34000,0.14000,0.18000,0.18000,0.24000,0.04200,0.07000,0.04000
ego_motion_shift,4,9,128,20,23,10,3,9,1,0.34000,0.14000,0.18000,0.18000,0.24000,0.04200,0.07000,0.04000
ego_motion_shift,4,10,128,30,29,14,4,9,1,0.34000,0.14000,0.18000,0.18000,0.24000,0.04200,0.07000,0.04000
ego_motion_shift,4,11,128,30,25,19,4,9,1,0.34000,0.14000,0.18000,0.18000,0.24000,0.04200,0.07000,0.04000
ego_motion_shift,4,12,128,24,23,14,3,9,1,0.34000,0.14000,0.18000,0.18000,0.24000,0.04200,0.07000,0.04000
ego_motion_shift,4,13,128,30,28,12,4,9,1,0.34000,0.14000,0.18000,0.18000,0.24000,0.04200,0.07000,0.04000
ego_motion_shift,4,14,128,21,28,19,3,9,1,0.34000,0.14000,0.18000,0.18000,0.24000,0.04200,0.07000,0.04000
ego_motion_shift,4,15,128,26,25,10,4,9,1,0.34000,0.14000,0.18000,0.18000,0.24000,0.04200,0.07000,0.04000
ego_motion_shift,4,16,128,26,28,17,4,9,1,0.34000,0.14000,0.18000,0.18000,0.24000,0.04200,0.07000,0.04000
ego_motion_shift,4,17,128,21,28,17,3,9,1,0.34000,0.14000,0.18000,0.18000,0.24000,0.04200,0.07000,0.04000
ego_motion_shift,4,18,128,21,29,17,3,9,1,0.34000,0.14000,0.18000,0.18000,0.24000,0.04200,0.07000,0.04000
ego_motion_shift,4,19,128,31,31,10,4,9,1,0.34000,0.14000,0.18000,0.18000,0.24000,0.04200,0.07000,0.04000
ego_motion_shift,4,20,128,31,32,11,4,9,1,0.34000,0.14000,0.18000,0.18000,0.24000,0.04200,0.07000,0.04000
ego_motion_shift,4,21,128,22,22,10,3,9,1,0.34000,0.14000,0.18000,0.18000,0.24000,0.04200,0.07000,0.04000
ego_motion_shift,4,22,128,31,22,11,4,9,1,0.34000,0.14000,0.18000,0.18000,0.24000,0.04200,0.07000,0.04000
ego_motion_shift,4,23,128,20,23,16,3,9,1,0.34000,0.14000,0.18000,0.18000,0.24000,0.04200,0.07000,0.04000
ego_motion_shift,4,24,128,23,28,11,3,9,1,0.34000,0.14000,0.18000,0.18000,0.24000,0.04200,0.07000,0.04000
ego_motion_shift,4,25,128,28,29,14,4,9,1,0.34000,0.14000,0.18000,0.18000,0.24000,0.04200,0.07000,0.04000
ego_motion_shift,4,26,128,24,29,11,3,9,1,0.34000,0.14000,0.18000,0.18000,0.24000,0.04200,0.07000,0.04000
ego_motion_shift,4,27,128,32,29,10,4,9,1,0.34000,0.14000,0.18000,0.18000,0.24000,0.04200,0.07000,0.04000
ego_motion_shift,4,28,128,21,23,19,3,9,1,0.34000,0.14000,0.18000,0.18000,0.24000,0.04200,0.07000,0.04000
ego_motion_shift,4,29,128,29,27,10,4,9,1,0.34000,0.14000,0.18000,0.18000,0.24000,0.04200,0.07000,0.04000
ego_motion_shift,4,30,128,23,28,14,3,9,1,0.34000,0.14000,0.18000,0.18000,0.24000,0.04200,0.07000,0.04000
ego_motion_shift,4,31,128,24,23,15,3,9,1,0.34000,0.14000,0.18000,0.18000,0.24000,0.04200,0.07000,0.04000
ego_motion_shift,4,32,128,24,29,17,3,9,1,0.34000,0.14000,0.18000,0.18000,0.24000,0.04200,0.07000,0.04000
ego_motion_shift,4,33,128,20,28,17,3,9,1,0.34000,0.14000,0.18000,0.18000,0.24000,0.04200,0.07000,0.04000
ego_motion_shift,4,34,128,32,26,14,4,9,1,0.34000,0.14000,0.18000,0.18000,0.24000,0.04200,0.07000,0.04000
ego_motion_shift,4,35,128,20,25,18,3,9,1,0.34000,0.14000,0.18000,0.18000,0.24000,0.04200,0.07000,0.04000
ego_motion_shift,4,36,128,29,23,14,4,9,1,0.34000,0.14000,0.18000,0.18000,0.24000,0.04200,0.07000,0.04000
ego_motion_shift,4,37,128,21,33,18,3,9,1,0.34000,0.14000,0.18000,0.18000,0.24000,0.04200,0.07000,0.04000
ego_motion_shift,4,38,128,29,24,10,4,9,1,0.34000,0.14000,0.18000,0.18000,0.24000,0.04200,0.07000,0.04000
ego_motion_shift,4,39,128,20,31,14,3,9,1,0.34000,0.14000,0.18000,0.18000,0.24000,0.04200,0.07000,0.04000
ego_motion_shift,4,40,128,24,29,16,3,9,1,0.34000,0.14000,0.18000,0.18000,0.24000,0.04200,0.07000,0.04000
ego_motion_shift,4,41,128,29,24,17,4,9,1,0.34000,0.14000,0.18000,0.18000,0.24000,0.04200,0.07000,0.04000
ego_motion_shift,4,42,128,21,27,18,3,9,1,0.34000,0.14000,0.18000,0.18000,0.24000,0.04200,0.07000,0.04000
ego_motion_shift,4,43,128,31,23,15,4,9,1,0.34000,0.14000,0.18000,0.18000,0.24000,0.04200,0.07000,0.04000
ego_motion_shift,4,44,128,25,24,10,4,9,1,0.34000,0.14000,0.18000,0.18000,0.24000,0.04200,0.07000,0.04000
ego_motion_shift,4,45,128,24,24,11,3,9,1,0.34000,0.14000,0.18000,0.18000,0.24000,0.04200,0.07000,0.04000
ego_motion_shift,4,46,128,27,22,17,4,9,1,0.34000,0.14000,0.18000,0.18000,0.24000,0.04200,0.07000,0.04000
ego_motion_shift,4,47,128,28,31,14,4,9,1,0.34000,0.14000,0.18000,0.18000,0.24000,0.04200,0.07000,0.04000
ego_motion_shift,4,48,128,22,29,17,3,9,1,0.34000,0.14000,0.18000,0.18000,0.24000,0.04200,0.07000,0.04000
ego_motion_shift,4,49,128,26,30,18,4,9,1,0.34000,0.14000,0.18000,0.18000,0.24000,0.04200,0.07000,0.04000
ego_motion_shift,4,50,128,24,31,16,3,9,1,0.34000,0.14000,0.18000,0.18000,0.24000,0.04200,0.07000,0.04000
ego_motion_shift,4,51,128,27,26,12,4,9,1,0.34000,0.14000,0.18000,0.18000,0.24000,0.04200,0.07000,0.04000
ego_motion_shift,4,52,128,25,22,13,4,9,1,0.34000,0.14000,0.18000,0.18000,0.24000,0.04200,0.07000,0.04000
ego_motion_shift,4,53,128,23,25,19,3,9,1,0.34000,0.14000,0.18000,0.18000,0.24000,0.04200,0.07000,0.04000
ego_motion_shift,4,54,128,20,31,10,3,9,1,0.34000,0.14000,0.18000,0.18000,0.24000,0.04200,0.07000,0.04000
ego_motion_shift,4,55,128,28,31,15,4,9,1,0.34000,0.14000,0.18000,0.18000,0.24000,0.04200,0.07000,0.04000
ego_motion_shift,4,56,128,31,31,11,4,9,1,0.34000,0.14000,0.18000,0.18000,0.24000,0.04200,0.07000,0.04000
ego_motion_shift,4,57,128,22,28,11,3,9,1,0.34000,0.14000,0.18000,0.18000,0.24000,0.04200,0.07000,0.04000
ego_motion_shift,4,58,128,32,25,17,4,9,1,0.34000,0.14000,0.18000,0.18000,0.24000,0.04200,0.07000,0.04000
ego_motion_shift,4,59,128,27,23,15,4,9,1,0.34000,0.14000,0.18000,0.18000,0.24000,0.04200,0.07000,0.04000
ego_motion_shift,4,60,128,29,26,12,4,9,1,0.34000,0.14000,0.18000,0.18000,0.24000,0.04200,0.07000,0.04000
ego_motion_shift,4,61,128,22,28,17,3,9,1,0.34000,0.14000,0.18000,0.18000,0.24000,0.04200,0.07000,0.04000
ego_motion_shift,4,62,128,33,23,11,5,9,1,0.34000,0.14000,0.18000,0.18000,0.24000,0.04200,0.07000,0.04000
ego_motion_shift,4,63,128,32,30,19,4,9,1,0.34000,0.14000,0.18000,0.18000,0.24000,0.04200,0.07000,0.04000
ego_motion_shift,5,0,128,25,33,13,4,9,1,0.34000,0.14000,0.18000,0.18000,0.24000,0.04200,0.07000,0.04000
ego_motion_shift,5,1,128,33,30,10,5,9,1,0.34000,0.14000,0.18000,0.18000,0.24000,0.04200,0.07000,0.04000
ego_motion_shift,5,2,128,22,22,10,3,9,1,0.34000,0.14000,0.18000,0.18000,0.24000,0.04200,0.07000,0.04000
ego_motion_shift,5,3,128,32,30,13,4,9,1,0.34000,0.14000,0.18000,0.18000,0.24000,0.04200,0.07000,0.04000
ego_motion_shift,5,4,128,31,26,13,4,9,1,0.34000,0.14000,0.18000,0.18000,0.24000,0.04200,0.07000,0.04000
ego_motion_shift,5,5,128,32,27,18,4,9,1,0.34000,0.14000,0.18000,0.18000,0.24000,0.04200,0.07000,0.04000
ego_motion_shift,5,6,128,31,30,19,4,9,1,0.34000,0.14000,0.18000,0.18000,0.24000,0.04200,0.07000,0.04000
ego_motion_shift,5,7,128,28,30,11,4,9,1,0.34000,0.14000,0.18000,0.18000,0.24000,0.04200,0.07000,0.04000
ego_motion_shift,5,8,128,23,33,10,3,9,1,0.34000,0.14000,0.18000,0.18000,0.24000,0.04200,0.07000,0.04000
ego_motion_shift,5,9,128,21,33,11,3,9,1,0.34000,0.14000,0.18000,0.18000,0.24000,0.04200,0.07000,0.04000
ego_motion_shift,5,10,128,30,31,16,4,9,1,0.34000,0.14000,0.18000,0.18000,0.24000,0.04200,0.07000,0.04000
ego_motion_shift,5,11,128,25,31,15,4,9,1,0.34000,0.14000,0.18000,0.18000,0.24000,0.04200,0.07000,0.04000
ego_motion_shift,5,12,128,31,33,16,4,9,1,0.34000,0.14000,0.18000,0.18000,0.24000,0.04200,0.07000,0.04000
ego_motion_shift,5,13,128,33,29,17,5,9,1,0.34000,0.14000,0.18000,0.18000,0.24000,0.04200,0.07000,0.04000
ego_motion_shift,5,14,128,27,24,16,4,9,1,0.34000,0.14000,0.18000,0.18000,0.24000,0.04200,0.07000,0.04000
ego_motion_shift,5,15,128,22,30,17,3,9,1,0.34000,0.14000,0.18000,0.18000,0.24000,0.04200,0.07000,0.04000
ego_motion_shift,5,16,128,24,31,19,3,9,1,0.34000,0.14000,0.18000,0.18000,0.24000,0.04200,0.07000,0.04000
ego_motion_shift,5,17,128,30,30,14,4,9,1,0.34000,0.14000,0.18000,0.18000,0.24000,0.04200,0.07000,0.04000
ego_motion_shift,5,18,128,26,26,14,4,9,1,0.34000,0.14000,0.18000,0.18000,0.24000,0.04200,0.07000,0.04000
ego_motion_shift,5,19,128,33,27,10,5,9,1,0.34000,0.14000,0.18000,0.18000,0.24000,0.04200,0.07000,0.04000
ego_motion_shift,5,20,128,28,26,13,4,9,1,0.34000,0.14000,0.18000,0.18000,0.24000,0.04200,0.07000,0.04000
ego_motion_shift,5,21,128,23,32,17,3,9,1,0.34000,0.14000,0.18000,0.18000,0.24000,0.04200,0.07000,0.04000
ego_motion_shift,5,22,128,29,32,15,4,9,1,0.34000,0.14000,0.18000,0.18000,0.24000,0.04200,0.07000,0.04000
ego_motion_shift,5,23,128,29,23,14,4,9,1,0.34000,0.14000,0.18000,0.18000,0.24000,0.04200,0.07000,0.04000
ego_motion_shift,5,24,128,22,33,15,3,9,1,0.34000,0.14000,0.18000,0.18000,0.24000,0.04200,0.07000,0.04000
ego_motion_shift,5,25,128,22,28,13,3,9,1,0.34000,0.14000,0.18000,0.18000,0.24000,0.04200,0.07000,0.04000
ego_motion_shift,5,26,128,22,24,18,3,9,1,0.34000,0.14000,0.18000,0.18000,0.24000,0.04200,0.07000,0.04000
ego_motion_shift,5,27,128,23,27,11,3,9,1,0.34000,0.14000,0.18000,0.18000,0.24000,0.04200,0.07000,0.04000
ego_motion_shift,5,28,128,32,31,10,4,9,1,0.34000,0.14000,0.18000,0.18000,0.24000,0.04200,0.07000,0.04000
ego_motion_shift,5,29,128,20,32,17,3,9,1,0.34000,0.14000,0.18000,0.18000,0.24000,0.04200,0.07000,0.04000
ego_motion_shift,5,30,128,30,22,14,4,9,1,0.34000,0.14000,0.18000,0.18000,0.24000,0.04200,0.07000,0.04000
ego_motion_shift,5,31,128,28,27,10,4,9,1,0.34000,0.14000,0.18000,0.18000,0.24000,0.04200,0.07000,0.04000
ego_motion_shift,5,32,128,30,24,16,4,9,1,0.34000,0.14000,0.18000,0.18000,0.24000,0.04200,0.07000,0.04000
ego_motion_shift,5,33,128,21,24,11,3,9,1,0.34000,0.14000,0.18000,0.18000,0.24000,0.04200,0.07000,0.04000
ego_motion_shift,5,34,128,26,25,17,4,9,1,0.34000,0.14000,0.18000,0.18000,0.24000,0.04200,0.07000,0.04000
ego_motion_shift,5,35,128,22,28,12,3,9,1,0.34000,0.14000,0.18000,0.18000,0.24000,0.04200,0.07000,0.04000
ego_motion_shift,5,36,128,32,29,13,4,9,1,0.34000,0.14000,0.18000,0.18000,0.24000,0.04200,0.07000,0.04000
ego_motion_shift,5,37,128,22,32,15,3,9,1,0.34000,0.14000,0.18000,0.18000,0.24000,0.04200,0.07000,0.04000
ego_motion_shift,5,38,128,26,31,10,4,9,1,0.34000,0.14000,0.18000,0.18000,0.24000,0.04200,0.07000,0.04000
ego_motion_shift,5,39,128,26,25,14,4,9,1,0.34000,0.14000,0.18000,0.18000,0.24000,0.04200,0.07000,0.04000
ego_motion_shift,5,40,128,20,30,15,3,9,1,0.34000,0.14000,0.18000,0.18000,0.24000,0.04200,0.07000,0.04000
ego_motion_shift,5,41,128,28,28,16,4,9,1,0.34000,0.14000,0.18000,0.18000,0.24000,0.04200,0.07000,0.04000
ego_motion_shift,5,42,128,25,32,17,4,9,1,0.34000,0.14000,0.18000,0.18000,0.24000,0.04200,0.07000,0.04000
ego_motion_shift,5,43,128,24,32,14,3,9,1,0.34000,0.14000,0.18000,0.18000,0.24000,0.04200,0.07000,0.04000
ego_motion_shift,5,44,128,30,27,10,4,9,1,0.34000,0.14000,0.18000,0.18000,0.24000,0.04200,0.07000,0.04000
ego_motion_shift,5,45,128,32,23,18,4,9,1,0.34000,0.14000,0.18000,0.18000,0.24000,0.04200,0.07000,0.04000
ego_motion_shift,5,46,128,28,32,15,4,9,1,0.34000,0.14000,0.18000,0.18000,0.24000,0.04200,0.07000,0.04000
ego_motion_shift,5,47,128,28,31,11,4,9,1,0.34000,0.14000,0.18000,0.18000,0.24000,0.04200,0.07000,0.04000
ego_motion_shift,5,48,128,27,29,17,4,9,1,0.34000,0.14000,0.18000,0.18000,0.24000,0.04200,0.07000,0.04000
ego_motion_shift,5,49,128,23,29,11,3,9,1,0.34000,0.14000,0.18000,0.18000,0.24000,0.04200,0.07000,0.04000
ego_motion_shift,5,50,128,28,32,11,4,9,1,0.34000,0.14000,0.18000,0.18000,0.24000,0.04200,0.07000,0.04000
ego_motion_shift,5,51,128,25,28,10,4,9,1,0.34000,0.14000,0.18000,0.18000,0.24000,0.04200,0.07000,0.04000
ego_motion_shift,5,52,128,29,30,16,4,9,1,0.34000,0.14000,0.18000,0.18000,0.24000,0.04200,0.07000,0.04000
ego_motion_shift,5,53,128,32,31,11,4,9,1,0.34000,0.14000,0.18000,0.18000,0.24000,0.04200,0.07000,0.04000
ego_motion_shift,5,54,128,22,24,10,3,9,1,0.34000,0.14000,0.18000,0.18000,0.24000,0.04200,0.07000,0.04000
ego_motion_shift,5,55,128,31,28,15,4,9,1,0.34000,0.14000,0.18000,0.18000,0.24000,0.04200,0.07000,0.04000
ego_motion_shift,5,56,128,27,28,11,4,9,1,0.34000,0.14000,0.18000,0.18000,0.24000,0.04200,0.07000,0.04000
ego_motion_shift,5,57,128,26,30,19,4,9,1,0.34000,0.14000,0.18000,0.18000,0.24000,0.04200,0.07000,0.04000
ego_motion_shift,5,58,128,24,23,19,3,9,1,0.34000,0.14000,0.18000,0.18000,0.24000,0.04200,0.07000,0.04000
ego_motion_shift,5,59,128,32,24,18,4,9,1,0.34000,0.14000,0.18000,0.18000,0.24000,0.04200,0.07000,0.04000
ego_motion_shift,5,60,128,31,27,18,4,9,1,0.34000,0.14000,0.18000,0.18000,0.24000,0.04200,0.07000,0.04000
ego_motion_shift,5,61,128,24,31,11,3,9,1,0.34000,0.14000,0.18000,0.18000,0.24000,0.04200,0.07000,0.04000
ego_motion_shift,5,62,128,24,25,13,3,9,1,0.34000,0.14000,0.18000,0.18000,0.24000,0.04200,0.07000,0.04000
ego_motion_shift,5,63,128,27,31,13,4,9,1,0.34000,0.14000,0.18000,0.18000,0.24000,0.04200,0.07000,0.04000
ego_motion_shift,6,0,128,22,29,14,3,9,1,0.34000,0.14000,0.18000,0.18000,0.24000,0.04200,0.07000,0.04000
ego_motion_shift,6,1,128,20,23,10,3,9,1,0.34000,0.14000,0.18000,0.18000,0.24000,0.04200,0.07000,0.04000
ego_motion_shift,6,2,128,32,33,17,4,9,1,0.34000,0.14000,0.18000,0.18000,0.24000,0.04200,0.07000,0.04000
ego_motion_shift,6,3,128,20,30,14,3,9,1,0.34000,0.14000,0.18000,0.18000,0.24000,0.04200,0.07000,0.04000
ego_motion_shift,6,4,128,27,27,11,4,9,1,0.34000,0.14000,0.18000,0.18000,0.24000,0.04200,0.07000,0.04000
ego_motion_shift,6,5,128,26,33,16,4,9,1,0.34000,0.14000,0.18000,0.18000,0.24000,0.04200,0.07000,0.04000
ego_motion_shift,6,6,128,33,29,18,5,9,1,0.34000,0.14000,0.18000,0.18000,0.24000,0.04200,0.07000,0.04000
ego_motion_shift,6,7,128,33,22,12,5,9,1,0.34000,0.14000,0.18000,0.18000,0.24000,0.04200,0.07000,0.04000
ego_motion_shift,6,8,128,26,26,15,4,9,1,0.34000,0.14000,0.18000,0.18000,0.24000,0.04200,0.07000,0.04000
ego_motion_shift,6,9,128,22,29,15,3,9,1,0.34000,0.14000,0.18000,0.18000,0.24000,0.04200,0.07000,0.04000
ego_motion_shift,6,10,128,30,32,12,4,9,1,0.34000,0.14000,0.18000,0.18000,0.24000,0.04200,0.07000,0.04000
ego_motion_shift,6,11,128,20,25,13,3,9,1,0.34000,0.14000,0.18000,0.18000,0.24000,0.04200,0.07000,0.04000
ego_motion_shift,6,12,128,20,26,18,3,9,1,0.34000,0.14000,0.18000,0.18000,0.24000,0.04200,0.07000,0.04000
ego_motion_shift,6,13,128,33,31,10,5,9,1,0.34000,0.14000,0.18000,0.18000,0.24000,0.04200,0.07000,0.04000
ego_motion_shift,6,14,128,28,27,14,4,9,1,0.34000,0.14000,0.18000,0.18000,0.24000,0.04200,0.07000,0.04000
ego_motion_shift,6,15,128,28,26,15,4,9,1,0.34000,0.14000,0.18000,0.18000,0.24000,0.04200,0.07000,0.04000
ego_motion_shift,6,16,128,29,30,17,4,9,1,0.34000,0.14000,0.18000,0.18000,0.24000,0.04200,0.07000,0.04000
ego_motion_shift,6,17,128,26,24,17,4,9,1,0.34000,0.14000,0.18000,0.18000,0.24000,0.04200,0.07000,0.04000
ego_motion_shift,6,18,128,25,22,15,4,9,1,0.34000,0.14000,0.18000,0.18000,0.24000,0.04200,0.07000,0.04000
ego_motion_shift,6,19,128,27,25,19,4,9,1,0.34000,0.14000,0.18000,0.18000,0.24000,0.04200,0.07000,0.04000
ego_motion_shift,6,20,128,24,22,14,3,9,1,0.34000,0.14000,0.18000,0.18000,0.24000,0.04200,0.07000,0.04000
ego_motion_shift,6,21,128,20,33,12,3,9,1,0.34000,0.14000,0.18000,0.18000,0.24000,0.04200,0.07000,0.04000
ego_motion_shift,6,22,128,26,32,19,4,9,1,0.34000,0.14000,0.18000,0.18000,0.24000,0.04200,0.07000,0.04000
ego_motion_shift,6,23,128,21,29,11,3,9,1,0.34000,0.14000,0.18000,0.18000,0.24000,0.04200,0.07000,0.04000
ego_motion_shift,6,24,128,25,30,17,4,9,1,0.34000,0.14000,0.18000,0.18000,0.24000,0.04200,0.07000,0.04000
ego_motion_shift,6,25,128,21,29,16,3,9,1,0.34000,0.14000,0.18000,0.18000,0.24000,0.04200,0.07000,0.04000
ego_motion_shift,6,26,128,26,29,17,4,9,1,0.34000,0.14000,0.18000,0.18000,0.24000,0.04200,0.07000,0.04000
ego_motion_shift,6,27,128,21,28,14,3,9,1,0.34000,0.14000,0.18000,0.18000,0.24000,0.04200,0.07000,0.04000
ego_motion_shift,6,28,128,31,27,14,4,9,1,0.34000,0.14000,0.18000,0.18000,0.24000,0.04200,0.07000,0.04000
ego_motion_shift,6,29,128,24,27,13,3,9,1,0.34000,0.14000,0.18000,0.18000,0.24000,0.04200,0.07000,0.04000
ego_motion_shift,6,30,128,22,29,11,3,9,1,0.34000,0.14000,0.18000,0.18000,0.24000,0.04200,0.07000,0.04000
ego_motion_shift,6,31,128,23,33,10,3,9,1,0.34000,0.14000,0.18000,0.18000,0.24000,0.04200,0.07000,0.04000
ego_motion_shift,6,32,128,32,29,11,4,9,1,0.34000,0.14000,0.18000,0.18000,0.24000,0.04200,0.07000,0.04000
ego_motion_shift,6,33,128,20,25,12,3,9,1,0.34000,0.14000,0.18000,0.18000,0.24000,0.04200,0.07000,0.04000
ego_motion_shift,6,34,128,28,24,12,4,9,1,0.34000,0.14000,0.18000,0.18000,0.24000,0.04200,0.07000,0.04000
ego_motion_shift,6,35,128,23,23,18,3,9,1,0.34000,0.14000,0.18000,0.18000,0.24000,0.04200,0.07000,0.04000
ego_motion_shift,6,36,128,25,28,10,4,9,1,0.34000,0.14000,0.18000,0.18000,0.24000,0.04200,0.07000,0.04000
ego_motion_shift,6,37,128,24,33,19,3,9,1,0.34000,0.14000,0.18000,0.18000,0.24000,0.04200,0.07000,0.04000
ego_motion_shift,6,38,128,31,25,17,4,9,1,0.34000,0.14000,0.18000,0.18000,0.24000,0.04200,0.07000,0.04000
ego_motion_shift,6,39,128,20,24,19,3,9,1,0.34000,0.14000,0.18000,0.18000,0.24000,0.04200,0.07000,0.04000
ego_motion_shift,6,40,128,27,27,11,4,9,1,0.34000,0.14000,0.18000,0.18000,0.24000,0.04200,0.07000,0.04000
ego_motion_shift,6,41,128,28,30,16,4,9,1,0.34000,0.14000,0.18000,0.18000,0.24000,0.04200,0.07000,0.04000
ego_motion_shift,6,42,128,25,30,13,4,9,1,0.34000,0.14000,0.18000,0.18000,0.24000,0.04200,0.07000,0.04000
ego_motion_shift,6,43,128,20,29,15,3,9,1,0.34000,0.14000,0.18000,0.18000,0.24000,0.04200,0.07000,0.04000
ego_motion_shift,6,44,128,26,26,13,4,9,1,0.34000,0.14000,0.18000,0.18000,0.24000,0.04200,0.07000,0.04000
ego_motion_shift,6,45,128,25,29,15,4,9,1,0.34000,0.14000,0.18000,0.18000,0.24000,0.04200,0.07000,0.04000
ego_motion_shift,6,46,128,20,30,16,3,9,1,0.34000,0.14000,0.18000,0.18000,0.24000,0.04200,0.07000,0.04000
ego_motion_shift,6,47,128,25,24,19,4,9,1,0.34000,0.14000,0.18000,0.18000,0.24000,0.04200,0.07000,0.04000
ego_motion_shift,6,48,128,29,26,16,4,9,1,0.34000,0.14000,0.18000,0.18000,0.24000,0.04200,0.07000,0.04000
ego_motion_shift,6,49,128,33,28,10,5,9,1,0.34000,0.14000,0.18000,0.18000,0.24000,0.04200,0.07000,0.04000
ego_motion_shift,6,50,128,33,31,17,5,9,1,0.34000,0.14000,0.18000,0.18000,0.24000,0.04200,0.07000,0.04000
ego_motion_shift,6,51,128,20,32,10,3,9,1,0.34000,0.14000,0.18000,0.18000,0.24000,0.04200,0.07000,0.04000
ego_motion_shift,6,52,128,23,26,19,3,9,1,0.34000,0.14000,0.18000,0.18000,0.24000,0.04200,0.07000,0.04000
ego_motion_shift,6,53,128,24,25,13,3,9,1,0.34000,0.14000,0.18000,0.18000,0.24000,0.04200,0.07000,0.04000
ego_motion_shift,6,54,128,33,27,10,5,9,1,0.34000,0.14000,0.18000,0.18000,0.24000,0.04200,0.07000,0.04000
ego_motion_shift,6,55,128,27,25,11,4,9,1,0.34000,0.14000,0.18000,0.18000,0.24000,0.04200,0.07000,0.04000
ego_motion_shift,6,56,128,21,30,19,3,9,1,0.34000,0.14000,0.18000,0.18000,0.24000,0.04200,0.07000,0.04000
ego_motion_shift,6,57,128,23,27,12,3,9,1,0.34000,0.14000,0.18000,0.18000,0.24000,0.04200,0.07000,0.04000
ego_motion_shift,6,58,128,31,33,18,4,9,1,0.34000,0.14000,0.18000,0.18000,0.24000,0.04200,0.07000,0.04000
ego_motion_shift,6,59,128,33,23,12,5,9,1,0.34000,0.14000,0.18000,0.18000,0.24000,0.04200,0.07000,0.04000
ego_motion_shift,6,60,128,21,33,17,3,9,1,0.34000,0.14000,0.18000,0.18000,0.24000,0.04200,0.07000,0.04000
ego_motion_shift,6,61,128,27,23,15,4,9,1,0.34000,0.14000,0.18000,0.18000,0.24000,0.04200,0.07000,0.04000
ego_motion_shift,6,62,128,22,31,15,3,9,1,0.34000,0.14000,0.18000,0.18000,0.24000,0.04200,0.07000,0.04000
ego_motion_shift,6,63,128,25,24,11,4,9,1,0.34000,0.14000,0.18000,0.18000,0.24000,0.04200,0.07000,0.04000
ego_motion_shift,7,0,128,33,29,10,5,9,1,0.34000,0.14000,0.18000,0.18000,0.24000,0.04200,0.07000,0.04000
ego_motion_shift,7,1,128,28,28,12,4,9,1,0.34000,0.14000,0.18000,0.18000,0.24000,0.04200,0.07000,0.04000
ego_motion_shift,7,2,128,22,23,12,3,9,1,0.34000,0.14000,0.18000,0.18000,0.24000,0.04200,0.07000,0.04000
ego_motion_shift,7,3,128,25,30,12,4,9,1,0.34000,0.14000,0.18000,0.18000,0.24000,0.04200,0.07000,0.04000
ego_motion_shift,7,4,128,26,25,16,4,9,1,0.34000,0.14000,0.18000,0.18000,0.24000,0.04200,0.07000,0.04000
ego_motion_shift,7,5,128,25,24,16,4,9,1,0.34000,0.14000,0.18000,0.18000,0.24000,0.04200,0.07000,0.04000
ego_motion_shift,7,6,128,33,25,17,5,9,1,0.34000,0.14000,0.18000,0.18000,0.24000,0.04200,0.07000,0.04000
ego_motion_shift,7,7,128,20,26,13,3,9,1,0.34000,0.14000,0.18000,0.18000,0.24000,0.04200,0.07000,0.04000
ego_motion_shift,7,8,128,23,27,19,3,9,1,0.34000,0.14000,0.18000,0.18000,0.24000,0.04200,0.07000,0.04000
ego_motion_shift,7,9,128,24,33,19,3,9,1,0.34000,0.14000,0.18000,0.18000,0.24000,0.04200,0.07000,0.04000
ego_motion_shift,7,10,128,27,24,11,4,9,1,0.34000,0.14000,0.18000,0.18000,0.24000,0.04200,0.07000,0.04000
ego_motion_shift,7,11,128,24,33,13,3,9,1,0.34000,0.14000,0.18000,0.18000,0.24000,0.04200,0.07000,0.04000
ego_motion_shift,7,12,128,23,31,15,3,9,1,0.34000,0.14000,0.18000,0.18000,0.24000,0.04200,0.07000,0.04000
ego_motion_shift,7,13,128,23,29,19,3,9,1,0.34000,0.14000,0.18000,0.18000,0.24000,0.04200,0.07000,0.04000
ego_motion_shift,7,14,128,30,26,17,4,9,1,0.34000,0.14000,0.18000,0.18000,0.24000,0.04200,0.07000,0.04000
ego_motion_shift,7,15,128,30,28,17,4,9,1,0.34000,0.14000,0.18000,0.18000,0.24000,0.04200,0.07000,0.04000
ego_motion_shift,7,16,128,22,32,18,3,9,1,0.34000,0.14000,0.18000,0.18000,0.24000,0.04200,0.07000,0.04000
ego_motion_shift,7,17,128,25,30,10,4,9,1,0.34000,0.14000,0.18000,0.18000,0.24000,0.04200,0.07000,0.04000
ego_motion_shift,7,18,128,21,26,15,3,9,1,0.34000,0.14000,0.18000,0.18000,0.24000,0.04200,0.07000,0.04000
ego_motion_shift,7,19,128,27,23,13,4,9,1,0.34000,0.14000,0.18000,0.18000,0.24000,0.04200,0.07000,0.04000
ego_motion_shift,7,20,128,30,30,17,4,9,1,0.34000,0.14000,0.18000,0.18000,0.24000,0.04200,0.07000,0.04000
ego_motion_shift,7,21,128,31,27,10,4,9,1,0.34000,0.14000,0.18000,0.18000,0.24000,0.04200,0.07000,0.04000
ego_motion_shift,7,22,128,31,30,17,4,9,1,0.34000,0.14000,0.18000,0.18000,0.24000,0.04200,0.07000,0.04000
ego_motion_shift,7,23,128,30,27,19,4,9,1,0.34000,0.14000,0.18000,0.18000,0.24000,0.04200,0.07000,0.04000
ego_motion_shift,7,24,128,31,32,10,4,9,1,0.34000,0.14000,0.18000,0.18000,0.24000,0.04200,0.07000,0.04000
ego_motion_shift,7,25,128,29,31,18,4,9,1,0.34000,0.14000,0.18000,0.18000,0.24000,0.04200,0.07000,0.04000
ego_motion_shift,7,26,128,22,25,14,3,9,1,0.34000,0.14000,0.18000,0.18000,0.24000,0.04200,0.07000,0.04000
ego_motion_shift,7,27,128,20,26,11,3,9,1,0.34000,0.14000,0.18000,0.18000,0.24000,0.04200,0.07000,0.04000
ego_motion_shift,7,28,128,32,31,12,4,9,1,0.34000,0.14000,0.18000,0.18000,0.24000,0.04200,0.07000,0.04000
ego_motion_shift,7,29,128,27,23,19,4,9,1,0.34000,0.14000,0.18000,0.18000,0.24000,0.04200,0.07000,0.04000
ego_motion_shift,7,30,128,22,30,18,3,9,1,0.34000,0.14000,0.18000,0.18000,0.24000,0.04200,0.07000,0.04000
ego_motion_shift,7,31,128,29,31,16,4,9,1,0.34000,0.14000,0.18000,0.18000,0.24000,0.04200,0.07000,0.04000
ego_motion_shift,7,32,128,26,24,14,4,9,1,0.34000,0.14000,0.18000,0.18000,0.24000,0.04200,0.07000,0.04000
ego_motion_shift,7,33,128,33,28,13,5,9,1,0.34000,0.14000,0.18000,0.18000,0.24000,0.04200,0.07000,0.04000
ego_motion_shift,7,34,128,27,28,10,4,9,1,0.34000,0.14000,0.18000,0.18000,0.24000,0.04200,0.07000,0.04000
ego_motion_shift,7,35,128,22,29,19,3,9,1,0.34000,0.14000,0.18000,0.18000,0.24000,0.04200,0.07000,0.04000
ego_motion_shift,7,36,128,24,26,16,3,9,1,0.34000,0.14000,0.18000,0.18000,0.24000,0.04200,0.07000,0.04000
ego_motion_shift,7,37,128,21,24,18,3,9,1,0.34000,0.14000,0.18000,0.18000,0.24000,0.04200,0.07000,0.04000
ego_motion_shift,7,38,128,24,30,12,3,9,1,0.34000,0.14000,0.18000,0.18000,0.24000,0.04200,0.07000,0.04000
ego_motion_shift,7,39,128,28,24,18,4,9,1,0.34000,0.14000,0.18000,0.18000,0.24000,0.04200,0.07000,0.04000
ego_motion_shift,7,40,128,20,30,12,3,9,1,0.34000,0.14000,0.18000,0.18000,0.24000,0.04200,0.07000,0.04000
ego_motion_shift,7,41,128,25,28,17,4,9,1,0.34000,0.14000,0.18000,0.18000,0.24000,0.04200,0.07000,0.04000
ego_motion_shift,7,42,128,22,29,13,3,9,1,0.34000,0.14000,0.18000,0.18000,0.24000,0.04200,0.07000,0.04000
ego_motion_shift,7,43,128,28,33,14,4,9,1,0.34000,0.14000,0.18000,0.18000,0.24000,0.04200,0.07000,0.04000
ego_motion_shift,7,44,128,33,28,13,5,9,1,0.34000,0.14000,0.18000,0.18000,0.24000,0.04200,0.07000,0.04000
ego_motion_shift,7,45,128,29,28,12,4,9,1,0.34000,0.14000,0.18000,0.18000,0.24000,0.04200,0.07000,0.04000
ego_motion_shift,7,46,128,22,24,13,3,9,1,0.34000,0.14000,0.18000,0.18000,0.24000,0.04200,0.07000,0.04000
ego_motion_shift,7,47,128,23,32,16,3,9,1,0.34000,0.14000,0.18000,0.18000,0.24000,0.04200,0.07000,0.04000
ego_motion_shift,7,48,128,21,27,18,3,9,1,0.34000,0.14000,0.18000,0.18000,0.24000,0.04200,0.07000,0.04000
ego_motion_shift,7,49,128,27,29,14,4,9,1,0.34000,0.14000,0.18000,0.18000,0.24000,0.04200,0.07000,0.04000
ego_motion_shift,7,50,128,32,30,17,4,9,1,0.34000,0.14000,0.18000,0.18000,0.24000,0.04200,0.07000,0.04000
ego_motion_shift,7,51,128,25,25,14,4,9,1,0.34000,0.14000,0.18000,0.18000,0.24000,0.04200,0.07000,0.04000
ego_motion_shift,7,52,128,20,29,11,3,9,1,0.34000,0.14000,0.18000,0.18000,0.24000,0.04200,0.07000,0.04000
ego_motion_shift,7,53,128,32,22,13,4,9,1,0.34000,0.14000,0.18000,0.18000,0.24000,0.04200,0.07000,0.04000
ego_motion_shift,7,54,128,32,31,13,4,9,1,0.34000,0.14000,0.18000,0.18000,0.24000,0.04200,0.07000,0.04000
ego_motion_shift,7,55,128,29,33,16,4,9,1,0.34000,0.14000,0.18000,0.18000,0.24000,0.04200,0.07000,0.04000
ego_motion_shift,7,56,128,22,26,11,3,9,1,0.34000,0.14000,0.18000,0.18000,0.24000,0.04200,0.07000,0.04000
ego_motion_shift,7,57,128,28,31,17,4,9,1,0.34000,0.14000,0.18000,0.18000,0.24000,0.04200,0.07000,0.04000
ego_motion_shift,7,58,128,23,31,19,3,9,1,0.34000,0.14000,0.18000,0.18000,0.24000,0.04200,0.07000,0.04000
ego_motion_shift,7,59,128,30,28,19,4,9,1,0.34000,0.14000,0.18000,0.18000,0.24000,0.04200,0.07000,0.04000
ego_motion_shift,7,60,128,22,25,11,3,9,1,0.34000,0.14000,0.18000,0.18000,0.24000,0.04200,0.07000,0.04000
ego_motion_shift,7,61,128,21,23,15,3,9,1,0.34000,0.14000,0.18000,0.18000,0.24000,0.04200,0.07000,0.04000
ego_motion_shift,7,62,128,26,26,12,4,9,1,0.34000,0.14000,0.18000,0.18000,0.24000,0.04200,0.07000,0.04000
ego_motion_shift,7,63,128,27,23,14,4,9,1,0.34000,0.14000,0.18000,0.18000,0.24000,0.04200,0.07000,0.04000
ego_motion_shift,8,0,128,22,22,14,3,9,1,0.34000,0.14000,0.18000,0.18000,0.24000,0.04200,0.07000,0.04000
ego_motion_shift,8,1,128,26,26,13,4,9,1,0.34000,0.14000,0.18000,0.18000,0.24000,0.04200,0.07000,0.04000
ego_motion_shift,8,2,128,28,31,10,4,9,1,0.34000,0.14000,0.18000,0.18000,0.24000,0.04200,0.07000,0.04000
ego_motion_shift,8,3,128,32,27,12,4,9,1,0.34000,0.14000,0.18000,0.18000,0.24000,0.04200,0.07000,0.04000
ego_motion_shift,8,4,128,33,29,14,5,9,1,0.34000,0.14000,0.18000,0.18000,0.24000,0.04200,0.07000,0.04000
ego_motion_shift,8,5,128,27,25,11,4,9,1,0.34000,0.14000,0.18000,0.18000,0.24000,0.04200,0.07000,0.04000
ego_motion_shift,8,6,128,30,25,14,4,9,1,0.34000,0.14000,0.18000,0.18000,0.24000,0.04200,0.07000,0.04000
ego_motion_shift,8,7,128,32,28,17,4,9,1,0.34000,0.14000,0.18000,0.18000,0.24000,0.04200,0.07000,0.04000
ego_motion_shift,8,8,128,27,31,16,4,9,1,0.34000,0.14000,0.18000,0.18000,0.24000,0.04200,0.07000,0.04000
ego_motion_shift,8,9,128,31,26,16,4,9,1,0.34000,0.14000,0.18000,0.18000,0.24000,0.04200,0.07000,0.04000
ego_motion_shift,8,10,128,23,31,17,3,9,1,0.34000,0.14000,0.18000,0.18000,0.24000,0.04200,0.07000,0.04000
ego_motion_shift,8,11,128,22,25,15,3,9,1,0.34000,0.14000,0.18000,0.18000,0.24000,0.04200,0.07000,0.04000
ego_motion_shift,8,12,128,20,23,18,3,9,1,0.34000,0.14000,0.18000,0.18000,0.24000,0.04200,0.07000,0.04000
ego_motion_shift,8,13,128,23,32,11,3,9,1,0.34000,0.14000,0.18000,0.18000,0.24000,0.04200,0.07000,0.04000
ego_motion_shift,8,14,128,31,26,16,4,9,1,0.34000,0.14000,0.18000,0.18000,0.24000,0.04200,0.07000,0.04000
ego_motion_shift,8,15,128,23,29,10,3,9,1,0.34000,0.14000,0.18000,0.18000,0.24000,0.04200,0.07000,0.04000
ego_motion_shift,8,16,128,33,23,13,5,9,1,0.34000,0.14000,0.18000,0.18000,0.24000,0.04200,0.07000,0.04000
ego_motion_shift,8,17,128,26,32,18,4,9,1,0.34000,0.14000,0.18000,0.18000,0.24000,0.04200,0.07000,0.04000
ego_motion_shift,8,18,128,25,26,18,4,9,1,0.34000,0.14000,0.18000,0.18000,0.24000,0.04200,0.07000,0.04000
ego_motion_shift,8,19,128,20,27,12,3,9,1,0.34000,0.14000,0.18000,0.18000,0.24000,0.04200,0.07000,0.04000
ego_motion_shift,8,20,128,20,28,17,3,9,1,0.34000,0.14000,0.18000,0.18000,0.24000,0.04200,0.07000,0.04000
ego_motion_shift,8,21,128,21,27,16,3,9,1,0.34000,0.14000,0.18000,0.18000,0.24000,0.04200,0.07000,0.04000
ego_motion_shift,8,22,128,33,33,15,5,9,1,0.34000,0.14000,0.18000,0.18000,0.24000,0.04200,0.07000,0.04000
ego_motion_shift,8,23,128,33,24,18,5,9,1,0.34000,0.14000,0.18000,0.18000,0.24000,0.04200,0.07000,0.04000
ego_motion_shift,8,24,128,22,32,18,3,9,1,0.34000,0.14000,0.18000,0.18000,0.24000,0.04200,0.07000,0.04000
ego_motion_shift,8,25,128,30,24,11,4,9,1,0.34000,0.14000,0.18000,0.18000,0.24000,0.04200,0.07000,0.04000
ego_motion_shift,8,26,128,33,22,15,5,9,1,0.34000,0.14000,0.18000,0.18000,0.24000,0.04200,0.07000,0.04000
ego_motion_shift,8,27,128,26,31,17,4,9,1,0.34000,0.14000,0.18000,0.18000,0.24000,0.04200,0.07000,0.04000
ego_motion_shift,8,28,128,33,33,18,5,9,1,0.34000,0.14000,0.18000,0.18000,0.24000,0.04200,0.07000,0.04000
ego_motion_shift,8,29,128,21,24,12,3,9,1,0.34000,0.14000,0.18000,0.18000,0.24000,0.04200,0.07000,0.04000
ego_motion_shift,8,30,128,28,32,14,4,9,1,0.34000,0.14000,0.18000,0.18000,0.24000,0.04200,0.07000,0.04000
ego_motion_shift,8,31,128,24,31,14,3,9,1,0.34000,0.14000,0.18000,0.18000,0.24000,0.04200,0.07000,0.04000
ego_motion_shift,8,32,128,26,30,17,4,9,1,0.34000,0.14000,0.18000,0.18000,0.24000,0.04200,0.07000,0.04000
ego_motion_shift,8,33,128,25,29,19,4,9,1,0.34000,0.14000,0.18000,0.18000,0.24000,0.04200,0.07000,0.04000
ego_motion_shift,8,34,128,32,33,16,4,9,1,0.34000,0.14000,0.18000,0.18000,0.24000,0.04200,0.07000,0.04000
ego_motion_shift,8,35,128,29,33,12,4,9,1,0.34000,0.14000,0.18000,0.18000,0.24000,0.04200,0.07000,0.04000
ego_motion_shift,8,36,128,26,27,16,4,9,1,0.34000,0.14000,0.18000,0.18000,0.24000,0.04200,0.07000,0.04000
ego_motion_shift,8,37,128,33,27,14,5,9,1,0.34000,0.14000,0.18000,0.18000,0.24000,0.04200,0.07000,0.04000
ego_motion_shift,8,38,128,28,25,17,4,9,1,0.34000,0.14000,0.18000,0.18000,0.24000,0.04200,0.07000,0.04000
ego_motion_shift,8,39,128,24,26,10,3,9,1,0.34000,0.14000,0.18000,0.18000,0.24000,0.04200,0.07000,0.04000
ego_motion_shift,8,40,128,20,27,15,3,9,1,0.34000,0.14000,0.18000,0.18000,0.24000,0.04200,0.07000,0.04000
ego_motion_shift,8,41,128,30,24,10,4,9,1,0.34000,0.14000,0.18000,0.18000,0.24000,0.04200,0.07000,0.04000
ego_motion_shift,8,42,128,24,30,15,3,9,1,0.34000,0.14000,0.18000,0.18000,0.24000,0.04200,0.07000,0.04000
ego_motion_shift,8,43,128,23,27,17,3,9,1,0.34000,0.14000,0.18000,0.18000,0.24000,0.04200,0.07000,0.04000
ego_motion_shift,8,44,128,24,22,13,3,9,1,0.34000,0.14000,0.18000,0.18000,0.24000,0.04200,0.07000,0.04000
ego_motion_shift,8,45,128,27,25,12,4,9,1,0.34000,0.14000,0.18000,0.18000,0.24000,0.04200,0.07000,0.04000
ego_motion_shift,8,46,128,24,22,14,3,9,1,0.34000,0.14000,0.18000,0.18000,0.24000,0.04200,0.07000,0.04000
ego_motion_shift,8,47,128,26,24,10,4,9,1,0.34000,0.14000,0.18000,0.18000,0.24000,0.04200,0.07000,0.04000
ego_motion_shift,8,48,128,33,27,17,5,9,1,0.34000,0.14000,0.18000,0.18000,0.24000,0.04200,0.07000,0.04000
ego_motion_shift,8,49,128,20,28,14,3,9,1,0.34000,0.14000,0.18000,0.18000,0.24000,0.04200,0.07000,0.04000
ego_motion_shift,8,50,128,29,23,15,4,9,1,0.34000,0.14000,0.18000,0.18000,0.24000,0.04200,0.07000,0.04000
ego_motion_shift,8,51,128,27,31,15,4,9,1,0.34000,0.14000,0.18000,0.18000,0.24000,0.04200,0.07000,0.04000
ego_motion_shift,8,52,128,23,27,13,3,9,1,0.34000,0.14000,0.18000,0.18000,0.24000,0.04200,0.07000,0.04000
ego_motion_shift,8,53,128,23,29,10,3,9,1,0.34000,0.14000,0.18000,0.18000,0.24000,0.04200,0.07000,0.04000
ego_motion_shift,8,54,128,32,23,11,4,9,1,0.34000,0.14000,0.18000,0.18000,0.24000,0.04200,0.07000,0.04000
ego_motion_shift,8,55,128,33,24,10,5,9,1,0.34000,0.14000,0.18000,0.18000,0.24000,0.04200,0.07000,0.04000
ego_motion_shift,8,56,128,30,30,19,4,9,1,0.34000,0.14000,0.18000,0.18000,0.24000,0.04200,0.07000,0.04000
ego_motion_shift,8,57,128,31,31,14,4,9,1,0.34000,0.14000,0.18000,0.18000,0.24000,0.04200,0.07000,0.04000
ego_motion_shift,8,58,128,29,31,12,4,9,1,0.34000,0.14000,0.18000,0.18000,0.24000,0.04200,0.07000,0.04000
ego_motion_shift,8,59,128,31,26,13,4,9,1,0.34000,0.14000,0.18000,0.18000,0.24000,0.04200,0.07000,0.04000
ego_motion_shift,8,60,128,20,27,13,3,9,1,0.34000,0.14000,0.18000,0.18000,0.24000,0.04200,0.07000,0.04000
ego_motion_shift,8,61,128,31,26,15,4,9,1,0.34000,0.14000,0.18000,0.18000,0.24000,0.04200,0.07000,0.04000
ego_motion_shift,8,62,128,24,24,11,3,9,1,0.34000,0.14000,0.18000,0.18000,0.24000,0.04200,0.07000,0.04000
ego_motion_shift,8,63,128,33,33,11,5,9,1,0.34000,0.14000,0.18000,0.18000,0.24000,0.04200,0.07000,0.04000
ego_motion_shift,9,0,128,26,33,19,4,9,1,0.34000,0.14000,0.18000,0.18000,0.24000,0.04200,0.07000,0.04000
ego_motion_shift,9,1,128,32,33,13,4,9,1,0.34000,0.14000,0.18000,0.18000,0.24000,0.04200,0.07000,0.04000
ego_motion_shift,9,2,128,31,31,12,4,9,1,0.34000,0.14000,0.18000,0.18000,0.24000,0.04200,0.07000,0.04000
ego_motion_shift,9,3,128,28,24,15,4,9,1,0.34000,0.14000,0.18000,0.18000,0.24000,0.04200,0.07000,0.04000
ego_motion_shift,9,4,128,24,23,17,3,9,1,0.34000,0.14000,0.18000,0.18000,0.24000,0.04200,0.07000,0.04000
ego_motion_shift,9,5,128,21,33,19,3,9,1,0.34000,0.14000,0.18000,0.18000,0.24000,0.04200,0.07000,0.04000
ego_motion_shift,9,6,128,26,22,12,4,9,1,0.34000,0.14000,0.18000,0.18000,0.24000,0.04200,0.07000,0.04000
ego_motion_shift,9,7,128,32,29,10,4,9,1,0.34000,0.14000,0.18000,0.18000,0.24000,0.04200,0.07000,0.04000
ego_motion_shift,9,8,128,21,33,13,3,9,1,0.34000,0.14000,0.18000,0.18000,0.24000,0.04200,0.07000,0.04000
ego_motion_shift,9,9,128,28,28,17,4,9,1,0.34000,0.14000,0.18000,0.18000,0.24000,0.04200,0.07000,0.04000
ego_motion_shift,9,10,128,20,22,10,3,9,1,0.34000,0.14000,0.18000,0.18000,0.24000,0.04200,0.07000,0.04000
ego_motion_shift,9,11,128,20,23,13,3,9,1,0.34000,0.14000,0.18000,0.18000,0.24000,0.04200,0.07000,0.04000
ego_motion_shift,9,12,128,30,33,15,4,9,1,0.34000,0.14000,0.18000,0.18000,0.24000,0.04200,0.07000,0.04000
ego_motion_shift,9,13,128,21,27,16,3,9,1,0.34000,0.14000,0.18000,0.18000,0.24000,0.04200,0.07000,0.04000
ego_motion_shift,9,14,128,24,32,12,3,9,1,0.34000,0.14000,0.18000,0.18000,0.24000,0.04200,0.07000,0.04000
ego_motion_shift,9,15,128,32,22,15,4,9,1,0.34000,0.14000,0.18000,0.18000,0.24000,0.04200,0.07000,0.04000
ego_motion_shift,9,16,128,33,29,15,5,9,1,0.34000,0.14000,0.18000,0.18000,0.24000,0.04200,0.07000,0.04000
ego_motion_shift,9,17,128,23,25,17,3,9,1,0.34000,0.14000,0.18000,0.18000,0.24000,0.04200,0.07000,0.04000
ego_motion_shift,9,18,128,21,29,17,3,9,1,0.34000,0.14000,0.18000,0.18000,0.24000,0.04200,0.07000,0.04000
ego_motion_shift,9,19,128,20,23,10,3,9,1,0.34000,0.14000,0.18000,0.18000,0.24000,0.04200,0.07000,0.04000
ego_motion_shift,9,20,128,28,32,16,4,9,1,0.34000,0.14000,0.18000,0.18000,0.24000,0.04200,0.07000,0.04000
ego_motion_shift,9,21,128,25,22,16,4,9,1,0.34000,0.14000,0.18000,0.18000,0.24000,0.04200,0.07000,0.04000
ego_motion_shift,9,22,128,26,29,10,4,9,1,0.34000,0.14000,0.18000,0.18000,0.24000,0.04200,0.07000,0.04000
ego_motion_shift,9,23,128,26,31,18,4,9,1,0.34000,0.14000,0.18000,0.18000,0.24000,0.04200,0.07000,0.04000
ego_motion_shift,9,24,128,30,29,14,4,9,1,0.34000,0.14000,0.18000,0.18000,0.24000,0.04200,0.07000,0.04000
ego_motion_shift,9,25,128,24,23,16,3,9,1,0.34000,0.14000,0.18000,0.18000,0.24000,0.04200,0.07000,0.04000
ego_motion_shift,9,26,128,20,27,14,3,9,1,0.34000,0.14000,0.18000,0.18000,0.24000,0.04200,0.07000,0.04000
ego_motion_shift,9,27,128,23,30,12,3,9,1,0.34000,0.14000,0.18000,0.18000,0.24000,0.04200,0.07000,0.04000
ego_motion_shift,9,28,128,28,25,12,4,9,1,0.34000,0.14000,0.18000,0.18000,0.24000,0.04200,0.07000,0.04000
ego_motion_shift,9,29,128,26,24,13,4,9,1,0.34000,0.14000,0.18000,0.18000,0.24000,0.04200,0.07000,0.04000
ego_motion_shift,9,30,128,25,27,12,4,9,1,0.34000,0.14000,0.18000,0.18000,0.24000,0.04200,0.07000,0.04000
ego_motion_shift,9,31,128,22,23,15,3,9,1,0.34000,0.14000,0.18000,0.18000,0.24000,0.04200,0.07000,0.04000
ego_motion_shift,9,32,128,31,29,13,4,9,1,0.34000,0.14000,0.18000,0.18000,0.24000,0.04200,0.07000,0.04000
ego_motion_shift,9,33,128,32,27,11,4,9,1,0.34000,0.14000,0.18000,0.18000,0.24000,0.04200,0.07000,0.04000
ego_motion_shift,9,34,128,33,29,14,5,9,1,0.34000,0.14000,0.18000,0.18000,0.24000,0.04200,0.07000,0.04000
ego_motion_shift,9,35,128,20,30,15,3,9,1,0.34000,0.14000,0.18000,0.18000,0.24000,0.04200,0.07000,0.04000
ego_motion_shift,9,36,128,31,31,18,4,9,1,0.34000,0.14000,0.18000,0.18000,0.24000,0.04200,0.07000,0.04000
ego_motion_shift,9,37,128,20,26,13,3,9,1,0.34000,0.14000,0.18000,0.18000,0.24000,0.04200,0.07000,0.04000
ego_motion_shift,9,38,128,31,31,17,4,9,1,0.34000,0.14000,0.18000,0.18000,0.24000,0.04200,0.07000,0.04000
ego_motion_shift,9,39,128,30,25,15,4,9,1,0.34000,0.14000,0.18000,0.18000,0.24000,0.04200,0.07000,0.04000
ego_motion_shift,9,40,128,29,28,12,4,9,1,0.34000,0.14000,0.18000,0.18000,0.24000,0.04200,0.07000,0.04000
ego_motion_shift,9,41,128,25,30,17,4,9,1,0.34000,0.14000,0.18000,0.18000,0.24000,0.04200,0.07000,0.04000
ego_motion_shift,9,42,128,31,28,11,4,9,1,0.34000,0.14000,0.18000,0.18000,0.24000,0.04200,0.07000,0.04000
ego_motion_shift,9,43,128,32,22,14,4,9,1,0.34000,0.14000,0.18000,0.18000,0.24000,0.04200,0.07000,0.04000
ego_motion_shift,9,44,128,30,23,13,4,9,1,0.34000,0.14000,0.18000,0.18000,0.24000,0.04200,0.07000,0.04000
ego_motion_shift,9,45,128,20,27,12,3,9,1,0.34000,0.14000,0.18000,0.18000,0.24000,0.04200,0.07000,0.04000
ego_motion_shift,9,46,128,25,27,15,4,9,1,0.34000,0.14000,0.18000,0.18000,0.24000,0.04200,0.07000,0.04000
ego_motion_shift,9,47,128,29,22,17,4,9,1,0.34000,0.14000,0.18000,0.18000,0.24000,0.04200,0.07000,0.04000
ego_motion_shift,9,48,128,20,29,14,3,9,1,0.34000,0.14000,0.18000,0.18000,0.24000,0.04200,0.07000,0.04000
ego_motion_shift,9,49,128,24,26,16,3,9,1,0.34000,0.14000,0.18000,0.18000,0.24000,0.04200,0.07000,0.04000
ego_motion_shift,9,50,128,20,23,19,3,9,1,0.34000,0.14000,0.18000,0.18000,0.24000,0.04200,0.07000,0.04000
ego_motion_shift,9,51,128,28,27,14,4,9,1,0.34000,0.14000,0.18000,0.18000,0.24000,0.04200,0.07000,0.04000
ego_motion_shift,9,52,128,27,23,17,4,9,1,0.34000,0.14000,0.18000,0.18000,0.24000,0.04200,0.07000,0.04000
ego_motion_shift,9,53,128,20,24,10,3,9,1,0.34000,0.14000,0.18000,0.18000,0.24000,0.04200,0.07000,0.04000
ego_motion_shift,9,54,128,28,22,17,4,9,1,0.34000,0.14000,0.18000,0.18000,0.24000,0.04200,0.07000,0.04000
ego_motion_shift,9,55,128,20,26,18,3,9,1,0.34000,0.14000,0.18000,0.18000,0.24000,0.04200,0.07000,0.04000
ego_motion_shift,9,56,128,26,23,17,4,9,1,0.34000,0.14000,0.18000,0.18000,0.24000,0.04200,0.07000,0.04000
ego_motion_shift,9,57,128,24,28,15,3,9,1,0.34000,0.14000,0.18000,0.18000,0.24000,0.04200,0.07000,0.04000
ego_motion_shift,9,58,128,20,30,13,3,9,1,0.34000,0.14000,0.18000,0.18000,0.24000,0.04200,0.07000,0.04000
ego_motion_shift,9,59,128,32,26,14,4,9,1,0.34000,0.14000,0.18000,0.18000,0.24000,0.04200,0.07000,0.04000
ego_motion_shift,9,60,128,29,28,18,4,9,1,0.34000,0.14000,0.18000,0.18000,0.24000,0.04200,0.07000,0.04000
ego_motion_shift,9,61,128,20,30,10,3,9,1,0.34000,0.14000,0.18000,0.18000,0.24000,0.04200,0.07000,0.04000
ego_motion_shift,9,62,128,22,30,14,3,9,1,0.34000,0.14000,0.18000,0.18000,0.24000,0.04200,0.07000,0.04000
ego_motion_shift,9,63,128,33,30,17,5,9,1,0.34000,0.14000,0.18000,0.18000,0.24000,0.04200,0.07000,0.04000
transparent_depth_noise,0,0,128,22,29,19,7,44,2,0.30000,0.32000,0.24000,0.20000,0.08000,0.07800,0.34000,0.08000
transparent_depth_noise,0,1,128,33,23,10,11,44,3,0.30000,0.32000,0.24000,0.20000,0.08000,0.07800,0.34000,0.08000
transparent_depth_noise,0,2,128,30,26,10,10,44,2,0.30000,0.32000,0.24000,0.20000,0.08000,0.07800,0.34000,0.08000
transparent_depth_noise,0,3,128,32,22,11,10,44,3,0.30000,0.32000,0.24000,0.20000,0.08000,0.07800,0.34000,0.08000
transparent_depth_noise,0,4,128,24,31,14,8,44,2,0.30000,0.32000,0.24000,0.20000,0.08000,0.07800,0.34000,0.08000
transparent_depth_noise,0,5,128,30,33,17,10,44,2,0.30000,0.32000,0.24000,0.20000,0.08000,0.07800,0.34000,0.08000
transparent_depth_noise,0,6,128,31,29,16,10,44,2,0.30000,0.32000,0.24000,0.20000,0.08000,0.07800,0.34000,0.08000
transparent_depth_noise,0,7,128,33,28,11,11,44,3,0.30000,0.32000,0.24000,0.20000,0.08000,0.07800,0.34000,0.08000
transparent_depth_noise,0,8,128,32,30,14,10,44,3,0.30000,0.32000,0.24000,0.20000,0.08000,0.07800,0.34000,0.08000
transparent_depth_noise,0,9,128,28,30,15,9,44,2,0.30000,0.32000,0.24000,0.20000,0.08000,0.07800,0.34000,0.08000
transparent_depth_noise,0,10,128,26,25,13,8,44,2,0.30000,0.32000,0.24000,0.20000,0.08000,0.07800,0.34000,0.08000
transparent_depth_noise,0,11,128,24,29,17,8,44,2,0.30000,0.32000,0.24000,0.20000,0.08000,0.07800,0.34000,0.08000
transparent_depth_noise,0,12,128,22,31,13,7,44,2,0.30000,0.32000,0.24000,0.20000,0.08000,0.07800,0.34000,0.08000
transparent_depth_noise,0,13,128,31,32,13,10,44,2,0.30000,0.32000,0.24000,0.20000,0.08000,0.07800,0.34000,0.08000
transparent_depth_noise,0,14,128,26,27,12,8,44,2,0.30000,0.32000,0.24000,0.20000,0.08000,0.07800,0.34000,0.08000
transparent_depth_noise,0,15,128,21,29,10,7,44,2,0.30000,0.32000,0.24000,0.20000,0.08000,0.07800,0.34000,0.08000
transparent_depth_noise,0,16,128,30,33,10,10,44,2,0.30000,0.32000,0.24000,0.20000,0.08000,0.07800,0.34000,0.08000
transparent_depth_noise,0,17,128,22,31,10,7,44,2,0.30000,0.32000,0.24000,0.20000,0.08000,0.07800,0.34000,0.08000
transparent_depth_noise,0,18,128,27,29,18,9,44,2,0.30000,0.32000,0.24000,0.20000,0.08000,0.07800,0.34000,0.08000
transparent_depth_noise,0,19,128,29,32,18,9,44,2,0.30000,0.32000,0.24000,0.20000,0.08000,0.07800,0.34000,0.08000
transparent_depth_noise,0,20,128,33,30,11,11,44,3,0.30000,0.32000,0.24000,0.20000,0.08000,0.07800,0.34000,0.08000
transparent_depth_noise,0,21,128,30,29,13,10,44,2,0.30000,0.32000,0.24000,0.20000,0.08000,0.07800,0.34000,0.08000
transparent_depth_noise,0,22,128,20,29,12,6,44,2,0.30000,0.32000,0.24000,0.20000,0.08000,0.07800,0.34000,0.08000
transparent_depth_noise,0,23,128,29,32,12,9,44,2,0.30000,0.32000,0.24000,0.20000,0.08000,0.07800,0.34000,0.08000
transparent_depth_noise,0,24,128,26,28,11,8,44,2,0.30000,0.32000,0.24000,0.20000,0.08000,0.07800,0.34000,0.08000
transparent_depth_noise,0,25,128,24,30,18,8,44,2,0.30000,0.32000,0.24000,0.20000,0.08000,0.07800,0.34000,0.08000
transparent_depth_noise,0,26,128,33,32,12,11,44,3,0.30000,0.32000,0.24000,0.20000,0.08000,0.07800,0.34000,0.08000
transparent_depth_noise,0,27,128,23,26,12,7,44,2,0.30000,0.32000,0.24000,0.20000,0.08000,0.07800,0.34000,0.08000
transparent_depth_noise,0,28,128,22,25,11,7,44,2,0.30000,0.32000,0.24000,0.20000,0.08000,0.07800,0.34000,0.08000
transparent_depth_noise,0,29,128,27,33,10,9,44,2,0.30000,0.32000,0.24000,0.20000,0.08000,0.07800,0.34000,0.08000
transparent_depth_noise,0,30,128,27,25,19,9,44,2,0.30000,0.32000,0.24000,0.20000,0.08000,0.07800,0.34000,0.08000
transparent_depth_noise,0,31,128,27,29,15,9,44,2,0.30000,0.32000,0.24000,0.20000,0.08000,0.07800,0.34000,0.08000
transparent_depth_noise,0,32,128,27,26,10,9,44,2,0.30000,0.32000,0.24000,0.20000,0.08000,0.07800,0.34000,0.08000
transparent_depth_noise,0,33,128,29,32,11,9,44,2,0.30000,0.32000,0.24000,0.20000,0.08000,0.07800,0.34000,0.08000
transparent_depth_noise,0,34,128,26,31,13,8,44,2,0.30000,0.32000,0.24000,0.20000,0.08000,0.07800,0.34000,0.08000
transparent_depth_noise,0,35,128,28,24,15,9,44,2,0.30000,0.32000,0.24000,0.20000,0.08000,0.07800,0.34000,0.08000
transparent_depth_noise,0,36,128,25,33,16,8,44,2,0.30000,0.32000,0.24000,0.20000,0.08000,0.07800,0.34000,0.08000
transparent_depth_noise,0,37,128,22,24,16,7,44,2,0.30000,0.32000,0.24000,0.20000,0.08000,0.07800,0.34000,0.08000
transparent_depth_noise,0,38,128,28,29,15,9,44,2,0.30000,0.32000,0.24000,0.20000,0.08000,0.07800,0.34000,0.08000
transparent_depth_noise,0,39,128,30,24,11,10,44,2,0.30000,0.32000,0.24000,0.20000,0.08000,0.07800,0.34000,0.08000
transparent_depth_noise,0,40,128,28,26,11,9,44,2,0.30000,0.32000,0.24000,0.20000,0.08000,0.07800,0.34000,0.08000
transparent_depth_noise,0,41,128,22,24,18,7,44,2,0.30000,0.32000,0.24000,0.20000,0.08000,0.07800,0.34000,0.08000
transparent_depth_noise,0,42,128,24,25,13,8,44,2,0.30000,0.32000,0.24000,0.20000,0.08000,0.07800,0.34000,0.08000
transparent_depth_noise,0,43,128,27,30,19,9,44,2,0.30000,0.32000,0.24000,0.20000,0.08000,0.07800,0.34000,0.08000
transparent_depth_noise,0,44,128,25,31,10,8,44,2,0.30000,0.32000,0.24000,0.20000,0.08000,0.07800,0.34000,0.08000
transparent_depth_noise,0,45,128,31,24,15,10,44,2,0.30000,0.32000,0.24000,0.20000,0.08000,0.07800,0.34000,0.08000
transparent_depth_noise,0,46,128,26,32,19,8,44,2,0.30000,0.32000,0.24000,0.20000,0.08000,0.07800,0.34000,0.08000
transparent_depth_noise,0,47,128,31,29,19,10,44,2,0.30000,0.32000,0.24000,0.20000,0.08000,0.07800,0.34000,0.08000
transparent_depth_noise,0,48,128,29,32,12,9,44,2,0.30000,0.32000,0.24000,0.20000,0.08000,0.07800,0.34000,0.08000
transparent_depth_noise,0,49,128,25,23,19,8,44,2,0.30000,0.32000,0.24000,0.20000,0.08000,0.07800,0.34000,0.08000
transparent_depth_noise,0,50,128,22,28,10,7,44,2,0.30000,0.32000,0.24000,0.20000,0.08000,0.07800,0.34000,0.08000
transparent_depth_noise,0,51,128,26,22,14,8,44,2,0.30000,0.32000,0.24000,0.20000,0.08000,0.07800,0.34000,0.08000
transparent_depth_noise,0,52,128,26,33,15,8,44,2,0.30000,0.32000,0.24000,0.20000,0.08000,0.07800,0.34000,0.08000
transparent_depth_noise,0,53,128,23,33,12,7,44,2,0.30000,0.32000,0.24000,0.20000,0.08000,0.07800,0.34000,0.08000
transparent_depth_noise,0,54,128,33,28,18,11,44,3,0.30000,0.32000,0.24000,0.20000,0.08000,0.07800,0.34000,0.08000
transparent_depth_noise,0,55,128,25,26,10,8,44,2,0.30000,0.32000,0.24000,0.20000,0.08000,0.07800,0.34000,0.08000
transparent_depth_noise,0,56,128,25,33,16,8,44,2,0.30000,0.32000,0.24000,0.20000,0.08000,0.07800,0.34000,0.08000
transparent_depth_noise,0,57,128,32,27,15,10,44,3,0.30000,0.32000,0.24000,0.20000,0.08000,0.07800,0.34000,0.08000
transparent_depth_noise,0,58,128,26,33,19,8,44,2,0.30000,0.32000,0.24000,0.20000,0.08000,0.07800,0.34000,0.08000
transparent_depth_noise,0,59,128,33,26,19,11,44,3,0.30000,0.32000,0.24000,0.20000,0.08000,0.07800,0.34000,0.08000
transparent_depth_noise,0,60,128,26,29,14,8,44,2,0.30000,0.32000,0.24000,0.20000,0.08000,0.07800,0.34000,0.08000
transparent_depth_noise,0,61,128,30,31,17,10,44,2,0.30000,0.32000,0.24000,0.20000,0.08000,0.07800,0.34000,0.08000
transparent_depth_noise,0,62,128,28,32,13,9,44,2,0.30000,0.32000,0.24000,0.20000,0.08000,0.07800,0.34000,0.08000
transparent_depth_noise,0,63,128,26,25,16,8,44,2,0.30000,0.32000,0.24000,0.20000,0.08000,0.07800,0.34000,0.08000
transparent_depth_noise,1,0,128,23,28,19,7,44,2,0.30000,0.32000,0.24000,0.20000,0.08000,0.07800,0.34000,0.08000
transparent_depth_noise,1,1,128,30,25,15,10,44,2,0.30000,0.32000,0.24000,0.20000,0.08000,0.07800,0.34000,0.08000
transparent_depth_noise,1,2,128,26,30,17,8,44,2,0.30000,0.32000,0.24000,0.20000,0.08000,0.07800,0.34000,0.08000
transparent_depth_noise,1,3,128,25,23,19,8,44,2,0.30000,0.32000,0.24000,0.20000,0.08000,0.07800,0.34000,0.08000
transparent_depth_noise,1,4,128,26,22,13,8,44,2,0.30000,0.32000,0.24000,0.20000,0.08000,0.07800,0.34000,0.08000
transparent_depth_noise,1,5,128,27,22,18,9,44,2,0.30000,0.32000,0.24000,0.20000,0.08000,0.07800,0.34000,0.08000
transparent_depth_noise,1,6,128,31,23,19,10,44,2,0.30000,0.32000,0.24000,0.20000,0.08000,0.07800,0.34000,0.08000
transparent_depth_noise,1,7,128,20,28,19,6,44,2,0.30000,0.32000,0.24000,0.20000,0.08000,0.07800,0.34000,0.08000
transparent_depth_noise,1,8,128,21,29,19,7,44,2,0.30000,0.32000,0.24000,0.20000,0.08000,0.07800,0.34000,0.08000
transparent_depth_noise,1,9,128,20,24,16,6,44,2,0.30000,0.32000,0.24000,0.20000,0.08000,0.07800,0.34000,0.08000
transparent_depth_noise,1,10,128,29,29,10,9,44,2,0.30000,0.32000,0.24000,0.20000,0.08000,0.07800,0.34000,0.08000
transparent_depth_noise,1,11,128,32,31,19,10,44,3,0.30000,0.32000,0.24000,0.20000,0.08000,0.07800,0.34000,0.08000
transparent_depth_noise,1,12,128,28,31,19,9,44,2,0.30000,0.32000,0.24000,0.20000,0.08000,0.07800,0.34000,0.08000
transparent_depth_noise,1,13,128,24,22,10,8,44,2,0.30000,0.32000,0.24000,0.20000,0.08000,0.07800,0.34000,0.08000
transparent_depth_noise,1,14,128,26,26,19,8,44,2,0.30000,0.32000,0.24000,0.20000,0.08000,0.07800,0.34000,0.08000
transparent_depth_noise,1,15,128,22,30,19,7,44,2,0.30000,0.32000,0.24000,0.20000,0.08000,0.07800,0.34000,0.08000
transparent_depth_noise,1,16,128,31,29,15,10,44,2,0.30000,0.32000,0.24000,0.20000,0.08000,0.07800,0.34000,0.08000
transparent_depth_noise,1,17,128,29,23,15,9,44,2,0.30000,0.32000,0.24000,0.20000,0.08000,0.07800,0.34000,0.08000
transparent_depth_noise,1,18,128,29,26,10,9,44,2,0.30000,0.32000,0.24000,0.20000,0.08000,0.07800,0.34000,0.08000
transparent_depth_noise,1,19,128,20,22,12,6,44,2,0.30000,0.32000,0.24000,0.20000,0.08000,0.07800,0.34000,0.08000
transparent_depth_noise,1,20,128,22,29,18,7,44,2,0.30000,0.32000,0.24000,0.20000,0.08000,0.07800,0.34000,0.08000
transparent_depth_noise,1,21,128,22,29,16,7,44,2,0.30000,0.32000,0.24000,0.20000,0.08000,0.07800,0.34000,0.08000
transparent_depth_noise,1,22,128,29,26,10,9,44,2,0.30000,0.32000,0.24000,0.20000,0.08000,0.07800,0.34000,0.08000
transparent_depth_noise,1,23,128,31,23,12,10,44,2,0.30000,0.32000,0.24000,0.20000,0.08000,0.07800,0.34000,0.08000
transparent_depth_noise,1,24,128,29,32,19,9,44,2,0.30000,0.32000,0.24000,0.20000,0.08000,0.07800,0.34000,0.08000
transparent_depth_noise,1,25,128,33,27,15,11,44,3,0.30000,0.32000,0.24000,0.20000,0.08000,0.07800,0.34000,0.08000
transparent_depth_noise,1,26,128,20,28,16,6,44,2,0.30000,0.32000,0.24000,0.20000,0.08000,0.07800,0.34000,0.08000
transparent_depth_noise,1,27,128,30,28,16,10,44,2,0.30000,0.32000,0.24000,0.20000,0.08000,0.07800,0.34000,0.08000
transparent_depth_noise,1,28,128,20,28,14,6,44,2,0.30000,0.32000,0.24000,0.20000,0.08000,0.07800,0.34000,0.08000
transparent_depth_noise,1,29,128,23,32,18,7,44,2,0.30000,0.32000,0.24000,0.20000,0.08000,0.07800,0.34000,0.08000
transparent_depth_noise,1,30,128,26,26,10,8,44,2,0.30000,0.32000,0.24000,0.20000,0.08000,0.07800,0.34000,0.08000
transparent_depth_noise,1,31,128,22,23,17,7,44,2,0.30000,0.32000,0.24000,0.20000,0.08000,0.07800,0.34000,0.08000
transparent_depth_noise,1,32,128,29,32,18,9,44,2,0.30000,0.32000,0.24000,0.20000,0.08000,0.07800,0.34000,0.08000
transparent_depth_noise,1,33,128,24,32,18,8,44,2,0.30000,0.32000,0.24000,0.20000,0.08000,0.07800,0.34000,0.08000
transparent_depth_noise,1,34,128,21,24,12,7,44,2,0.30000,0.32000,0.24000,0.20000,0.08000,0.07800,0.34000,0.08000
transparent_depth_noise,1,35,128,31,27,14,10,44,2,0.30000,0.32000,0.24000,0.20000,0.08000,0.07800,0.34000,0.08000
transparent_depth_noise,1,36,128,23,29,13,7,44,2,0.30000,0.32000,0.24000,0.20000,0.08000,0.07800,0.34000,0.08000
transparent_depth_noise,1,37,128,26,31,10,8,44,2,0.30000,0.32000,0.24000,0.20000,0.08000,0.07800,0.34000,0.08000
transparent_depth_noise,1,38,128,24,30,13,8,44,2,0.30000,0.32000,0.24000,0.20000,0.08000,0.07800,0.34000,0.08000
transparent_depth_noise,1,39,128,30,30,18,10,44,2,0.30000,0.32000,0.24000,0.20000,0.08000,0.07800,0.34000,0.08000
transparent_depth_noise,1,40,128,29,26,18,9,44,2,0.30000,0.32000,0.24000,0.20000,0.08000,0.07800,0.34000,0.08000
transparent_depth_noise,1,41,128,26,32,13,8,44,2,0.30000,0.32000,0.24000,0.20000,0.08000,0.07800,0.34000,0.08000
transparent_depth_noise,1,42,128,32,25,10,10,44,3,0.30000,0.32000,0.24000,0.20000,0.08000,0.07800,0.34000,0.08000
transparent_depth_noise,1,43,128,30,24,19,10,44,2,0.30000,0.32000,0.24000,0.20000,0.08000,0.07800,0.34000,0.08000
transparent_depth_noise,1,44,128,31,25,17,10,44,2,0.30000,0.32000,0.24000,0.20000,0.08000,0.07800,0.34000,0.08000
transparent_depth_noise,1,45,128,20,31,17,6,44,2,0.30000,0.32000,0.24000,0.20000,0.08000,0.07800,0.34000,0.08000
transparent_depth_noise,1,46,128,29,26,10,9,44,2,0.30000,0.32000,0.24000,0.20000,0.08000,0.07800,0.34000,0.08000
transparent_depth_noise,1,47,128,32,28,12,10,44,3,0.30000,0.32000,0.24000,0.20000,0.08000,0.07800,0.34000,0.08000
transparent_depth_noise,1,48,128,30,33,11,10,44,2,0.30000,0.32000,0.24000,0.20000,0.08000,0.07800,0.34000,0.08000
transparent_depth_noise,1,49,128,21,30,12,7,44,2,0.30000,0.32000,0.24000,0.20000,0.08000,0.07800,0.34000,0.08000
transparent_depth_noise,1,50,128,21,23,17,7,44,2,0.30000,0.32000,0.24000,0.20000,0.08000,0.07800,0.34000,0.08000
transparent_depth_noise,1,51,128,28,24,14,9,44,2,0.30000,0.32000,0.24000,0.20000,0.08000,0.07800,0.34000,0.08000
transparent_depth_noise,1,52,128,30,24,13,10,44,2,0.30000,0.32000,0.24000,0.20000,0.08000,0.07800,0.34000,0.08000
transparent_depth_noise,1,53,128,24,28,18,8,44,2,0.30000,0.32000,0.24000,0.20000,0.08000,0.07800,0.34000,0.08000
transparent_depth_noise,1,54,128,33,27,13,11,44,3,0.30000,0.32000,0.24000,0.20000,0.08000,0.07800,0.34000,0.08000
transparent_depth_noise,1,55,128,29,30,16,9,44,2,0.30000,0.32000,0.24000,0.20000,0.08000,0.07800,0.34000,0.08000
transparent_depth_noise,1,56,128,25,23,10,8,44,2,0.30000,0.32000,0.24000,0.20000,0.08000,0.07800,0.34000,0.08000
transparent_depth_noise,1,57,128,28,27,15,9,44,2,0.30000,0.32000,0.24000,0.20000,0.08000,0.07800,0.34000,0.08000
transparent_depth_noise,1,58,128,32,24,13,10,44,3,0.30000,0.32000,0.24000,0.20000,0.08000,0.07800,0.34000,0.08000
transparent_depth_noise,1,59,128,33,24,18,11,44,3,0.30000,0.32000,0.24000,0.20000,0.08000,0.07800,0.34000,0.08000
transparent_depth_noise,1,60,128,21,33,12,7,44,2,0.30000,0.32000,0.24000,0.20000,0.08000,0.07800,0.34000,0.08000
transparent_depth_noise,1,61,128,25,23,18,8,44,2,0.30000,0.32000,0.24000,0.20000,0.08000,0.07800,0.34000,0.08000
transparent_depth_noise,1,62,128,31,30,15,10,44,2,0.30000,0.32000,0.24000,0.20000,0.08000,0.07800,0.34000,0.08000
transparent_depth_noise,1,63,128,31,31,13,10,44,2,0.30000,0.32000,0.24000,0.20000,0.08000,0.07800,0.34000,0.08000
transparent_depth_noise,2,0,128,24,33,18,8,44,2,0.30000,0.32000,0.24000,0.20000,0.08000,0.07800,0.34000,0.08000
transparent_depth_noise,2,1,128,20,29,17,6,44,2,0.30000,0.32000,0.24000,0.20000,0.08000,0.07800,0.34000,0.08000
transparent_depth_noise,2,2,128,28,30,19,9,44,2,0.30000,0.32000,0.24000,0.20000,0.08000,0.07800,0.34000,0.08000
transparent_depth_noise,2,3,128,26,25,17,8,44,2,0.30000,0.32000,0.24000,0.20000,0.08000,0.07800,0.34000,0.08000
transparent_depth_noise,2,4,128,21,24,14,7,44,2,0.30000,0.32000,0.24000,0.20000,0.08000,0.07800,0.34000,0.08000
transparent_depth_noise,2,5,128,30,22,14,10,44,2,0.30000,0.32000,0.24000,0.20000,0.08000,0.07800,0.34000,0.08000
transparent_depth_noise,2,6,128,21,28,12,7,44,2,0.30000,0.32000,0.24000,0.20000,0.08000,0.07800,0.34000,0.08000
transparent_depth_noise,2,7,128,31,29,14,10,44,2,0.30000,0.32000,0.24000,0.20000,0.08000,0.07800,0.34000,0.08000
transparent_depth_noise,2,8,128,33,24,16,11,44,3,0.30000,0.32000,0.24000,0.20000,0.08000,0.07800,0.34000,0.08000
transparent_depth_noise,2,9,128,31,31,14,10,44,2,0.30000,0.32000,0.24000,0.20000,0.08000,0.07800,0.34000,0.08000
transparent_depth_noise,2,10,128,31,30,15,10,44,2,0.30000,0.32000,0.24000,0.20000,0.08000,0.07800,0.34000,0.08000
transparent_depth_noise,2,11,128,29,32,10,9,44,2,0.30000,0.32000,0.24000,0.20000,0.08000,0.07800,0.34000,0.08000
transparent_depth_noise,2,12,128,21,28,14,7,44,2,0.30000,0.32000,0.24000,0.20000,0.08000,0.07800,0.34000,0.08000
transparent_depth_noise,2,13,128,33,31,18,11,44,3,0.30000,0.32000,0.24000,0.20000,0.08000,0.07800,0.34000,0.08000
transparent_depth_noise,2,14,128,29,24,16,9,44,2,0.30000,0.32000,0.24000,0.20000,0.08000,0.07800,0.34000,0.08000
transparent_depth_noise,2,15,128,31,32,14,10,44,2,0.30000,0.32000,0.24000,0.20000,0.08000,0.07800,0.34000,0.08000
transparent_depth_noise,2,16,128,31,23,17,10,44,2,0.30000,0.32000,0.24000,0.20000,0.08000,0.07800,0.34000,0.08000
transparent_depth_noise,2,17,128,22,22,14,7,44,2,0.30000,0.32000,0.24000,0.20000,0.08000,0.07800,0.34000,0.08000
transparent_depth_noise,2,18,128,29,28,16,9,44,2,0.30000,0.32000,0.24000,0.20000,0.08000,0.07800,0.34000,0.08000
transparent_depth_noise,2,19,128,26,28,10,8,44,2,0.30000,0.32000,0.24000,0.20000,0.08000,0.07800,0.34000,0.08000
transparent_depth_noise,2,20,128,33,22,12,11,44,3,0.30000,0.32000,0.24000,0.20000,0.08000,0.07800,0.34000,0.08000
transparent_depth_noise,2,21,128,25,23,19,8,44,2,0.30000,0.32000,0.24000,0.20000,0.08000,0.07800,0.34000,0.08000
transparent_depth_noise,2,22,128,29,24,14,9,44,2,0.30000,0.32000,0.24000,0.20000,0.08000,0.07800,0.34000,0.08000
transparent_depth_noise,2,23,128,25,23,12,8,44,2,0.30000,0.32000,0.24000,0.20000,0.08000,0.07800,0.34000,0.08000
transparent_depth_noise,2,24,128,26,22,18,8,44,2,0.30000,0.32000,0.24000,0.20000,0.08000,0.07800,0.34000,0.08000
transparent_depth_noise,2,25,128,33,33,11,11,44,3,0.30000,0.32000,0.24000,0.20000,0.08000,0.07800,0.34000,0.08000
transparent_depth_noise,2,26,128,30,27,15,10,44,2,0.30000,0.32000,0.24000,0.20000,0.08000,0.07800,0.34000,0.08000
transparent_depth_noise,2,27,128,33,26,16,11,44,3,0.30000,0.32000,0.24000,0.20000,0.08000,0.07800,0.34000,0.08000
transparent_depth_noise,2,28,128,24,22,16,8,44,2,0.30000,0.32000,0.24000,0.20000,0.08000,0.07800,0.34000,0.08000
transparent_depth_noise,2,29,128,24,25,10,8,44,2,0.30000,0.32000,0.24000,0.20000,0.08000,0.07800,0.34000,0.08000
transparent_depth_noise,2,30,128,31,33,17,10,44,2,0.30000,0.32000,0.24000,0.20000,0.08000,0.07800,0.34000,0.08000
transparent_depth_noise,2,31,128,22,25,11,7,44,2,0.30000,0.32000,0.24000,0.20000,0.08000,0.07800,0.34000,0.08000
transparent_depth_noise,2,32,128,24,25,13,8,44,2,0.30000,0.32000,0.24000,0.20000,0.08000,0.07800,0.34000,0.08000
transparent_depth_noise,2,33,128,27,32,17,9,44,2,0.30000,0.32000,0.24000,0.20000,0.08000,0.07800,0.34000,0.08000
transparent_depth_noise,2,34,128,30,26,16,10,44,2,0.30000,0.32000,0.24000,0.20000,0.08000,0.07800,0.34000,0.08000
transparent_depth_noise,2,35,128,26,27,18,8,44,2,0.30000,0.32000,0.24000,0.20000,0.08000,0.07800,0.34000,0.08000
transparent_depth_noise,2,36,128,27,33,10,9,44,2,0.30000,0.32000,0.24000,0.20000,0.08000,0.07800,0.34000,0.08000
transparent_depth_noise,2,37,128,29,23,12,9,44,2,0.30000,0.32000,0.24000,0.20000,0.08000,0.07800,0.34000,0.08000
transparent_depth_noise,2,38,128,28,29,19,9,44,2,0.30000,0.32000,0.24000,0.20000,0.08000,0.07800,0.34000,0.08000
transparent_depth_noise,2,39,128,24,32,15,8,44,2,0.30000,0.32000,0.24000,0.20000,0.08000,0.07800,0.34000,0.08000
transparent_depth_noise,2,40,128,26,25,13,8,44,2,0.30000,0.32000,0.24000,0.20000,0.08000,0.07800,0.34000,0.08000
transparent_depth_noise,2,41,128,28,32,13,9,44,2,0.30000,0.32000,0.24000,0.20000,0.08000,0.07800,0.34000,0.08000
transparent_depth_noise,2,42,128,32,26,15,10,44,3,0.30000,0.32000,0.24000,0.20000,0.08000,0.07800,0.34000,0.08000
transparent_depth_noise,2,43,128,22,32,10,7,44,2,0.30000,0.32000,0.24000,0.20000,0.08000,0.07800,0.34000,0.08000
transparent_depth_noise,2,44,128,24,31,16,8,44,2,0.30000,0.32000,0.24000,0.20000,0.08000,0.07800,0.34000,0.08000
transparent_depth_noise,2,45,128,31,29,17,10,44,2,0.30000,0.32000,0.24000,0.20000,0.08000,0.07800,0.34000,0.08000
transparent_depth_noise,2,46,128,24,33,14,8,44,2,0.30000,0.32000,0.24000,0.20000,0.08000,0.07800,0.34000,0.08000
transparent_depth_noise,2,47,128,28,29,12,9,44,2,0.30000,0.32000,0.24000,0.20000,0.08000,0.07800,0.34000,0.08000
transparent_depth_noise,2,48,128,26,25,11,8,44,2,0.30000,0.32000,0.24000,0.20000,0.08000,0.07800,0.34000,0.08000
transparent_depth_noise,2,49,128,28,28,18,9,44,2,0.30000,0.32000,0.24000,0.20000,0.08000,0.07800,0.34000,0.08000
transparent_depth_noise,2,50,128,32,26,12,10,44,3,0.30000,0.32000,0.24000,0.20000,0.08000,0.07800,0.34000,0.08000
transparent_depth_noise,2,51,128,24,33,16,8,44,2,0.30000,0.32000,0.24000,0.20000,0.08000,0.07800,0.34000,0.08000
transparent_depth_noise,2,52,128,25,28,14,8,44,2,0.30000,0.32000,0.24000,0.20000,0.08000,0.07800,0.34000,0.08000
transparent_depth_noise,2,53,128,30,32,15,10,44,2,0.30000,0.32000,0.24000,0.20000,0.08000,0.07800,0.34000,0.08000
transparent_depth_noise,2,54,128,20,30,16,6,44,2,0.30000,0.32000,0.24000,0.20000,0.08000,0.07800,0.34000,0.08000
transparent_depth_noise,2,55,128,25,28,10,8,44,2,0.30000,0.32000,0.24000,0.20000,0.08000,0.07800,0.34000,0.08000
transparent_depth_noise,2,56,128,28,30,11,9,44,2,0.30000,0.32000,0.24000,0.20000,0.08000,0.07800,0.34000,0.08000
transparent_depth_noise,2,57,128,26,26,10,8,44,2,0.30000,0.32000,0.24000,0.20000,0.08000,0.07800,0.34000,0.08000
transparent_depth_noise,2,58,128,33,22,18,11,44,3,0.30000,0.32000,0.24000,0.20000,0.08000,0.07800,0.34000,0.08000
transparent_depth_noise,2,59,128,20,33,15,6,44,2,0.30000,0.32000,0.24000,0.20000,0.08000,0.07800,0.34000,0.08000
transparent_depth_noise,2,60,128,21,29,17,7,44,2,0.30000,0.32000,0.24000,0.20000,0.08000,0.07800,0.34000,0.08000
transparent_depth_noise,2,61,128,21,22,12,7,44,2,0.30000,0.32000,0.24000,0.20000,0.08000,0.07800,0.34000,0.08000
transparent_depth_noise,2,62,128,25,26,18,8,44,2,0.30000,0.32000,0.24000,0.20000,0.08000,0.07800,0.34000,0.08000
transparent_depth_noise,2,63,128,21,26,12,7,44,2,0.30000,0.32000,0.24000,0.20000,0.08000,0.07800,0.34000,0.08000
transparent_depth_noise,3,0,128,30,26,19,10,44,2,0.30000,0.32000,0.24000,0.20000,0.08000,0.07800,0.34000,0.08000
transparent_depth_noise,3,1,128,30,25,13,10,44,2,0.30000,0.32000,0.24000,0.20000,0.08000,0.07800,0.34000,0.08000
transparent_depth_noise,3,2,128,29,22,14,9,44,2,0.30000,0.32000,0.24000,0.20000,0.08000,0.07800,0.34000,0.08000
transparent_depth_noise,3,3,128,23,33,13,7,44,2,0.30000,0.32000,0.24000,0.20000,0.08000,0.07800,0.34000,0.08000
transparent_depth_noise,3,4,128,21,23,17,7,44,2,0.30000,0.32000,0.24000,0.20000,0.08000,0.07800,0.34000,0.08000
transparent_depth_noise,3,5,128,20,22,16,6,44,2,0.30000,0.32000,0.24000,0.20000,0.08000,0.07800,0.34000,0.08000
transparent_depth_noise,3,6,128,30,30,12,10,44,2,0.30000,0.32000,0.24000,0.20000,0.08000,0.07800,0.34000,0.08000
transparent_depth_noise,3,7,128,33,29,18,11,44,3,0.30000,0.32000,0.24000,0.20000,0.08000,0.07800,0.34000,0.08000
transparent_depth_noise,3,8,128,22,27,13,7,44,2,0.30000,0.32000,0.24000,0.20000,0.08000,0.07800,0.34000,0.08000
transparent_depth_noise,3,9,128,23,27,14,7,44,2,0.30000,0.32000,0.24000,0.20000,0.08000,0.07800,0.34000,0.08000
transparent_depth_noise,3,10,128,32,28,13,10,44,3,0.30000,0.32000,0.24000,0.20000,0.08000,0.07800,0.34000,0.08000
transparent_depth_noise,3,11,128,27,22,17,9,44,2,0.30000,0.32000,0.24000,0.20000,0.08000,0.07800,0.34000,0.08000
transparent_depth_noise,3,12,128,31,30,16,10,44,2,0.30000,0.32000,0.24000,0.20000,0.08000,0.07800,0.34000,0.08000
transparent_depth_noise,3,13,128,23,28,14,7,44,2,0.30000,0.32000,0.24000,0.20000,0.08000,0.07800,0.34000,0.08000
transparent_depth_noise,3,14,128,23,28,17,7,44,2,0.30000,0.32000,0.24000,0.20000,0.08000,0.07800,0.34000,0.08000
transparent_depth_noise,3,15,128,26,32,14,8,44,2,0.30000,0.32000,0.24000,0.20000,0.08000,0.07800,0.34000,0.08000
transparent_depth_noise,3,16,128,27,30,12,9,44,2,0.30000,0.32000,0.24000,0.20000,0.08000,0.07800,0.34000,0.08000
transparent_depth_noise,3,17,128,25,29,15,8,44,2,0.30000,0.32000,0.24000,0.20000,0.08000,0.07800,0.34000,0.08000
transparent_depth_noise,3,18,128,20,33,15,6,44,2,0.30000,0.32000,0.24000,0.20000,0.08000,0.07800,0.34000,0.08000
transparent_depth_noise,3,19,128,20,31,19,6,44,2,0.30000,0.32000,0.24000,0.20000,0.08000,0.07800,0.34000,0.08000
transparent_depth_noise,3,20,128,20,31,19,6,44,2,0.30000,0.32000,0.24000,0.20000,0.08000,0.07800,0.34000,0.08000
transparent_depth_noise,3,21,128,25,24,14,8,44,2,0.30000,0.32000,0.24000,0.20000,0.08000,0.07800,0.34000,0.08000
transparent_depth_noise,3,22,128,21,26,18,7,44,2,0.30000,0.32000,0.24000,0.20000,0.08000,0.07800,0.34000,0.08000
transparent_depth_noise,3,23,128,29,22,12,9,44,2,0.30000,0.32000,0.24000,0.20000,0.08000,0.07800,0.34000,0.08000
transparent_depth_noise,3,24,128,22,32,17,7,44,2,0.30000,0.32000,0.24000,0.20000,0.08000,0.07800,0.34000,0.08000
transparent_depth_noise,3,25,128,25,31,16,8,44,2,0.30000,0.32000,0.24000,0.20000,0.08000,0.07800,0.34000,0.08000
transparent_depth_noise,3,26,128,30,28,17,10,44,2,0.30000,0.32000,0.24000,0.20000,0.08000,0.07800,0.34000,0.08000
transparent_depth_noise,3,27,128,27,28,17,9,44,2,0.30000,0.32000,0.24000,0.20000,0.08000,0.07800,0.34000,0.08000
transparent_depth_noise,3,28,128,28,25,16,9,44,2,0.30000,0.32000,0.24000,0.20000,0.08000,0.07800,0.34000,0.08000
transparent_depth_noise,3,29,128,26,31,14,8,44,2,0.30000,0.32000,0.24000,0.20000,0.08000,0.07800,0.34000,0.08000
transparent_depth_noise,3,30,128,25,29,18,8,44,2,0.30000,0.32000,0.24000,0.20000,0.08000,0.07800,0.34000,0.08000
transparent_depth_noise,3,31,128,32,26,14,10,44,3,0.30000,0.32000,0.24000,0.20000,0.08000,0.07800,0.34000,0.08000
transparent_depth_noise,3,32,128,29,25,13,9,44,2,0.30000,0.32000,0.24000,0.20000,0.08000,0.07800,0.34000,0.08000
transparent_depth_noise,3,33,128,21,23,10,7,44,2,0.30000,0.32000,0.24000,0.20000,0.08000,0.07800,0.34000,0.08000
transparent_depth_noise,3,34,128,28,26,13,9,44,2,0.30000,0.32000,0.24000,0.20000,0.08000,0.07800,0.34000,0.08000
transparent_depth_noise,3,35,128,31,27,11,10,44,2,0.30000,0.32000,0.24000,0.20000,0.08000,0.07800,0.34000,0.08000
transparent_depth_noise,3,36,128,29,26,10,9,44,2,0.30000,0.32000,0.24000,0.20000,0.08000,0.07800,0.34000,0.08000
transparent_depth_noise,3,37,128,33,30,13,11,44,3,0.30000,0.32000,0.24000,0.20000,0.08000,0.07800,0.34000,0.08000
transparent_depth_noise,3,38,128,32,26,10,10,44,3,0.30000,0.32000,0.24000,0.20000,0.08000,0.07800,0.34000,0.08000
transparent_depth_noise,3,39,128,26,31,14,8,44,2,0.30000,0.32000,0.24000,0.20000,0.08000,0.07800,0.34000,0.08000
transparent_depth_noise,3,40,128,29,27,14,9,44,2,0.30000,0.32000,0.24000,0.20000,0.08000,0.07800,0.34000,0.08000
transparent_depth_noise,3,41,128,27,24,14,9,44,2,0.30000,0.32000,0.24000,0.20000,0.08000,0.07800,0.34000,0.08000
transparent_depth_noise,3,42,128,29,25,15,9,44,2,0.30000,0.32000,0.24000,0.20000,0.08000,0.07800,0.34000,0.08000
transparent_depth_noise,3,43,128,24,27,16,8,44,2,0.30000,0.32000,0.24000,0.20000,0.08000,0.07800,0.34000,0.08000
transparent_depth_noise,3,44,128,33,23,12,11,44,3,0.30000,0.32000,0.24000,0.20000,0.08000,0.07800,0.34000,0.08000
transparent_depth_noise,3,45,128,23,29,13,7,44,2,0.30000,0.32000,0.24000,0.20000,0.08000,0.07800,0.34000,0.08000
transparent_depth_noise,3,46,128,24,29,14,8,44,2,0.30000,0.32000,0.24000,0.20000,0.08000,0.07800,0.34000,0.08000
transparent_depth_noise,3,47,128,33,22,11,11,44,3,0.30000,0.32000,0.24000,0.20000,0.08000,0.07800,0.34000,0.08000
transparent_depth_noise,3,48,128,33,25,10,11,44,3,0.30000,0.32000,0.24000,0.20000,0.08000,0.07800,0.34000,0.08000
transparent_depth_noise,3,49,128,25,26,19,8,44,2,0.30000,0.32000,0.24000,0.20000,0.08000,0.07800,0.34000,0.08000
transparent_depth_noise,3,50,128,33,23,10,11,44,3,0.30000,0.32000,0.24000,0.20000,0.08000,0.07800,0.34000,0.08000
transparent_depth_noise,3,51,128,32,25,13,10,44,3,0.30000,0.32000,0.24000,0.20000,0.08000,0.07800,0.34000,0.08000
transparent_depth_noise,3,52,128,26,32,16,8,44,2,0.30000,0.32000,0.24000,0.20000,0.08000,0.07800,0.34000,0.08000
transparent_depth_noise,3,53,128,31,29,11,10,44,2,0.30000,0.32000,0.24000,0.20000,0.08000,0.07800,0.34000,0.08000
transparent_depth_noise,3,54,128,32,31,11,10,44,3,0.30000,0.32000,0.24000,0.20000,0.08000,0.07800,0.34000,0.08000
transparent_depth_noise,3,55,128,22,33,19,7,44,2,0.30000,0.32000,0.24000,0.20000,0.08000,0.07800,0.34000,0.08000
transparent_depth_noise,3,56,128,28,25,18,9,44,2,0.30000,0.32000,0.24000,0.20000,0.08000,0.07800,0.34000,0.08000
transparent_depth_noise,3,57,128,25,29,13,8,44,2,0.30000,0.32000,0.24000,0.20000,0.08000,0.07800,0.34000,0.08000
transparent_depth_noise,3,58,128,26,31,12,8,44,2,0.30000,0.32000,0.24000,0.20000,0.08000,0.07800,0.34000,0.08000
transparent_depth_noise,3,59,128,27,30,17,9,44,2,0.30000,0.32000,0.24000,0.20000,0.08000,0.07800,0.34000,0.08000
transparent_depth_noise,3,60,128,25,28,19,8,44,2,0.30000,0.32000,0.24000,0.20000,0.08000,0.07800,0.34000,0.08000
transparent_depth_noise,3,61,128,31,29,19,10,44,2,0.30000,0.32000,0.24000,0.20000,0.08000,0.07800,0.34000,0.08000
transparent_depth_noise,3,62,128,32,26,11,10,44,3,0.30000,0.32000,0.24000,0.20000,0.08000,0.07800,0.34000,0.08000
transparent_depth_noise,3,63,128,33,28,12,11,44,3,0.30000,0.32000,0.24000,0.20000,0.08000,0.07800,0.34000,0.08000
transparent_depth_noise,4,0,128,25,27,18,8,44,2,0.30000,0.32000,0.24000,0.20000,0.08000,0.07800,0.34000,0.08000
transparent_depth_noise,4,1,128,32,25,10,10,44,3,0.30000,0.32000,0.24000,0.20000,0.08000,0.07800,0.34000,0.08000
transparent_depth_noise,4,2,128,23,24,16,7,44,2,0.30000,0.32000,0.24000,0.20000,0.08000,0.07800,0.34000,0.08000
transparent_depth_noise,4,3,128,27,27,16,9,44,2,0.30000,0.32000,0.24000,0.20000,0.08000,0.07800,0.34000,0.08000
transparent_depth_noise,4,4,128,23,25,16,7,44,2,0.30000,0.32000,0.24000,0.20000,0.08000,0.07800,0.34000,0.08000
transparent_depth_noise,4,5,128,30,26,18,10,44,2,0.30000,0.32000,0.24000,0.20000,0.08000,0.07800,0.34000,0.08000
transparent_depth_noise,4,6,128,32,22,11,10,44,3,0.30000,0.32000,0.24000,0.20000,0.08000,0.07800,0.34000,0.08000
transparent_depth_noise,4,7,128,23,25,17,7,44,2,0.30000,0.32000,0.24000,0.20000,0.08000,0.07800,0.34000,0.08000
transparent_depth_noise,4,8,128,29,30,10,9,44,2,0.30000,0.32000,0.24000,0.20000,0.08000,0.07800,0.34000,0.08000
transparent_depth_noise,4,9,128,21,23,19,7,44,2,0.30000,0.32000,0.24000,0.20000,0.08000,0.07800,0.34000,0.08000
transparent_depth_noise,4,10,128,23,31,12,7,44,2,0.30000,0.32000,0.24000,0.20000,0.08000,0.07800,0.34000,0.08000
transparent_depth_noise,4,11,128,31,29,14,10,44,2,0.30000,0.32000,0.24000,0.20000,0.08000,0.07800,0.34000,0.08000
transparent_depth_noise,4,12,128,32,24,17,10,44,3,0.30000,0.32000,0.24000,0.20000,0.08000,0.07800,0.34000,0.08000
transparent_depth_noise,4,13,128,32,30,15,10,44,3,0.30000,0.32000,0.24000,0.20000,0.08000,0.07800,0.34000,0.08000
transparent_depth_noise,4,14,128,29,26,14,9,44,2,0.30000,0.32000,0.24000,0.20000,0.08000,0.07800,0.34000,0.08000
transparent_depth_noise,4,15,128,22,23,14,7,44,2,0.30000,0.32000,0.24000,0.20000,0.08000,0.07800,0.34000,0.08000
transparent_depth_noise,4,16,128,33,31,14,11,44,3,0.30000,0.32000,0.24000,0.20000,0.08000,0.07800,0.34000,0.08000
transparent_depth_noise,4,17,128,31,32,14,10,44,2,0.30000,0.32000,0.24000,0.20000,0.08000,0.07800,0.34000,0.08000
transparent_depth_noise,4,18,128,22,33,14,7,44,2,0.30000,0.32000,0.24000,0.20000,0.08000,0.07800,0.34000,0.08000
transparent_depth_noise,4,19,128,25,27,11,8,44,2,0.30000,0.32000,0.24000,0.20000,0.08000,0.07800,0.34000,0.08000
transparent_depth_noise,4,20,128,30,33,18,10,44,2,0.30000,0.32000,0.24000,0.20000,0.08000,0.07800,0.34000,0.08000
transparent_depth_noise,4,21,128,22,27,16,7,44,2,0.30000,0.32000,0.24000,0.20000,0.08000,0.07800,0.34000,0.08000
transparent_depth_noise,4,22,128,25,30,17,8,44,2,0.30000,0.32000,0.24000,0.20000,0.08000,0.07800,0.34000,0.08000
transparent_depth_noise,4,23,128,30,23,14,10,44,2,0.30000,0.32000,0.24000,0.20000,0.08000,0.07800,0.34000,0.08000
transparent_depth_noise,4,24,128,25,24,15,8,44,2,0.30000,0.32000,0.24000,0.20000,0.08000,0.07800,0.34000,0.08000
transparent_depth_noise,4,25,128,29,23,11,9,44,2,0.30000,0.32000,0.24000,0.20000,0.08000,0.07800,0.34000,0.08000
transparent_depth_noise,4,26,128,31,31,15,10,44,2,0.30000,0.32000,0.24000,0.20000,0.08000,0.07800,0.34000,0.08000
transparent_depth_noise,4,27,128,32,25,11,10,44,3,0.30000,0.32000,0.24000,0.20000,0.08000,0.07800,0.34000,0.08000
transparent_depth_noise,4,28,128,28,22,19,9,44,2,0.30000,0.32000,0.24000,0.20000,0.08000,0.07800,0.34000,0.08000
transparent_depth_noise,4,29,128,26,28,10,8,44,2,0.30000,0.32000,0.24000,0.20000,0.08000,0.07800,0.34000,0.08000
transparent_depth_noise,4,30,128,23,25,15,7,44,2,0.30000,0.32000,0.24000,0.20000,0.08000,0.07800,0.34000,0.08000
transparent_depth_noise,4,31,128,26,27,15,8,44,2,0.30000,0.32000,0.24000,0.20000,0.08000,0.07800,0.34000,0.08000
transparent_depth_noise,4,32,128,22,23,10,7,44,2,0.30000,0.32000,0.24000,0.20000,0.08000,0.07800,0.34000,0.08000
transparent_depth_noise,4,33,128,29,23,17,9,44,2,0.30000,0.32000,0.24000,0.20000,0.08000,0.07800,0.34000,0.08000
transparent_depth_noise,4,34,128,21,25,11,7,44,2,0.30000,0.32000,0.24000,0.20000,0.08000,0.07800,0.34000,0.08000
transparent_depth_noise,4,35,128,23,24,17,7,44,2,0.30000,0.32000,0.24000,0.20000,0.08000,0.07800,0.34000,0.08000
transparent_depth_noise,4,36,128,20,30,15,6,44,2,0.30000,0.32000,0.24000,0.20000,0.08000,0.07800,0.34000,0.08000
transparent_depth_noise,4,37,128,33,23,18,11,44,3,0.30000,0.32000,0.24000,0.20000,0.08000,0.07800,0.34000,0.08000
transparent_depth_noise,4,38,128,22,30,12,7,44,2,0.30000,0.32000,0.24000,0.20000,0.08000,0.07800,0.34000,0.08000
transparent_depth_noise,4,39,128,28,28,14,9,44,2,0.30000,0.32000,0.24000,0.20000,0.08000,0.07800,0.34000,0.08000
transparent_depth_noise,4,40,128,25,25,14,8,44,2,0.30000,0.32000,0.24000,0.20000,0.08000,0.07800,0.34000,0.08000
transparent_depth_noise,4,41,128,25,31,17,8,44,2,0.30000,0.32000,0.24000,0.20000,0.08000,0.07800,0.34000,0.08000
transparent_depth_noise,4,42,128,29,31,15,9,44,2,0.30000,0.32000,0.24000,0.20000,0.08000,0.07800,0.34000,0.08000
transparent_depth_noise,4,43,128,30,28,19,10,44,2,0.30000,0.32000,0.24000,0.20000,0.08000,0.07800,0.34000,0.08000
transparent_depth_noise,4,44,128,28,22,10,9,44,2,0.30000,0.32000,0.24000,0.20000,0.08000,0.07800,0.34000,0.08000
transparent_depth_noise,4,45,128,29,24,14,9,44,2,0.30000,0.32000,0.24000,0.20000,0.08000,0.07800,0.34000,0.08000
transparent_depth_noise,4,46,128,33,22,13,11,44,3,0.30000,0.32000,0.24000,0.20000,0.08000,0.07800,0.34000,0.08000
transparent_depth_noise,4,47,128,29,26,12,9,44,2,0.30000,0.32000,0.24000,0.20000,0.08000,0.07800,0.34000,0.08000
transparent_depth_noise,4,48,128,21,23,14,7,44,2,0.30000,0.32000,0.24000,0.20000,0.08000,0.07800,0.34000,0.08000
transparent_depth_noise,4,49,128,29,31,10,9,44,2,0.30000,0.32000,0.24000,0.20000,0.08000,0.07800,0.34000,0.08000
transparent_depth_noise,4,50,128,31,30,11,10,44,2,0.30000,0.32000,0.24000,0.20000,0.08000,0.07800,0.34000,0.08000
transparent_depth_noise,4,51,128,21,27,15,7,44,2,0.30000,0.32000,0.24000,0.20000,0.08000,0.07800,0.34000,0.08000
transparent_depth_noise,4,52,128,28,33,13,9,44,2,0.30000,0.32000,0.24000,0.20000,0.08000,0.07800,0.34000,0.08000
transparent_depth_noise,4,53,128,32,32,14,10,44,3,0.30000,0.32000,0.24000,0.20000,0.08000,0.07800,0.34000,0.08000
transparent_depth_noise,4,54,128,28,30,10,9,44,2,0.30000,0.32000,0.24000,0.20000,0.08000,0.07800,0.34000,0.08000
transparent_depth_noise,4,55,128,31,25,17,10,44,2,0.30000,0.32000,0.24000,0.20000,0.08000,0.07800,0.34000,0.08000
transparent_depth_noise,4,56,128,27,32,19,9,44,2,0.30000,0.32000,0.24000,0.20000,0.08000,0.07800,0.34000,0.08000
transparent_depth_noise,4,57,128,26,25,15,8,44,2,0.30000,0.32000,0.24000,0.20000,0.08000,0.07800,0.34000,0.08000
transparent_depth_noise,4,58,128,33,24,10,11,44,3,0.30000,0.32000,0.24000,0.20000,0.08000,0.07800,0.34000,0.08000
transparent_depth_noise,4,59,128,28,33,16,9,44,2,0.30000,0.32000,0.24000,0.20000,0.08000,0.07800,0.34000,0.08000
transparent_depth_noise,4,60,128,26,29,19,8,44,2,0.30000,0.32000,0.24000,0.20000,0.08000,0.07800,0.34000,0.08000
transparent_depth_noise,4,61,128,25,24,19,8,44,2,0.30000,0.32000,0.24000,0.20000,0.08000,0.07800,0.34000,0.08000
transparent_depth_noise,4,62,128,22,32,17,7,44,2,0.30000,0.32000,0.24000,0.20000,0.08000,0.07800,0.34000,0.08000
transparent_depth_noise,4,63,128,20,25,12,6,44,2,0.30000,0.32000,0.24000,0.20000,0.08000,0.07800,0.34000,0.08000
transparent_depth_noise,5,0,128,25,29,13,8,44,2,0.30000,0.32000,0.24000,0.20000,0.08000,0.07800,0.34000,0.08000
transparent_depth_noise,5,1,128,21,29,17,7,44,2,0.30000,0.32000,0.24000,0.20000,0.08000,0.07800,0.34000,0.08000
transparent_depth_noise,5,2,128,26,29,11,8,44,2,0.30000,0.32000,0.24000,0.20000,0.08000,0.07800,0.34000,0.08000
transparent_depth_noise,5,3,128,27,22,15,9,44,2,0.30000,0.32000,0.24000,0.20000,0.08000,0.07800,0.34000,0.08000
transparent_depth_noise,5,4,128,32,25,10,10,44,3,0.30000,0.32000,0.24000,0.20000,0.08000,0.07800,0.34000,0.08000
transparent_depth_noise,5,5,128,28,22,10,9,44,2,0.30000,0.32000,0.24000,0.20000,0.08000,0.07800,0.34000,0.08000
transparent_depth_noise,5,6,128,21,25,14,7,44,2,0.30000,0.32000,0.24000,0.20000,0.08000,0.07800,0.34000,0.08000
transparent_depth_noise,5,7,128,23,33,19,7,44,2,0.30000,0.32000,0.24000,0.20000,0.08000,0.07800,0.34000,0.08000
transparent_depth_noise,5,8,128,27,29,18,9,44,2,0.30000,0.32000,0.24000,0.20000,0.08000,0.07800,0.34000,0.08000
transparent_depth_noise,5,9,128,27,27,19,9,44,2,0.30000,0.32000,0.24000,0.20000,0.08000,0.07800,0.34000,0.08000
transparent_depth_noise,5,10,128,24,28,12,8,44,2,0.30000,0.32000,0.24000,0.20000,0.08000,0.07800,0.34000,0.08000
transparent_depth_noise,5,11,128,23,25,18,7,44,2,0.30000,0.32000,0.24000,0.20000,0.08000,0.07800,0.34000,0.08000
transparent_depth_noise,5,12,128,21,29,11,7,44,2,0.30000,0.32000,0.24000,0.20000,0.08000,0.07800,0.34000,0.08000
transparent_depth_noise,5,13,128,25,22,10,8,44,2,0.30000,0.32000,0.24000,0.20000,0.08000,0.07800,0.34000,0.08000
transparent_depth_noise,5,14,128,20,27,10,6,44,2,0.30000,0.32000,0.24000,0.20000,0.08000,0.07800,0.34000,0.08000
transparent_depth_noise,5,15,128,30,28,11,10,44,2,0.30000,0.32000,0.24000,0.20000,0.08000,0.07800,0.34000,0.08000
transparent_depth_noise,5,16,128,27,32,18,9,44,2,0.30000,0.32000,0.24000,0.20000,0.08000,0.07800,0.34000,0.08000
transparent_depth_noise,5,17,128,22,30,10,7,44,2,0.30000,0.32000,0.24000,0.20000,0.08000,0.07800,0.34000,0.08000
transparent_depth_noise,5,18,128,21,25,12,7,44,2,0.30000,0.32000,0.24000,0.20000,0.08000,0.07800,0.34000,0.08000
transparent_depth_noise,5,19,128,23,31,18,7,44,2,0.30000,0.32000,0.24000,0.20000,0.08000,0.07800,0.34000,0.08000
transparent_depth_noise,5,20,128,29,22,16,9,44,2,0.30000,0.32000,0.24000,0.20000,0.08000,0.07800,0.34000,0.08000
transparent_depth_noise,5,21,128,26,28,16,8,44,2,0.30000,0.32000,0.24000,0.20000,0.08000,0.07800,0.34000,0.08000
transparent_depth_noise,5,22,128,31,29,17,10,44,2,0.30000,0.32000,0.24000,0.20000,0.08000,0.07800,0.34000,0.08000
transparent_depth_noise,5,23,128,23,30,14,7,44,2,0.30000,0.32000,0.24000,0.20000,0.08000,0.07800,0.34000,0.08000
transparent_depth_noise,5,24,128,26,33,19,8,44,2,0.30000,0.32000,0.24000,0.20000,0.08000,0.07800,0.34000,0.08000
transparent_depth_noise,5,25,128,28,32,17,9,44,2,0.30000,0.32000,0.24000,0.20000,0.08000,0.07800,0.34000,0.08000
transparent_depth_noise,5,26,128,24,33,11,8,44,2,0.30000,0.32000,0.24000,0.20000,0.08000,0.07800,0.34000,0.08000
transparent_depth_noise,5,27,128,29,22,11,9,44,2,0.30000,0.32000,0.24000,0.20000,0.08000,0.07800,0.34000,0.08000
transparent_depth_noise,5,28,128,25,29,11,8,44,2,0.30000,0.32000,0.24000,0.20000,0.08000,0.07800,0.34000,0.08000
transparent_depth_noise,5,29,128,20,33,10,6,44,2,0.30000,0.32000,0.24000,0.20000,0.08000,0.07800,0.34000,0.08000
transparent_depth_noise,5,30,128,20,27,16,6,44,2,0.30000,0.32000,0.24000,0.20000,0.08000,0.07800,0.34000,0.08000
transparent_depth_noise,5,31,128,23,25,10,7,44,2,0.30000,0.32000,0.24000,0.20000,0.08000,0.07800,0.34000,0.08000
transparent_depth_noise,5,32,128,33,23,16,11,44,3,0.30000,0.32000,0.24000,0.20000,0.08000,0.07800,0.34000,0.08000
transparent_depth_noise,5,33,128,27,30,12,9,44,2,0.30000,0.32000,0.24000,0.20000,0.08000,0.07800,0.34000,0.08000
transparent_depth_noise,5,34,128,22,27,13,7,44,2,0.30000,0.32000,0.24000,0.20000,0.08000,0.07800,0.34000,0.08000
transparent_depth_noise,5,35,128,32,32,17,10,44,3,0.30000,0.32000,0.24000,0.20000,0.08000,0.07800,0.34000,0.08000
transparent_depth_noise,5,36,128,21,22,11,7,44,2,0.30000,0.32000,0.24000,0.20000,0.08000,0.07800,0.34000,0.08000
transparent_depth_noise,5,37,128,20,23,14,6,44,2,0.30000,0.32000,0.24000,0.20000,0.08000,0.07800,0.34000,0.08000
transparent_depth_noise,5,38,128,30,26,14,10,44,2,0.30000,0.32000,0.24000,0.20000,0.08000,0.07800,0.34000,0.08000
transparent_depth_noise,5,39,128,32,24,13,10,44,3,0.30000,0.32000,0.24000,0.20000,0.08000,0.07800,0.34000,0.08000
transparent_depth_noise,5,40,128,22,28,18,7,44,2,0.30000,0.32000,0.24000,0.20000,0.08000,0.07800,0.34000,0.08000
transparent_depth_noise,5,41,128,25,25,19,8,44,2,0.30000,0.32000,0.24000,0.20000,0.08000,0.07800,0.34000,0.08000
transparent_depth_noise,5,42,128,24,33,13,8,44,2,0.30000,0.32000,0.24000,0.20000,0.08000,0.07800,0.34000,0.08000
transparent_depth_noise,5,43,128,31,30,10,10,44,2,0.30000,0.32000,0.24000,0.20000,0.08000,0.07800,0.34000,0.08000
transparent_depth_noise,5,44,128,20,33,13,6,44,2,0.30000,0.32000,0.24000,0.20000,0.08000,0.07800,0.34000,0.08000
transparent_depth_noise,5,45,128,32,26,13,10,44,3,0.30000,0.32000,0.24000,0.20000,0.08000,0.07800,0.34000,0.08000
transparent_depth_noise,5,46,128,33,28,13,11,44,3,0.30000,0.32000,0.24000,0.20000,0.08000,0.07800,0.34000,0.08000
transparent_depth_noise,5,47,128,21,33,11,7,44,2,0.30000,0.32000,0.24000,0.20000,0.08000,0.07800,0.34000,0.08000
transparent_depth_noise,5,48,128,28,27,11,9,44,2,0.30000,0.32000,0.24000,0.20000,0.08000,0.07800,0.34000,0.08000
transparent_depth_noise,5,49,128,33,30,14,11,44,3,0.30000,0.32000,0.24000,0.20000,0.08000,0.07800,0.34000,0.08000
transparent_depth_noise,5,50,128,31,32,15,10,44,2,0.30000,0.32000,0.24000,0.20000,0.08000,0.07800,0.34000,0.08000
transparent_depth_noise,5,51,128,31,29,14,10,44,2,0.30000,0.32000,0.24000,0.20000,0.08000,0.07800,0.34000,0.08000
transparent_depth_noise,5,52,128,32,32,11,10,44,3,0.30000,0.32000,0.24000,0.20000,0.08000,0.07800,0.34000,0.08000
transparent_depth_noise,5,53,128,21,31,19,7,44,2,0.30000,0.32000,0.24000,0.20000,0.08000,0.07800,0.34000,0.08000
transparent_depth_noise,5,54,128,29,29,18,9,44,2,0.30000,0.32000,0.24000,0.20000,0.08000,0.07800,0.34000,0.08000
transparent_depth_noise,5,55,128,31,23,17,10,44,2,0.30000,0.32000,0.24000,0.20000,0.08000,0.07800,0.34000,0.08000
transparent_depth_noise,5,56,128,26,31,19,8,44,2,0.30000,0.32000,0.24000,0.20000,0.08000,0.07800,0.34000,0.08000
transparent_depth_noise,5,57,128,27,22,14,9,44,2,0.30000,0.32000,0.24000,0.20000,0.08000,0.07800,0.34000,0.08000
transparent_depth_noise,5,58,128,21,31,16,7,44,2,0.30000,0.32000,0.24000,0.20000,0.08000,0.07800,0.34000,0.08000
transparent_depth_noise,5,59,128,21,31,13,7,44,2,0.30000,0.32000,0.24000,0.20000,0.08000,0.07800,0.34000,0.08000
transparent_depth_noise,5,60,128,27,24,10,9,44,2,0.30000,0.32000,0.24000,0.20000,0.08000,0.07800,0.34000,0.08000
transparent_depth_noise,5,61,128,33,22,18,11,44,3,0.30000,0.32000,0.24000,0.20000,0.08000,0.07800,0.34000,0.08000
transparent_depth_noise,5,62,128,32,33,17,10,44,3,0.30000,0.32000,0.24000,0.20000,0.08000,0.07800,0.34000,0.08000
transparent_depth_noise,5,63,128,30,24,11,10,44,2,0.30000,0.32000,0.24000,0.20000,0.08000,0.07800,0.34000,0.08000
transparent_depth_noise,6,0,128,31,23,19,10,44,2,0.30000,0.32000,0.24000,0.20000,0.08000,0.07800,0.34000,0.08000
transparent_depth_noise,6,1,128,24,33,12,8,44,2,0.30000,0.32000,0.24000,0.20000,0.08000,0.07800,0.34000,0.08000
transparent_depth_noise,6,2,128,32,32,16,10,44,3,0.30000,0.32000,0.24000,0.20000,0.08000,0.07800,0.34000,0.08000
transparent_depth_noise,6,3,128,32,30,15,10,44,3,0.30000,0.32000,0.24000,0.20000,0.08000,0.07800,0.34000,0.08000
transparent_depth_noise,6,4,128,24,32,10,8,44,2,0.30000,0.32000,0.24000,0.20000,0.08000,0.07800,0.34000,0.08000
transparent_depth_noise,6,5,128,20,31,14,6,44,2,0.30000,0.32000,0.24000,0.20000,0.08000,0.07800,0.34000,0.08000
transparent_depth_noise,6,6,128,20,30,10,6,44,2,0.30000,0.32000,0.24000,0.20000,0.08000,0.07800,0.34000,0.08000
transparent_depth_noise,6,7,128,33,28,14,11,44,3,0.30000,0.32000,0.24000,0.20000,0.08000,0.07800,0.34000,0.08000
transparent_depth_noise,6,8,128,21,26,12,7,44,2,0.30000,0.32000,0.24000,0.20000,0.08000,0.07800,0.34000,0.08000
transparent_depth_noise,6,9,128,24,33,15,8,44,2,0.30000,0.32000,0.24000,0.20000,0.08000,0.07800,0.34000,0.08000
transparent_depth_noise,6,10,128,23,24,12,7,44,2,0.30000,0.32000,0.24000,0.20000,0.08000,0.07800,0.34000,0.08000
transparent_depth_noise,6,11,128,30,24,18,10,44,2,0.30000,0.32000,0.24000,0.20000,0.08000,0.07800,0.34000,0.08000
transparent_depth_noise,6,12,128,32,30,18,10,44,3,0.30000,0.32000,0.24000,0.20000,0.08000,0.07800,0.34000,0.08000
transparent_depth_noise,6,13,128,21,29,17,7,44,2,0.30000,0.32000,0.24000,0.20000,0.08000,0.07800,0.34000,0.08000
transparent_depth_noise,6,14,128,31,25,16,10,44,2,0.30000,0.32000,0.24000,0.20000,0.08000,0.07800,0.34000,0.08000
transparent_depth_noise,6,15,128,20,23,15,6,44,2,0.30000,0.32000,0.24000,0.20000,0.08000,0.07800,0.34000,0.08000
transparent_depth_noise,6,16,128,33,31,15,11,44,3,0.30000,0.32000,0.24000,0.20000,0.08000,0.07800,0.34000,0.08000
transparent_depth_noise,6,17,128,26,29,12,8,44,2,0.30000,0.32000,0.24000,0.20000,0.08000,0.07800,0.34000,0.08000
transparent_depth_noise,6,18,128,29,27,17,9,44,2,0.30000,0.32000,0.24000,0.20000,0.08000,0.07800,0.34000,0.08000
transparent_depth_noise,6,19,128,31,31,19,10,44,2,0.30000,0.32000,0.24000,0.20000,0.08000,0.07800,0.34000,0.08000
transparent_depth_noise,6,20,128,25,28,14,8,44,2,0.30000,0.32000,0.24000,0.20000,0.08000,0.07800,0.34000,0.08000
transparent_depth_noise,6,21,128,21,33,16,7,44,2,0.30000,0.32000,0.24000,0.20000,0.08000,0.07800,0.34000,0.08000
transparent_depth_noise,6,22,128,31,24,10,10,44,2,0.30000,0.32000,0.24000,0.20000,0.08000,0.07800,0.34000,0.08000
transparent_depth_noise,6,23,128,21,28,15,7,44,2,0.30000,0.32000,0.24000,0.20000,0.08000,0.07800,0.34000,0.08000
transparent_depth_noise,6,24,128,32,30,19,10,44,3,0.30000,0.32000,0.24000,0.20000,0.08000,0.07800,0.34000,0.08000
transparent_depth_noise,6,25,128,22,33,12,7,44,2,0.30000,0.32000,0.24000,0.20000,0.08000,0.07800,0.34000,0.08000
transparent_depth_noise,6,26,128,30,22,16,10,44,2,0.30000,0.32000,0.24000,0.20000,0.08000,0.07800,0.34000,0.08000
transparent_depth_noise,6,27,128,22,33,10,7,44,2,0.30000,0.32000,0.24000,0.20000,0.08000,0.07800,0.34000,0.08000
transparent_depth_noise,6,28,128,33,27,15,11,44,3,0.30000,0.32000,0.24000,0.20000,0.08000,0.07800,0.34000,0.08000
transparent_depth_noise,6,29,128,25,24,15,8,44,2,0.30000,0.32000,0.24000,0.20000,0.08000,0.07800,0.34000,0.08000
transparent_depth_noise,6,30,128,20,24,10,6,44,2,0.30000,0.32000,0.24000,0.20000,0.08000,0.07800,0.34000,0.08000
transparent_depth_noise,6,31,128,24,30,10,8,44,2,0.30000,0.32000,0.24000,0.20000,0.08000,0.07800,0.34000,0.08000
transparent_depth_noise,6,32,128,26,23,13,8,44,2,0.30000,0.32000,0.24000,0.20000,0.08000,0.07800,0.34000,0.08000
transparent_depth_noise,6,33,128,23,27,19,7,44,2,0.30000,0.32000,0.24000,0.20000,0.08000,0.07800,0.34000,0.08000
transparent_depth_noise,6,34,128,30,33,17,10,44,2,0.30000,0.32000,0.24000,0.20000,0.08000,0.07800,0.34000,0.08000
transparent_depth_noise,6,35,128,22,27,15,7,44,2,0.30000,0.32000,0.24000,0.20000,0.08000,0.07800,0.34000,0.08000
transparent_depth_noise,6,36,128,24,30,13,8,44,2,0.30000,0.32000,0.24000,0.20000,0.08000,0.07800,0.34000,0.08000
transparent_depth_noise,6,37,128,29,24,19,9,44,2,0.30000,0.32000,0.24000,0.20000,0.08000,0.07800,0.34000,0.08000
transparent_depth_noise,6,38,128,32,26,19,10,44,3,0.30000,0.32000,0.24000,0.20000,0.08000,0.07800,0.34000,0.08000
transparent_depth_noise,6,39,128,22,30,11,7,44,2,0.30000,0.32000,0.24000,0.20000,0.08000,0.07800,0.34000,0.08000
transparent_depth_noise,6,40,128,28,32,13,9,44,2,0.30000,0.32000,0.24000,0.20000,0.08000,0.07800,0.34000,0.08000
transparent_depth_noise,6,41,128,33,24,10,11,44,3,0.30000,0.32000,0.24000,0.20000,0.08000,0.07800,0.34000,0.08000
transparent_depth_noise,6,42,128,31,31,12,10,44,2,0.30000,0.32000,0.24000,0.20000,0.08000,0.07800,0.34000,0.08000
transparent_depth_noise,6,43,128,22,28,12,7,44,2,0.30000,0.32000,0.24000,0.20000,0.08000,0.07800,0.34000,0.08000
transparent_depth_noise,6,44,128,32,30,19,10,44,3,0.30000,0.32000,0.24000,0.20000,0.08000,0.07800,0.34000,0.08000
transparent_depth_noise,6,45,128,21,26,14,7,44,2,0.30000,0.32000,0.24000,0.20000,0.08000,0.07800,0.34000,0.08000
transparent_depth_noise,6,46,128,25,22,12,8,44,2,0.30000,0.32000,0.24000,0.20000,0.08000,0.07800,0.34000,0.08000
transparent_depth_noise,6,47,128,20,28,10,6,44,2,0.30000,0.32000,0.24000,0.20000,0.08000,0.07800,0.34000,0.08000
transparent_depth_noise,6,48,128,24,33,18,8,44,2,0.30000,0.32000,0.24000,0.20000,0.08000,0.07800,0.34000,0.08000
transparent_depth_noise,6,49,128,26,25,17,8,44,2,0.30000,0.32000,0.24000,0.20000,0.08000,0.07800,0.34000,0.08000
transparent_depth_noise,6,50,128,24,30,13,8,44,2,0.30000,0.32000,0.24000,0.20000,0.08000,0.07800,0.34000,0.08000
transparent_depth_noise,6,51,128,21,32,11,7,44,2,0.30000,0.32000,0.24000,0.20000,0.08000,0.07800,0.34000,0.08000
transparent_depth_noise,6,52,128,24,25,10,8,44,2,0.30000,0.32000,0.24000,0.20000,0.08000,0.07800,0.34000,0.08000
transparent_depth_noise,6,53,128,23,30,10,7,44,2,0.30000,0.32000,0.24000,0.20000,0.08000,0.07800,0.34000,0.08000
transparent_depth_noise,6,54,128,20,33,16,6,44,2,0.30000,0.32000,0.24000,0.20000,0.08000,0.07800,0.34000,0.08000
transparent_depth_noise,6,55,128,33,23,11,11,44,3,0.30000,0.32000,0.24000,0.20000,0.08000,0.07800,0.34000,0.08000
transparent_depth_noise,6,56,128,31,29,17,10,44,2,0.30000,0.32000,0.24000,0.20000,0.08000,0.07800,0.34000,0.08000
transparent_depth_noise,6,57,128,29,29,19,9,44,2,0.30000,0.32000,0.24000,0.20000,0.08000,0.07800,0.34000,0.08000
transparent_depth_noise,6,58,128,21,31,18,7,44,2,0.30000,0.32000,0.24000,0.20000,0.08000,0.07800,0.34000,0.08000
transparent_depth_noise,6,59,128,23,24,16,7,44,2,0.30000,0.32000,0.24000,0.20000,0.08000,0.07800,0.34000,0.08000
transparent_depth_noise,6,60,128,30,22,11,10,44,2,0.30000,0.32000,0.24000,0.20000,0.08000,0.07800,0.34000,0.08000
transparent_depth_noise,6,61,128,31,25,10,10,44,2,0.30000,0.32000,0.24000,0.20000,0.08000,0.07800,0.34000,0.08000
transparent_depth_noise,6,62,128,22,22,12,7,44,2,0.30000,0.32000,0.24000,0.20000,0.08000,0.07800,0.34000,0.08000
transparent_depth_noise,6,63,128,26,30,18,8,44,2,0.30000,0.32000,0.24000,0.20000,0.08000,0.07800,0.34000,0.08000
transparent_depth_noise,7,0,128,29,29,19,9,44,2,0.30000,0.32000,0.24000,0.20000,0.08000,0.07800,0.34000,0.08000
transparent_depth_noise,7,1,128,31,22,17,10,44,2,0.30000,0.32000,0.24000,0.20000,0.08000,0.07800,0.34000,0.08000
transparent_depth_noise,7,2,128,26,31,12,8,44,2,0.30000,0.32000,0.24000,0.20000,0.08000,0.07800,0.34000,0.08000
transparent_depth_noise,7,3,128,26,25,18,8,44,2,0.30000,0.32000,0.24000,0.20000,0.08000,0.07800,0.34000,0.08000
transparent_depth_noise,7,4,128,20,23,19,6,44,2,0.30000,0.32000,0.24000,0.20000,0.08000,0.07800,0.34000,0.08000
transparent_depth_noise,7,5,128,22,30,16,7,44,2,0.30000,0.32000,0.24000,0.20000,0.08000,0.07800,0.34000,0.08000
transparent_depth_noise,7,6,128,31,30,19,10,44,2,0.30000,0.32000,0.24000,0.20000,0.08000,0.07800,0.34000,0.08000
transparent_depth_noise,7,7,128,27,28,15,9,44,2,0.30000,0.32000,0.24000,0.20000,0.08000,0.07800,0.34000,0.08000
transparent_depth_noise,7,8,128,26,31,11,8,44,2,0.30000,0.32000,0.24000,0.20000,0.08000,0.07800,0.34000,0.08000
transparent_depth_noise,7,9,128,30,30,10,10,44,2,0.30000,0.32000,0.24000,0.20000,0.08000,0.07800,0.34000,0.08000
transparent_depth_noise,7,10,128,30,26,12,10,44,2,0.30000,0.32000,0.24000,0.20000,0.08000,0.07800,0.34000,0.08000
transparent_depth_noise,7,11,128,26,23,13,8,44,2,0.30000,0.32000,0.24000,0.20000,0.08000,0.07800,0.34000,0.08000
transparent_depth_noise,7,12,128,25,28,15,8,44,2,0.30000,0.32000,0.24000,0.20000,0.08000,0.07800,0.34000,0.08000
transparent_depth_noise,7,13,128,32,30,15,10,44,3,0.30000,0.32000,0.24000,0.20000,0.08000,0.07800,0.34000,0.08000
transparent_depth_noise,7,14,128,25,24,14,8,44,2,0.30000,0.32000,0.24000,0.20000,0.08000,0.07800,0.34000,0.08000
transparent_depth_noise,7,15,128,30,29,18,10,44,2,0.30000,0.32000,0.24000,0.20000,0.08000,0.07800,0.34000,0.08000
transparent_depth_noise,7,16,128,31,24,17,10,44,2,0.30000,0.32000,0.24000,0.20000,0.08000,0.07800,0.34000,0.08000
transparent_depth_noise,7,17,128,32,32,16,10,44,3,0.30000,0.32000,0.24000,0.20000,0.08000,0.07800,0.34000,0.08000
transparent_depth_noise,7,18,128,31,28,17,10,44,2,0.30000,0.32000,0.24000,0.20000,0.08000,0.07800,0.34000,0.08000
transparent_depth_noise,7,19,128,33,26,14,11,44,3,0.30000,0.32000,0.24000,0.20000,0.08000,0.07800,0.34000,0.08000
transparent_depth_noise,7,20,128,29,26,17,9,44,2,0.30000,0.32000,0.24000,0.20000,0.08000,0.07800,0.34000,0.08000
transparent_depth_noise,7,21,128,27,26,10,9,44,2,0.30000,0.32000,0.24000,0.20000,0.08000,0.07800,0.34000,0.08000
transparent_depth_noise,7,22,128,24,24,17,8,44,2,0.30000,0.32000,0.24000,0.20000,0.08000,0.07800,0.34000,0.08000
transparent_depth_noise,7,23,128,22,31,10,7,44,2,0.30000,0.32000,0.24000,0.20000,0.08000,0.07800,0.34000,0.08000
transparent_depth_noise,7,24,128,33,25,10,11,44,3,0.30000,0.32000,0.24000,0.20000,0.08000,0.07800,0.34000,0.08000
transparent_depth_noise,7,25,128,30,27,17,10,44,2,0.30000,0.32000,0.24000,0.20000,0.08000,0.07800,0.34000,0.08000
transparent_depth_noise,7,26,128,21,30,13,7,44,2,0.30000,0.32000,0.24000,0.20000,0.08000,0.07800,0.34000,0.08000
transparent_depth_noise,7,27,128,25,31,15,8,44,2,0.30000,0.32000,0.24000,0.20000,0.08000,0.07800,0.34000,0.08000
transparent_depth_noise,7,28,128,33,32,15,11,44,3,0.30000,0.32000,0.24000,0.20000,0.08000,0.07800,0.34000,0.08000
transparent_depth_noise,7,29,128,33,31,13,11,44,3,0.30000,0.32000,0.24000,0.20000,0.08000,0.07800,0.34000,0.08000
transparent_depth_noise,7,30,128,30,30,12,10,44,2,0.30000,0.32000,0.24000,0.20000,0.08000,0.07800,0.34000,0.08000
transparent_depth_noise,7,31,128,25,26,17,8,44,2,0.30000,0.32000,0.24000,0.20000,0.08000,0.07800,0.34000,0.08000
transparent_depth_noise,7,32,128,28,32,19,9,44,2,0.30000,0.32000,0.24000,0.20000,0.08000,0.07800,0.34000,0.08000
transparent_depth_noise,7,33,128,23,25,13,7,44,2,0.30000,0.32000,0.24000,0.20000,0.08000,0.07800,0.34000,0.08000
transparent_depth_noise,7,34,128,29,32,15,9,44,2,0.30000,0.32000,0.24000,0.20000,0.08000,0.07800,0.34000,0.08000
transparent_depth_noise,7,35,128,26,30,18,8,44,2,0.30000,0.32000,0.24000,0.20000,0.08000,0.07800,0.34000,0.08000
transparent_depth_noise,7,36,128,23,29,13,7,44,2,0.30000,0.32000,0.24000,0.20000,0.08000,0.07800,0.34000,0.08000
transparent_depth_noise,7,37,128,33,26,12,11,44,3,0.30000,0.32000,0.24000,0.20000,0.08000,0.07800,0.34000,0.08000
transparent_depth_noise,7,38,128,25,28,10,8,44,2,0.30000,0.32000,0.24000,0.20000,0.08000,0.07800,0.34000,0.08000
transparent_depth_noise,7,39,128,32,27,14,10,44,3,0.30000,0.32000,0.24000,0.20000,0.08000,0.07800,0.34000,0.08000
transparent_depth_noise,7,40,128,33,30,11,11,44,3,0.30000,0.32000,0.24000,0.20000,0.08000,0.07800,0.34000,0.08000
transparent_depth_noise,7,41,128,32,28,15,10,44,3,0.30000,0.32000,0.24000,0.20000,0.08000,0.07800,0.34000,0.08000
transparent_depth_noise,7,42,128,26,30,14,8,44,2,0.30000,0.32000,0.24000,0.20000,0.08000,0.07800,0.34000,0.08000
transparent_depth_noise,7,43,128,30,27,16,10,44,2,0.30000,0.32000,0.24000,0.20000,0.08000,0.07800,0.34000,0.08000
transparent_depth_noise,7,44,128,21,24,12,7,44,2,0.30000,0.32000,0.24000,0.20000,0.08000,0.07800,0.34000,0.08000
transparent_depth_noise,7,45,128,28,30,10,9,44,2,0.30000,0.32000,0.24000,0.20000,0.08000,0.07800,0.34000,0.08000
transparent_depth_noise,7,46,128,24,31,12,8,44,2,0.30000,0.32000,0.24000,0.20000,0.08000,0.07800,0.34000,0.08000
transparent_depth_noise,7,47,128,33,29,17,11,44,3,0.30000,0.32000,0.24000,0.20000,0.08000,0.07800,0.34000,0.08000
transparent_depth_noise,7,48,128,25,33,19,8,44,2,0.30000,0.32000,0.24000,0.20000,0.08000,0.07800,0.34000,0.08000
transparent_depth_noise,7,49,128,33,32,16,11,44,3,0.30000,0.32000,0.24000,0.20000,0.08000,0.07800,0.34000,0.08000
transparent_depth_noise,7,50,128,33,32,19,11,44,3,0.30000,0.32000,0.24000,0.20000,0.08000,0.07800,0.34000,0.08000
transparent_depth_noise,7,51,128,22,23,15,7,44,2,0.30000,0.32000,0.24000,0.20000,0.08000,0.07800,0.34000,0.08000
transparent_depth_noise,7,52,128,24,31,14,8,44,2,0.30000,0.32000,0.24000,0.20000,0.08000,0.07800,0.34000,0.08000
transparent_depth_noise,7,53,128,21,24,17,7,44,2,0.30000,0.32000,0.24000,0.20000,0.08000,0.07800,0.34000,0.08000
transparent_depth_noise,7,54,128,24,23,14,8,44,2,0.30000,0.32000,0.24000,0.20000,0.08000,0.07800,0.34000,0.08000
transparent_depth_noise,7,55,128,29,30,16,9,44,2,0.30000,0.32000,0.24000,0.20000,0.08000,0.07800,0.34000,0.08000
transparent_depth_noise,7,56,128,24,23,13,8,44,2,0.30000,0.32000,0.24000,0.20000,0.08000,0.07800,0.34000,0.08000
transparent_depth_noise,7,57,128,21,31,13,7,44,2,0.30000,0.32000,0.24000,0.20000,0.08000,0.07800,0.34000,0.08000
transparent_depth_noise,7,58,128,32,33,18,10,44,3,0.30000,0.32000,0.24000,0.20000,0.08000,0.07800,0.34000,0.08000
transparent_depth_noise,7,59,128,23,30,12,7,44,2,0.30000,0.32000,0.24000,0.20000,0.08000,0.07800,0.34000,0.08000
transparent_depth_noise,7,60,128,22,24,10,7,44,2,0.30000,0.32000,0.24000,0.20000,0.08000,0.07800,0.34000,0.08000
transparent_depth_noise,7,61,128,24,25,10,8,44,2,0.30000,0.32000,0.24000,0.20000,0.08000,0.07800,0.34000,0.08000
transparent_depth_noise,7,62,128,25,31,13,8,44,2,0.30000,0.32000,0.24000,0.20000,0.08000,0.07800,0.34000,0.08000
transparent_depth_noise,7,63,128,23,32,11,7,44,2,0.30000,0.32000,0.24000,0.20000,0.08000,0.07800,0.34000,0.08000
transparent_depth_noise,8,0,128,32,22,12,10,44,3,0.30000,0.32000,0.24000,0.20000,0.08000,0.07800,0.34000,0.08000
transparent_depth_noise,8,1,128,32,24,16,10,44,3,0.30000,0.32000,0.24000,0.20000,0.08000,0.07800,0.34000,0.08000
transparent_depth_noise,8,2,128,29,28,19,9,44,2,0.30000,0.32000,0.24000,0.20000,0.08000,0.07800,0.34000,0.08000
transparent_depth_noise,8,3,128,27,26,11,9,44,2,0.30000,0.32000,0.24000,0.20000,0.08000,0.07800,0.34000,0.08000
transparent_depth_noise,8,4,128,25,29,15,8,44,2,0.30000,0.32000,0.24000,0.20000,0.08000,0.07800,0.34000,0.08000
transparent_depth_noise,8,5,128,25,29,18,8,44,2,0.30000,0.32000,0.24000,0.20000,0.08000,0.07800,0.34000,0.08000
transparent_depth_noise,8,6,128,31,32,13,10,44,2,0.30000,0.32000,0.24000,0.20000,0.08000,0.07800,0.34000,0.08000
transparent_depth_noise,8,7,128,23,22,11,7,44,2,0.30000,0.32000,0.24000,0.20000,0.08000,0.07800,0.34000,0.08000
transparent_depth_noise,8,8,128,31,29,10,10,44,2,0.30000,0.32000,0.24000,0.20000,0.08000,0.07800,0.34000,0.08000
transparent_depth_noise,8,9,128,30,27,16,10,44,2,0.30000,0.32000,0.24000,0.20000,0.08000,0.07800,0.34000,0.08000
transparent_depth_noise,8,10,128,33,22,18,11,44,3,0.30000,0.32000,0.24000,0.20000,0.08000,0.07800,0.34000,0.08000
transparent_depth_noise,8,11,128,20,33,18,6,44,2,0.30000,0.32000,0.24000,0.20000,0.08000,0.07800,0.34000,0.08000
transparent_depth_noise,8,12,128,25,22,11,8,44,2,0.30000,0.32000,0.24000,0.20000,0.08000,0.07800,0.34000,0.08000
transparent_depth_noise,8,13,128,22,31,11,7,44,2,0.30000,0.32000,0.24000,0.20000,0.08000,0.07800,0.34000,0.08000
transparent_depth_noise,8,14,128,21,31,16,7,44,2,0.30000,0.32000,0.24000,0.20000,0.08000,0.07800,0.34000,0.08000
transparent_depth_noise,8,15,128,32,23,11,10,44,3,0.30000,0.32000,0.24000,0.20000,0.08000,0.07800,0.34000,0.08000
transparent_depth_noise,8,16,128,30,25,17,10,44,2,0.30000,0.32000,0.24000,0.20000,0.08000,0.07800,0.34000,0.08000
transparent_depth_noise,8,17,128,27,23,10,9,44,2,0.30000,0.32000,0.24000,0.20000,0.08000,0.07800,0.34000,0.08000
transparent_depth_noise,8,18,128,29,26,17,9,44,2,0.30000,0.32000,0.24000,0.20000,0.08000,0.07800,0.34000,0.08000
transparent_depth_noise,8,19,128,22,30,10,7,44,2,0.30000,0.32000,0.24000,0.20000,0.08000,0.07800,0.34000,0.08000
transparent_depth_noise,8,20,128,29,25,10,9,44,2,0.30000,0.32000,0.24000,0.20000,0.08000,0.07800,0.34000,0.08000
transparent_depth_noise,8,21,128,26,30,18,8,44,2,0.30000,0.32000,0.24000,0.20000,0.08000,0.07800,0.34000,0.08000
transparent_depth_noise,8,22,128,27,27,16,9,44,2,0.30000,0.32000,0.24000,0.20000,0.08000,0.07800,0.34000,0.08000
transparent_depth_noise,8,23,128,20,28,17,6,44,2,0.30000,0.32000,0.24000,0.20000,0.08000,0.07800,0.34000,0.08000
transparent_depth_noise,8,24,128,24,27,12,8,44,2,0.30000,0.32000,0.24000,0.20000,0.08000,0.07800,0.34000,0.08000
transparent_depth_noise,8,25,128,21,25,12,7,44,2,0.30000,0.32000,0.24000,0.20000,0.08000,0.07800,0.34000,0.08000
transparent_depth_noise,8,26,128,23,22,18,7,44,2,0.30000,0.32000,0.24000,0.20000,0.08000,0.07800,0.34000,0.08000
transparent_depth_noise,8,27,128,30,33,14,10,44,2,0.30000,0.32000,0.24000,0.20000,0.08000,0.07800,0.34000,0.08000
transparent_depth_noise,8,28,128,24,27,10,8,44,2,0.30000,0.32000,0.24000,0.20000,0.08000,0.07800,0.34000,0.08000
transparent_depth_noise,8,29,128,24,22,19,8,44,2,0.30000,0.32000,0.24000,0.20000,0.08000,0.07800,0.34000,0.08000
transparent_depth_noise,8,30,128,30,26,13,10,44,2,0.30000,0.32000,0.24000,0.20000,0.08000,0.07800,0.34000,0.08000
transparent_depth_noise,8,31,128,21,25,18,7,44,2,0.30000,0.32000,0.24000,0.20000,0.08000,0.07800,0.34000,0.08000
transparent_depth_noise,8,32,128,28,24,17,9,44,2,0.30000,0.32000,0.24000,0.20000,0.08000,0.07800,0.34000,0.08000
transparent_depth_noise,8,33,128,27,28,17,9,44,2,0.30000,0.32000,0.24000,0.20000,0.08000,0.07800,0.34000,0.08000
transparent_depth_noise,8,34,128,27,33,13,9,44,2,0.30000,0.32000,0.24000,0.20000,0.08000,0.07800,0.34000,0.08000
transparent_depth_noise,8,35,128,32,31,19,10,44,3,0.30000,0.32000,0.24000,0.20000,0.08000,0.07800,0.34000,0.08000
transparent_depth_noise,8,36,128,26,28,11,8,44,2,0.30000,0.32000,0.24000,0.20000,0.08000,0.07800,0.34000,0.08000
transparent_depth_noise,8,37,128,27,28,12,9,44,2,0.30000,0.32000,0.24000,0.20000,0.08000,0.07800,0.34000,0.08000
transparent_depth_noise,8,38,128,29,24,14,9,44,2,0.30000,0.32000,0.24000,0.20000,0.08000,0.07800,0.34000,0.08000
transparent_depth_noise,8,39,128,33,28,10,11,44,3,0.30000,0.32000,0.24000,0.20000,0.08000,0.07800,0.34000,0.08000
transparent_depth_noise,8,40,128,27,24,19,9,44,2,0.30000,0.32000,0.24000,0.20000,0.08000,0.07800,0.34000,0.08000
transparent_depth_noise,8,41,128,29,27,10,9,44,2,0.30000,0.32000,0.24000,0.20000,0.08000,0.07800,0.34000,0.08000
transparent_depth_noise,8,42,128,27,23,19,9,44,2,0.30000,0.32000,0.24000,0.20000,0.08000,0.07800,0.34000,0.08000
transparent_depth_noise,8,43,128,20,23,16,6,44,2,0.30000,0.32000,0.24000,0.20000,0.08000,0.07800,0.34000,0.08000
transparent_depth_noise,8,44,128,20,26,17,6,44,2,0.30000,0.32000,0.24000,0.20000,0.08000,0.07800,0.34000,0.08000
transparent_depth_noise,8,45,128,22,26,11,7,44,2,0.30000,0.32000,0.24000,0.20000,0.08000,0.07800,0.34000,0.08000
transparent_depth_noise,8,46,128,24,26,16,8,44,2,0.30000,0.32000,0.24000,0.20000,0.08000,0.07800,0.34000,0.08000
transparent_depth_noise,8,47,128,28,28,14,9,44,2,0.30000,0.32000,0.24000,0.20000,0.08000,0.07800,0.34000,0.08000
transparent_depth_noise,8,48,128,31,24,19,10,44,2,0.30000,0.32000,0.24000,0.20000,0.08000,0.07800,0.34000,0.08000
transparent_depth_noise,8,49,128,20,28,10,6,44,2,0.30000,0.32000,0.24000,0.20000,0.08000,0.07800,0.34000,0.08000
transparent_depth_noise,8,50,128,30,24,17,10,44,2,0.30000,0.32000,0.24000,0.20000,0.08000,0.07800,0.34000,0.08000
transparent_depth_noise,8,51,128,33,26,12,11,44,3,0.30000,0.32000,0.24000,0.20000,0.08000,0.07800,0.34000,0.08000
transparent_depth_noise,8,52,128,22,24,13,7,44,2,0.30000,0.32000,0.24000,0.20000,0.08000,0.07800,0.34000,0.08000
transparent_depth_noise,8,53,128,21,33,19,7,44,2,0.30000,0.32000,0.24000,0.20000,0.08000,0.07800,0.34000,0.08000
transparent_depth_noise,8,54,128,22,33,15,7,44,2,0.30000,0.32000,0.24000,0.20000,0.08000,0.07800,0.34000,0.08000
transparent_depth_noise,8,55,128,30,33,14,10,44,2,0.30000,0.32000,0.24000,0.20000,0.08000,0.07800,0.34000,0.08000
transparent_depth_noise,8,56,128,24,27,18,8,44,2,0.30000,0.32000,0.24000,0.20000,0.08000,0.07800,0.34000,0.08000
transparent_depth_noise,8,57,128,29,23,19,9,44,2,0.30000,0.32000,0.24000,0.20000,0.08000,0.07800,0.34000,0.08000
transparent_depth_noise,8,58,128,31,29,15,10,44,2,0.30000,0.32000,0.24000,0.20000,0.08000,0.07800,0.34000,0.08000
transparent_depth_noise,8,59,128,23,27,18,7,44,2,0.30000,0.32000,0.24000,0.20000,0.08000,0.07800,0.34000,0.08000
transparent_depth_noise,8,60,128,24,26,11,8,44,2,0.30000,0.32000,0.24000,0.20000,0.08000,0.07800,0.34000,0.08000
transparent_depth_noise,8,61,128,23,31,19,7,44,2,0.30000,0.32000,0.24000,0.20000,0.08000,0.07800,0.34000,0.08000
transparent_depth_noise,8,62,128,28,30,14,9,44,2,0.30000,0.32000,0.24000,0.20000,0.08000,0.07800,0.34000,0.08000
transparent_depth_noise,8,63,128,30,31,19,10,44,2,0.30000,0.32000,0.24000,0.20000,0.08000,0.07800,0.34000,0.08000
transparent_depth_noise,9,0,128,21,30,14,7,44,2,0.30000,0.32000,0.24000,0.20000,0.08000,0.07800,0.34000,0.08000
transparent_depth_noise,9,1,128,26,25,15,8,44,2,0.30000,0.32000,0.24000,0.20000,0.08000,0.07800,0.34000,0.08000
transparent_depth_noise,9,2,128,28,25,12,9,44,2,0.30000,0.32000,0.24000,0.20000,0.08000,0.07800,0.34000,0.08000
transparent_depth_noise,9,3,128,27,26,16,9,44,2,0.30000,0.32000,0.24000,0.20000,0.08000,0.07800,0.34000,0.08000
transparent_depth_noise,9,4,128,30,22,12,10,44,2,0.30000,0.32000,0.24000,0.20000,0.08000,0.07800,0.34000,0.08000
transparent_depth_noise,9,5,128,28,26,14,9,44,2,0.30000,0.32000,0.24000,0.20000,0.08000,0.07800,0.34000,0.08000
transparent_depth_noise,9,6,128,32,30,12,10,44,3,0.30000,0.32000,0.24000,0.20000,0.08000,0.07800,0.34000,0.08000
transparent_depth_noise,9,7,128,21,25,11,7,44,2,0.30000,0.32000,0.24000,0.20000,0.08000,0.07800,0.34000,0.08000
transparent_depth_noise,9,8,128,20,25,11,6,44,2,0.30000,0.32000,0.24000,0.20000,0.08000,0.07800,0.34000,0.08000
transparent_depth_noise,9,9,128,25,26,13,8,44,2,0.30000,0.32000,0.24000,0.20000,0.08000,0.07800,0.34000,0.08000
transparent_depth_noise,9,10,128,22,29,17,7,44,2,0.30000,0.32000,0.24000,0.20000,0.08000,0.07800,0.34000,0.08000
transparent_depth_noise,9,11,128,33,31,19,11,44,3,0.30000,0.32000,0.24000,0.20000,0.08000,0.07800,0.34000,0.08000
transparent_depth_noise,9,12,128,27,33,17,9,44,2,0.30000,0.32000,0.24000,0.20000,0.08000,0.07800,0.34000,0.08000
transparent_depth_noise,9,13,128,20,31,14,6,44,2,0.30000,0.32000,0.24000,0.20000,0.08000,0.07800,0.34000,0.08000
transparent_depth_noise,9,14,128,22,29,11,7,44,2,0.30000,0.32000,0.24000,0.20000,0.08000,0.07800,0.34000,0.08000
transparent_depth_noise,9,15,128,28,22,12,9,44,2,0.30000,0.32000,0.24000,0.20000,0.08000,0.07800,0.34000,0.08000
transparent_depth_noise,9,16,128,25,30,11,8,44,2,0.30000,0.32000,0.24000,0.20000,0.08000,0.07800,0.34000,0.08000
transparent_depth_noise,9,17,128,33,33,10,11,44,3,0.30000,0.32000,0.24000,0.20000,0.08000,0.07800,0.34000,0.08000
transparent_depth_noise,9,18,128,20,27,13,6,44,2,0.30000,0.32000,0.24000,0.20000,0.08000,0.07800,0.34000,0.08000
transparent_depth_noise,9,19,128,28,30,11,9,44,2,0.30000,0.32000,0.24000,0.20000,0.08000,0.07800,0.34000,0.08000
transparent_depth_noise,9,20,128,32,24,19,10,44,3,0.30000,0.32000,0.24000,0.20000,0.08000,0.07800,0.34000,0.08000
transparent_depth_noise,9,21,128,25,31,18,8,44,2,0.30000,0.32000,0.24000,0.20000,0.08000,0.07800,0.34000,0.08000
transparent_depth_noise,9,22,128,33,28,19,11,44,3,0.30000,0.32000,0.24000,0.20000,0.08000,0.07800,0.34000,0.08000
transparent_depth_noise,9,23,128,28,30,19,9,44,2,0.30000,0.32000,0.24000,0.20000,0.08000,0.07800,0.34000,0.08000
transparent_depth_noise,9,24,128,20,30,10,6,44,2,0.30000,0.32000,0.24000,0.20000,0.08000,0.07800,0.34000,0.08000
transparent_depth_noise,9,25,128,27,22,10,9,44,2,0.30000,0.32000,0.24000,0.20000,0.08000,0.07800,0.34000,0.08000
transparent_depth_noise,9,26,128,28,23,18,9,44,2,0.30000,0.32000,0.24000,0.20000,0.08000,0.07800,0.34000,0.08000
transparent_depth_noise,9,27,128,29,33,18,9,44,2,0.30000,0.32000,0.24000,0.20000,0.08000,0.07800,0.34000,0.08000
transparent_depth_noise,9,28,128,22,26,13,7,44,2,0.30000,0.32000,0.24000,0.20000,0.08000,0.07800,0.34000,0.08000
transparent_depth_noise,9,29,128,27,25,14,9,44,2,0.30000,0.32000,0.24000,0.20000,0.08000,0.07800,0.34000,0.08000
transparent_depth_noise,9,30,128,25,22,12,8,44,2,0.30000,0.32000,0.24000,0.20000,0.08000,0.07800,0.34000,0.08000
transparent_depth_noise,9,31,128,27,29,12,9,44,2,0.30000,0.32000,0.24000,0.20000,0.08000,0.07800,0.34000,0.08000
transparent_depth_noise,9,32,128,31,27,11,10,44,2,0.30000,0.32000,0.24000,0.20000,0.08000,0.07800,0.34000,0.08000
transparent_depth_noise,9,33,128,23,25,19,7,44,2,0.30000,0.32000,0.24000,0.20000,0.08000,0.07800,0.34000,0.08000
transparent_depth_noise,9,34,128,21,25,12,7,44,2,0.30000,0.32000,0.24000,0.20000,0.08000,0.07800,0.34000,0.08000
transparent_depth_noise,9,35,128,21,32,11,7,44,2,0.30000,0.32000,0.24000,0.20000,0.08000,0.07800,0.34000,0.08000
transparent_depth_noise,9,36,128,24,28,12,8,44,2,0.30000,0.32000,0.24000,0.20000,0.08000,0.07800,0.34000,0.08000
transparent_depth_noise,9,37,128,26,33,13,8,44,2,0.30000,0.32000,0.24000,0.20000,0.08000,0.07800,0.34000,0.08000
transparent_depth_noise,9,38,128,28,29,15,9,44,2,0.30000,0.32000,0.24000,0.20000,0.08000,0.07800,0.34000,0.08000
transparent_depth_noise,9,39,128,20,23,12,6,44,2,0.30000,0.32000,0.24000,0.20000,0.08000,0.07800,0.34000,0.08000
transparent_depth_noise,9,40,128,22,33,12,7,44,2,0.30000,0.32000,0.24000,0.20000,0.08000,0.07800,0.34000,0.08000
transparent_depth_noise,9,41,128,30,22,17,10,44,2,0.30000,0.32000,0.24000,0.20000,0.08000,0.07800,0.34000,0.08000
transparent_depth_noise,9,42,128,29,22,10,9,44,2,0.30000,0.32000,0.24000,0.20000,0.08000,0.07800,0.34000,0.08000
transparent_depth_noise,9,43,128,22,33,10,7,44,2,0.30000,0.32000,0.24000,0.20000,0.08000,0.07800,0.34000,0.08000
transparent_depth_noise,9,44,128,31,30,10,10,44,2,0.30000,0.32000,0.24000,0.20000,0.08000,0.07800,0.34000,0.08000
transparent_depth_noise,9,45,128,30,27,16,10,44,2,0.30000,0.32000,0.24000,0.20000,0.08000,0.07800,0.34000,0.08000
transparent_depth_noise,9,46,128,32,32,17,10,44,3,0.30000,0.32000,0.24000,0.20000,0.08000,0.07800,0.34000,0.08000
transparent_depth_noise,9,47,128,31,30,18,10,44,2,0.30000,0.32000,0.24000,0.20000,0.08000,0.07800,0.34000,0.08000
transparent_depth_noise,9,48,128,28,27,18,9,44,2,0.30000,0.32000,0.24000,0.20000,0.08000,0.07800,0.34000,0.08000
transparent_depth_noise,9,49,128,26,24,12,8,44,2,0.30000,0.32000,0.24000,0.20000,0.08000,0.07800,0.34000,0.08000
transparent_depth_noise,9,50,128,25,32,17,8,44,2,0.30000,0.32000,0.24000,0.20000,0.08000,0.07800,0.34000,0.08000
transparent_depth_noise,9,51,128,24,31,13,8,44,2,0.30000,0.32000,0.24000,0.20000,0.08000,0.07800,0.34000,0.08000
transparent_depth_noise,9,52,128,30,30,14,10,44,2,0.30000,0.32000,0.24000,0.20000,0.08000,0.07800,0.34000,0.08000
transparent_depth_noise,9,53,128,25,23,13,8,44,2,0.30000,0.32000,0.24000,0.20000,0.08000,0.07800,0.34000,0.08000
transparent_depth_noise,9,54,128,28,33,19,9,44,2,0.30000,0.32000,0.24000,0.20000,0.08000,0.07800,0.34000,0.08000
transparent_depth_noise,9,55,128,28,29,19,9,44,2,0.30000,0.32000,0.24000,0.20000,0.08000,0.07800,0.34000,0.08000
transparent_depth_noise,9,56,128,29,29,11,9,44,2,0.30000,0.32000,0.24000,0.20000,0.08000,0.07800,0.34000,0.08000
transparent_depth_noise,9,57,128,24,28,12,8,44,2,0.30000,0.32000,0.24000,0.20000,0.08000,0.07800,0.34000,0.08000
transparent_depth_noise,9,58,128,23,22,17,7,44,2,0.30000,0.32000,0.24000,0.20000,0.08000,0.07800,0.34000,0.08000
transparent_depth_noise,9,59,128,31,22,16,10,44,2,0.30000,0.32000,0.24000,0.20000,0.08000,0.07800,0.34000,0.08000
transparent_depth_noise,9,60,128,20,32,16,6,44,2,0.30000,0.32000,0.24000,0.20000,0.08000,0.07800,0.34000,0.08000
transparent_depth_noise,9,61,128,22,26,19,7,44,2,0.30000,0.32000,0.24000,0.20000,0.08000,0.07800,0.34000,0.08000
transparent_depth_noise,9,62,128,23,33,10,7,44,2,0.30000,0.32000,0.24000,0.20000,0.08000,0.07800,0.34000,0.08000
transparent_depth_noise,9,63,128,24,28,18,8,44,2,0.30000,0.32000,0.24000,0.20000,0.08000,0.07800,0.34000,0.08000
tool_slip_hidden_contact,0,0,128,25,22,10,5,15,8,0.36000,0.20000,0.30000,0.24000,0.09000,0.05000,0.12000,0.34000
tool_slip_hidden_contact,0,1,128,25,26,19,5,15,8,0.36000,0.20000,0.30000,0.24000,0.09000,0.05000,0.12000,0.34000
tool_slip_hidden_contact,0,2,128,23,28,16,5,15,8,0.36000,0.20000,0.30000,0.24000,0.09000,0.05000,0.12000,0.34000
tool_slip_hidden_contact,0,3,128,31,23,10,6,15,11,0.36000,0.20000,0.30000,0.24000,0.09000,0.05000,0.12000,0.34000
tool_slip_hidden_contact,0,4,128,20,24,19,4,15,7,0.36000,0.20000,0.30000,0.24000,0.09000,0.05000,0.12000,0.34000
tool_slip_hidden_contact,0,5,128,23,28,10,5,15,8,0.36000,0.20000,0.30000,0.24000,0.09000,0.05000,0.12000,0.34000
tool_slip_hidden_contact,0,6,128,27,26,18,5,15,9,0.36000,0.20000,0.30000,0.24000,0.09000,0.05000,0.12000,0.34000
tool_slip_hidden_contact,0,7,128,32,32,14,6,15,11,0.36000,0.20000,0.30000,0.24000,0.09000,0.05000,0.12000,0.34000
tool_slip_hidden_contact,0,8,128,24,29,11,5,15,8,0.36000,0.20000,0.30000,0.24000,0.09000,0.05000,0.12000,0.34000
tool_slip_hidden_contact,0,9,128,32,25,17,6,15,11,0.36000,0.20000,0.30000,0.24000,0.09000,0.05000,0.12000,0.34000
tool_slip_hidden_contact,0,10,128,32,28,17,6,15,11,0.36000,0.20000,0.30000,0.24000,0.09000,0.05000,0.12000,0.34000
tool_slip_hidden_contact,0,11,128,30,33,12,6,15,10,0.36000,0.20000,0.30000,0.24000,0.09000,0.05000,0.12000,0.34000
tool_slip_hidden_contact,0,12,128,23,31,13,5,15,8,0.36000,0.20000,0.30000,0.24000,0.09000,0.05000,0.12000,0.34000
tool_slip_hidden_contact,0,13,128,24,33,12,5,15,8,0.36000,0.20000,0.30000,0.24000,0.09000,0.05000,0.12000,0.34000
tool_slip_hidden_contact,0,14,128,27,23,13,5,15,9,0.36000,0.20000,0.30000,0.24000,0.09000,0.05000,0.12000,0.34000
tool_slip_hidden_contact,0,15,128,30,25,15,6,15,10,0.36000,0.20000,0.30000,0.24000,0.09000,0.05000,0.12000,0.34000
tool_slip_hidden_contact,0,16,128,22,31,18,4,15,7,0.36000,0.20000,0.30000,0.24000,0.09000,0.05000,0.12000,0.34000
tool_slip_hidden_contact,0,17,128,33,27,10,7,15,11,0.36000,0.20000,0.30000,0.24000,0.09000,0.05000,0.12000,0.34000
tool_slip_hidden_contact,0,18,128,29,26,19,6,15,10,0.36000,0.20000,0.30000,0.24000,0.09000,0.05000,0.12000,0.34000
tool_slip_hidden_contact,0,19,128,30,24,10,6,15,10,0.36000,0.20000,0.30000,0.24000,0.09000,0.05000,0.12000,0.34000
tool_slip_hidden_contact,0,20,128,33,27,19,7,15,11,0.36000,0.20000,0.30000,0.24000,0.09000,0.05000,0.12000,0.34000
tool_slip_hidden_contact,0,21,128,22,23,18,4,15,7,0.36000,0.20000,0.30000,0.24000,0.09000,0.05000,0.12000,0.34000
tool_slip_hidden_contact,0,22,128,22,28,15,4,15,7,0.36000,0.20000,0.30000,0.24000,0.09000,0.05000,0.12000,0.34000
tool_slip_hidden_contact,0,23,128,20,22,12,4,15,7,0.36000,0.20000,0.30000,0.24000,0.09000,0.05000,0.12000,0.34000
tool_slip_hidden_contact,0,24,128,27,24,12,5,15,9,0.36000,0.20000,0.30000,0.24000,0.09000,0.05000,0.12000,0.34000
tool_slip_hidden_contact,0,25,128,22,26,11,4,15,7,0.36000,0.20000,0.30000,0.24000,0.09000,0.05000,0.12000,0.34000
tool_slip_hidden_contact,0,26,128,27,27,19,5,15,9,0.36000,0.20000,0.30000,0.24000,0.09000,0.05000,0.12000,0.34000
tool_slip_hidden_contact,0,27,128,25,28,13,5,15,8,0.36000,0.20000,0.30000,0.24000,0.09000,0.05000,0.12000,0.34000
tool_slip_hidden_contact,0,28,128,30,33,18,6,15,10,0.36000,0.20000,0.30000,0.24000,0.09000,0.05000,0.12000,0.34000
tool_slip_hidden_contact,0,29,128,31,30,11,6,15,11,0.36000,0.20000,0.30000,0.24000,0.09000,0.05000,0.12000,0.34000
tool_slip_hidden_contact,0,30,128,32,28,11,6,15,11,0.36000,0.20000,0.30000,0.24000,0.09000,0.05000,0.12000,0.34000
tool_slip_hidden_contact,0,31,128,28,23,14,6,15,10,0.36000,0.20000,0.30000,0.24000,0.09000,0.05000,0.12000,0.34000
tool_slip_hidden_contact,0,32,128,26,33,16,5,15,9,0.36000,0.20000,0.30000,0.24000,0.09000,0.05000,0.12000,0.34000
tool_slip_hidden_contact,0,33,128,28,24,18,6,15,10,0.36000,0.20000,0.30000,0.24000,0.09000,0.05000,0.12000,0.34000
tool_slip_hidden_contact,0,34,128,26,26,13,5,15,9,0.36000,0.20000,0.30000,0.24000,0.09000,0.05000,0.12000,0.34000
tool_slip_hidden_contact,0,35,128,31,30,13,6,15,11,0.36000,0.20000,0.30000,0.24000,0.09000,0.05000,0.12000,0.34000
tool_slip_hidden_contact,0,36,128,32,29,16,6,15,11,0.36000,0.20000,0.30000,0.24000,0.09000,0.05000,0.12000,0.34000
tool_slip_hidden_contact,0,37,128,27,25,14,5,15,9,0.36000,0.20000,0.30000,0.24000,0.09000,0.05000,0.12000,0.34000
tool_slip_hidden_contact,0,38,128,25,22,17,5,15,8,0.36000,0.20000,0.30000,0.24000,0.09000,0.05000,0.12000,0.34000
tool_slip_hidden_contact,0,39,128,24,23,18,5,15,8,0.36000,0.20000,0.30000,0.24000,0.09000,0.05000,0.12000,0.34000
tool_slip_hidden_contact,0,40,128,24,27,16,5,15,8,0.36000,0.20000,0.30000,0.24000,0.09000,0.05000,0.12000,0.34000
tool_slip_hidden_contact,0,41,128,28,30,11,6,15,10,0.36000,0.20000,0.30000,0.24000,0.09000,0.05000,0.12000,0.34000
tool_slip_hidden_contact,0,42,128,31,25,12,6,15,11,0.36000,0.20000,0.30000,0.24000,0.09000,0.05000,0.12000,0.34000
tool_slip_hidden_contact,0,43,128,33,29,15,7,15,11,0.36000,0.20000,0.30000,0.24000,0.09000,0.05000,0.12000,0.34000
tool_slip_hidden_contact,0,44,128,28,23,12,6,15,10,0.36000,0.20000,0.30000,0.24000,0.09000,0.05000,0.12000,0.34000
tool_slip_hidden_contact,0,45,128,29,24,13,6,15,10,0.36000,0.20000,0.30000,0.24000,0.09000,0.05000,0.12000,0.34000
tool_slip_hidden_contact,0,46,128,33,31,15,7,15,11,0.36000,0.20000,0.30000,0.24000,0.09000,0.05000,0.12000,0.34000
tool_slip_hidden_contact,0,47,128,30,28,15,6,15,10,0.36000,0.20000,0.30000,0.24000,0.09000,0.05000,0.12000,0.34000
tool_slip_hidden_contact,0,48,128,31,31,12,6,15,11,0.36000,0.20000,0.30000,0.24000,0.09000,0.05000,0.12000,0.34000
tool_slip_hidden_contact,0,49,128,25,24,17,5,15,8,0.36000,0.20000,0.30000,0.24000,0.09000,0.05000,0.12000,0.34000
tool_slip_hidden_contact,0,50,128,33,23,11,7,15,11,0.36000,0.20000,0.30000,0.24000,0.09000,0.05000,0.12000,0.34000
tool_slip_hidden_contact,0,51,128,31,23,15,6,15,11,0.36000,0.20000,0.30000,0.24000,0.09000,0.05000,0.12000,0.34000
tool_slip_hidden_contact,0,52,128,31,31,19,6,15,11,0.36000,0.20000,0.30000,0.24000,0.09000,0.05000,0.12000,0.34000
tool_slip_hidden_contact,0,53,128,24,29,15,5,15,8,0.36000,0.20000,0.30000,0.24000,0.09000,0.05000,0.12000,0.34000
tool_slip_hidden_contact,0,54,128,22,25,18,4,15,7,0.36000,0.20000,0.30000,0.24000,0.09000,0.05000,0.12000,0.34000
tool_slip_hidden_contact,0,55,128,27,22,13,5,15,9,0.36000,0.20000,0.30000,0.24000,0.09000,0.05000,0.12000,0.34000
tool_slip_hidden_contact,0,56,128,32,30,15,6,15,11,0.36000,0.20000,0.30000,0.24000,0.09000,0.05000,0.12000,0.34000
tool_slip_hidden_contact,0,57,128,28,26,10,6,15,10,0.36000,0.20000,0.30000,0.24000,0.09000,0.05000,0.12000,0.34000
tool_slip_hidden_contact,0,58,128,25,28,18,5,15,8,0.36000,0.20000,0.30000,0.24000,0.09000,0.05000,0.12000,0.34000
tool_slip_hidden_contact,0,59,128,31,25,10,6,15,11,0.36000,0.20000,0.30000,0.24000,0.09000,0.05000,0.12000,0.34000
tool_slip_hidden_contact,0,60,128,22,33,19,4,15,7,0.36000,0.20000,0.30000,0.24000,0.09000,0.05000,0.12000,0.34000
tool_slip_hidden_contact,0,61,128,26,32,14,5,15,9,0.36000,0.20000,0.30000,0.24000,0.09000,0.05000,0.12000,0.34000
tool_slip_hidden_contact,0,62,128,30,22,17,6,15,10,0.36000,0.20000,0.30000,0.24000,0.09000,0.05000,0.12000,0.34000
tool_slip_hidden_contact,0,63,128,23,22,16,5,15,8,0.36000,0.20000,0.30000,0.24000,0.09000,0.05000,0.12000,0.34000
tool_slip_hidden_contact,1,0,128,25,28,11,5,15,8,0.36000,0.20000,0.30000,0.24000,0.09000,0.05000,0.12000,0.34000
tool_slip_hidden_contact,1,1,128,22,32,16,4,15,7,0.36000,0.20000,0.30000,0.24000,0.09000,0.05000,0.12000,0.34000
tool_slip_hidden_contact,1,2,128,25,26,16,5,15,8,0.36000,0.20000,0.30000,0.24000,0.09000,0.05000,0.12000,0.34000
tool_slip_hidden_contact,1,3,128,23,28,17,5,15,8,0.36000,0.20000,0.30000,0.24000,0.09000,0.05000,0.12000,0.34000
tool_slip_hidden_contact,1,4,128,31,24,12,6,15,11,0.36000,0.20000,0.30000,0.24000,0.09000,0.05000,0.12000,0.34000
tool_slip_hidden_contact,1,5,128,30,31,19,6,15,10,0.36000,0.20000,0.30000,0.24000,0.09000,0.05000,0.12000,0.34000
tool_slip_hidden_contact,1,6,128,28,33,15,6,15,10,0.36000,0.20000,0.30000,0.24000,0.09000,0.05000,0.12000,0.34000
tool_slip_hidden_contact,1,7,128,24,26,17,5,15,8,0.36000,0.20000,0.30000,0.24000,0.09000,0.05000,0.12000,0.34000
tool_slip_hidden_contact,1,8,128,27,25,15,5,15,9,0.36000,0.20000,0.30000,0.24000,0.09000,0.05000,0.12000,0.34000
tool_slip_hidden_contact,1,9,128,23,23,19,5,15,8,0.36000,0.20000,0.30000,0.24000,0.09000,0.05000,0.12000,0.34000
tool_slip_hidden_contact,1,10,128,32,32,19,6,15,11,0.36000,0.20000,0.30000,0.24000,0.09000,0.05000,0.12000,0.34000
tool_slip_hidden_contact,1,11,128,26,32,11,5,15,9,0.36000,0.20000,0.30000,0.24000,0.09000,0.05000,0.12000,0.34000
tool_slip_hidden_contact,1,12,128,30,27,10,6,15,10,0.36000,0.20000,0.30000,0.24000,0.09000,0.05000,0.12000,0.34000
tool_slip_hidden_contact,1,13,128,33,23,19,7,15,11,0.36000,0.20000,0.30000,0.24000,0.09000,0.05000,0.12000,0.34000
tool_slip_hidden_contact,1,14,128,30,22,15,6,15,10,0.36000,0.20000,0.30000,0.24000,0.09000,0.05000,0.12000,0.34000
tool_slip_hidden_contact,1,15,128,31,22,15,6,15,11,0.36000,0.20000,0.30000,0.24000,0.09000,0.05000,0.12000,0.34000
tool_slip_hidden_contact,1,16,128,21,29,15,4,15,7,0.36000,0.20000,0.30000,0.24000,0.09000,0.05000,0.12000,0.34000
tool_slip_hidden_contact,1,17,128,25,31,10,5,15,8,0.36000,0.20000,0.30000,0.24000,0.09000,0.05000,0.12000,0.34000
tool_slip_hidden_contact,1,18,128,22,32,10,4,15,7,0.36000,0.20000,0.30000,0.24000,0.09000,0.05000,0.12000,0.34000
tool_slip_hidden_contact,1,19,128,30,27,11,6,15,10,0.36000,0.20000,0.30000,0.24000,0.09000,0.05000,0.12000,0.34000
tool_slip_hidden_contact,1,20,128,26,27,18,5,15,9,0.36000,0.20000,0.30000,0.24000,0.09000,0.05000,0.12000,0.34000
tool_slip_hidden_contact,1,21,128,31,27,19,6,15,11,0.36000,0.20000,0.30000,0.24000,0.09000,0.05000,0.12000,0.34000
tool_slip_hidden_contact,1,22,128,33,31,14,7,15,11,0.36000,0.20000,0.30000,0.24000,0.09000,0.05000,0.12000,0.34000
tool_slip_hidden_contact,1,23,128,29,23,17,6,15,10,0.36000,0.20000,0.30000,0.24000,0.09000,0.05000,0.12000,0.34000
tool_slip_hidden_contact,1,24,128,26,33,19,5,15,9,0.36000,0.20000,0.30000,0.24000,0.09000,0.05000,0.12000,0.34000
tool_slip_hidden_contact,1,25,128,31,33,18,6,15,11,0.36000,0.20000,0.30000,0.24000,0.09000,0.05000,0.12000,0.34000
tool_slip_hidden_contact,1,26,128,23,29,11,5,15,8,0.36000,0.20000,0.30000,0.24000,0.09000,0.05000,0.12000,0.34000
tool_slip_hidden_contact,1,27,128,20,27,19,4,15,7,0.36000,0.20000,0.30000,0.24000,0.09000,0.05000,0.12000,0.34000
tool_slip_hidden_contact,1,28,128,25,22,11,5,15,8,0.36000,0.20000,0.30000,0.24000,0.09000,0.05000,0.12000,0.34000
tool_slip_hidden_contact,1,29,128,30,22,13,6,15,10,0.36000,0.20000,0.30000,0.24000,0.09000,0.05000,0.12000,0.34000
tool_slip_hidden_contact,1,30,128,28,33,14,6,15,10,0.36000,0.20000,0.30000,0.24000,0.09000,0.05000,0.12000,0.34000
tool_slip_hidden_contact,1,31,128,30,28,10,6,15,10,0.36000,0.20000,0.30000,0.24000,0.09000,0.05000,0.12000,0.34000
tool_slip_hidden_contact,1,32,128,24,32,18,5,15,8,0.36000,0.20000,0.30000,0.24000,0.09000,0.05000,0.12000,0.34000
tool_slip_hidden_contact,1,33,128,28,31,18,6,15,10,0.36000,0.20000,0.30000,0.24000,0.09000,0.05000,0.12000,0.34000
tool_slip_hidden_contact,1,34,128,28,22,15,6,15,10,0.36000,0.20000,0.30000,0.24000,0.09000,0.05000,0.12000,0.34000
tool_slip_hidden_contact,1,35,128,32,27,18,6,15,11,0.36000,0.20000,0.30000,0.24000,0.09000,0.05000,0.12000,0.34000
tool_slip_hidden_contact,1,36,128,31,27,10,6,15,11,0.36000,0.20000,0.30000,0.24000,0.09000,0.05000,0.12000,0.34000
tool_slip_hidden_contact,1,37,128,21,27,19,4,15,7,0.36000,0.20000,0.30000,0.24000,0.09000,0.05000,0.12000,0.34000
tool_slip_hidden_contact,1,38,128,26,24,15,5,15,9,0.36000,0.20000,0.30000,0.24000,0.09000,0.05000,0.12000,0.34000
tool_slip_hidden_contact,1,39,128,24,23,15,5,15,8,0.36000,0.20000,0.30000,0.24000,0.09000,0.05000,0.12000,0.34000
tool_slip_hidden_contact,1,40,128,21,23,12,4,15,7,0.36000,0.20000,0.30000,0.24000,0.09000,0.05000,0.12000,0.34000
tool_slip_hidden_contact,1,41,128,28,33,13,6,15,10,0.36000,0.20000,0.30000,0.24000,0.09000,0.05000,0.12000,0.34000
tool_slip_hidden_contact,1,42,128,33,27,17,7,15,11,0.36000,0.20000,0.30000,0.24000,0.09000,0.05000,0.12000,0.34000
tool_slip_hidden_contact,1,43,128,31,29,15,6,15,11,0.36000,0.20000,0.30000,0.24000,0.09000,0.05000,0.12000,0.34000
tool_slip_hidden_contact,1,44,128,26,26,17,5,15,9,0.36000,0.20000,0.30000,0.24000,0.09000,0.05000,0.12000,0.34000
tool_slip_hidden_contact,1,45,128,31,30,18,6,15,11,0.36000,0.20000,0.30000,0.24000,0.09000,0.05000,0.12000,0.34000
tool_slip_hidden_contact,1,46,128,25,22,18,5,15,8,0.36000,0.20000,0.30000,0.24000,0.09000,0.05000,0.12000,0.34000
tool_slip_hidden_contact,1,47,128,25,24,11,5,15,8,0.36000,0.20000,0.30000,0.24000,0.09000,0.05000,0.12000,0.34000
tool_slip_hidden_contact,1,48,128,28,22,15,6,15,10,0.36000,0.20000,0.30000,0.24000,0.09000,0.05000,0.12000,0.34000
tool_slip_hidden_contact,1,49,128,25,30,19,5,15,8,0.36000,0.20000,0.30000,0.24000,0.09000,0.05000,0.12000,0.34000
tool_slip_hidden_contact,1,50,128,21,31,17,4,15,7,0.36000,0.20000,0.30000,0.24000,0.09000,0.05000,0.12000,0.34000
tool_slip_hidden_contact,1,51,128,24,29,14,5,15,8,0.36000,0.20000,0.30000,0.24000,0.09000,0.05000,0.12000,0.34000
tool_slip_hidden_contact,1,52,128,31,33,12,6,15,11,0.36000,0.20000,0.30000,0.24000,0.09000,0.05000,0.12000,0.34000
tool_slip_hidden_contact,1,53,128,27,22,11,5,15,9,0.36000,0.20000,0.30000,0.24000,0.09000,0.05000,0.12000,0.34000
tool_slip_hidden_contact,1,54,128,21,26,11,4,15,7,0.36000,0.20000,0.30000,0.24000,0.09000,0.05000,0.12000,0.34000
tool_slip_hidden_contact,1,55,128,25,30,10,5,15,8,0.36000,0.20000,0.30000,0.24000,0.09000,0.05000,0.12000,0.34000
tool_slip_hidden_contact,1,56,128,26,23,18,5,15,9,0.36000,0.20000,0.30000,0.24000,0.09000,0.05000,0.12000,0.34000
tool_slip_hidden_contact,1,57,128,27,31,16,5,15,9,0.36000,0.20000,0.30000,0.24000,0.09000,0.05000,0.12000,0.34000
tool_slip_hidden_contact,1,58,128,21,28,10,4,15,7,0.36000,0.20000,0.30000,0.24000,0.09000,0.05000,0.12000,0.34000
tool_slip_hidden_contact,1,59,128,29,26,13,6,15,10,0.36000,0.20000,0.30000,0.24000,0.09000,0.05000,0.12000,0.34000
tool_slip_hidden_contact,1,60,128,26,23,15,5,15,9,0.36000,0.20000,0.30000,0.24000,0.09000,0.05000,0.12000,0.34000
tool_slip_hidden_contact,1,61,128,28,26,17,6,15,10,0.36000,0.20000,0.30000,0.24000,0.09000,0.05000,0.12000,0.34000
tool_slip_hidden_contact,1,62,128,21,31,15,4,15,7,0.36000,0.20000,0.30000,0.24000,0.09000,0.05000,0.12000,0.34000
tool_slip_hidden_contact,1,63,128,24,25,15,5,15,8,0.36000,0.20000,0.30000,0.24000,0.09000,0.05000,0.12000,0.34000
tool_slip_hidden_contact,2,0,128,30,23,14,6,15,10,0.36000,0.20000,0.30000,0.24000,0.09000,0.05000,0.12000,0.34000
tool_slip_hidden_contact,2,1,128,29,26,13,6,15,10,0.36000,0.20000,0.30000,0.24000,0.09000,0.05000,0.12000,0.34000
tool_slip_hidden_contact,2,2,128,33,28,12,7,15,11,0.36000,0.20000,0.30000,0.24000,0.09000,0.05000,0.12000,0.34000
tool_slip_hidden_contact,2,3,128,30,33,16,6,15,10,0.36000,0.20000,0.30000,0.24000,0.09000,0.05000,0.12000,0.34000
tool_slip_hidden_contact,2,4,128,25,23,12,5,15,8,0.36000,0.20000,0.30000,0.24000,0.09000,0.05000,0.12000,0.34000
tool_slip_hidden_contact,2,5,128,20,22,16,4,15,7,0.36000,0.20000,0.30000,0.24000,0.09000,0.05000,0.12000,0.34000
tool_slip_hidden_contact,2,6,128,21,25,17,4,15,7,0.36000,0.20000,0.30000,0.24000,0.09000,0.05000,0.12000,0.34000
tool_slip_hidden_contact,2,7,128,28,29,19,6,15,10,0.36000,0.20000,0.30000,0.24000,0.09000,0.05000,0.12000,0.34000
tool_slip_hidden_contact,2,8,128,32,32,19,6,15,11,0.36000,0.20000,0.30000,0.24000,0.09000,0.05000,0.12000,0.34000
tool_slip_hidden_contact,2,9,128,33,32,13,7,15,11,0.36000,0.20000,0.30000,0.24000,0.09000,0.05000,0.12000,0.34000
tool_slip_hidden_contact,2,10,128,28,30,19,6,15,10,0.36000,0.20000,0.30000,0.24000,0.09000,0.05000,0.12000,0.34000
tool_slip_hidden_contact,2,11,128,25,24,10,5,15,8,0.36000,0.20000,0.30000,0.24000,0.09000,0.05000,0.12000,0.34000
tool_slip_hidden_contact,2,12,128,21,31,10,4,15,7,0.36000,0.20000,0.30000,0.24000,0.09000,0.05000,0.12000,0.34000
tool_slip_hidden_contact,2,13,128,26,22,18,5,15,9,0.36000,0.20000,0.30000,0.24000,0.09000,0.05000,0.12000,0.34000
tool_slip_hidden_contact,2,14,128,25,30,13,5,15,8,0.36000,0.20000,0.30000,0.24000,0.09000,0.05000,0.12000,0.34000
tool_slip_hidden_contact,2,15,128,20,25,16,4,15,7,0.36000,0.20000,0.30000,0.24000,0.09000,0.05000,0.12000,0.34000
tool_slip_hidden_contact,2,16,128,24,31,17,5,15,8,0.36000,0.20000,0.30000,0.24000,0.09000,0.05000,0.12000,0.34000
tool_slip_hidden_contact,2,17,128,25,22,12,5,15,8,0.36000,0.20000,0.30000,0.24000,0.09000,0.05000,0.12000,0.34000
tool_slip_hidden_contact,2,18,128,26,25,13,5,15,9,0.36000,0.20000,0.30000,0.24000,0.09000,0.05000,0.12000,0.34000
tool_slip_hidden_contact,2,19,128,32,27,15,6,15,11,0.36000,0.20000,0.30000,0.24000,0.09000,0.05000,0.12000,0.34000
tool_slip_hidden_contact,2,20,128,27,26,11,5,15,9,0.36000,0.20000,0.30000,0.24000,0.09000,0.05000,0.12000,0.34000
tool_slip_hidden_contact,2,21,128,27,24,11,5,15,9,0.36000,0.20000,0.30000,0.24000,0.09000,0.05000,0.12000,0.34000
tool_slip_hidden_contact,2,22,128,31,31,11,6,15,11,0.36000,0.20000,0.30000,0.24000,0.09000,0.05000,0.12000,0.34000
tool_slip_hidden_contact,2,23,128,22,31,18,4,15,7,0.36000,0.20000,0.30000,0.24000,0.09000,0.05000,0.12000,0.34000
tool_slip_hidden_contact,2,24,128,27,24,10,5,15,9,0.36000,0.20000,0.30000,0.24000,0.09000,0.05000,0.12000,0.34000
tool_slip_hidden_contact,2,25,128,31,27,15,6,15,11,0.36000,0.20000,0.30000,0.24000,0.09000,0.05000,0.12000,0.34000
tool_slip_hidden_contact,2,26,128,28,29,16,6,15,10,0.36000,0.20000,0.30000,0.24000,0.09000,0.05000,0.12000,0.34000
tool_slip_hidden_contact,2,27,128,22,27,13,4,15,7,0.36000,0.20000,0.30000,0.24000,0.09000,0.05000,0.12000,0.34000
tool_slip_hidden_contact,2,28,128,28,25,16,6,15,10,0.36000,0.20000,0.30000,0.24000,0.09000,0.05000,0.12000,0.34000
tool_slip_hidden_contact,2,29,128,21,23,18,4,15,7,0.36000,0.20000,0.30000,0.24000,0.09000,0.05000,0.12000,0.34000
tool_slip_hidden_contact,2,30,128,27,28,16,5,15,9,0.36000,0.20000,0.30000,0.24000,0.09000,0.05000,0.12000,0.34000
tool_slip_hidden_contact,2,31,128,31,22,14,6,15,11,0.36000,0.20000,0.30000,0.24000,0.09000,0.05000,0.12000,0.34000
tool_slip_hidden_contact,2,32,128,23,24,18,5,15,8,0.36000,0.20000,0.30000,0.24000,0.09000,0.05000,0.12000,0.34000
tool_slip_hidden_contact,2,33,128,32,28,10,6,15,11,0.36000,0.20000,0.30000,0.24000,0.09000,0.05000,0.12000,0.34000
tool_slip_hidden_contact,2,34,128,28,27,10,6,15,10,0.36000,0.20000,0.30000,0.24000,0.09000,0.05000,0.12000,0.34000
tool_slip_hidden_contact,2,35,128,30,26,16,6,15,10,0.36000,0.20000,0.30000,0.24000,0.09000,0.05000,0.12000,0.34000
tool_slip_hidden_contact,2,36,128,21,28,16,4,15,7,0.36000,0.20000,0.30000,0.24000,0.09000,0.05000,0.12000,0.34000
tool_slip_hidden_contact,2,37,128,21,25,18,4,15,7,0.36000,0.20000,0.30000,0.24000,0.09000,0.05000,0.12000,0.34000
tool_slip_hidden_contact,2,38,128,21,30,14,4,15,7,0.36000,0.20000,0.30000,0.24000,0.09000,0.05000,0.12000,0.34000
tool_slip_hidden_contact,2,39,128,26,29,12,5,15,9,0.36000,0.20000,0.30000,0.24000,0.09000,0.05000,0.12000,0.34000
tool_slip_hidden_contact,2,40,128,30,31,16,6,15,10,0.36000,0.20000,0.30000,0.24000,0.09000,0.05000,0.12000,0.34000
tool_slip_hidden_contact,2,41,128,32,32,19,6,15,11,0.36000,0.20000,0.30000,0.24000,0.09000,0.05000,0.12000,0.34000
tool_slip_hidden_contact,2,42,128,21,28,14,4,15,7,0.36000,0.20000,0.30000,0.24000,0.09000,0.05000,0.12000,0.34000
tool_slip_hidden_contact,2,43,128,28,26,14,6,15,10,0.36000,0.20000,0.30000,0.24000,0.09000,0.05000,0.12000,0.34000
tool_slip_hidden_contact,2,44,128,26,23,11,5,15,9,0.36000,0.20000,0.30000,0.24000,0.09000,0.05000,0.12000,0.34000
tool_slip_hidden_contact,2,45,128,30,30,11,6,15,10,0.36000,0.20000,0.30000,0.24000,0.09000,0.05000,0.12000,0.34000
tool_slip_hidden_contact,2,46,128,26,22,13,5,15,9,0.36000,0.20000,0.30000,0.24000,0.09000,0.05000,0.12000,0.34000
tool_slip_hidden_contact,2,47,128,30,26,19,6,15,10,0.36000,0.20000,0.30000,0.24000,0.09000,0.05000,0.12000,0.34000
tool_slip_hidden_contact,2,48,128,33,32,13,7,15,11,0.36000,0.20000,0.30000,0.24000,0.09000,0.05000,0.12000,0.34000
tool_slip_hidden_contact,2,49,128,28,23,18,6,15,10,0.36000,0.20000,0.30000,0.24000,0.09000,0.05000,0.12000,0.34000
tool_slip_hidden_contact,2,50,128,21,33,11,4,15,7,0.36000,0.20000,0.30000,0.24000,0.09000,0.05000,0.12000,0.34000
tool_slip_hidden_contact,2,51,128,31,28,17,6,15,11,0.36000,0.20000,0.30000,0.24000,0.09000,0.05000,0.12000,0.34000
tool_slip_hidden_contact,2,52,128,31,26,13,6,15,11,0.36000,0.20000,0.30000,0.24000,0.09000,0.05000,0.12000,0.34000
tool_slip_hidden_contact,2,53,128,22,26,14,4,15,7,0.36000,0.20000,0.30000,0.24000,0.09000,0.05000,0.12000,0.34000
tool_slip_hidden_contact,2,54,128,23,26,10,5,15,8,0.36000,0.20000,0.30000,0.24000,0.09000,0.05000,0.12000,0.34000
tool_slip_hidden_contact,2,55,128,21,27,16,4,15,7,0.36000,0.20000,0.30000,0.24000,0.09000,0.05000,0.12000,0.34000
tool_slip_hidden_contact,2,56,128,30,30,12,6,15,10,0.36000,0.20000,0.30000,0.24000,0.09000,0.05000,0.12000,0.34000
tool_slip_hidden_contact,2,57,128,22,29,10,4,15,7,0.36000,0.20000,0.30000,0.24000,0.09000,0.05000,0.12000,0.34000
tool_slip_hidden_contact,2,58,128,30,31,18,6,15,10,0.36000,0.20000,0.30000,0.24000,0.09000,0.05000,0.12000,0.34000
tool_slip_hidden_contact,2,59,128,33,24,17,7,15,11,0.36000,0.20000,0.30000,0.24000,0.09000,0.05000,0.12000,0.34000
tool_slip_hidden_contact,2,60,128,33,32,10,7,15,11,0.36000,0.20000,0.30000,0.24000,0.09000,0.05000,0.12000,0.34000
tool_slip_hidden_contact,2,61,128,31,22,19,6,15,11,0.36000,0.20000,0.30000,0.24000,0.09000,0.05000,0.12000,0.34000
tool_slip_hidden_contact,2,62,128,31,32,14,6,15,11,0.36000,0.20000,0.30000,0.24000,0.09000,0.05000,0.12000,0.34000
tool_slip_hidden_contact,2,63,128,25,24,11,5,15,8,0.36000,0.20000,0.30000,0.24000,0.09000,0.05000,0.12000,0.34000
tool_slip_hidden_contact,3,0,128,30,26,19,6,15,10,0.36000,0.20000,0.30000,0.24000,0.09000,0.05000,0.12000,0.34000
tool_slip_hidden_contact,3,1,128,24,30,19,5,15,8,0.36000,0.20000,0.30000,0.24000,0.09000,0.05000,0.12000,0.34000
tool_slip_hidden_contact,3,2,128,25,29,12,5,15,8,0.36000,0.20000,0.30000,0.24000,0.09000,0.05000,0.12000,0.34000
tool_slip_hidden_contact,3,3,128,20,30,14,4,15,7,0.36000,0.20000,0.30000,0.24000,0.09000,0.05000,0.12000,0.34000
tool_slip_hidden_contact,3,4,128,20,25,19,4,15,7,0.36000,0.20000,0.30000,0.24000,0.09000,0.05000,0.12000,0.34000
tool_slip_hidden_contact,3,5,128,30,28,19,6,15,10,0.36000,0.20000,0.30000,0.24000,0.09000,0.05000,0.12000,0.34000
tool_slip_hidden_contact,3,6,128,26,23,10,5,15,9,0.36000,0.20000,0.30000,0.24000,0.09000,0.05000,0.12000,0.34000
tool_slip_hidden_contact,3,7,128,33,25,11,7,15,11,0.36000,0.20000,0.30000,0.24000,0.09000,0.05000,0.12000,0.34000
tool_slip_hidden_contact,3,8,128,24,29,12,5,15,8,0.36000,0.20000,0.30000,0.24000,0.09000,0.05000,0.12000,0.34000
tool_slip_hidden_contact,3,9,128,32,25,18,6,15,11,0.36000,0.20000,0.30000,0.24000,0.09000,0.05000,0.12000,0.34000
tool_slip_hidden_contact,3,10,128,20,28,16,4,15,7,0.36000,0.20000,0.30000,0.24000,0.09000,0.05000,0.12000,0.34000
tool_slip_hidden_contact,3,11,128,24,32,14,5,15,8,0.36000,0.20000,0.30000,0.24000,0.09000,0.05000,0.12000,0.34000
tool_slip_hidden_contact,3,12,128,23,31,15,5,15,8,0.36000,0.20000,0.30000,0.24000,0.09000,0.05000,0.12000,0.34000
tool_slip_hidden_contact,3,13,128,28,29,13,6,15,10,0.36000,0.20000,0.30000,0.24000,0.09000,0.05000,0.12000,0.34000
tool_slip_hidden_contact,3,14,128,21,29,10,4,15,7,0.36000,0.20000,0.30000,0.24000,0.09000,0.05000,0.12000,0.34000
tool_slip_hidden_contact,3,15,128,32,30,18,6,15,11,0.36000,0.20000,0.30000,0.24000,0.09000,0.05000,0.12000,0.34000
tool_slip_hidden_contact,3,16,128,33,31,15,7,15,11,0.36000,0.20000,0.30000,0.24000,0.09000,0.05000,0.12000,0.34000
tool_slip_hidden_contact,3,17,128,21,26,17,4,15,7,0.36000,0.20000,0.30000,0.24000,0.09000,0.05000,0.12000,0.34000
tool_slip_hidden_contact,3,18,128,20,32,16,4,15,7,0.36000,0.20000,0.30000,0.24000,0.09000,0.05000,0.12000,0.34000
tool_slip_hidden_contact,3,19,128,27,26,12,5,15,9,0.36000,0.20000,0.30000,0.24000,0.09000,0.05000,0.12000,0.34000
tool_slip_hidden_contact,3,20,128,28,26,13,6,15,10,0.36000,0.20000,0.30000,0.24000,0.09000,0.05000,0.12000,0.34000
tool_slip_hidden_contact,3,21,128,32,29,16,6,15,11,0.36000,0.20000,0.30000,0.24000,0.09000,0.05000,0.12000,0.34000
tool_slip_hidden_contact,3,22,128,23,23,17,5,15,8,0.36000,0.20000,0.30000,0.24000,0.09000,0.05000,0.12000,0.34000
tool_slip_hidden_contact,3,23,128,29,30,16,6,15,10,0.36000,0.20000,0.30000,0.24000,0.09000,0.05000,0.12000,0.34000
tool_slip_hidden_contact,3,24,128,33,29,11,7,15,11,0.36000,0.20000,0.30000,0.24000,0.09000,0.05000,0.12000,0.34000
tool_slip_hidden_contact,3,25,128,28,27,18,6,15,10,0.36000,0.20000,0.30000,0.24000,0.09000,0.05000,0.12000,0.34000
tool_slip_hidden_contact,3,26,128,23,32,14,5,15,8,0.36000,0.20000,0.30000,0.24000,0.09000,0.05000,0.12000,0.34000
tool_slip_hidden_contact,3,27,128,24,24,17,5,15,8,0.36000,0.20000,0.30000,0.24000,0.09000,0.05000,0.12000,0.34000
tool_slip_hidden_contact,3,28,128,20,26,10,4,15,7,0.36000,0.20000,0.30000,0.24000,0.09000,0.05000,0.12000,0.34000
tool_slip_hidden_contact,3,29,128,20,28,10,4,15,7,0.36000,0.20000,0.30000,0.24000,0.09000,0.05000,0.12000,0.34000
tool_slip_hidden_contact,3,30,128,20,23,15,4,15,7,0.36000,0.20000,0.30000,0.24000,0.09000,0.05000,0.12000,0.34000
tool_slip_hidden_contact,3,31,128,25,31,19,5,15,8,0.36000,0.20000,0.30000,0.24000,0.09000,0.05000,0.12000,0.34000
tool_slip_hidden_contact,3,32,128,22,24,15,4,15,7,0.36000,0.20000,0.30000,0.24000,0.09000,0.05000,0.12000,0.34000
tool_slip_hidden_contact,3,33,128,22,29,15,4,15,7,0.36000,0.20000,0.30000,0.24000,0.09000,0.05000,0.12000,0.34000
tool_slip_hidden_contact,3,34,128,20,26,15,4,15,7,0.36000,0.20000,0.30000,0.24000,0.09000,0.05000,0.12000,0.34000
tool_slip_hidden_contact,3,35,128,32,30,19,6,15,11,0.36000,0.20000,0.30000,0.24000,0.09000,0.05000,0.12000,0.34000
tool_slip_hidden_contact,3,36,128,30,28,16,6,15,10,0.36000,0.20000,0.30000,0.24000,0.09000,0.05000,0.12000,0.34000
tool_slip_hidden_contact,3,37,128,31,28,11,6,15,11,0.36000,0.20000,0.30000,0.24000,0.09000,0.05000,0.12000,0.34000
tool_slip_hidden_contact,3,38,128,30,33,10,6,15,10,0.36000,0.20000,0.30000,0.24000,0.09000,0.05000,0.12000,0.34000
tool_slip_hidden_contact,3,39,128,31,31,11,6,15,11,0.36000,0.20000,0.30000,0.24000,0.09000,0.05000,0.12000,0.34000
tool_slip_hidden_contact,3,40,128,31,30,19,6,15,11,0.36000,0.20000,0.30000,0.24000,0.09000,0.05000,0.12000,0.34000
tool_slip_hidden_contact,3,41,128,27,22,11,5,15,9,0.36000,0.20000,0.30000,0.24000,0.09000,0.05000,0.12000,0.34000
tool_slip_hidden_contact,3,42,128,24,32,16,5,15,8,0.36000,0.20000,0.30000,0.24000,0.09000,0.05000,0.12000,0.34000
tool_slip_hidden_contact,3,43,128,20,23,16,4,15,7,0.36000,0.20000,0.30000,0.24000,0.09000,0.05000,0.12000,0.34000
tool_slip_hidden_contact,3,44,128,29,24,15,6,15,10,0.36000,0.20000,0.30000,0.24000,0.09000,0.05000,0.12000,0.34000
tool_slip_hidden_contact,3,45,128,30,23,16,6,15,10,0.36000,0.20000,0.30000,0.24000,0.09000,0.05000,0.12000,0.34000
tool_slip_hidden_contact,3,46,128,21,24,19,4,15,7,0.36000,0.20000,0.30000,0.24000,0.09000,0.05000,0.12000,0.34000
tool_slip_hidden_contact,3,47,128,31,28,16,6,15,11,0.36000,0.20000,0.30000,0.24000,0.09000,0.05000,0.12000,0.34000
tool_slip_hidden_contact,3,48,128,33,25,12,7,15,11,0.36000,0.20000,0.30000,0.24000,0.09000,0.05000,0.12000,0.34000
tool_slip_hidden_contact,3,49,128,28,31,16,6,15,10,0.36000,0.20000,0.30000,0.24000,0.09000,0.05000,0.12000,0.34000
tool_slip_hidden_contact,3,50,128,32,29,15,6,15,11,0.36000,0.20000,0.30000,0.24000,0.09000,0.05000,0.12000,0.34000
tool_slip_hidden_contact,3,51,128,27,29,11,5,15,9,0.36000,0.20000,0.30000,0.24000,0.09000,0.05000,0.12000,0.34000
tool_slip_hidden_contact,3,52,128,30,28,12,6,15,10,0.36000,0.20000,0.30000,0.24000,0.09000,0.05000,0.12000,0.34000
tool_slip_hidden_contact,3,53,128,24,25,16,5,15,8,0.36000,0.20000,0.30000,0.24000,0.09000,0.05000,0.12000,0.34000
tool_slip_hidden_contact,3,54,128,30,25,13,6,15,10,0.36000,0.20000,0.30000,0.24000,0.09000,0.05000,0.12000,0.34000
tool_slip_hidden_contact,3,55,128,27,22,17,5,15,9,0.36000,0.20000,0.30000,0.24000,0.09000,0.05000,0.12000,0.34000
tool_slip_hidden_contact,3,56,128,33,33,10,7,15,11,0.36000,0.20000,0.30000,0.24000,0.09000,0.05000,0.12000,0.34000
tool_slip_hidden_contact,3,57,128,33,28,12,7,15,11,0.36000,0.20000,0.30000,0.24000,0.09000,0.05000,0.12000,0.34000
tool_slip_hidden_contact,3,58,128,25,33,18,5,15,8,0.36000,0.20000,0.30000,0.24000,0.09000,0.05000,0.12000,0.34000
tool_slip_hidden_contact,3,59,128,24,33,17,5,15,8,0.36000,0.20000,0.30000,0.24000,0.09000,0.05000,0.12000,0.34000
tool_slip_hidden_contact,3,60,128,28,26,19,6,15,10,0.36000,0.20000,0.30000,0.24000,0.09000,0.05000,0.12000,0.34000
tool_slip_hidden_contact,3,61,128,32,25,10,6,15,11,0.36000,0.20000,0.30000,0.24000,0.09000,0.05000,0.12000,0.34000
tool_slip_hidden_contact,3,62,128,25,23,10,5,15,8,0.36000,0.20000,0.30000,0.24000,0.09000,0.05000,0.12000,0.34000
tool_slip_hidden_contact,3,63,128,22,29,16,4,15,7,0.36000,0.20000,0.30000,0.24000,0.09000,0.05000,0.12000,0.34000
tool_slip_hidden_contact,4,0,128,21,23,14,4,15,7,0.36000,0.20000,0.30000,0.24000,0.09000,0.05000,0.12000,0.34000
tool_slip_hidden_contact,4,1,128,20,28,13,4,15,7,0.36000,0.20000,0.30000,0.24000,0.09000,0.05000,0.12000,0.34000
tool_slip_hidden_contact,4,2,128,30,22,10,6,15,10,0.36000,0.20000,0.30000,0.24000,0.09000,0.05000,0.12000,0.34000
tool_slip_hidden_contact,4,3,128,27,22,16,5,15,9,0.36000,0.20000,0.30000,0.24000,0.09000,0.05000,0.12000,0.34000
tool_slip_hidden_contact,4,4,128,27,23,15,5,15,9,0.36000,0.20000,0.30000,0.24000,0.09000,0.05000,0.12000,0.34000
tool_slip_hidden_contact,4,5,128,27,32,18,5,15,9,0.36000,0.20000,0.30000,0.24000,0.09000,0.05000,0.12000,0.34000
tool_slip_hidden_contact,4,6,128,33,29,12,7,15,11,0.36000,0.20000,0.30000,0.24000,0.09000,0.05000,0.12000,0.34000
tool_slip_hidden_contact,4,7,128,26,28,13,5,15,9,0.36000,0.20000,0.30000,0.24000,0.09000,0.05000,0.12000,0.34000
tool_slip_hidden_contact,4,8,128,28,24,14,6,15,10,0.36000,0.20000,0.30000,0.24000,0.09000,0.05000,0.12000,0.34000
tool_slip_hidden_contact,4,9,128,27,26,14,5,15,9,0.36000,0.20000,0.30000,0.24000,0.09000,0.05000,0.12000,0.34000
tool_slip_hidden_contact,4,10,128,21,27,18,4,15,7,0.36000,0.20000,0.30000,0.24000,0.09000,0.05000,0.12000,0.34000
tool_slip_hidden_contact,4,11,128,30,32,10,6,15,10,0.36000,0.20000,0.30000,0.24000,0.09000,0.05000,0.12000,0.34000
tool_slip_hidden_contact,4,12,128,28,29,14,6,15,10,0.36000,0.20000,0.30000,0.24000,0.09000,0.05000,0.12000,0.34000
tool_slip_hidden_contact,4,13,128,28,24,19,6,15,10,0.36000,0.20000,0.30000,0.24000,0.09000,0.05000,0.12000,0.34000
tool_slip_hidden_contact,4,14,128,20,29,15,4,15,7,0.36000,0.20000,0.30000,0.24000,0.09000,0.05000,0.12000,0.34000
tool_slip_hidden_contact,4,15,128,26,28,12,5,15,9,0.36000,0.20000,0.30000,0.24000,0.09000,0.05000,0.12000,0.34000
tool_slip_hidden_contact,4,16,128,30,33,19,6,15,10,0.36000,0.20000,0.30000,0.24000,0.09000,0.05000,0.12000,0.34000
tool_slip_hidden_contact,4,17,128,27,29,16,5,15,9,0.36000,0.20000,0.30000,0.24000,0.09000,0.05000,0.12000,0.34000
tool_slip_hidden_contact,4,18,128,26,33,17,5,15,9,0.36000,0.20000,0.30000,0.24000,0.09000,0.05000,0.12000,0.34000
tool_slip_hidden_contact,4,19,128,30,24,19,6,15,10,0.36000,0.20000,0.30000,0.24000,0.09000,0.05000,0.12000,0.34000
tool_slip_hidden_contact,4,20,128,27,24,18,5,15,9,0.36000,0.20000,0.30000,0.24000,0.09000,0.05000,0.12000,0.34000
tool_slip_hidden_contact,4,21,128,25,22,18,5,15,8,0.36000,0.20000,0.30000,0.24000,0.09000,0.05000,0.12000,0.34000
tool_slip_hidden_contact,4,22,128,32,27,11,6,15,11,0.36000,0.20000,0.30000,0.24000,0.09000,0.05000,0.12000,0.34000
tool_slip_hidden_contact,4,23,128,29,23,15,6,15,10,0.36000,0.20000,0.30000,0.24000,0.09000,0.05000,0.12000,0.34000
tool_slip_hidden_contact,4,24,128,33,27,13,7,15,11,0.36000,0.20000,0.30000,0.24000,0.09000,0.05000,0.12000,0.34000
tool_slip_hidden_contact,4,25,128,30,25,16,6,15,10,0.36000,0.20000,0.30000,0.24000,0.09000,0.05000,0.12000,0.34000
tool_slip_hidden_contact,4,26,128,23,26,17,5,15,8,0.36000,0.20000,0.30000,0.24000,0.09000,0.05000,0.12000,0.34000
tool_slip_hidden_contact,4,27,128,20,32,15,4,15,7,0.36000,0.20000,0.30000,0.24000,0.09000,0.05000,0.12000,0.34000
tool_slip_hidden_contact,4,28,128,20,30,15,4,15,7,0.36000,0.20000,0.30000,0.24000,0.09000,0.05000,0.12000,0.34000
tool_slip_hidden_contact,4,29,128,26,31,18,5,15,9,0.36000,0.20000,0.30000,0.24000,0.09000,0.05000,0.12000,0.34000
tool_slip_hidden_contact,4,30,128,31,26,13,6,15,11,0.36000,0.20000,0.30000,0.24000,0.09000,0.05000,0.12000,0.34000
tool_slip_hidden_contact,4,31,128,28,30,10,6,15,10,0.36000,0.20000,0.30000,0.24000,0.09000,0.05000,0.12000,0.34000
tool_slip_hidden_contact,4,32,128,28,26,15,6,15,10,0.36000,0.20000,0.30000,0.24000,0.09000,0.05000,0.12000,0.34000
tool_slip_hidden_contact,4,33,128,26,33,10,5,15,9,0.36000,0.20000,0.30000,0.24000,0.09000,0.05000,0.12000,0.34000
tool_slip_hidden_contact,4,34,128,20,33,19,4,15,7,0.36000,0.20000,0.30000,0.24000,0.09000,0.05000,0.12000,0.34000
tool_slip_hidden_contact,4,35,128,24,29,13,5,15,8,0.36000,0.20000,0.30000,0.24000,0.09000,0.05000,0.12000,0.34000
tool_slip_hidden_contact,4,36,128,21,32,17,4,15,7,0.36000,0.20000,0.30000,0.24000,0.09000,0.05000,0.12000,0.34000
tool_slip_hidden_contact,4,37,128,24,29,14,5,15,8,0.36000,0.20000,0.30000,0.24000,0.09000,0.05000,0.12000,0.34000
tool_slip_hidden_contact,4,38,128,32,23,19,6,15,11,0.36000,0.20000,0.30000,0.24000,0.09000,0.05000,0.12000,0.34000
tool_slip_hidden_contact,4,39,128,25,30,10,5,15,8,0.36000,0.20000,0.30000,0.24000,0.09000,0.05000,0.12000,0.34000
tool_slip_hidden_contact,4,40,128,26,23,17,5,15,9,0.36000,0.20000,0.30000,0.24000,0.09000,0.05000,0.12000,0.34000
tool_slip_hidden_contact,4,41,128,23,29,15,5,15,8,0.36000,0.20000,0.30000,0.24000,0.09000,0.05000,0.12000,0.34000
tool_slip_hidden_contact,4,42,128,25,28,18,5,15,8,0.36000,0.20000,0.30000,0.24000,0.09000,0.05000,0.12000,0.34000
tool_slip_hidden_contact,4,43,128,27,22,13,5,15,9,0.36000,0.20000,0.30000,0.24000,0.09000,0.05000,0.12000,0.34000
tool_slip_hidden_contact,4,44,128,21,23,12,4,15,7,0.36000,0.20000,0.30000,0.24000,0.09000,0.05000,0.12000,0.34000
tool_slip_hidden_contact,4,45,128,21,28,13,4,15,7,0.36000,0.20000,0.30000,0.24000,0.09000,0.05000,0.12000,0.34000
tool_slip_hidden_contact,4,46,128,21,26,12,4,15,7,0.36000,0.20000,0.30000,0.24000,0.09000,0.05000,0.12000,0.34000
tool_slip_hidden_contact,4,47,128,22,25,14,4,15,7,0.36000,0.20000,0.30000,0.24000,0.09000,0.05000,0.12000,0.34000
tool_slip_hidden_contact,4,48,128,31,26,15,6,15,11,0.36000,0.20000,0.30000,0.24000,0.09000,0.05000,0.12000,0.34000
tool_slip_hidden_contact,4,49,128,21,33,19,4,15,7,0.36000,0.20000,0.30000,0.24000,0.09000,0.05000,0.12000,0.34000
tool_slip_hidden_contact,4,50,128,32,24,13,6,15,11,0.36000,0.20000,0.30000,0.24000,0.09000,0.05000,0.12000,0.34000
tool_slip_hidden_contact,4,51,128,28,24,13,6,15,10,0.36000,0.20000,0.30000,0.24000,0.09000,0.05000,0.12000,0.34000
tool_slip_hidden_contact,4,52,128,33,26,14,7,15,11,0.36000,0.20000,0.30000,0.24000,0.09000,0.05000,0.12000,0.34000
tool_slip_hidden_contact,4,53,128,26,29,19,5,15,9,0.36000,0.20000,0.30000,0.24000,0.09000,0.05000,0.12000,0.34000
tool_slip_hidden_contact,4,54,128,28,25,10,6,15,10,0.36000,0.20000,0.30000,0.24000,0.09000,0.05000,0.12000,0.34000
tool_slip_hidden_contact,4,55,128,32,30,18,6,15,11,0.36000,0.20000,0.30000,0.24000,0.09000,0.05000,0.12000,0.34000
tool_slip_hidden_contact,4,56,128,24,27,11,5,15,8,0.36000,0.20000,0.30000,0.24000,0.09000,0.05000,0.12000,0.34000
tool_slip_hidden_contact,4,57,128,28,32,16,6,15,10,0.36000,0.20000,0.30000,0.24000,0.09000,0.05000,0.12000,0.34000
tool_slip_hidden_contact,4,58,128,24,31,17,5,15,8,0.36000,0.20000,0.30000,0.24000,0.09000,0.05000,0.12000,0.34000
tool_slip_hidden_contact,4,59,128,23,32,15,5,15,8,0.36000,0.20000,0.30000,0.24000,0.09000,0.05000,0.12000,0.34000
tool_slip_hidden_contact,4,60,128,23,27,13,5,15,8,0.36000,0.20000,0.30000,0.24000,0.09000,0.05000,0.12000,0.34000
tool_slip_hidden_contact,4,61,128,22,33,15,4,15,7,0.36000,0.20000,0.30000,0.24000,0.09000,0.05000,0.12000,0.34000
tool_slip_hidden_contact,4,62,128,29,23,18,6,15,10,0.36000,0.20000,0.30000,0.24000,0.09000,0.05000,0.12000,0.34000
tool_slip_hidden_contact,4,63,128,29,31,14,6,15,10,0.36000,0.20000,0.30000,0.24000,0.09000,0.05000,0.12000,0.34000
tool_slip_hidden_contact,5,0,128,29,24,12,6,15,10,0.36000,0.20000,0.30000,0.24000,0.09000,0.05000,0.12000,0.34000
tool_slip_hidden_contact,5,1,128,30,24,11,6,15,10,0.36000,0.20000,0.30000,0.24000,0.09000,0.05000,0.12000,0.34000
tool_slip_hidden_contact,5,2,128,31,33,14,6,15,11,0.36000,0.20000,0.30000,0.24000,0.09000,0.05000,0.12000,0.34000
tool_slip_hidden_contact,5,3,128,33,32,13,7,15,11,0.36000,0.20000,0.30000,0.24000,0.09000,0.05000,0.12000,0.34000
tool_slip_hidden_contact,5,4,128,26,24,15,5,15,9,0.36000,0.20000,0.30000,0.24000,0.09000,0.05000,0.12000,0.34000
tool_slip_hidden_contact,5,5,128,29,26,11,6,15,10,0.36000,0.20000,0.30000,0.24000,0.09000,0.05000,0.12000,0.34000
tool_slip_hidden_contact,5,6,128,28,22,10,6,15,10,0.36000,0.20000,0.30000,0.24000,0.09000,0.05000,0.12000,0.34000
tool_slip_hidden_contact,5,7,128,23,32,12,5,15,8,0.36000,0.20000,0.30000,0.24000,0.09000,0.05000,0.12000,0.34000
tool_slip_hidden_contact,5,8,128,24,33,15,5,15,8,0.36000,0.20000,0.30000,0.24000,0.09000,0.05000,0.12000,0.34000
tool_slip_hidden_contact,5,9,128,26,33,10,5,15,9,0.36000,0.20000,0.30000,0.24000,0.09000,0.05000,0.12000,0.34000
tool_slip_hidden_contact,5,10,128,22,22,19,4,15,7,0.36000,0.20000,0.30000,0.24000,0.09000,0.05000,0.12000,0.34000
tool_slip_hidden_contact,5,11,128,23,24,13,5,15,8,0.36000,0.20000,0.30000,0.24000,0.09000,0.05000,0.12000,0.34000
tool_slip_hidden_contact,5,12,128,20,26,17,4,15,7,0.36000,0.20000,0.30000,0.24000,0.09000,0.05000,0.12000,0.34000
tool_slip_hidden_contact,5,13,128,20,24,15,4,15,7,0.36000,0.20000,0.30000,0.24000,0.09000,0.05000,0.12000,0.34000
tool_slip_hidden_contact,5,14,128,33,29,19,7,15,11,0.36000,0.20000,0.30000,0.24000,0.09000,0.05000,0.12000,0.34000
tool_slip_hidden_contact,5,15,128,31,22,16,6,15,11,0.36000,0.20000,0.30000,0.24000,0.09000,0.05000,0.12000,0.34000
tool_slip_hidden_contact,5,16,128,32,22,18,6,15,11,0.36000,0.20000,0.30000,0.24000,0.09000,0.05000,0.12000,0.34000
tool_slip_hidden_contact,5,17,128,30,30,17,6,15,10,0.36000,0.20000,0.30000,0.24000,0.09000,0.05000,0.12000,0.34000
tool_slip_hidden_contact,5,18,128,29,32,16,6,15,10,0.36000,0.20000,0.30000,0.24000,0.09000,0.05000,0.12000,0.34000
tool_slip_hidden_contact,5,19,128,31,30,18,6,15,11,0.36000,0.20000,0.30000,0.24000,0.09000,0.05000,0.12000,0.34000
tool_slip_hidden_contact,5,20,128,25,29,18,5,15,8,0.36000,0.20000,0.30000,0.24000,0.09000,0.05000,0.12000,0.34000
tool_slip_hidden_contact,5,21,128,32,23,16,6,15,11,0.36000,0.20000,0.30000,0.24000,0.09000,0.05000,0.12000,0.34000
tool_slip_hidden_contact,5,22,128,31,33,15,6,15,11,0.36000,0.20000,0.30000,0.24000,0.09000,0.05000,0.12000,0.34000
tool_slip_hidden_contact,5,23,128,23,22,16,5,15,8,0.36000,0.20000,0.30000,0.24000,0.09000,0.05000,0.12000,0.34000
tool_slip_hidden_contact,5,24,128,22,25,17,4,15,7,0.36000,0.20000,0.30000,0.24000,0.09000,0.05000,0.12000,0.34000
tool_slip_hidden_contact,5,25,128,26,30,17,5,15,9,0.36000,0.20000,0.30000,0.24000,0.09000,0.05000,0.12000,0.34000
tool_slip_hidden_contact,5,26,128,23,29,13,5,15,8,0.36000,0.20000,0.30000,0.24000,0.09000,0.05000,0.12000,0.34000
tool_slip_hidden_contact,5,27,128,24,28,13,5,15,8,0.36000,0.20000,0.30000,0.24000,0.09000,0.05000,0.12000,0.34000
tool_slip_hidden_contact,5,28,128,22,23,11,4,15,7,0.36000,0.20000,0.30000,0.24000,0.09000,0.05000,0.12000,0.34000
tool_slip_hidden_contact,5,29,128,23,22,17,5,15,8,0.36000,0.20000,0.30000,0.24000,0.09000,0.05000,0.12000,0.34000
tool_slip_hidden_contact,5,30,128,28,32,11,6,15,10,0.36000,0.20000,0.30000,0.24000,0.09000,0.05000,0.12000,0.34000
tool_slip_hidden_contact,5,31,128,31,22,12,6,15,11,0.36000,0.20000,0.30000,0.24000,0.09000,0.05000,0.12000,0.34000
tool_slip_hidden_contact,5,32,128,21,27,11,4,15,7,0.36000,0.20000,0.30000,0.24000,0.09000,0.05000,0.12000,0.34000
tool_slip_hidden_contact,5,33,128,29,22,11,6,15,10,0.36000,0.20000,0.30000,0.24000,0.09000,0.05000,0.12000,0.34000
tool_slip_hidden_contact,5,34,128,27,23,10,5,15,9,0.36000,0.20000,0.30000,0.24000,0.09000,0.05000,0.12000,0.34000
tool_slip_hidden_contact,5,35,128,32,29,10,6,15,11,0.36000,0.20000,0.30000,0.24000,0.09000,0.05000,0.12000,0.34000
tool_slip_hidden_contact,5,36,128,30,27,17,6,15,10,0.36000,0.20000,0.30000,0.24000,0.09000,0.05000,0.12000,0.34000
tool_slip_hidden_contact,5,37,128,22,22,14,4,15,7,0.36000,0.20000,0.30000,0.24000,0.09000,0.05000,0.12000,0.34000
tool_slip_hidden_contact,5,38,128,31,27,14,6,15,11,0.36000,0.20000,0.30000,0.24000,0.09000,0.05000,0.12000,0.34000
tool_slip_hidden_contact,5,39,128,28,29,12,6,15,10,0.36000,0.20000,0.30000,0.24000,0.09000,0.05000,0.12000,0.34000
tool_slip_hidden_contact,5,40,128,31,22,19,6,15,11,0.36000,0.20000,0.30000,0.24000,0.09000,0.05000,0.12000,0.34000
tool_slip_hidden_contact,5,41,128,31,33,11,6,15,11,0.36000,0.20000,0.30000,0.24000,0.09000,0.05000,0.12000,0.34000
tool_slip_hidden_contact,5,42,128,22,26,14,4,15,7,0.36000,0.20000,0.30000,0.24000,0.09000,0.05000,0.12000,0.34000
tool_slip_hidden_contact,5,43,128,26,22,11,5,15,9,0.36000,0.20000,0.30000,0.24000,0.09000,0.05000,0.12000,0.34000
tool_slip_hidden_contact,5,44,128,25,32,19,5,15,8,0.36000,0.20000,0.30000,0.24000,0.09000,0.05000,0.12000,0.34000
tool_slip_hidden_contact,5,45,128,31,32,17,6,15,11,0.36000,0.20000,0.30000,0.24000,0.09000,0.05000,0.12000,0.34000
tool_slip_hidden_contact,5,46,128,25,24,18,5,15,8,0.36000,0.20000,0.30000,0.24000,0.09000,0.05000,0.12000,0.34000
tool_slip_hidden_contact,5,47,128,29,24,18,6,15,10,0.36000,0.20000,0.30000,0.24000,0.09000,0.05000,0.12000,0.34000
tool_slip_hidden_contact,5,48,128,29,27,12,6,15,10,0.36000,0.20000,0.30000,0.24000,0.09000,0.05000,0.12000,0.34000
tool_slip_hidden_contact,5,49,128,28,22,13,6,15,10,0.36000,0.20000,0.30000,0.24000,0.09000,0.05000,0.12000,0.34000
tool_slip_hidden_contact,5,50,128,30,29,17,6,15,10,0.36000,0.20000,0.30000,0.24000,0.09000,0.05000,0.12000,0.34000
tool_slip_hidden_contact,5,51,128,25,33,11,5,15,8,0.36000,0.20000,0.30000,0.24000,0.09000,0.05000,0.12000,0.34000
tool_slip_hidden_contact,5,52,128,27,31,18,5,15,9,0.36000,0.20000,0.30000,0.24000,0.09000,0.05000,0.12000,0.34000
tool_slip_hidden_contact,5,53,128,22,24,16,4,15,7,0.36000,0.20000,0.30000,0.24000,0.09000,0.05000,0.12000,0.34000
tool_slip_hidden_contact,5,54,128,21,30,19,4,15,7,0.36000,0.20000,0.30000,0.24000,0.09000,0.05000,0.12000,0.34000
tool_slip_hidden_contact,5,55,128,33,31,13,7,15,11,0.36000,0.20000,0.30000,0.24000,0.09000,0.05000,0.12000,0.34000
tool_slip_hidden_contact,5,56,128,23,23,18,5,15,8,0.36000,0.20000,0.30000,0.24000,0.09000,0.05000,0.12000,0.34000
tool_slip_hidden_contact,5,57,128,27,28,19,5,15,9,0.36000,0.20000,0.30000,0.24000,0.09000,0.05000,0.12000,0.34000
tool_slip_hidden_contact,5,58,128,27,24,13,5,15,9,0.36000,0.20000,0.30000,0.24000,0.09000,0.05000,0.12000,0.34000
tool_slip_hidden_contact,5,59,128,22,30,18,4,15,7,0.36000,0.20000,0.30000,0.24000,0.09000,0.05000,0.12000,0.34000
tool_slip_hidden_contact,5,60,128,32,22,19,6,15,11,0.36000,0.20000,0.30000,0.24000,0.09000,0.05000,0.12000,0.34000
tool_slip_hidden_contact,5,61,128,28,31,11,6,15,10,0.36000,0.20000,0.30000,0.24000,0.09000,0.05000,0.12000,0.34000
tool_slip_hidden_contact,5,62,128,29,32,10,6,15,10,0.36000,0.20000,0.30000,0.24000,0.09000,0.05000,0.12000,0.34000
tool_slip_hidden_contact,5,63,128,28,22,15,6,15,10,0.36000,0.20000,0.30000,0.24000,0.09000,0.05000,0.12000,0.34000
tool_slip_hidden_contact,6,0,128,30,30,12,6,15,10,0.36000,0.20000,0.30000,0.24000,0.09000,0.05000,0.12000,0.34000
tool_slip_hidden_contact,6,1,128,25,32,15,5,15,8,0.36000,0.20000,0.30000,0.24000,0.09000,0.05000,0.12000,0.34000
tool_slip_hidden_contact,6,2,128,23,31,19,5,15,8,0.36000,0.20000,0.30000,0.24000,0.09000,0.05000,0.12000,0.34000
tool_slip_hidden_contact,6,3,128,22,22,10,4,15,7,0.36000,0.20000,0.30000,0.24000,0.09000,0.05000,0.12000,0.34000
tool_slip_hidden_contact,6,4,128,27,29,10,5,15,9,0.36000,0.20000,0.30000,0.24000,0.09000,0.05000,0.12000,0.34000
tool_slip_hidden_contact,6,5,128,31,23,16,6,15,11,0.36000,0.20000,0.30000,0.24000,0.09000,0.05000,0.12000,0.34000
tool_slip_hidden_contact,6,6,128,26,33,12,5,15,9,0.36000,0.20000,0.30000,0.24000,0.09000,0.05000,0.12000,0.34000
tool_slip_hidden_contact,6,7,128,22,26,11,4,15,7,0.36000,0.20000,0.30000,0.24000,0.09000,0.05000,0.12000,0.34000
tool_slip_hidden_contact,6,8,128,32,31,13,6,15,11,0.36000,0.20000,0.30000,0.24000,0.09000,0.05000,0.12000,0.34000
tool_slip_hidden_contact,6,9,128,20,28,16,4,15,7,0.36000,0.20000,0.30000,0.24000,0.09000,0.05000,0.12000,0.34000
tool_slip_hidden_contact,6,10,128,21,32,10,4,15,7,0.36000,0.20000,0.30000,0.24000,0.09000,0.05000,0.12000,0.34000
tool_slip_hidden_contact,6,11,128,26,22,13,5,15,9,0.36000,0.20000,0.30000,0.24000,0.09000,0.05000,0.12000,0.34000
tool_slip_hidden_contact,6,12,128,23,24,12,5,15,8,0.36000,0.20000,0.30000,0.24000,0.09000,0.05000,0.12000,0.34000
tool_slip_hidden_contact,6,13,128,25,29,19,5,15,8,0.36000,0.20000,0.30000,0.24000,0.09000,0.05000,0.12000,0.34000
tool_slip_hidden_contact,6,14,128,23,33,13,5,15,8,0.36000,0.20000,0.30000,0.24000,0.09000,0.05000,0.12000,0.34000
tool_slip_hidden_contact,6,15,128,30,27,19,6,15,10,0.36000,0.20000,0.30000,0.24000,0.09000,0.05000,0.12000,0.34000
tool_slip_hidden_contact,6,16,128,22,25,12,4,15,7,0.36000,0.20000,0.30000,0.24000,0.09000,0.05000,0.12000,0.34000
tool_slip_hidden_contact,6,17,128,22,23,10,4,15,7,0.36000,0.20000,0.30000,0.24000,0.09000,0.05000,0.12000,0.34000
tool_slip_hidden_contact,6,18,128,25,32,14,5,15,8,0.36000,0.20000,0.30000,0.24000,0.09000,0.05000,0.12000,0.34000
tool_slip_hidden_contact,6,19,128,27,30,17,5,15,9,0.36000,0.20000,0.30000,0.24000,0.09000,0.05000,0.12000,0.34000
tool_slip_hidden_contact,6,20,128,23,23,10,5,15,8,0.36000,0.20000,0.30000,0.24000,0.09000,0.05000,0.12000,0.34000
tool_slip_hidden_contact,6,21,128,32,24,11,6,15,11,0.36000,0.20000,0.30000,0.24000,0.09000,0.05000,0.12000,0.34000
tool_slip_hidden_contact,6,22,128,28,22,14,6,15,10,0.36000,0.20000,0.30000,0.24000,0.09000,0.05000,0.12000,0.34000
tool_slip_hidden_contact,6,23,128,25,30,11,5,15,8,0.36000,0.20000,0.30000,0.24000,0.09000,0.05000,0.12000,0.34000
tool_slip_hidden_contact,6,24,128,21,33,12,4,15,7,0.36000,0.20000,0.30000,0.24000,0.09000,0.05000,0.12000,0.34000
tool_slip_hidden_contact,6,25,128,23,24,13,5,15,8,0.36000,0.20000,0.30000,0.24000,0.09000,0.05000,0.12000,0.34000
tool_slip_hidden_contact,6,26,128,20,28,14,4,15,7,0.36000,0.20000,0.30000,0.24000,0.09000,0.05000,0.12000,0.34000
tool_slip_hidden_contact,6,27,128,25,24,18,5,15,8,0.36000,0.20000,0.30000,0.24000,0.09000,0.05000,0.12000,0.34000
tool_slip_hidden_contact,6,28,128,24,29,15,5,15,8,0.36000,0.20000,0.30000,0.24000,0.09000,0.05000,0.12000,0.34000
tool_slip_hidden_contact,6,29,128,23,26,11,5,15,8,0.36000,0.20000,0.30000,0.24000,0.09000,0.05000,0.12000,0.34000
tool_slip_hidden_contact,6,30,128,30,32,14,6,15,10,0.36000,0.20000,0.30000,0.24000,0.09000,0.05000,0.12000,0.34000
tool_slip_hidden_contact,6,31,128,32,25,19,6,15,11,0.36000,0.20000,0.30000,0.24000,0.09000,0.05000,0.12000,0.34000
tool_slip_hidden_contact,6,32,128,25,24,19,5,15,8,0.36000,0.20000,0.30000,0.24000,0.09000,0.05000,0.12000,0.34000
tool_slip_hidden_contact,6,33,128,32,31,13,6,15,11,0.36000,0.20000,0.30000,0.24000,0.09000,0.05000,0.12000,0.34000
tool_slip_hidden_contact,6,34,128,21,26,15,4,15,7,0.36000,0.20000,0.30000,0.24000,0.09000,0.05000,0.12000,0.34000
tool_slip_hidden_contact,6,35,128,33,22,15,7,15,11,0.36000,0.20000,0.30000,0.24000,0.09000,0.05000,0.12000,0.34000
tool_slip_hidden_contact,6,36,128,26,29,11,5,15,9,0.36000,0.20000,0.30000,0.24000,0.09000,0.05000,0.12000,0.34000
tool_slip_hidden_contact,6,37,128,26,27,10,5,15,9,0.36000,0.20000,0.30000,0.24000,0.09000,0.05000,0.12000,0.34000
tool_slip_hidden_contact,6,38,128,33,28,16,7,15,11,0.36000,0.20000,0.30000,0.24000,0.09000,0.05000,0.12000,0.34000
tool_slip_hidden_contact,6,39,128,20,22,16,4,15,7,0.36000,0.20000,0.30000,0.24000,0.09000,0.05000,0.12000,0.34000
tool_slip_hidden_contact,6,40,128,22,33,14,4,15,7,0.36000,0.20000,0.30000,0.24000,0.09000,0.05000,0.12000,0.34000
tool_slip_hidden_contact,6,41,128,21,22,14,4,15,7,0.36000,0.20000,0.30000,0.24000,0.09000,0.05000,0.12000,0.34000
tool_slip_hidden_contact,6,42,128,24,31,10,5,15,8,0.36000,0.20000,0.30000,0.24000,0.09000,0.05000,0.12000,0.34000
tool_slip_hidden_contact,6,43,128,23,24,19,5,15,8,0.36000,0.20000,0.30000,0.24000,0.09000,0.05000,0.12000,0.34000
tool_slip_hidden_contact,6,44,128,28,26,18,6,15,10,0.36000,0.20000,0.30000,0.24000,0.09000,0.05000,0.12000,0.34000
tool_slip_hidden_contact,6,45,128,25,33,15,5,15,8,0.36000,0.20000,0.30000,0.24000,0.09000,0.05000,0.12000,0.34000
tool_slip_hidden_contact,6,46,128,21,26,12,4,15,7,0.36000,0.20000,0.30000,0.24000,0.09000,0.05000,0.12000,0.34000
tool_slip_hidden_contact,6,47,128,23,23,18,5,15,8,0.36000,0.20000,0.30000,0.24000,0.09000,0.05000,0.12000,0.34000
tool_slip_hidden_contact,6,48,128,20,22,16,4,15,7,0.36000,0.20000,0.30000,0.24000,0.09000,0.05000,0.12000,0.34000
tool_slip_hidden_contact,6,49,128,28,28,16,6,15,10,0.36000,0.20000,0.30000,0.24000,0.09000,0.05000,0.12000,0.34000
tool_slip_hidden_contact,6,50,128,22,29,11,4,15,7,0.36000,0.20000,0.30000,0.24000,0.09000,0.05000,0.12000,0.34000
tool_slip_hidden_contact,6,51,128,27,32,19,5,15,9,0.36000,0.20000,0.30000,0.24000,0.09000,0.05000,0.12000,0.34000
tool_slip_hidden_contact,6,52,128,22,32,19,4,15,7,0.36000,0.20000,0.30000,0.24000,0.09000,0.05000,0.12000,0.34000
tool_slip_hidden_contact,6,53,128,32,32,11,6,15,11,0.36000,0.20000,0.30000,0.24000,0.09000,0.05000,0.12000,0.34000
tool_slip_hidden_contact,6,54,128,27,32,17,5,15,9,0.36000,0.20000,0.30000,0.24000,0.09000,0.05000,0.12000,0.34000
tool_slip_hidden_contact,6,55,128,28,25,11,6,15,10,0.36000,0.20000,0.30000,0.24000,0.09000,0.05000,0.12000,0.34000
tool_slip_hidden_contact,6,56,128,28,26,16,6,15,10,0.36000,0.20000,0.30000,0.24000,0.09000,0.05000,0.12000,0.34000
tool_slip_hidden_contact,6,57,128,30,32,15,6,15,10,0.36000,0.20000,0.30000,0.24000,0.09000,0.05000,0.12000,0.34000
tool_slip_hidden_contact,6,58,128,28,24,16,6,15,10,0.36000,0.20000,0.30000,0.24000,0.09000,0.05000,0.12000,0.34000
tool_slip_hidden_contact,6,59,128,33,28,19,7,15,11,0.36000,0.20000,0.30000,0.24000,0.09000,0.05000,0.12000,0.34000
tool_slip_hidden_contact,6,60,128,29,31,16,6,15,10,0.36000,0.20000,0.30000,0.24000,0.09000,0.05000,0.12000,0.34000
tool_slip_hidden_contact,6,61,128,22,27,19,4,15,7,0.36000,0.20000,0.30000,0.24000,0.09000,0.05000,0.12000,0.34000
tool_slip_hidden_contact,6,62,128,27,29,12,5,15,9,0.36000,0.20000,0.30000,0.24000,0.09000,0.05000,0.12000,0.34000
tool_slip_hidden_contact,6,63,128,31,33,17,6,15,11,0.36000,0.20000,0.30000,0.24000,0.09000,0.05000,0.12000,0.34000
tool_slip_hidden_contact,7,0,128,33,28,12,7,15,11,0.36000,0.20000,0.30000,0.24000,0.09000,0.05000,0.12000,0.34000
tool_slip_hidden_contact,7,1,128,23,33,13,5,15,8,0.36000,0.20000,0.30000,0.24000,0.09000,0.05000,0.12000,0.34000
tool_slip_hidden_contact,7,2,128,33,30,13,7,15,11,0.36000,0.20000,0.30000,0.24000,0.09000,0.05000,0.12000,0.34000
tool_slip_hidden_contact,7,3,128,32,24,13,6,15,11,0.36000,0.20000,0.30000,0.24000,0.09000,0.05000,0.12000,0.34000
tool_slip_hidden_contact,7,4,128,20,29,14,4,15,7,0.36000,0.20000,0.30000,0.24000,0.09000,0.05000,0.12000,0.34000
tool_slip_hidden_contact,7,5,128,33,26,14,7,15,11,0.36000,0.20000,0.30000,0.24000,0.09000,0.05000,0.12000,0.34000
tool_slip_hidden_contact,7,6,128,27,22,11,5,15,9,0.36000,0.20000,0.30000,0.24000,0.09000,0.05000,0.12000,0.34000
tool_slip_hidden_contact,7,7,128,30,30,18,6,15,10,0.36000,0.20000,0.30000,0.24000,0.09000,0.05000,0.12000,0.34000
tool_slip_hidden_contact,7,8,128,33,25,10,7,15,11,0.36000,0.20000,0.30000,0.24000,0.09000,0.05000,0.12000,0.34000
tool_slip_hidden_contact,7,9,128,21,23,12,4,15,7,0.36000,0.20000,0.30000,0.24000,0.09000,0.05000,0.12000,0.34000
tool_slip_hidden_contact,7,10,128,32,26,11,6,15,11,0.36000,0.20000,0.30000,0.24000,0.09000,0.05000,0.12000,0.34000
tool_slip_hidden_contact,7,11,128,30,25,18,6,15,10,0.36000,0.20000,0.30000,0.24000,0.09000,0.05000,0.12000,0.34000
tool_slip_hidden_contact,7,12,128,31,32,11,6,15,11,0.36000,0.20000,0.30000,0.24000,0.09000,0.05000,0.12000,0.34000
tool_slip_hidden_contact,7,13,128,33,32,17,7,15,11,0.36000,0.20000,0.30000,0.24000,0.09000,0.05000,0.12000,0.34000
tool_slip_hidden_contact,7,14,128,32,24,17,6,15,11,0.36000,0.20000,0.30000,0.24000,0.09000,0.05000,0.12000,0.34000
tool_slip_hidden_contact,7,15,128,22,27,16,4,15,7,0.36000,0.20000,0.30000,0.24000,0.09000,0.05000,0.12000,0.34000
tool_slip_hidden_contact,7,16,128,29,24,18,6,15,10,0.36000,0.20000,0.30000,0.24000,0.09000,0.05000,0.12000,0.34000
tool_slip_hidden_contact,7,17,128,21,32,18,4,15,7,0.36000,0.20000,0.30000,0.24000,0.09000,0.05000,0.12000,0.34000
tool_slip_hidden_contact,7,18,128,26,24,17,5,15,9,0.36000,0.20000,0.30000,0.24000,0.09000,0.05000,0.12000,0.34000
tool_slip_hidden_contact,7,19,128,26,27,15,5,15,9,0.36000,0.20000,0.30000,0.24000,0.09000,0.05000,0.12000,0.34000
tool_slip_hidden_contact,7,20,128,20,26,18,4,15,7,0.36000,0.20000,0.30000,0.24000,0.09000,0.05000,0.12000,0.34000
tool_slip_hidden_contact,7,21,128,20,22,18,4,15,7,0.36000,0.20000,0.30000,0.24000,0.09000,0.05000,0.12000,0.34000
tool_slip_hidden_contact,7,22,128,20,29,14,4,15,7,0.36000,0.20000,0.30000,0.24000,0.09000,0.05000,0.12000,0.34000
tool_slip_hidden_contact,7,23,128,31,32,16,6,15,11,0.36000,0.20000,0.30000,0.24000,0.09000,0.05000,0.12000,0.34000
tool_slip_hidden_contact,7,24,128,28,22,11,6,15,10,0.36000,0.20000,0.30000,0.24000,0.09000,0.05000,0.12000,0.34000
tool_slip_hidden_contact,7,25,128,22,32,11,4,15,7,0.36000,0.20000,0.30000,0.24000,0.09000,0.05000,0.12000,0.34000
tool_slip_hidden_contact,7,26,128,25,33,17,5,15,8,0.36000,0.20000,0.30000,0.24000,0.09000,0.05000,0.12000,0.34000
tool_slip_hidden_contact,7,27,128,26,32,13,5,15,9,0.36000,0.20000,0.30000,0.24000,0.09000,0.05000,0.12000,0.34000
tool_slip_hidden_contact,7,28,128,23,25,19,5,15,8,0.36000,0.20000,0.30000,0.24000,0.09000,0.05000,0.12000,0.34000
tool_slip_hidden_contact,7,29,128,22,25,10,4,15,7,0.36000,0.20000,0.30000,0.24000,0.09000,0.05000,0.12000,0.34000
tool_slip_hidden_contact,7,30,128,25,29,10,5,15,8,0.36000,0.20000,0.30000,0.24000,0.09000,0.05000,0.12000,0.34000
tool_slip_hidden_contact,7,31,128,28,33,14,6,15,10,0.36000,0.20000,0.30000,0.24000,0.09000,0.05000,0.12000,0.34000
tool_slip_hidden_contact,7,32,128,31,33,14,6,15,11,0.36000,0.20000,0.30000,0.24000,0.09000,0.05000,0.12000,0.34000
tool_slip_hidden_contact,7,33,128,25,25,19,5,15,8,0.36000,0.20000,0.30000,0.24000,0.09000,0.05000,0.12000,0.34000
tool_slip_hidden_contact,7,34,128,25,26,10,5,15,8,0.36000,0.20000,0.30000,0.24000,0.09000,0.05000,0.12000,0.34000
tool_slip_hidden_contact,7,35,128,25,25,13,5,15,8,0.36000,0.20000,0.30000,0.24000,0.09000,0.05000,0.12000,0.34000
tool_slip_hidden_contact,7,36,128,27,32,12,5,15,9,0.36000,0.20000,0.30000,0.24000,0.09000,0.05000,0.12000,0.34000
tool_slip_hidden_contact,7,37,128,22,30,19,4,15,7,0.36000,0.20000,0.30000,0.24000,0.09000,0.05000,0.12000,0.34000
tool_slip_hidden_contact,7,38,128,27,33,10,5,15,9,0.36000,0.20000,0.30000,0.24000,0.09000,0.05000,0.12000,0.34000
tool_slip_hidden_contact,7,39,128,21,31,15,4,15,7,0.36000,0.20000,0.30000,0.24000,0.09000,0.05000,0.12000,0.34000
tool_slip_hidden_contact,7,40,128,24,24,11,5,15,8,0.36000,0.20000,0.30000,0.24000,0.09000,0.05000,0.12000,0.34000
tool_slip_hidden_contact,7,41,128,26,28,14,5,15,9,0.36000,0.20000,0.30000,0.24000,0.09000,0.05000,0.12000,0.34000
tool_slip_hidden_contact,7,42,128,23,25,10,5,15,8,0.36000,0.20000,0.30000,0.24000,0.09000,0.05000,0.12000,0.34000
tool_slip_hidden_contact,7,43,128,27,23,19,5,15,9,0.36000,0.20000,0.30000,0.24000,0.09000,0.05000,0.12000,0.34000
tool_slip_hidden_contact,7,44,128,21,25,11,4,15,7,0.36000,0.20000,0.30000,0.24000,0.09000,0.05000,0.12000,0.34000
tool_slip_hidden_contact,7,45,128,30,24,12,6,15,10,0.36000,0.20000,0.30000,0.24000,0.09000,0.05000,0.12000,0.34000
tool_slip_hidden_contact,7,46,128,22,28,14,4,15,7,0.36000,0.20000,0.30000,0.24000,0.09000,0.05000,0.12000,0.34000
tool_slip_hidden_contact,7,47,128,33,33,12,7,15,11,0.36000,0.20000,0.30000,0.24000,0.09000,0.05000,0.12000,0.34000
tool_slip_hidden_contact,7,48,128,29,26,16,6,15,10,0.36000,0.20000,0.30000,0.24000,0.09000,0.05000,0.12000,0.34000
tool_slip_hidden_contact,7,49,128,25,22,14,5,15,8,0.36000,0.20000,0.30000,0.24000,0.09000,0.05000,0.12000,0.34000
tool_slip_hidden_contact,7,50,128,20,26,19,4,15,7,0.36000,0.20000,0.30000,0.24000,0.09000,0.05000,0.12000,0.34000
tool_slip_hidden_contact,7,51,128,24,29,15,5,15,8,0.36000,0.20000,0.30000,0.24000,0.09000,0.05000,0.12000,0.34000
tool_slip_hidden_contact,7,52,128,24,22,19,5,15,8,0.36000,0.20000,0.30000,0.24000,0.09000,0.05000,0.12000,0.34000
tool_slip_hidden_contact,7,53,128,28,31,16,6,15,10,0.36000,0.20000,0.30000,0.24000,0.09000,0.05000,0.12000,0.34000
tool_slip_hidden_contact,7,54,128,29,23,18,6,15,10,0.36000,0.20000,0.30000,0.24000,0.09000,0.05000,0.12000,0.34000
tool_slip_hidden_contact,7,55,128,22,23,19,4,15,7,0.36000,0.20000,0.30000,0.24000,0.09000,0.05000,0.12000,0.34000
tool_slip_hidden_contact,7,56,128,32,32,11,6,15,11,0.36000,0.20000,0.30000,0.24000,0.09000,0.05000,0.12000,0.34000
tool_slip_hidden_contact,7,57,128,27,28,12,5,15,9,0.36000,0.20000,0.30000,0.24000,0.09000,0.05000,0.12000,0.34000
tool_slip_hidden_contact,7,58,128,28,32,15,6,15,10,0.36000,0.20000,0.30000,0.24000,0.09000,0.05000,0.12000,0.34000
tool_slip_hidden_contact,7,59,128,23,30,17,5,15,8,0.36000,0.20000,0.30000,0.24000,0.09000,0.05000,0.12000,0.34000
tool_slip_hidden_contact,7,60,128,26,28,14,5,15,9,0.36000,0.20000,0.30000,0.24000,0.09000,0.05000,0.12000,0.34000
tool_slip_hidden_contact,7,61,128,21,32,15,4,15,7,0.36000,0.20000,0.30000,0.24000,0.09000,0.05000,0.12000,0.34000
tool_slip_hidden_contact,7,62,128,23,33,19,5,15,8,0.36000,0.20000,0.30000,0.24000,0.09000,0.05000,0.12000,0.34000
tool_slip_hidden_contact,7,63,128,20,25,14,4,15,7,0.36000,0.20000,0.30000,0.24000,0.09000,0.05000,0.12000,0.34000
tool_slip_hidden_contact,8,0,128,24,29,13,5,15,8,0.36000,0.20000,0.30000,0.24000,0.09000,0.05000,0.12000,0.34000
tool_slip_hidden_contact,8,1,128,32,33,14,6,15,11,0.36000,0.20000,0.30000,0.24000,0.09000,0.05000,0.12000,0.34000
tool_slip_hidden_contact,8,2,128,22,29,12,4,15,7,0.36000,0.20000,0.30000,0.24000,0.09000,0.05000,0.12000,0.34000
tool_slip_hidden_contact,8,3,128,25,32,12,5,15,8,0.36000,0.20000,0.30000,0.24000,0.09000,0.05000,0.12000,0.34000
tool_slip_hidden_contact,8,4,128,20,31,13,4,15,7,0.36000,0.20000,0.30000,0.24000,0.09000,0.05000,0.12000,0.34000
tool_slip_hidden_contact,8,5,128,27,32,18,5,15,9,0.36000,0.20000,0.30000,0.24000,0.09000,0.05000,0.12000,0.34000
tool_slip_hidden_contact,8,6,128,33,24,13,7,15,11,0.36000,0.20000,0.30000,0.24000,0.09000,0.05000,0.12000,0.34000
tool_slip_hidden_contact,8,7,128,22,22,10,4,15,7,0.36000,0.20000,0.30000,0.24000,0.09000,0.05000,0.12000,0.34000
tool_slip_hidden_contact,8,8,128,31,22,19,6,15,11,0.36000,0.20000,0.30000,0.24000,0.09000,0.05000,0.12000,0.34000
tool_slip_hidden_contact,8,9,128,29,28,12,6,15,10,0.36000,0.20000,0.30000,0.24000,0.09000,0.05000,0.12000,0.34000
tool_slip_hidden_contact,8,10,128,21,33,16,4,15,7,0.36000,0.20000,0.30000,0.24000,0.09000,0.05000,0.12000,0.34000
tool_slip_hidden_contact,8,11,128,31,31,11,6,15,11,0.36000,0.20000,0.30000,0.24000,0.09000,0.05000,0.12000,0.34000
tool_slip_hidden_contact,8,12,128,30,30,16,6,15,10,0.36000,0.20000,0.30000,0.24000,0.09000,0.05000,0.12000,0.34000
tool_slip_hidden_contact,8,13,128,30,26,13,6,15,10,0.36000,0.20000,0.30000,0.24000,0.09000,0.05000,0.12000,0.34000
tool_slip_hidden_contact,8,14,128,24,30,11,5,15,8,0.36000,0.20000,0.30000,0.24000,0.09000,0.05000,0.12000,0.34000
tool_slip_hidden_contact,8,15,128,26,27,19,5,15,9,0.36000,0.20000,0.30000,0.24000,0.09000,0.05000,0.12000,0.34000
tool_slip_hidden_contact,8,16,128,28,22,19,6,15,10,0.36000,0.20000,0.30000,0.24000,0.09000,0.05000,0.12000,0.34000
tool_slip_hidden_contact,8,17,128,25,30,16,5,15,8,0.36000,0.20000,0.30000,0.24000,0.09000,0.05000,0.12000,0.34000
tool_slip_hidden_contact,8,18,128,31,29,18,6,15,11,0.36000,0.20000,0.30000,0.24000,0.09000,0.05000,0.12000,0.34000
tool_slip_hidden_contact,8,19,128,20,23,11,4,15,7,0.36000,0.20000,0.30000,0.24000,0.09000,0.05000,0.12000,0.34000
tool_slip_hidden_contact,8,20,128,28,31,14,6,15,10,0.36000,0.20000,0.30000,0.24000,0.09000,0.05000,0.12000,0.34000
tool_slip_hidden_contact,8,21,128,22,31,12,4,15,7,0.36000,0.20000,0.30000,0.24000,0.09000,0.05000,0.12000,0.34000
tool_slip_hidden_contact,8,22,128,24,32,15,5,15,8,0.36000,0.20000,0.30000,0.24000,0.09000,0.05000,0.12000,0.34000
tool_slip_hidden_contact,8,23,128,30,25,14,6,15,10,0.36000,0.20000,0.30000,0.24000,0.09000,0.05000,0.12000,0.34000
tool_slip_hidden_contact,8,24,128,21,22,19,4,15,7,0.36000,0.20000,0.30000,0.24000,0.09000,0.05000,0.12000,0.34000
tool_slip_hidden_contact,8,25,128,22,22,19,4,15,7,0.36000,0.20000,0.30000,0.24000,0.09000,0.05000,0.12000,0.34000
tool_slip_hidden_contact,8,26,128,32,22,15,6,15,11,0.36000,0.20000,0.30000,0.24000,0.09000,0.05000,0.12000,0.34000
tool_slip_hidden_contact,8,27,128,21,22,18,4,15,7,0.36000,0.20000,0.30000,0.24000,0.09000,0.05000,0.12000,0.34000
tool_slip_hidden_contact,8,28,128,21,24,17,4,15,7,0.36000,0.20000,0.30000,0.24000,0.09000,0.05000,0.12000,0.34000
tool_slip_hidden_contact,8,29,128,32,27,12,6,15,11,0.36000,0.20000,0.30000,0.24000,0.09000,0.05000,0.12000,0.34000
tool_slip_hidden_contact,8,30,128,33,31,12,7,15,11,0.36000,0.20000,0.30000,0.24000,0.09000,0.05000,0.12000,0.34000
tool_slip_hidden_contact,8,31,128,31,25,13,6,15,11,0.36000,0.20000,0.30000,0.24000,0.09000,0.05000,0.12000,0.34000
tool_slip_hidden_contact,8,32,128,26,26,12,5,15,9,0.36000,0.20000,0.30000,0.24000,0.09000,0.05000,0.12000,0.34000
tool_slip_hidden_contact,8,33,128,23,32,18,5,15,8,0.36000,0.20000,0.30000,0.24000,0.09000,0.05000,0.12000,0.34000
tool_slip_hidden_contact,8,34,128,30,25,17,6,15,10,0.36000,0.20000,0.30000,0.24000,0.09000,0.05000,0.12000,0.34000
tool_slip_hidden_contact,8,35,128,24,28,19,5,15,8,0.36000,0.20000,0.30000,0.24000,0.09000,0.05000,0.12000,0.34000
tool_slip_hidden_contact,8,36,128,23,25,12,5,15,8,0.36000,0.20000,0.30000,0.24000,0.09000,0.05000,0.12000,0.34000
tool_slip_hidden_contact,8,37,128,23,23,13,5,15,8,0.36000,0.20000,0.30000,0.24000,0.09000,0.05000,0.12000,0.34000
tool_slip_hidden_contact,8,38,128,20,25,18,4,15,7,0.36000,0.20000,0.30000,0.24000,0.09000,0.05000,0.12000,0.34000
tool_slip_hidden_contact,8,39,128,27,32,15,5,15,9,0.36000,0.20000,0.30000,0.24000,0.09000,0.05000,0.12000,0.34000
tool_slip_hidden_contact,8,40,128,32,28,16,6,15,11,0.36000,0.20000,0.30000,0.24000,0.09000,0.05000,0.12000,0.34000
tool_slip_hidden_contact,8,41,128,24,32,12,5,15,8,0.36000,0.20000,0.30000,0.24000,0.09000,0.05000,0.12000,0.34000
tool_slip_hidden_contact,8,42,128,25,33,14,5,15,8,0.36000,0.20000,0.30000,0.24000,0.09000,0.05000,0.12000,0.34000
tool_slip_hidden_contact,8,43,128,31,29,12,6,15,11,0.36000,0.20000,0.30000,0.24000,0.09000,0.05000,0.12000,0.34000
tool_slip_hidden_contact,8,44,128,21,29,13,4,15,7,0.36000,0.20000,0.30000,0.24000,0.09000,0.05000,0.12000,0.34000
tool_slip_hidden_contact,8,45,128,31,30,14,6,15,11,0.36000,0.20000,0.30000,0.24000,0.09000,0.05000,0.12000,0.34000
tool_slip_hidden_contact,8,46,128,31,33,16,6,15,11,0.36000,0.20000,0.30000,0.24000,0.09000,0.05000,0.12000,0.34000
tool_slip_hidden_contact,8,47,128,20,29,10,4,15,7,0.36000,0.20000,0.30000,0.24000,0.09000,0.05000,0.12000,0.34000
tool_slip_hidden_contact,8,48,128,27,30,13,5,15,9,0.36000,0.20000,0.30000,0.24000,0.09000,0.05000,0.12000,0.34000
tool_slip_hidden_contact,8,49,128,28,24,13,6,15,10,0.36000,0.20000,0.30000,0.24000,0.09000,0.05000,0.12000,0.34000
tool_slip_hidden_contact,8,50,128,25,31,16,5,15,8,0.36000,0.20000,0.30000,0.24000,0.09000,0.05000,0.12000,0.34000
tool_slip_hidden_contact,8,51,128,24,33,13,5,15,8,0.36000,0.20000,0.30000,0.24000,0.09000,0.05000,0.12000,0.34000
tool_slip_hidden_contact,8,52,128,33,22,17,7,15,11,0.36000,0.20000,0.30000,0.24000,0.09000,0.05000,0.12000,0.34000
tool_slip_hidden_contact,8,53,128,32,30,15,6,15,11,0.36000,0.20000,0.30000,0.24000,0.09000,0.05000,0.12000,0.34000
tool_slip_hidden_contact,8,54,128,23,30,14,5,15,8,0.36000,0.20000,0.30000,0.24000,0.09000,0.05000,0.12000,0.34000
tool_slip_hidden_contact,8,55,128,32,31,14,6,15,11,0.36000,0.20000,0.30000,0.24000,0.09000,0.05000,0.12000,0.34000
tool_slip_hidden_contact,8,56,128,26,23,15,5,15,9,0.36000,0.20000,0.30000,0.24000,0.09000,0.05000,0.12000,0.34000
tool_slip_hidden_contact,8,57,128,29,23,17,6,15,10,0.36000,0.20000,0.30000,0.24000,0.09000,0.05000,0.12000,0.34000
tool_slip_hidden_contact,8,58,128,32,24,17,6,15,11,0.36000,0.20000,0.30000,0.24000,0.09000,0.05000,0.12000,0.34000
tool_slip_hidden_contact,8,59,128,31,28,19,6,15,11,0.36000,0.20000,0.30000,0.24000,0.09000,0.05000,0.12000,0.34000
tool_slip_hidden_contact,8,60,128,32,24,15,6,15,11,0.36000,0.20000,0.30000,0.24000,0.09000,0.05000,0.12000,0.34000
tool_slip_hidden_contact,8,61,128,22,22,18,4,15,7,0.36000,0.20000,0.30000,0.24000,0.09000,0.05000,0.12000,0.34000
tool_slip_hidden_contact,8,62,128,32,27,16,6,15,11,0.36000,0.20000,0.30000,0.24000,0.09000,0.05000,0.12000,0.34000
tool_slip_hidden_contact,8,63,128,27,31,11,5,15,9,0.36000,0.20000,0.30000,0.24000,0.09000,0.05000,0.12000,0.34000
tool_slip_hidden_contact,9,0,128,21,25,18,4,15,7,0.36000,0.20000,0.30000,0.24000,0.09000,0.05000,0.12000,0.34000
tool_slip_hidden_contact,9,1,128,33,29,16,7,15,11,0.36000,0.20000,0.30000,0.24000,0.09000,0.05000,0.12000,0.34000
tool_slip_hidden_contact,9,2,128,28,24,19,6,15,10,0.36000,0.20000,0.30000,0.24000,0.09000,0.05000,0.12000,0.34000
tool_slip_hidden_contact,9,3,128,28,33,13,6,15,10,0.36000,0.20000,0.30000,0.24000,0.09000,0.05000,0.12000,0.34000
tool_slip_hidden_contact,9,4,128,28,33,13,6,15,10,0.36000,0.20000,0.30000,0.24000,0.09000,0.05000,0.12000,0.34000
tool_slip_hidden_contact,9,5,128,26,26,11,5,15,9,0.36000,0.20000,0.30000,0.24000,0.09000,0.05000,0.12000,0.34000
tool_slip_hidden_contact,9,6,128,20,29,19,4,15,7,0.36000,0.20000,0.30000,0.24000,0.09000,0.05000,0.12000,0.34000
tool_slip_hidden_contact,9,7,128,28,27,17,6,15,10,0.36000,0.20000,0.30000,0.24000,0.09000,0.05000,0.12000,0.34000
tool_slip_hidden_contact,9,8,128,20,32,11,4,15,7,0.36000,0.20000,0.30000,0.24000,0.09000,0.05000,0.12000,0.34000
tool_slip_hidden_contact,9,9,128,22,27,19,4,15,7,0.36000,0.20000,0.30000,0.24000,0.09000,0.05000,0.12000,0.34000
tool_slip_hidden_contact,9,10,128,32,29,18,6,15,11,0.36000,0.20000,0.30000,0.24000,0.09000,0.05000,0.12000,0.34000
tool_slip_hidden_contact,9,11,128,30,22,14,6,15,10,0.36000,0.20000,0.30000,0.24000,0.09000,0.05000,0.12000,0.34000
tool_slip_hidden_contact,9,12,128,32,26,10,6,15,11,0.36000,0.20000,0.30000,0.24000,0.09000,0.05000,0.12000,0.34000
tool_slip_hidden_contact,9,13,128,28,30,16,6,15,10,0.36000,0.20000,0.30000,0.24000,0.09000,0.05000,0.12000,0.34000
tool_slip_hidden_contact,9,14,128,28,23,19,6,15,10,0.36000,0.20000,0.30000,0.24000,0.09000,0.05000,0.12000,0.34000
tool_slip_hidden_contact,9,15,128,32,31,10,6,15,11,0.36000,0.20000,0.30000,0.24000,0.09000,0.05000,0.12000,0.34000
tool_slip_hidden_contact,9,16,128,26,30,13,5,15,9,0.36000,0.20000,0.30000,0.24000,0.09000,0.05000,0.12000,0.34000
tool_slip_hidden_contact,9,17,128,24,32,10,5,15,8,0.36000,0.20000,0.30000,0.24000,0.09000,0.05000,0.12000,0.34000
tool_slip_hidden_contact,9,18,128,28,33,13,6,15,10,0.36000,0.20000,0.30000,0.24000,0.09000,0.05000,0.12000,0.34000
tool_slip_hidden_contact,9,19,128,20,30,11,4,15,7,0.36000,0.20000,0.30000,0.24000,0.09000,0.05000,0.12000,0.34000
tool_slip_hidden_contact,9,20,128,31,23,14,6,15,11,0.36000,0.20000,0.30000,0.24000,0.09000,0.05000,0.12000,0.34000
tool_slip_hidden_contact,9,21,128,21,22,14,4,15,7,0.36000,0.20000,0.30000,0.24000,0.09000,0.05000,0.12000,0.34000
tool_slip_hidden_contact,9,22,128,26,25,12,5,15,9,0.36000,0.20000,0.30000,0.24000,0.09000,0.05000,0.12000,0.34000
tool_slip_hidden_contact,9,23,128,30,31,14,6,15,10,0.36000,0.20000,0.30000,0.24000,0.09000,0.05000,0.12000,0.34000
tool_slip_hidden_contact,9,24,128,22,30,15,4,15,7,0.36000,0.20000,0.30000,0.24000,0.09000,0.05000,0.12000,0.34000
tool_slip_hidden_contact,9,25,128,29,28,16,6,15,10,0.36000,0.20000,0.30000,0.24000,0.09000,0.05000,0.12000,0.34000
tool_slip_hidden_contact,9,26,128,28,27,14,6,15,10,0.36000,0.20000,0.30000,0.24000,0.09000,0.05000,0.12000,0.34000
tool_slip_hidden_contact,9,27,128,21,33,11,4,15,7,0.36000,0.20000,0.30000,0.24000,0.09000,0.05000,0.12000,0.34000
tool_slip_hidden_contact,9,28,128,28,23,10,6,15,10,0.36000,0.20000,0.30000,0.24000,0.09000,0.05000,0.12000,0.34000
tool_slip_hidden_contact,9,29,128,27,28,17,5,15,9,0.36000,0.20000,0.30000,0.24000,0.09000,0.05000,0.12000,0.34000
tool_slip_hidden_contact,9,30,128,26,30,11,5,15,9,0.36000,0.20000,0.30000,0.24000,0.09000,0.05000,0.12000,0.34000
tool_slip_hidden_contact,9,31,128,32,27,12,6,15,11,0.36000,0.20000,0.30000,0.24000,0.09000,0.05000,0.12000,0.34000
tool_slip_hidden_contact,9,32,128,24,33,11,5,15,8,0.36000,0.20000,0.30000,0.24000,0.09000,0.05000,0.12000,0.34000
tool_slip_hidden_contact,9,33,128,28,33,14,6,15,10,0.36000,0.20000,0.30000,0.24000,0.09000,0.05000,0.12000,0.34000
tool_slip_hidden_contact,9,34,128,30,32,12,6,15,10,0.36000,0.20000,0.30000,0.24000,0.09000,0.05000,0.12000,0.34000
tool_slip_hidden_contact,9,35,128,21,32,17,4,15,7,0.36000,0.20000,0.30000,0.24000,0.09000,0.05000,0.12000,0.34000
tool_slip_hidden_contact,9,36,128,25,22,14,5,15,8,0.36000,0.20000,0.30000,0.24000,0.09000,0.05000,0.12000,0.34000
tool_slip_hidden_contact,9,37,128,28,32,12,6,15,10,0.36000,0.20000,0.30000,0.24000,0.09000,0.05000,0.12000,0.34000
tool_slip_hidden_contact,9,38,128,26,25,13,5,15,9,0.36000,0.20000,0.30000,0.24000,0.09000,0.05000,0.12000,0.34000
tool_slip_hidden_contact,9,39,128,33,27,13,7,15,11,0.36000,0.20000,0.30000,0.24000,0.09000,0.05000,0.12000,0.34000
tool_slip_hidden_contact,9,40,128,23,29,15,5,15,8,0.36000,0.20000,0.30000,0.24000,0.09000,0.05000,0.12000,0.34000
tool_slip_hidden_contact,9,41,128,28,29,11,6,15,10,0.36000,0.20000,0.30000,0.24000,0.09000,0.05000,0.12000,0.34000
tool_slip_hidden_contact,9,42,128,30,25,13,6,15,10,0.36000,0.20000,0.30000,0.24000,0.09000,0.05000,0.12000,0.34000
tool_slip_hidden_contact,9,43,128,31,27,14,6,15,11,0.36000,0.20000,0.30000,0.24000,0.09000,0.05000,0.12000,0.34000
tool_slip_hidden_contact,9,44,128,21,23,19,4,15,7,0.36000,0.20000,0.30000,0.24000,0.09000,0.05000,0.12000,0.34000
tool_slip_hidden_contact,9,45,128,24,24,19,5,15,8,0.36000,0.20000,0.30000,0.24000,0.09000,0.05000,0.12000,0.34000
tool_slip_hidden_contact,9,46,128,22,27,19,4,15,7,0.36000,0.20000,0.30000,0.24000,0.09000,0.05000,0.12000,0.34000
tool_slip_hidden_contact,9,47,128,20,30,11,4,15,7,0.36000,0.20000,0.30000,0.24000,0.09000,0.05000,0.12000,0.34000
tool_slip_hidden_contact,9,48,128,30,23,14,6,15,10,0.36000,0.20000,0.30000,0.24000,0.09000,0.05000,0.12000,0.34000
tool_slip_hidden_contact,9,49,128,33,33,16,7,15,11,0.36000,0.20000,0.30000,0.24000,0.09000,0.05000,0.12000,0.34000
tool_slip_hidden_contact,9,50,128,32,25,15,6,15,11,0.36000,0.20000,0.30000,0.24000,0.09000,0.05000,0.12000,0.34000
tool_slip_hidden_contact,9,51,128,22,32,15,4,15,7,0.36000,0.20000,0.30000,0.24000,0.09000,0.05000,0.12000,0.34000
tool_slip_hidden_contact,9,52,128,20,31,11,4,15,7,0.36000,0.20000,0.30000,0.24000,0.09000,0.05000,0.12000,0.34000
tool_slip_hidden_contact,9,53,128,30,32,13,6,15,10,0.36000,0.20000,0.30000,0.24000,0.09000,0.05000,0.12000,0.34000
tool_slip_hidden_contact,9,54,128,31,23,17,6,15,11,0.36000,0.20000,0.30000,0.24000,0.09000,0.05000,0.12000,0.34000
tool_slip_hidden_contact,9,55,128,31,24,19,6,15,11,0.36000,0.20000,0.30000,0.24000,0.09000,0.05000,0.12000,0.34000
tool_slip_hidden_contact,9,56,128,26,22,10,5,15,9,0.36000,0.20000,0.30000,0.24000,0.09000,0.05000,0.12000,0.34000
tool_slip_hidden_contact,9,57,128,26,27,14,5,15,9,0.36000,0.20000,0.30000,0.24000,0.09000,0.05000,0.12000,0.34000
tool_slip_hidden_contact,9,58,128,31,26,17,6,15,11,0.36000,0.20000,0.30000,0.24000,0.09000,0.05000,0.12000,0.34000
tool_slip_hidden_contact,9,59,128,27,28,10,5,15,9,0.36000,0.20000,0.30000,0.24000,0.09000,0.05000,0.12000,0.34000
tool_slip_hidden_contact,9,60,128,21,33,16,4,15,7,0.36000,0.20000,0.30000,0.24000,0.09000,0.05000,0.12000,0.34000
tool_slip_hidden_contact,9,61,128,23,29,14,5,15,8,0.36000,0.20000,0.30000,0.24000,0.09000,0.05000,0.12000,0.34000
tool_slip_hidden_contact,9,62,128,25,26,10,5,15,8,0.36000,0.20000,0.30000,0.24000,0.09000,0.05000,0.12000,0.34000
tool_slip_hidden_contact,9,63,128,33,26,16,7,15,11,0.36000,0.20000,0.30000,0.24000,0.09000,0.05000,0.12000,0.34000
distractor_contact_shift,0,0,128,27,26,14,5,12,3,0.44000,0.18000,0.34000,0.58000,0.12000,0.04800,0.09000,0.10000
distractor_contact_shift,0,1,128,31,27,15,6,12,3,0.44000,0.18000,0.34000,0.58000,0.12000,0.04800,0.09000,0.10000
distractor_contact_shift,0,2,128,24,22,16,4,12,2,0.44000,0.18000,0.34000,0.58000,0.12000,0.04800,0.09000,0.10000
distractor_contact_shift,0,3,128,21,33,15,4,12,2,0.44000,0.18000,0.34000,0.58000,0.12000,0.04800,0.09000,0.10000
distractor_contact_shift,0,4,128,23,23,19,4,12,2,0.44000,0.18000,0.34000,0.58000,0.12000,0.04800,0.09000,0.10000
distractor_contact_shift,0,5,128,31,26,15,6,12,3,0.44000,0.18000,0.34000,0.58000,0.12000,0.04800,0.09000,0.10000
distractor_contact_shift,0,6,128,33,28,22,6,12,3,0.44000,0.18000,0.34000,0.58000,0.12000,0.04800,0.09000,0.10000
distractor_contact_shift,0,7,128,24,29,18,4,12,2,0.44000,0.18000,0.34000,0.58000,0.12000,0.04800,0.09000,0.10000
distractor_contact_shift,0,8,128,26,29,19,5,12,3,0.44000,0.18000,0.34000,0.58000,0.12000,0.04800,0.09000,0.10000
distractor_contact_shift,0,9,128,31,33,18,6,12,3,0.44000,0.18000,0.34000,0.58000,0.12000,0.04800,0.09000,0.10000
distractor_contact_shift,0,10,128,26,23,16,5,12,3,0.44000,0.18000,0.34000,0.58000,0.12000,0.04800,0.09000,0.10000
distractor_contact_shift,0,11,128,22,31,19,4,12,2,0.44000,0.18000,0.34000,0.58000,0.12000,0.04800,0.09000,0.10000
distractor_contact_shift,0,12,128,26,29,21,5,12,3,0.44000,0.18000,0.34000,0.58000,0.12000,0.04800,0.09000,0.10000
distractor_contact_shift,0,13,128,29,33,21,5,12,3,0.44000,0.18000,0.34000,0.58000,0.12000,0.04800,0.09000,0.10000
distractor_contact_shift,0,14,128,27,32,21,5,12,3,0.44000,0.18000,0.34000,0.58000,0.12000,0.04800,0.09000,0.10000
distractor_contact_shift,0,15,128,24,31,23,4,12,2,0.44000,0.18000,0.34000,0.58000,0.12000,0.04800,0.09000,0.10000
distractor_contact_shift,0,16,128,32,22,22,6,12,3,0.44000,0.18000,0.34000,0.58000,0.12000,0.04800,0.09000,0.10000
distractor_contact_shift,0,17,128,25,30,16,4,12,2,0.44000,0.18000,0.34000,0.58000,0.12000,0.04800,0.09000,0.10000
distractor_contact_shift,0,18,128,21,32,16,4,12,2,0.44000,0.18000,0.34000,0.58000,0.12000,0.04800,0.09000,0.10000
distractor_contact_shift,0,19,128,24,23,21,4,12,2,0.44000,0.18000,0.34000,0.58000,0.12000,0.04800,0.09000,0.10000
distractor_contact_shift,0,20,128,30,24,22,5,12,3,0.44000,0.18000,0.34000,0.58000,0.12000,0.04800,0.09000,0.10000
distractor_contact_shift,0,21,128,25,27,23,4,12,2,0.44000,0.18000,0.34000,0.58000,0.12000,0.04800,0.09000,0.10000
distractor_contact_shift,0,22,128,22,32,22,4,12,2,0.44000,0.18000,0.34000,0.58000,0.12000,0.04800,0.09000,0.10000
distractor_contact_shift,0,23,128,23,25,22,4,12,2,0.44000,0.18000,0.34000,0.58000,0.12000,0.04800,0.09000,0.10000
distractor_contact_shift,0,24,128,29,27,15,5,12,3,0.44000,0.18000,0.34000,0.58000,0.12000,0.04800,0.09000,0.10000
distractor_contact_shift,0,25,128,22,25,21,4,12,2,0.44000,0.18000,0.34000,0.58000,0.12000,0.04800,0.09000,0.10000
distractor_contact_shift,0,26,128,30,31,15,5,12,3,0.44000,0.18000,0.34000,0.58000,0.12000,0.04800,0.09000,0.10000
distractor_contact_shift,0,27,128,32,31,22,6,12,3,0.44000,0.18000,0.34000,0.58000,0.12000,0.04800,0.09000,0.10000
distractor_contact_shift,0,28,128,31,26,22,6,12,3,0.44000,0.18000,0.34000,0.58000,0.12000,0.04800,0.09000,0.10000
distractor_contact_shift,0,29,128,20,27,21,4,12,2,0.44000,0.18000,0.34000,0.58000,0.12000,0.04800,0.09000,0.10000
distractor_contact_shift,0,30,128,20,27,21,4,12,2,0.44000,0.18000,0.34000,0.58000,0.12000,0.04800,0.09000,0.10000
distractor_contact_shift,0,31,128,20,28,15,4,12,2,0.44000,0.18000,0.34000,0.58000,0.12000,0.04800,0.09000,0.10000
distractor_contact_shift,0,32,128,28,32,16,5,12,3,0.44000,0.18000,0.34000,0.58000,0.12000,0.04800,0.09000,0.10000
distractor_contact_shift,0,33,128,22,28,18,4,12,2,0.44000,0.18000,0.34000,0.58000,0.12000,0.04800,0.09000,0.10000
distractor_contact_shift,0,34,128,33,24,21,6,12,3,0.44000,0.18000,0.34000,0.58000,0.12000,0.04800,0.09000,0.10000
distractor_contact_shift,0,35,128,30,33,16,5,12,3,0.44000,0.18000,0.34000,0.58000,0.12000,0.04800,0.09000,0.10000
distractor_contact_shift,0,36,128,22,33,18,4,12,2,0.44000,0.18000,0.34000,0.58000,0.12000,0.04800,0.09000,0.10000
distractor_contact_shift,0,37,128,31,27,16,6,12,3,0.44000,0.18000,0.34000,0.58000,0.12000,0.04800,0.09000,0.10000
distractor_contact_shift,0,38,128,33,23,23,6,12,3,0.44000,0.18000,0.34000,0.58000,0.12000,0.04800,0.09000,0.10000
distractor_contact_shift,0,39,128,27,31,17,5,12,3,0.44000,0.18000,0.34000,0.58000,0.12000,0.04800,0.09000,0.10000
distractor_contact_shift,0,40,128,23,25,23,4,12,2,0.44000,0.18000,0.34000,0.58000,0.12000,0.04800,0.09000,0.10000
distractor_contact_shift,0,41,128,22,25,17,4,12,2,0.44000,0.18000,0.34000,0.58000,0.12000,0.04800,0.09000,0.10000
distractor_contact_shift,0,42,128,22,27,21,4,12,2,0.44000,0.18000,0.34000,0.58000,0.12000,0.04800,0.09000,0.10000
distractor_contact_shift,0,43,128,26,24,18,5,12,3,0.44000,0.18000,0.34000,0.58000,0.12000,0.04800,0.09000,0.10000
distractor_contact_shift,0,44,128,26,27,20,5,12,3,0.44000,0.18000,0.34000,0.58000,0.12000,0.04800,0.09000,0.10000
distractor_contact_shift,0,45,128,32,24,16,6,12,3,0.44000,0.18000,0.34000,0.58000,0.12000,0.04800,0.09000,0.10000
distractor_contact_shift,0,46,128,31,31,19,6,12,3,0.44000,0.18000,0.34000,0.58000,0.12000,0.04800,0.09000,0.10000
distractor_contact_shift,0,47,128,31,23,19,6,12,3,0.44000,0.18000,0.34000,0.58000,0.12000,0.04800,0.09000,0.10000
distractor_contact_shift,0,48,128,24,28,15,4,12,2,0.44000,0.18000,0.34000,0.58000,0.12000,0.04800,0.09000,0.10000
distractor_contact_shift,0,49,128,26,33,21,5,12,3,0.44000,0.18000,0.34000,0.58000,0.12000,0.04800,0.09000,0.10000
distractor_contact_shift,0,50,128,33,22,14,6,12,3,0.44000,0.18000,0.34000,0.58000,0.12000,0.04800,0.09000,0.10000
distractor_contact_shift,0,51,128,23,23,16,4,12,2,0.44000,0.18000,0.34000,0.58000,0.12000,0.04800,0.09000,0.10000
distractor_contact_shift,0,52,128,33,32,14,6,12,3,0.44000,0.18000,0.34000,0.58000,0.12000,0.04800,0.09000,0.10000
distractor_contact_shift,0,53,128,27,31,19,5,12,3,0.44000,0.18000,0.34000,0.58000,0.12000,0.04800,0.09000,0.10000
distractor_contact_shift,0,54,128,20,32,23,4,12,2,0.44000,0.18000,0.34000,0.58000,0.12000,0.04800,0.09000,0.10000
distractor_contact_shift,0,55,128,33,24,17,6,12,3,0.44000,0.18000,0.34000,0.58000,0.12000,0.04800,0.09000,0.10000
distractor_contact_shift,0,56,128,31,26,23,6,12,3,0.44000,0.18000,0.34000,0.58000,0.12000,0.04800,0.09000,0.10000
distractor_contact_shift,0,57,128,28,32,17,5,12,3,0.44000,0.18000,0.34000,0.58000,0.12000,0.04800,0.09000,0.10000
distractor_contact_shift,0,58,128,27,28,15,5,12,3,0.44000,0.18000,0.34000,0.58000,0.12000,0.04800,0.09000,0.10000
distractor_contact_shift,0,59,128,22,27,21,4,12,2,0.44000,0.18000,0.34000,0.58000,0.12000,0.04800,0.09000,0.10000
distractor_contact_shift,0,60,128,33,31,16,6,12,3,0.44000,0.18000,0.34000,0.58000,0.12000,0.04800,0.09000,0.10000
distractor_contact_shift,0,61,128,25,32,22,4,12,2,0.44000,0.18000,0.34000,0.58000,0.12000,0.04800,0.09000,0.10000
distractor_contact_shift,0,62,128,23,31,19,4,12,2,0.44000,0.18000,0.34000,0.58000,0.12000,0.04800,0.09000,0.10000
distractor_contact_shift,0,63,128,21,30,18,4,12,2,0.44000,0.18000,0.34000,0.58000,0.12000,0.04800,0.09000,0.10000
distractor_contact_shift,1,0,128,29,32,16,5,12,3,0.44000,0.18000,0.34000,0.58000,0.12000,0.04800,0.09000,0.10000
distractor_contact_shift,1,1,128,30,31,15,5,12,3,0.44000,0.18000,0.34000,0.58000,0.12000,0.04800,0.09000,0.10000
distractor_contact_shift,1,2,128,31,26,17,6,12,3,0.44000,0.18000,0.34000,0.58000,0.12000,0.04800,0.09000,0.10000
distractor_contact_shift,1,3,128,21,27,18,4,12,2,0.44000,0.18000,0.34000,0.58000,0.12000,0.04800,0.09000,0.10000
distractor_contact_shift,1,4,128,32,33,16,6,12,3,0.44000,0.18000,0.34000,0.58000,0.12000,0.04800,0.09000,0.10000
distractor_contact_shift,1,5,128,29,25,15,5,12,3,0.44000,0.18000,0.34000,0.58000,0.12000,0.04800,0.09000,0.10000
distractor_contact_shift,1,6,128,32,23,16,6,12,3,0.44000,0.18000,0.34000,0.58000,0.12000,0.04800,0.09000,0.10000
distractor_contact_shift,1,7,128,31,29,16,6,12,3,0.44000,0.18000,0.34000,0.58000,0.12000,0.04800,0.09000,0.10000
distractor_contact_shift,1,8,128,20,30,17,4,12,2,0.44000,0.18000,0.34000,0.58000,0.12000,0.04800,0.09000,0.10000
distractor_contact_shift,1,9,128,23,26,14,4,12,2,0.44000,0.18000,0.34000,0.58000,0.12000,0.04800,0.09000,0.10000
distractor_contact_shift,1,10,128,20,30,17,4,12,2,0.44000,0.18000,0.34000,0.58000,0.12000,0.04800,0.09000,0.10000
distractor_contact_shift,1,11,128,30,26,18,5,12,3,0.44000,0.18000,0.34000,0.58000,0.12000,0.04800,0.09000,0.10000
distractor_contact_shift,1,12,128,31,25,17,6,12,3,0.44000,0.18000,0.34000,0.58000,0.12000,0.04800,0.09000,0.10000
distractor_contact_shift,1,13,128,28,25,20,5,12,3,0.44000,0.18000,0.34000,0.58000,0.12000,0.04800,0.09000,0.10000
distractor_contact_shift,1,14,128,32,24,22,6,12,3,0.44000,0.18000,0.34000,0.58000,0.12000,0.04800,0.09000,0.10000
distractor_contact_shift,1,15,128,20,33,15,4,12,2,0.44000,0.18000,0.34000,0.58000,0.12000,0.04800,0.09000,0.10000
distractor_contact_shift,1,16,128,31,31,19,6,12,3,0.44000,0.18000,0.34000,0.58000,0.12000,0.04800,0.09000,0.10000
distractor_contact_shift,1,17,128,33,27,22,6,12,3,0.44000,0.18000,0.34000,0.58000,0.12000,0.04800,0.09000,0.10000
distractor_contact_shift,1,18,128,22,23,14,4,12,2,0.44000,0.18000,0.34000,0.58000,0.12000,0.04800,0.09000,0.10000
distractor_contact_shift,1,19,128,31,23,14,6,12,3,0.44000,0.18000,0.34000,0.58000,0.12000,0.04800,0.09000,0.10000
distractor_contact_shift,1,20,128,28,27,16,5,12,3,0.44000,0.18000,0.34000,0.58000,0.12000,0.04800,0.09000,0.10000
distractor_contact_shift,1,21,128,33,26,15,6,12,3,0.44000,0.18000,0.34000,0.58000,0.12000,0.04800,0.09000,0.10000
distractor_contact_shift,1,22,128,21,31,21,4,12,2,0.44000,0.18000,0.34000,0.58000,0.12000,0.04800,0.09000,0.10000
distractor_contact_shift,1,23,128,26,30,20,5,12,3,0.44000,0.18000,0.34000,0.58000,0.12000,0.04800,0.09000,0.10000
distractor_contact_shift,1,24,128,21,27,20,4,12,2,0.44000,0.18000,0.34000,0.58000,0.12000,0.04800,0.09000,0.10000
distractor_contact_shift,1,25,128,25,32,15,4,12,2,0.44000,0.18000,0.34000,0.58000,0.12000,0.04800,0.09000,0.10000
distractor_contact_shift,1,26,128,26,24,22,5,12,3,0.44000,0.18000,0.34000,0.58000,0.12000,0.04800,0.09000,0.10000
distractor_contact_shift,1,27,128,31,26,20,6,12,3,0.44000,0.18000,0.34000,0.58000,0.12000,0.04800,0.09000,0.10000
distractor_contact_shift,1,28,128,32,22,18,6,12,3,0.44000,0.18000,0.34000,0.58000,0.12000,0.04800,0.09000,0.10000
distractor_contact_shift,1,29,128,28,30,16,5,12,3,0.44000,0.18000,0.34000,0.58000,0.12000,0.04800,0.09000,0.10000
distractor_contact_shift,1,30,128,22,30,19,4,12,2,0.44000,0.18000,0.34000,0.58000,0.12000,0.04800,0.09000,0.10000
distractor_contact_shift,1,31,128,28,30,18,5,12,3,0.44000,0.18000,0.34000,0.58000,0.12000,0.04800,0.09000,0.10000
distractor_contact_shift,1,32,128,23,32,18,4,12,2,0.44000,0.18000,0.34000,0.58000,0.12000,0.04800,0.09000,0.10000
distractor_contact_shift,1,33,128,21,32,18,4,12,2,0.44000,0.18000,0.34000,0.58000,0.12000,0.04800,0.09000,0.10000
distractor_contact_shift,1,34,128,32,26,19,6,12,3,0.44000,0.18000,0.34000,0.58000,0.12000,0.04800,0.09000,0.10000
distractor_contact_shift,1,35,128,29,24,14,5,12,3,0.44000,0.18000,0.34000,0.58000,0.12000,0.04800,0.09000,0.10000
distractor_contact_shift,1,36,128,24,32,19,4,12,2,0.44000,0.18000,0.34000,0.58000,0.12000,0.04800,0.09000,0.10000
distractor_contact_shift,1,37,128,27,22,22,5,12,3,0.44000,0.18000,0.34000,0.58000,0.12000,0.04800,0.09000,0.10000
distractor_contact_shift,1,38,128,20,29,18,4,12,2,0.44000,0.18000,0.34000,0.58000,0.12000,0.04800,0.09000,0.10000
distractor_contact_shift,1,39,128,32,31,22,6,12,3,0.44000,0.18000,0.34000,0.58000,0.12000,0.04800,0.09000,0.10000
distractor_contact_shift,1,40,128,29,24,21,5,12,3,0.44000,0.18000,0.34000,0.58000,0.12000,0.04800,0.09000,0.10000
distractor_contact_shift,1,41,128,26,23,18,5,12,3,0.44000,0.18000,0.34000,0.58000,0.12000,0.04800,0.09000,0.10000
distractor_contact_shift,1,42,128,24,28,16,4,12,2,0.44000,0.18000,0.34000,0.58000,0.12000,0.04800,0.09000,0.10000
distractor_contact_shift,1,43,128,25,32,17,4,12,2,0.44000,0.18000,0.34000,0.58000,0.12000,0.04800,0.09000,0.10000
distractor_contact_shift,1,44,128,33,32,14,6,12,3,0.44000,0.18000,0.34000,0.58000,0.12000,0.04800,0.09000,0.10000
distractor_contact_shift,1,45,128,23,30,17,4,12,2,0.44000,0.18000,0.34000,0.58000,0.12000,0.04800,0.09000,0.10000
distractor_contact_shift,1,46,128,26,25,18,5,12,3,0.44000,0.18000,0.34000,0.58000,0.12000,0.04800,0.09000,0.10000
distractor_contact_shift,1,47,128,32,24,15,6,12,3,0.44000,0.18000,0.34000,0.58000,0.12000,0.04800,0.09000,0.10000
distractor_contact_shift,1,48,128,21,29,22,4,12,2,0.44000,0.18000,0.34000,0.58000,0.12000,0.04800,0.09000,0.10000
distractor_contact_shift,1,49,128,27,31,18,5,12,3,0.44000,0.18000,0.34000,0.58000,0.12000,0.04800,0.09000,0.10000
distractor_contact_shift,1,50,128,25,22,14,4,12,2,0.44000,0.18000,0.34000,0.58000,0.12000,0.04800,0.09000,0.10000
distractor_contact_shift,1,51,128,30,32,16,5,12,3,0.44000,0.18000,0.34000,0.58000,0.12000,0.04800,0.09000,0.10000
distractor_contact_shift,1,52,128,21,27,23,4,12,2,0.44000,0.18000,0.34000,0.58000,0.12000,0.04800,0.09000,0.10000
distractor_contact_shift,1,53,128,31,23,22,6,12,3,0.44000,0.18000,0.34000,0.58000,0.12000,0.04800,0.09000,0.10000
distractor_contact_shift,1,54,128,27,32,16,5,12,3,0.44000,0.18000,0.34000,0.58000,0.12000,0.04800,0.09000,0.10000
distractor_contact_shift,1,55,128,30,31,17,5,12,3,0.44000,0.18000,0.34000,0.58000,0.12000,0.04800,0.09000,0.10000
distractor_contact_shift,1,56,128,29,24,21,5,12,3,0.44000,0.18000,0.34000,0.58000,0.12000,0.04800,0.09000,0.10000
distractor_contact_shift,1,57,128,33,31,18,6,12,3,0.44000,0.18000,0.34000,0.58000,0.12000,0.04800,0.09000,0.10000
distractor_contact_shift,1,58,128,25,24,16,4,12,2,0.44000,0.18000,0.34000,0.58000,0.12000,0.04800,0.09000,0.10000
distractor_contact_shift,1,59,128,30,28,18,5,12,3,0.44000,0.18000,0.34000,0.58000,0.12000,0.04800,0.09000,0.10000
distractor_contact_shift,1,60,128,27,28,21,5,12,3,0.44000,0.18000,0.34000,0.58000,0.12000,0.04800,0.09000,0.10000
distractor_contact_shift,1,61,128,26,26,16,5,12,3,0.44000,0.18000,0.34000,0.58000,0.12000,0.04800,0.09000,0.10000
distractor_contact_shift,1,62,128,20,22,16,4,12,2,0.44000,0.18000,0.34000,0.58000,0.12000,0.04800,0.09000,0.10000
distractor_contact_shift,1,63,128,26,26,20,5,12,3,0.44000,0.18000,0.34000,0.58000,0.12000,0.04800,0.09000,0.10000
distractor_contact_shift,2,0,128,20,27,23,4,12,2,0.44000,0.18000,0.34000,0.58000,0.12000,0.04800,0.09000,0.10000
distractor_contact_shift,2,1,128,28,25,20,5,12,3,0.44000,0.18000,0.34000,0.58000,0.12000,0.04800,0.09000,0.10000
distractor_contact_shift,2,2,128,20,30,20,4,12,2,0.44000,0.18000,0.34000,0.58000,0.12000,0.04800,0.09000,0.10000
distractor_contact_shift,2,3,128,24,27,23,4,12,2,0.44000,0.18000,0.34000,0.58000,0.12000,0.04800,0.09000,0.10000
distractor_contact_shift,2,4,128,22,31,16,4,12,2,0.44000,0.18000,0.34000,0.58000,0.12000,0.04800,0.09000,0.10000
distractor_contact_shift,2,5,128,32,23,18,6,12,3,0.44000,0.18000,0.34000,0.58000,0.12000,0.04800,0.09000,0.10000
distractor_contact_shift,2,6,128,23,27,19,4,12,2,0.44000,0.18000,0.34000,0.58000,0.12000,0.04800,0.09000,0.10000
distractor_contact_shift,2,7,128,23,23,22,4,12,2,0.44000,0.18000,0.34000,0.58000,0.12000,0.04800,0.09000,0.10000
distractor_contact_shift,2,8,128,33,33,15,6,12,3,0.44000,0.18000,0.34000,0.58000,0.12000,0.04800,0.09000,0.10000
distractor_contact_shift,2,9,128,20,25,21,4,12,2,0.44000,0.18000,0.34000,0.58000,0.12000,0.04800,0.09000,0.10000
distractor_contact_shift,2,10,128,21,22,16,4,12,2,0.44000,0.18000,0.34000,0.58000,0.12000,0.04800,0.09000,0.10000
distractor_contact_shift,2,11,128,28,24,16,5,12,3,0.44000,0.18000,0.34000,0.58000,0.12000,0.04800,0.09000,0.10000
distractor_contact_shift,2,12,128,24,33,20,4,12,2,0.44000,0.18000,0.34000,0.58000,0.12000,0.04800,0.09000,0.10000
distractor_contact_shift,2,13,128,30,29,16,5,12,3,0.44000,0.18000,0.34000,0.58000,0.12000,0.04800,0.09000,0.10000
distractor_contact_shift,2,14,128,30,27,15,5,12,3,0.44000,0.18000,0.34000,0.58000,0.12000,0.04800,0.09000,0.10000
distractor_contact_shift,2,15,128,23,26,14,4,12,2,0.44000,0.18000,0.34000,0.58000,0.12000,0.04800,0.09000,0.10000
distractor_contact_shift,2,16,128,20,31,22,4,12,2,0.44000,0.18000,0.34000,0.58000,0.12000,0.04800,0.09000,0.10000
distractor_contact_shift,2,17,128,30,27,19,5,12,3,0.44000,0.18000,0.34000,0.58000,0.12000,0.04800,0.09000,0.10000
distractor_contact_shift,2,18,128,21,27,16,4,12,2,0.44000,0.18000,0.34000,0.58000,0.12000,0.04800,0.09000,0.10000
distractor_contact_shift,2,19,128,31,25,20,6,12,3,0.44000,0.18000,0.34000,0.58000,0.12000,0.04800,0.09000,0.10000
distractor_contact_shift,2,20,128,21,26,21,4,12,2,0.44000,0.18000,0.34000,0.58000,0.12000,0.04800,0.09000,0.10000
distractor_contact_shift,2,21,128,31,30,17,6,12,3,0.44000,0.18000,0.34000,0.58000,0.12000,0.04800,0.09000,0.10000
distractor_contact_shift,2,22,128,21,23,20,4,12,2,0.44000,0.18000,0.34000,0.58000,0.12000,0.04800,0.09000,0.10000
distractor_contact_shift,2,23,128,23,22,16,4,12,2,0.44000,0.18000,0.34000,0.58000,0.12000,0.04800,0.09000,0.10000
distractor_contact_shift,2,24,128,28,33,17,5,12,3,0.44000,0.18000,0.34000,0.58000,0.12000,0.04800,0.09000,0.10000
distractor_contact_shift,2,25,128,24,31,23,4,12,2,0.44000,0.18000,0.34000,0.58000,0.12000,0.04800,0.09000,0.10000
distractor_contact_shift,2,26,128,25,24,17,4,12,2,0.44000,0.18000,0.34000,0.58000,0.12000,0.04800,0.09000,0.10000
distractor_contact_shift,2,27,128,21,25,23,4,12,2,0.44000,0.18000,0.34000,0.58000,0.12000,0.04800,0.09000,0.10000
distractor_contact_shift,2,28,128,33,32,20,6,12,3,0.44000,0.18000,0.34000,0.58000,0.12000,0.04800,0.09000,0.10000
distractor_contact_shift,2,29,128,24,30,19,4,12,2,0.44000,0.18000,0.34000,0.58000,0.12000,0.04800,0.09000,0.10000
distractor_contact_shift,2,30,128,33,25,22,6,12,3,0.44000,0.18000,0.34000,0.58000,0.12000,0.04800,0.09000,0.10000
distractor_contact_shift,2,31,128,30,32,22,5,12,3,0.44000,0.18000,0.34000,0.58000,0.12000,0.04800,0.09000,0.10000
distractor_contact_shift,2,32,128,29,24,22,5,12,3,0.44000,0.18000,0.34000,0.58000,0.12000,0.04800,0.09000,0.10000
distractor_contact_shift,2,33,128,30,28,17,5,12,3,0.44000,0.18000,0.34000,0.58000,0.12000,0.04800,0.09000,0.10000
distractor_contact_shift,2,34,128,24,31,20,4,12,2,0.44000,0.18000,0.34000,0.58000,0.12000,0.04800,0.09000,0.10000
distractor_contact_shift,2,35,128,22,30,21,4,12,2,0.44000,0.18000,0.34000,0.58000,0.12000,0.04800,0.09000,0.10000
distractor_contact_shift,2,36,128,23,26,21,4,12,2,0.44000,0.18000,0.34000,0.58000,0.12000,0.04800,0.09000,0.10000
distractor_contact_shift,2,37,128,33,25,20,6,12,3,0.44000,0.18000,0.34000,0.58000,0.12000,0.04800,0.09000,0.10000
distractor_contact_shift,2,38,128,25,25,19,4,12,2,0.44000,0.18000,0.34000,0.58000,0.12000,0.04800,0.09000,0.10000
distractor_contact_shift,2,39,128,29,25,19,5,12,3,0.44000,0.18000,0.34000,0.58000,0.12000,0.04800,0.09000,0.10000
distractor_contact_shift,2,40,128,25,31,21,4,12,2,0.44000,0.18000,0.34000,0.58000,0.12000,0.04800,0.09000,0.10000
distractor_contact_shift,2,41,128,22,25,18,4,12,2,0.44000,0.18000,0.34000,0.58000,0.12000,0.04800,0.09000,0.10000
distractor_contact_shift,2,42,128,20,33,17,4,12,2,0.44000,0.18000,0.34000,0.58000,0.12000,0.04800,0.09000,0.10000
distractor_contact_shift,2,43,128,21,27,23,4,12,2,0.44000,0.18000,0.34000,0.58000,0.12000,0.04800,0.09000,0.10000
distractor_contact_shift,2,44,128,31,27,17,6,12,3,0.44000,0.18000,0.34000,0.58000,0.12000,0.04800,0.09000,0.10000
distractor_contact_shift,2,45,128,21,33,23,4,12,2,0.44000,0.18000,0.34000,0.58000,0.12000,0.04800,0.09000,0.10000
distractor_contact_shift,2,46,128,23,26,20,4,12,2,0.44000,0.18000,0.34000,0.58000,0.12000,0.04800,0.09000,0.10000
distractor_contact_shift,2,47,128,25,30,17,4,12,2,0.44000,0.18000,0.34000,0.58000,0.12000,0.04800,0.09000,0.10000
distractor_contact_shift,2,48,128,32,29,16,6,12,3,0.44000,0.18000,0.34000,0.58000,0.12000,0.04800,0.09000,0.10000
distractor_contact_shift,2,49,128,22,23,23,4,12,2,0.44000,0.18000,0.34000,0.58000,0.12000,0.04800,0.09000,0.10000
distractor_contact_shift,2,50,128,27,29,15,5,12,3,0.44000,0.18000,0.34000,0.58000,0.12000,0.04800,0.09000,0.10000
distractor_contact_shift,2,51,128,25,29,21,4,12,2,0.44000,0.18000,0.34000,0.58000,0.12000,0.04800,0.09000,0.10000
distractor_contact_shift,2,52,128,32,27,22,6,12,3,0.44000,0.18000,0.34000,0.58000,0.12000,0.04800,0.09000,0.10000
distractor_contact_shift,2,53,128,23,22,14,4,12,2,0.44000,0.18000,0.34000,0.58000,0.12000,0.04800,0.09000,0.10000
distractor_contact_shift,2,54,128,26,31,21,5,12,3,0.44000,0.18000,0.34000,0.58000,0.12000,0.04800,0.09000,0.10000
distractor_contact_shift,2,55,128,28,33,20,5,12,3,0.44000,0.18000,0.34000,0.58000,0.12000,0.04800,0.09000,0.10000
distractor_contact_shift,2,56,128,23,28,16,4,12,2,0.44000,0.18000,0.34000,0.58000,0.12000,0.04800,0.09000,0.10000
distractor_contact_shift,2,57,128,31,31,17,6,12,3,0.44000,0.18000,0.34000,0.58000,0.12000,0.04800,0.09000,0.10000
distractor_contact_shift,2,58,128,25,27,16,4,12,2,0.44000,0.18000,0.34000,0.58000,0.12000,0.04800,0.09000,0.10000
distractor_contact_shift,2,59,128,32,32,17,6,12,3,0.44000,0.18000,0.34000,0.58000,0.12000,0.04800,0.09000,0.10000
distractor_contact_shift,2,60,128,29,25,18,5,12,3,0.44000,0.18000,0.34000,0.58000,0.12000,0.04800,0.09000,0.10000
distractor_contact_shift,2,61,128,21,31,16,4,12,2,0.44000,0.18000,0.34000,0.58000,0.12000,0.04800,0.09000,0.10000
distractor_contact_shift,2,62,128,20,27,21,4,12,2,0.44000,0.18000,0.34000,0.58000,0.12000,0.04800,0.09000,0.10000
distractor_contact_shift,2,63,128,23,27,18,4,12,2,0.44000,0.18000,0.34000,0.58000,0.12000,0.04800,0.09000,0.10000
distractor_contact_shift,3,0,128,33,26,15,6,12,3,0.44000,0.18000,0.34000,0.58000,0.12000,0.04800,0.09000,0.10000
distractor_contact_shift,3,1,128,32,24,21,6,12,3,0.44000,0.18000,0.34000,0.58000,0.12000,0.04800,0.09000,0.10000
distractor_contact_shift,3,2,128,32,26,19,6,12,3,0.44000,0.18000,0.34000,0.58000,0.12000,0.04800,0.09000,0.10000
distractor_contact_shift,3,3,128,27,32,16,5,12,3,0.44000,0.18000,0.34000,0.58000,0.12000,0.04800,0.09000,0.10000
distractor_contact_shift,3,4,128,23,25,20,4,12,2,0.44000,0.18000,0.34000,0.58000,0.12000,0.04800,0.09000,0.10000
distractor_contact_shift,3,5,128,24,26,20,4,12,2,0.44000,0.18000,0.34000,0.58000,0.12000,0.04800,0.09000,0.10000
distractor_contact_shift,3,6,128,24,32,22,4,12,2,0.44000,0.18000,0.34000,0.58000,0.12000,0.04800,0.09000,0.10000
distractor_contact_shift,3,7,128,21,29,19,4,12,2,0.44000,0.18000,0.34000,0.58000,0.12000,0.04800,0.09000,0.10000
distractor_contact_shift,3,8,128,25,33,22,4,12,2,0.44000,0.18000,0.34000,0.58000,0.12000,0.04800,0.09000,0.10000
distractor_contact_shift,3,9,128,23,24,20,4,12,2,0.44000,0.18000,0.34000,0.58000,0.12000,0.04800,0.09000,0.10000
distractor_contact_shift,3,10,128,24,30,14,4,12,2,0.44000,0.18000,0.34000,0.58000,0.12000,0.04800,0.09000,0.10000
distractor_contact_shift,3,11,128,23,33,23,4,12,2,0.44000,0.18000,0.34000,0.58000,0.12000,0.04800,0.09000,0.10000
distractor_contact_shift,3,12,128,32,29,21,6,12,3,0.44000,0.18000,0.34000,0.58000,0.12000,0.04800,0.09000,0.10000
distractor_contact_shift,3,13,128,29,28,19,5,12,3,0.44000,0.18000,0.34000,0.58000,0.12000,0.04800,0.09000,0.10000
distractor_contact_shift,3,14,128,20,23,21,4,12,2,0.44000,0.18000,0.34000,0.58000,0.12000,0.04800,0.09000,0.10000
distractor_contact_shift,3,15,128,33,22,22,6,12,3,0.44000,0.18000,0.34000,0.58000,0.12000,0.04800,0.09000,0.10000
distractor_contact_shift,3,16,128,27,26,19,5,12,3,0.44000,0.18000,0.34000,0.58000,0.12000,0.04800,0.09000,0.10000
distractor_contact_shift,3,17,128,22,30,16,4,12,2,0.44000,0.18000,0.34000,0.58000,0.12000,0.04800,0.09000,0.10000
distractor_contact_shift,3,18,128,33,24,23,6,12,3,0.44000,0.18000,0.34000,0.58000,0.12000,0.04800,0.09000,0.10000
distractor_contact_shift,3,19,128,28,27,22,5,12,3,0.44000,0.18000,0.34000,0.58000,0.12000,0.04800,0.09000,0.10000
distractor_contact_shift,3,20,128,33,26,14,6,12,3,0.44000,0.18000,0.34000,0.58000,0.12000,0.04800,0.09000,0.10000
distractor_contact_shift,3,21,128,27,27,15,5,12,3,0.44000,0.18000,0.34000,0.58000,0.12000,0.04800,0.09000,0.10000
distractor_contact_shift,3,22,128,21,32,23,4,12,2,0.44000,0.18000,0.34000,0.58000,0.12000,0.04800,0.09000,0.10000
distractor_contact_shift,3,23,128,33,32,19,6,12,3,0.44000,0.18000,0.34000,0.58000,0.12000,0.04800,0.09000,0.10000
distractor_contact_shift,3,24,128,32,23,21,6,12,3,0.44000,0.18000,0.34000,0.58000,0.12000,0.04800,0.09000,0.10000
distractor_contact_shift,3,25,128,25,28,16,4,12,2,0.44000,0.18000,0.34000,0.58000,0.12000,0.04800,0.09000,0.10000
distractor_contact_shift,3,26,128,32,27,14,6,12,3,0.44000,0.18000,0.34000,0.58000,0.12000,0.04800,0.09000,0.10000
distractor_contact_shift,3,27,128,29,24,17,5,12,3,0.44000,0.18000,0.34000,0.58000,0.12000,0.04800,0.09000,0.10000
distractor_contact_shift,3,28,128,32,24,19,6,12,3,0.44000,0.18000,0.34000,0.58000,0.12000,0.04800,0.09000,0.10000
distractor_contact_shift,3,29,128,33,33,17,6,12,3,0.44000,0.18000,0.34000,0.58000,0.12000,0.04800,0.09000,0.10000
distractor_contact_shift,3,30,128,27,24,18,5,12,3,0.44000,0.18000,0.34000,0.58000,0.12000,0.04800,0.09000,0.10000
distractor_contact_shift,3,31,128,33,27,22,6,12,3,0.44000,0.18000,0.34000,0.58000,0.12000,0.04800,0.09000,0.10000
distractor_contact_shift,3,32,128,24,30,18,4,12,2,0.44000,0.18000,0.34000,0.58000,0.12000,0.04800,0.09000,0.10000
distractor_contact_shift,3,33,128,29,31,19,5,12,3,0.44000,0.18000,0.34000,0.58000,0.12000,0.04800,0.09000,0.10000
distractor_contact_shift,3,34,128,28,27,17,5,12,3,0.44000,0.18000,0.34000,0.58000,0.12000,0.04800,0.09000,0.10000
distractor_contact_shift,3,35,128,21,28,18,4,12,2,0.44000,0.18000,0.34000,0.58000,0.12000,0.04800,0.09000,0.10000
distractor_contact_shift,3,36,128,22,24,17,4,12,2,0.44000,0.18000,0.34000,0.58000,0.12000,0.04800,0.09000,0.10000
distractor_contact_shift,3,37,128,20,23,15,4,12,2,0.44000,0.18000,0.34000,0.58000,0.12000,0.04800,0.09000,0.10000
distractor_contact_shift,3,38,128,28,27,20,5,12,3,0.44000,0.18000,0.34000,0.58000,0.12000,0.04800,0.09000,0.10000
distractor_contact_shift,3,39,128,24,25,20,4,12,2,0.44000,0.18000,0.34000,0.58000,0.12000,0.04800,0.09000,0.10000
distractor_contact_shift,3,40,128,30,30,20,5,12,3,0.44000,0.18000,0.34000,0.58000,0.12000,0.04800,0.09000,0.10000
distractor_contact_shift,3,41,128,21,25,22,4,12,2,0.44000,0.18000,0.34000,0.58000,0.12000,0.04800,0.09000,0.10000
distractor_contact_shift,3,42,128,23,30,18,4,12,2,0.44000,0.18000,0.34000,0.58000,0.12000,0.04800,0.09000,0.10000
distractor_contact_shift,3,43,128,24,24,22,4,12,2,0.44000,0.18000,0.34000,0.58000,0.12000,0.04800,0.09000,0.10000
distractor_contact_shift,3,44,128,33,26,16,6,12,3,0.44000,0.18000,0.34000,0.58000,0.12000,0.04800,0.09000,0.10000
distractor_contact_shift,3,45,128,25,31,18,4,12,2,0.44000,0.18000,0.34000,0.58000,0.12000,0.04800,0.09000,0.10000
distractor_contact_shift,3,46,128,20,32,19,4,12,2,0.44000,0.18000,0.34000,0.58000,0.12000,0.04800,0.09000,0.10000
distractor_contact_shift,3,47,128,22,29,14,4,12,2,0.44000,0.18000,0.34000,0.58000,0.12000,0.04800,0.09000,0.10000
distractor_contact_shift,3,48,128,20,33,19,4,12,2,0.44000,0.18000,0.34000,0.58000,0.12000,0.04800,0.09000,0.10000
distractor_contact_shift,3,49,128,33,31,21,6,12,3,0.44000,0.18000,0.34000,0.58000,0.12000,0.04800,0.09000,0.10000
distractor_contact_shift,3,50,128,32,33,14,6,12,3,0.44000,0.18000,0.34000,0.58000,0.12000,0.04800,0.09000,0.10000
distractor_contact_shift,3,51,128,22,26,21,4,12,2,0.44000,0.18000,0.34000,0.58000,0.12000,0.04800,0.09000,0.10000
distractor_contact_shift,3,52,128,31,32,19,6,12,3,0.44000,0.18000,0.34000,0.58000,0.12000,0.04800,0.09000,0.10000
distractor_contact_shift,3,53,128,22,32,20,4,12,2,0.44000,0.18000,0.34000,0.58000,0.12000,0.04800,0.09000,0.10000
distractor_contact_shift,3,54,128,26,29,14,5,12,3,0.44000,0.18000,0.34000,0.58000,0.12000,0.04800,0.09000,0.10000
distractor_contact_shift,3,55,128,30,24,15,5,12,3,0.44000,0.18000,0.34000,0.58000,0.12000,0.04800,0.09000,0.10000
distractor_contact_shift,3,56,128,22,27,14,4,12,2,0.44000,0.18000,0.34000,0.58000,0.12000,0.04800,0.09000,0.10000
distractor_contact_shift,3,57,128,28,25,22,5,12,3,0.44000,0.18000,0.34000,0.58000,0.12000,0.04800,0.09000,0.10000
distractor_contact_shift,3,58,128,32,23,23,6,12,3,0.44000,0.18000,0.34000,0.58000,0.12000,0.04800,0.09000,0.10000
distractor_contact_shift,3,59,128,21,32,19,4,12,2,0.44000,0.18000,0.34000,0.58000,0.12000,0.04800,0.09000,0.10000
distractor_contact_shift,3,60,128,27,23,17,5,12,3,0.44000,0.18000,0.34000,0.58000,0.12000,0.04800,0.09000,0.10000
distractor_contact_shift,3,61,128,32,28,16,6,12,3,0.44000,0.18000,0.34000,0.58000,0.12000,0.04800,0.09000,0.10000
distractor_contact_shift,3,62,128,20,23,21,4,12,2,0.44000,0.18000,0.34000,0.58000,0.12000,0.04800,0.09000,0.10000
distractor_contact_shift,3,63,128,33,32,19,6,12,3,0.44000,0.18000,0.34000,0.58000,0.12000,0.04800,0.09000,0.10000
distractor_contact_shift,4,0,128,31,25,22,6,12,3,0.44000,0.18000,0.34000,0.58000,0.12000,0.04800,0.09000,0.10000
distractor_contact_shift,4,1,128,23,26,22,4,12,2,0.44000,0.18000,0.34000,0.58000,0.12000,0.04800,0.09000,0.10000
distractor_contact_shift,4,2,128,26,30,20,5,12,3,0.44000,0.18000,0.34000,0.58000,0.12000,0.04800,0.09000,0.10000
distractor_contact_shift,4,3,128,22,31,17,4,12,2,0.44000,0.18000,0.34000,0.58000,0.12000,0.04800,0.09000,0.10000
distractor_contact_shift,4,4,128,30,29,21,5,12,3,0.44000,0.18000,0.34000,0.58000,0.12000,0.04800,0.09000,0.10000
distractor_contact_shift,4,5,128,29,30,20,5,12,3,0.44000,0.18000,0.34000,0.58000,0.12000,0.04800,0.09000,0.10000
distractor_contact_shift,4,6,128,24,28,14,4,12,2,0.44000,0.18000,0.34000,0.58000,0.12000,0.04800,0.09000,0.10000
distractor_contact_shift,4,7,128,28,27,21,5,12,3,0.44000,0.18000,0.34000,0.58000,0.12000,0.04800,0.09000,0.10000
distractor_contact_shift,4,8,128,26,25,21,5,12,3,0.44000,0.18000,0.34000,0.58000,0.12000,0.04800,0.09000,0.10000
distractor_contact_shift,4,9,128,32,33,19,6,12,3,0.44000,0.18000,0.34000,0.58000,0.12000,0.04800,0.09000,0.10000
distractor_contact_shift,4,10,128,30,33,15,5,12,3,0.44000,0.18000,0.34000,0.58000,0.12000,0.04800,0.09000,0.10000
distractor_contact_shift,4,11,128,30,29,18,5,12,3,0.44000,0.18000,0.34000,0.58000,0.12000,0.04800,0.09000,0.10000
distractor_contact_shift,4,12,128,24,27,22,4,12,2,0.44000,0.18000,0.34000,0.58000,0.12000,0.04800,0.09000,0.10000
distractor_contact_shift,4,13,128,20,25,20,4,12,2,0.44000,0.18000,0.34000,0.58000,0.12000,0.04800,0.09000,0.10000
distractor_contact_shift,4,14,128,25,30,16,4,12,2,0.44000,0.18000,0.34000,0.58000,0.12000,0.04800,0.09000,0.10000
distractor_contact_shift,4,15,128,20,26,17,4,12,2,0.44000,0.18000,0.34000,0.58000,0.12000,0.04800,0.09000,0.10000
distractor_contact_shift,4,16,128,32,28,17,6,12,3,0.44000,0.18000,0.34000,0.58000,0.12000,0.04800,0.09000,0.10000
distractor_contact_shift,4,17,128,26,27,22,5,12,3,0.44000,0.18000,0.34000,0.58000,0.12000,0.04800,0.09000,0.10000
distractor_contact_shift,4,18,128,21,33,19,4,12,2,0.44000,0.18000,0.34000,0.58000,0.12000,0.04800,0.09000,0.10000
distractor_contact_shift,4,19,128,25,28,22,4,12,2,0.44000,0.18000,0.34000,0.58000,0.12000,0.04800,0.09000,0.10000
distractor_contact_shift,4,20,128,28,22,15,5,12,3,0.44000,0.18000,0.34000,0.58000,0.12000,0.04800,0.09000,0.10000
distractor_contact_shift,4,21,128,30,22,15,5,12,3,0.44000,0.18000,0.34000,0.58000,0.12000,0.04800,0.09000,0.10000
distractor_contact_shift,4,22,128,26,23,16,5,12,3,0.44000,0.18000,0.34000,0.58000,0.12000,0.04800,0.09000,0.10000
distractor_contact_shift,4,23,128,29,29,20,5,12,3,0.44000,0.18000,0.34000,0.58000,0.12000,0.04800,0.09000,0.10000
distractor_contact_shift,4,24,128,31,29,15,6,12,3,0.44000,0.18000,0.34000,0.58000,0.12000,0.04800,0.09000,0.10000
distractor_contact_shift,4,25,128,26,25,14,5,12,3,0.44000,0.18000,0.34000,0.58000,0.12000,0.04800,0.09000,0.10000
distractor_contact_shift,4,26,128,33,22,18,6,12,3,0.44000,0.18000,0.34000,0.58000,0.12000,0.04800,0.09000,0.10000
distractor_contact_shift,4,27,128,31,31,19,6,12,3,0.44000,0.18000,0.34000,0.58000,0.12000,0.04800,0.09000,0.10000
distractor_contact_shift,4,28,128,29,29,23,5,12,3,0.44000,0.18000,0.34000,0.58000,0.12000,0.04800,0.09000,0.10000
distractor_contact_shift,4,29,128,31,31,19,6,12,3,0.44000,0.18000,0.34000,0.58000,0.12000,0.04800,0.09000,0.10000
distractor_contact_shift,4,30,128,22,30,14,4,12,2,0.44000,0.18000,0.34000,0.58000,0.12000,0.04800,0.09000,0.10000
distractor_contact_shift,4,31,128,29,31,14,5,12,3,0.44000,0.18000,0.34000,0.58000,0.12000,0.04800,0.09000,0.10000
distractor_contact_shift,4,32,128,29,22,16,5,12,3,0.44000,0.18000,0.34000,0.58000,0.12000,0.04800,0.09000,0.10000
distractor_contact_shift,4,33,128,24,28,16,4,12,2,0.44000,0.18000,0.34000,0.58000,0.12000,0.04800,0.09000,0.10000
distractor_contact_shift,4,34,128,26,29,20,5,12,3,0.44000,0.18000,0.34000,0.58000,0.12000,0.04800,0.09000,0.10000
distractor_contact_shift,4,35,128,29,29,17,5,12,3,0.44000,0.18000,0.34000,0.58000,0.12000,0.04800,0.09000,0.10000
distractor_contact_shift,4,36,128,33,25,20,6,12,3,0.44000,0.18000,0.34000,0.58000,0.12000,0.04800,0.09000,0.10000
distractor_contact_shift,4,37,128,26,29,19,5,12,3,0.44000,0.18000,0.34000,0.58000,0.12000,0.04800,0.09000,0.10000
distractor_contact_shift,4,38,128,30,24,21,5,12,3,0.44000,0.18000,0.34000,0.58000,0.12000,0.04800,0.09000,0.10000
distractor_contact_shift,4,39,128,25,24,15,4,12,2,0.44000,0.18000,0.34000,0.58000,0.12000,0.04800,0.09000,0.10000
distractor_contact_shift,4,40,128,20,30,19,4,12,2,0.44000,0.18000,0.34000,0.58000,0.12000,0.04800,0.09000,0.10000
distractor_contact_shift,4,41,128,25,30,20,4,12,2,0.44000,0.18000,0.34000,0.58000,0.12000,0.04800,0.09000,0.10000
distractor_contact_shift,4,42,128,21,31,19,4,12,2,0.44000,0.18000,0.34000,0.58000,0.12000,0.04800,0.09000,0.10000
distractor_contact_shift,4,43,128,28,24,20,5,12,3,0.44000,0.18000,0.34000,0.58000,0.12000,0.04800,0.09000,0.10000
distractor_contact_shift,4,44,128,29,29,19,5,12,3,0.44000,0.18000,0.34000,0.58000,0.12000,0.04800,0.09000,0.10000
distractor_contact_shift,4,45,128,26,25,16,5,12,3,0.44000,0.18000,0.34000,0.58000,0.12000,0.04800,0.09000,0.10000
distractor_contact_shift,4,46,128,27,32,17,5,12,3,0.44000,0.18000,0.34000,0.58000,0.12000,0.04800,0.09000,0.10000
distractor_contact_shift,4,47,128,29,24,19,5,12,3,0.44000,0.18000,0.34000,0.58000,0.12000,0.04800,0.09000,0.10000
distractor_contact_shift,4,48,128,32,26,14,6,12,3,0.44000,0.18000,0.34000,0.58000,0.12000,0.04800,0.09000,0.10000
distractor_contact_shift,4,49,128,26,33,22,5,12,3,0.44000,0.18000,0.34000,0.58000,0.12000,0.04800,0.09000,0.10000
distractor_contact_shift,4,50,128,22,23,18,4,12,2,0.44000,0.18000,0.34000,0.58000,0.12000,0.04800,0.09000,0.10000
distractor_contact_shift,4,51,128,28,23,17,5,12,3,0.44000,0.18000,0.34000,0.58000,0.12000,0.04800,0.09000,0.10000
distractor_contact_shift,4,52,128,21,27,19,4,12,2,0.44000,0.18000,0.34000,0.58000,0.12000,0.04800,0.09000,0.10000
distractor_contact_shift,4,53,128,24,30,19,4,12,2,0.44000,0.18000,0.34000,0.58000,0.12000,0.04800,0.09000,0.10000
distractor_contact_shift,4,54,128,26,27,16,5,12,3,0.44000,0.18000,0.34000,0.58000,0.12000,0.04800,0.09000,0.10000
distractor_contact_shift,4,55,128,33,30,18,6,12,3,0.44000,0.18000,0.34000,0.58000,0.12000,0.04800,0.09000,0.10000
distractor_contact_shift,4,56,128,23,32,17,4,12,2,0.44000,0.18000,0.34000,0.58000,0.12000,0.04800,0.09000,0.10000
distractor_contact_shift,4,57,128,31,26,19,6,12,3,0.44000,0.18000,0.34000,0.58000,0.12000,0.04800,0.09000,0.10000
distractor_contact_shift,4,58,128,22,29,22,4,12,2,0.44000,0.18000,0.34000,0.58000,0.12000,0.04800,0.09000,0.10000
distractor_contact_shift,4,59,128,21,24,17,4,12,2,0.44000,0.18000,0.34000,0.58000,0.12000,0.04800,0.09000,0.10000
distractor_contact_shift,4,60,128,22,27,19,4,12,2,0.44000,0.18000,0.34000,0.58000,0.12000,0.04800,0.09000,0.10000
distractor_contact_shift,4,61,128,33,23,17,6,12,3,0.44000,0.18000,0.34000,0.58000,0.12000,0.04800,0.09000,0.10000
distractor_contact_shift,4,62,128,21,23,20,4,12,2,0.44000,0.18000,0.34000,0.58000,0.12000,0.04800,0.09000,0.10000
distractor_contact_shift,4,63,128,31,28,22,6,12,3,0.44000,0.18000,0.34000,0.58000,0.12000,0.04800,0.09000,0.10000
distractor_contact_shift,5,0,128,22,23,14,4,12,2,0.44000,0.18000,0.34000,0.58000,0.12000,0.04800,0.09000,0.10000
distractor_contact_shift,5,1,128,33,25,21,6,12,3,0.44000,0.18000,0.34000,0.58000,0.12000,0.04800,0.09000,0.10000
distractor_contact_shift,5,2,128,25,22,19,4,12,2,0.44000,0.18000,0.34000,0.58000,0.12000,0.04800,0.09000,0.10000
distractor_contact_shift,5,3,128,29,24,19,5,12,3,0.44000,0.18000,0.34000,0.58000,0.12000,0.04800,0.09000,0.10000
distractor_contact_shift,5,4,128,28,32,16,5,12,3,0.44000,0.18000,0.34000,0.58000,0.12000,0.04800,0.09000,0.10000
distractor_contact_shift,5,5,128,21,32,22,4,12,2,0.44000,0.18000,0.34000,0.58000,0.12000,0.04800,0.09000,0.10000
distractor_contact_shift,5,6,128,32,22,19,6,12,3,0.44000,0.18000,0.34000,0.58000,0.12000,0.04800,0.09000,0.10000
distractor_contact_shift,5,7,128,22,24,19,4,12,2,0.44000,0.18000,0.34000,0.58000,0.12000,0.04800,0.09000,0.10000
distractor_contact_shift,5,8,128,22,24,18,4,12,2,0.44000,0.18000,0.34000,0.58000,0.12000,0.04800,0.09000,0.10000
distractor_contact_shift,5,9,128,21,28,23,4,12,2,0.44000,0.18000,0.34000,0.58000,0.12000,0.04800,0.09000,0.10000
distractor_contact_shift,5,10,128,22,33,15,4,12,2,0.44000,0.18000,0.34000,0.58000,0.12000,0.04800,0.09000,0.10000
distractor_contact_shift,5,11,128,20,29,21,4,12,2,0.44000,0.18000,0.34000,0.58000,0.12000,0.04800,0.09000,0.10000
distractor_contact_shift,5,12,128,28,26,21,5,12,3,0.44000,0.18000,0.34000,0.58000,0.12000,0.04800,0.09000,0.10000
distractor_contact_shift,5,13,128,23,31,16,4,12,2,0.44000,0.18000,0.34000,0.58000,0.12000,0.04800,0.09000,0.10000
distractor_contact_shift,5,14,128,27,27,23,5,12,3,0.44000,0.18000,0.34000,0.58000,0.12000,0.04800,0.09000,0.10000
distractor_contact_shift,5,15,128,30,28,19,5,12,3,0.44000,0.18000,0.34000,0.58000,0.12000,0.04800,0.09000,0.10000
distractor_contact_shift,5,16,128,26,23,17,5,12,3,0.44000,0.18000,0.34000,0.58000,0.12000,0.04800,0.09000,0.10000
distractor_contact_shift,5,17,128,30,25,23,5,12,3,0.44000,0.18000,0.34000,0.58000,0.12000,0.04800,0.09000,0.10000
distractor_contact_shift,5,18,128,22,30,19,4,12,2,0.44000,0.18000,0.34000,0.58000,0.12000,0.04800,0.09000,0.10000
distractor_contact_shift,5,19,128,26,25,19,5,12,3,0.44000,0.18000,0.34000,0.58000,0.12000,0.04800,0.09000,0.10000
distractor_contact_shift,5,20,128,33,28,14,6,12,3,0.44000,0.18000,0.34000,0.58000,0.12000,0.04800,0.09000,0.10000
distractor_contact_shift,5,21,128,27,25,19,5,12,3,0.44000,0.18000,0.34000,0.58000,0.12000,0.04800,0.09000,0.10000
distractor_contact_shift,5,22,128,23,23,14,4,12,2,0.44000,0.18000,0.34000,0.58000,0.12000,0.04800,0.09000,0.10000
distractor_contact_shift,5,23,128,26,28,23,5,12,3,0.44000,0.18000,0.34000,0.58000,0.12000,0.04800,0.09000,0.10000
distractor_contact_shift,5,24,128,29,22,20,5,12,3,0.44000,0.18000,0.34000,0.58000,0.12000,0.04800,0.09000,0.10000
distractor_contact_shift,5,25,128,32,28,21,6,12,3,0.44000,0.18000,0.34000,0.58000,0.12000,0.04800,0.09000,0.10000
distractor_contact_shift,5,26,128,29,32,19,5,12,3,0.44000,0.18000,0.34000,0.58000,0.12000,0.04800,0.09000,0.10000
distractor_contact_shift,5,27,128,22,23,17,4,12,2,0.44000,0.18000,0.34000,0.58000,0.12000,0.04800,0.09000,0.10000
distractor_contact_shift,5,28,128,31,26,22,6,12,3,0.44000,0.18000,0.34000,0.58000,0.12000,0.04800,0.09000,0.10000
distractor_contact_shift,5,29,128,25,27,15,4,12,2,0.44000,0.18000,0.34000,0.58000,0.12000,0.04800,0.09000,0.10000
distractor_contact_shift,5,30,128,21,30,15,4,12,2,0.44000,0.18000,0.34000,0.58000,0.12000,0.04800,0.09000,0.10000
distractor_contact_shift,5,31,128,21,28,22,4,12,2,0.44000,0.18000,0.34000,0.58000,0.12000,0.04800,0.09000,0.10000
distractor_contact_shift,5,32,128,26,33,20,5,12,3,0.44000,0.18000,0.34000,0.58000,0.12000,0.04800,0.09000,0.10000
distractor_contact_shift,5,33,128,32,30,20,6,12,3,0.44000,0.18000,0.34000,0.58000,0.12000,0.04800,0.09000,0.10000
distractor_contact_shift,5,34,128,32,27,19,6,12,3,0.44000,0.18000,0.34000,0.58000,0.12000,0.04800,0.09000,0.10000
distractor_contact_shift,5,35,128,26,27,20,5,12,3,0.44000,0.18000,0.34000,0.58000,0.12000,0.04800,0.09000,0.10000
distractor_contact_shift,5,36,128,21,30,22,4,12,2,0.44000,0.18000,0.34000,0.58000,0.12000,0.04800,0.09000,0.10000
distractor_contact_shift,5,37,128,32,24,22,6,12,3,0.44000,0.18000,0.34000,0.58000,0.12000,0.04800,0.09000,0.10000
distractor_contact_shift,5,38,128,33,30,22,6,12,3,0.44000,0.18000,0.34000,0.58000,0.12000,0.04800,0.09000,0.10000
distractor_contact_shift,5,39,128,25,23,15,4,12,2,0.44000,0.18000,0.34000,0.58000,0.12000,0.04800,0.09000,0.10000
distractor_contact_shift,5,40,128,32,23,17,6,12,3,0.44000,0.18000,0.34000,0.58000,0.12000,0.04800,0.09000,0.10000
distractor_contact_shift,5,41,128,21,23,17,4,12,2,0.44000,0.18000,0.34000,0.58000,0.12000,0.04800,0.09000,0.10000
distractor_contact_shift,5,42,128,29,27,18,5,12,3,0.44000,0.18000,0.34000,0.58000,0.12000,0.04800,0.09000,0.10000
distractor_contact_shift,5,43,128,26,28,15,5,12,3,0.44000,0.18000,0.34000,0.58000,0.12000,0.04800,0.09000,0.10000
distractor_contact_shift,5,44,128,33,31,17,6,12,3,0.44000,0.18000,0.34000,0.58000,0.12000,0.04800,0.09000,0.10000
distractor_contact_shift,5,45,128,30,31,23,5,12,3,0.44000,0.18000,0.34000,0.58000,0.12000,0.04800,0.09000,0.10000
distractor_contact_shift,5,46,128,29,32,16,5,12,3,0.44000,0.18000,0.34000,0.58000,0.12000,0.04800,0.09000,0.10000
distractor_contact_shift,5,47,128,22,29,20,4,12,2,0.44000,0.18000,0.34000,0.58000,0.12000,0.04800,0.09000,0.10000
distractor_contact_shift,5,48,128,31,31,18,6,12,3,0.44000,0.18000,0.34000,0.58000,0.12000,0.04800,0.09000,0.10000
distractor_contact_shift,5,49,128,33,28,15,6,12,3,0.44000,0.18000,0.34000,0.58000,0.12000,0.04800,0.09000,0.10000
distractor_contact_shift,5,50,128,21,31,19,4,12,2,0.44000,0.18000,0.34000,0.58000,0.12000,0.04800,0.09000,0.10000
distractor_contact_shift,5,51,128,30,22,17,5,12,3,0.44000,0.18000,0.34000,0.58000,0.12000,0.04800,0.09000,0.10000
distractor_contact_shift,5,52,128,25,25,16,4,12,2,0.44000,0.18000,0.34000,0.58000,0.12000,0.04800,0.09000,0.10000
distractor_contact_shift,5,53,128,23,28,21,4,12,2,0.44000,0.18000,0.34000,0.58000,0.12000,0.04800,0.09000,0.10000
distractor_contact_shift,5,54,128,30,31,20,5,12,3,0.44000,0.18000,0.34000,0.58000,0.12000,0.04800,0.09000,0.10000
distractor_contact_shift,5,55,128,26,29,15,5,12,3,0.44000,0.18000,0.34000,0.58000,0.12000,0.04800,0.09000,0.10000
distractor_contact_shift,5,56,128,27,32,14,5,12,3,0.44000,0.18000,0.34000,0.58000,0.12000,0.04800,0.09000,0.10000
distractor_contact_shift,5,57,128,33,27,23,6,12,3,0.44000,0.18000,0.34000,0.58000,0.12000,0.04800,0.09000,0.10000
distractor_contact_shift,5,58,128,31,31,15,6,12,3,0.44000,0.18000,0.34000,0.58000,0.12000,0.04800,0.09000,0.10000
distractor_contact_shift,5,59,128,25,30,18,4,12,2,0.44000,0.18000,0.34000,0.58000,0.12000,0.04800,0.09000,0.10000
distractor_contact_shift,5,60,128,22,29,21,4,12,2,0.44000,0.18000,0.34000,0.58000,0.12000,0.04800,0.09000,0.10000
distractor_contact_shift,5,61,128,29,26,17,5,12,3,0.44000,0.18000,0.34000,0.58000,0.12000,0.04800,0.09000,0.10000
distractor_contact_shift,5,62,128,30,23,18,5,12,3,0.44000,0.18000,0.34000,0.58000,0.12000,0.04800,0.09000,0.10000
distractor_contact_shift,5,63,128,24,30,22,4,12,2,0.44000,0.18000,0.34000,0.58000,0.12000,0.04800,0.09000,0.10000
distractor_contact_shift,6,0,128,32,29,14,6,12,3,0.44000,0.18000,0.34000,0.58000,0.12000,0.04800,0.09000,0.10000
distractor_contact_shift,6,1,128,22,22,16,4,12,2,0.44000,0.18000,0.34000,0.58000,0.12000,0.04800,0.09000,0.10000
distractor_contact_shift,6,2,128,23,23,18,4,12,2,0.44000,0.18000,0.34000,0.58000,0.12000,0.04800,0.09000,0.10000
distractor_contact_shift,6,3,128,20,27,20,4,12,2,0.44000,0.18000,0.34000,0.58000,0.12000,0.04800,0.09000,0.10000
distractor_contact_shift,6,4,128,31,30,19,6,12,3,0.44000,0.18000,0.34000,0.58000,0.12000,0.04800,0.09000,0.10000
distractor_contact_shift,6,5,128,25,29,22,4,12,2,0.44000,0.18000,0.34000,0.58000,0.12000,0.04800,0.09000,0.10000
distractor_contact_shift,6,6,128,22,33,20,4,12,2,0.44000,0.18000,0.34000,0.58000,0.12000,0.04800,0.09000,0.10000
distractor_contact_shift,6,7,128,29,23,17,5,12,3,0.44000,0.18000,0.34000,0.58000,0.12000,0.04800,0.09000,0.10000
distractor_contact_shift,6,8,128,21,25,19,4,12,2,0.44000,0.18000,0.34000,0.58000,0.12000,0.04800,0.09000,0.10000
distractor_contact_shift,6,9,128,27,32,16,5,12,3,0.44000,0.18000,0.34000,0.58000,0.12000,0.04800,0.09000,0.10000
distractor_contact_shift,6,10,128,33,31,15,6,12,3,0.44000,0.18000,0.34000,0.58000,0.12000,0.04800,0.09000,0.10000
distractor_contact_shift,6,11,128,23,28,20,4,12,2,0.44000,0.18000,0.34000,0.58000,0.12000,0.04800,0.09000,0.10000
distractor_contact_shift,6,12,128,29,30,23,5,12,3,0.44000,0.18000,0.34000,0.58000,0.12000,0.04800,0.09000,0.10000
distractor_contact_shift,6,13,128,22,24,19,4,12,2,0.44000,0.18000,0.34000,0.58000,0.12000,0.04800,0.09000,0.10000
distractor_contact_shift,6,14,128,24,31,18,4,12,2,0.44000,0.18000,0.34000,0.58000,0.12000,0.04800,0.09000,0.10000
distractor_contact_shift,6,15,128,23,23,23,4,12,2,0.44000,0.18000,0.34000,0.58000,0.12000,0.04800,0.09000,0.10000
distractor_contact_shift,6,16,128,30,28,14,5,12,3,0.44000,0.18000,0.34000,0.58000,0.12000,0.04800,0.09000,0.10000
distractor_contact_shift,6,17,128,29,28,15,5,12,3,0.44000,0.18000,0.34000,0.58000,0.12000,0.04800,0.09000,0.10000
distractor_contact_shift,6,18,128,25,22,18,4,12,2,0.44000,0.18000,0.34000,0.58000,0.12000,0.04800,0.09000,0.10000
distractor_contact_shift,6,19,128,24,29,14,4,12,2,0.44000,0.18000,0.34000,0.58000,0.12000,0.04800,0.09000,0.10000
distractor_contact_shift,6,20,128,27,24,21,5,12,3,0.44000,0.18000,0.34000,0.58000,0.12000,0.04800,0.09000,0.10000
distractor_contact_shift,6,21,128,22,31,17,4,12,2,0.44000,0.18000,0.34000,0.58000,0.12000,0.04800,0.09000,0.10000
distractor_contact_shift,6,22,128,23,24,16,4,12,2,0.44000,0.18000,0.34000,0.58000,0.12000,0.04800,0.09000,0.10000
distractor_contact_shift,6,23,128,21,32,20,4,12,2,0.44000,0.18000,0.34000,0.58000,0.12000,0.04800,0.09000,0.10000
distractor_contact_shift,6,24,128,31,28,21,6,12,3,0.44000,0.18000,0.34000,0.58000,0.12000,0.04800,0.09000,0.10000
distractor_contact_shift,6,25,128,20,22,20,4,12,2,0.44000,0.18000,0.34000,0.58000,0.12000,0.04800,0.09000,0.10000
distractor_contact_shift,6,26,128,30,33,20,5,12,3,0.44000,0.18000,0.34000,0.58000,0.12000,0.04800,0.09000,0.10000
distractor_contact_shift,6,27,128,29,25,19,5,12,3,0.44000,0.18000,0.34000,0.58000,0.12000,0.04800,0.09000,0.10000
distractor_contact_shift,6,28,128,32,33,17,6,12,3,0.44000,0.18000,0.34000,0.58000,0.12000,0.04800,0.09000,0.10000
distractor_contact_shift,6,29,128,31,31,23,6,12,3,0.44000,0.18000,0.34000,0.58000,0.12000,0.04800,0.09000,0.10000
distractor_contact_shift,6,30,128,23,24,17,4,12,2,0.44000,0.18000,0.34000,0.58000,0.12000,0.04800,0.09000,0.10000
distractor_contact_shift,6,31,128,30,24,18,5,12,3,0.44000,0.18000,0.34000,0.58000,0.12000,0.04800,0.09000,0.10000
distractor_contact_shift,6,32,128,32,28,17,6,12,3,0.44000,0.18000,0.34000,0.58000,0.12000,0.04800,0.09000,0.10000
distractor_contact_shift,6,33,128,25,23,22,4,12,2,0.44000,0.18000,0.34000,0.58000,0.12000,0.04800,0.09000,0.10000
distractor_contact_shift,6,34,128,29,32,18,5,12,3,0.44000,0.18000,0.34000,0.58000,0.12000,0.04800,0.09000,0.10000
distractor_contact_shift,6,35,128,25,27,20,4,12,2,0.44000,0.18000,0.34000,0.58000,0.12000,0.04800,0.09000,0.10000
distractor_contact_shift,6,36,128,24,31,18,4,12,2,0.44000,0.18000,0.34000,0.58000,0.12000,0.04800,0.09000,0.10000
distractor_contact_shift,6,37,128,21,24,17,4,12,2,0.44000,0.18000,0.34000,0.58000,0.12000,0.04800,0.09000,0.10000
distractor_contact_shift,6,38,128,26,31,20,5,12,3,0.44000,0.18000,0.34000,0.58000,0.12000,0.04800,0.09000,0.10000
distractor_contact_shift,6,39,128,24,33,22,4,12,2,0.44000,0.18000,0.34000,0.58000,0.12000,0.04800,0.09000,0.10000
distractor_contact_shift,6,40,128,30,24,21,5,12,3,0.44000,0.18000,0.34000,0.58000,0.12000,0.04800,0.09000,0.10000
distractor_contact_shift,6,41,128,30,28,17,5,12,3,0.44000,0.18000,0.34000,0.58000,0.12000,0.04800,0.09000,0.10000
distractor_contact_shift,6,42,128,26,22,19,5,12,3,0.44000,0.18000,0.34000,0.58000,0.12000,0.04800,0.09000,0.10000
distractor_contact_shift,6,43,128,31,32,20,6,12,3,0.44000,0.18000,0.34000,0.58000,0.12000,0.04800,0.09000,0.10000
distractor_contact_shift,6,44,128,27,29,21,5,12,3,0.44000,0.18000,0.34000,0.58000,0.12000,0.04800,0.09000,0.10000
distractor_contact_shift,6,45,128,25,33,22,4,12,2,0.44000,0.18000,0.34000,0.58000,0.12000,0.04800,0.09000,0.10000
distractor_contact_shift,6,46,128,33,27,16,6,12,3,0.44000,0.18000,0.34000,0.58000,0.12000,0.04800,0.09000,0.10000
distractor_contact_shift,6,47,128,27,23,18,5,12,3,0.44000,0.18000,0.34000,0.58000,0.12000,0.04800,0.09000,0.10000
distractor_contact_shift,6,48,128,27,24,22,5,12,3,0.44000,0.18000,0.34000,0.58000,0.12000,0.04800,0.09000,0.10000
distractor_contact_shift,6,49,128,33,33,17,6,12,3,0.44000,0.18000,0.34000,0.58000,0.12000,0.04800,0.09000,0.10000
distractor_contact_shift,6,50,128,28,23,22,5,12,3,0.44000,0.18000,0.34000,0.58000,0.12000,0.04800,0.09000,0.10000
distractor_contact_shift,6,51,128,30,28,14,5,12,3,0.44000,0.18000,0.34000,0.58000,0.12000,0.04800,0.09000,0.10000
distractor_contact_shift,6,52,128,27,24,14,5,12,3,0.44000,0.18000,0.34000,0.58000,0.12000,0.04800,0.09000,0.10000
distractor_contact_shift,6,53,128,32,26,18,6,12,3,0.44000,0.18000,0.34000,0.58000,0.12000,0.04800,0.09000,0.10000
distractor_contact_shift,6,54,128,26,28,15,5,12,3,0.44000,0.18000,0.34000,0.58000,0.12000,0.04800,0.09000,0.10000
distractor_contact_shift,6,55,128,31,32,18,6,12,3,0.44000,0.18000,0.34000,0.58000,0.12000,0.04800,0.09000,0.10000
distractor_contact_shift,6,56,128,22,28,16,4,12,2,0.44000,0.18000,0.34000,0.58000,0.12000,0.04800,0.09000,0.10000
distractor_contact_shift,6,57,128,20,25,18,4,12,2,0.44000,0.18000,0.34000,0.58000,0.12000,0.04800,0.09000,0.10000
distractor_contact_shift,6,58,128,25,32,18,4,12,2,0.44000,0.18000,0.34000,0.58000,0.12000,0.04800,0.09000,0.10000
distractor_contact_shift,6,59,128,27,23,15,5,12,3,0.44000,0.18000,0.34000,0.58000,0.12000,0.04800,0.09000,0.10000
distractor_contact_shift,6,60,128,30,27,16,5,12,3,0.44000,0.18000,0.34000,0.58000,0.12000,0.04800,0.09000,0.10000
distractor_contact_shift,6,61,128,25,22,22,4,12,2,0.44000,0.18000,0.34000,0.58000,0.12000,0.04800,0.09000,0.10000
distractor_contact_shift,6,62,128,25,30,14,4,12,2,0.44000,0.18000,0.34000,0.58000,0.12000,0.04800,0.09000,0.10000
distractor_contact_shift,6,63,128,25,28,19,4,12,2,0.44000,0.18000,0.34000,0.58000,0.12000,0.04800,0.09000,0.10000
distractor_contact_shift,7,0,128,33,24,22,6,12,3,0.44000,0.18000,0.34000,0.58000,0.12000,0.04800,0.09000,0.10000
distractor_contact_shift,7,1,128,25,33,19,4,12,2,0.44000,0.18000,0.34000,0.58000,0.12000,0.04800,0.09000,0.10000
distractor_contact_shift,7,2,128,21,25,17,4,12,2,0.44000,0.18000,0.34000,0.58000,0.12000,0.04800,0.09000,0.10000
distractor_contact_shift,7,3,128,29,29,19,5,12,3,0.44000,0.18000,0.34000,0.58000,0.12000,0.04800,0.09000,0.10000
distractor_contact_shift,7,4,128,21,24,19,4,12,2,0.44000,0.18000,0.34000,0.58000,0.12000,0.04800,0.09000,0.10000
distractor_contact_shift,7,5,128,28,30,19,5,12,3,0.44000,0.18000,0.34000,0.58000,0.12000,0.04800,0.09000,0.10000
distractor_contact_shift,7,6,128,31,32,20,6,12,3,0.44000,0.18000,0.34000,0.58000,0.12000,0.04800,0.09000,0.10000
distractor_contact_shift,7,7,128,33,23,18,6,12,3,0.44000,0.18000,0.34000,0.58000,0.12000,0.04800,0.09000,0.10000
distractor_contact_shift,7,8,128,33,22,22,6,12,3,0.44000,0.18000,0.34000,0.58000,0.12000,0.04800,0.09000,0.10000
distractor_contact_shift,7,9,128,29,30,22,5,12,3,0.44000,0.18000,0.34000,0.58000,0.12000,0.04800,0.09000,0.10000
distractor_contact_shift,7,10,128,30,22,20,5,12,3,0.44000,0.18000,0.34000,0.58000,0.12000,0.04800,0.09000,0.10000
distractor_contact_shift,7,11,128,31,33,23,6,12,3,0.44000,0.18000,0.34000,0.58000,0.12000,0.04800,0.09000,0.10000
distractor_contact_shift,7,12,128,29,33,19,5,12,3,0.44000,0.18000,0.34000,0.58000,0.12000,0.04800,0.09000,0.10000
distractor_contact_shift,7,13,128,20,27,21,4,12,2,0.44000,0.18000,0.34000,0.58000,0.12000,0.04800,0.09000,0.10000
distractor_contact_shift,7,14,128,29,27,18,5,12,3,0.44000,0.18000,0.34000,0.58000,0.12000,0.04800,0.09000,0.10000
distractor_contact_shift,7,15,128,24,22,23,4,12,2,0.44000,0.18000,0.34000,0.58000,0.12000,0.04800,0.09000,0.10000
distractor_contact_shift,7,16,128,33,33,17,6,12,3,0.44000,0.18000,0.34000,0.58000,0.12000,0.04800,0.09000,0.10000
distractor_contact_shift,7,17,128,27,29,21,5,12,3,0.44000,0.18000,0.34000,0.58000,0.12000,0.04800,0.09000,0.10000
distractor_contact_shift,7,18,128,32,25,15,6,12,3,0.44000,0.18000,0.34000,0.58000,0.12000,0.04800,0.09000,0.10000
distractor_contact_shift,7,19,128,32,32,16,6,12,3,0.44000,0.18000,0.34000,0.58000,0.12000,0.04800,0.09000,0.10000
distractor_contact_shift,7,20,128,21,32,19,4,12,2,0.44000,0.18000,0.34000,0.58000,0.12000,0.04800,0.09000,0.10000
distractor_contact_shift,7,21,128,23,32,23,4,12,2,0.44000,0.18000,0.34000,0.58000,0.12000,0.04800,0.09000,0.10000
distractor_contact_shift,7,22,128,23,25,20,4,12,2,0.44000,0.18000,0.34000,0.58000,0.12000,0.04800,0.09000,0.10000
distractor_contact_shift,7,23,128,26,24,20,5,12,3,0.44000,0.18000,0.34000,0.58000,0.12000,0.04800,0.09000,0.10000
distractor_contact_shift,7,24,128,25,32,14,4,12,2,0.44000,0.18000,0.34000,0.58000,0.12000,0.04800,0.09000,0.10000
distractor_contact_shift,7,25,128,28,25,14,5,12,3,0.44000,0.18000,0.34000,0.58000,0.12000,0.04800,0.09000,0.10000
distractor_contact_shift,7,26,128,25,33,22,4,12,2,0.44000,0.18000,0.34000,0.58000,0.12000,0.04800,0.09000,0.10000
distractor_contact_shift,7,27,128,26,32,23,5,12,3,0.44000,0.18000,0.34000,0.58000,0.12000,0.04800,0.09000,0.10000
distractor_contact_shift,7,28,128,31,23,20,6,12,3,0.44000,0.18000,0.34000,0.58000,0.12000,0.04800,0.09000,0.10000
distractor_contact_shift,7,29,128,25,31,20,4,12,2,0.44000,0.18000,0.34000,0.58000,0.12000,0.04800,0.09000,0.10000
distractor_contact_shift,7,30,128,33,23,17,6,12,3,0.44000,0.18000,0.34000,0.58000,0.12000,0.04800,0.09000,0.10000
distractor_contact_shift,7,31,128,27,22,23,5,12,3,0.44000,0.18000,0.34000,0.58000,0.12000,0.04800,0.09000,0.10000
distractor_contact_shift,7,32,128,20,28,15,4,12,2,0.44000,0.18000,0.34000,0.58000,0.12000,0.04800,0.09000,0.10000
distractor_contact_shift,7,33,128,30,26,22,5,12,3,0.44000,0.18000,0.34000,0.58000,0.12000,0.04800,0.09000,0.10000
distractor_contact_shift,7,34,128,26,29,23,5,12,3,0.44000,0.18000,0.34000,0.58000,0.12000,0.04800,0.09000,0.10000
distractor_contact_shift,7,35,128,25,30,19,4,12,2,0.44000,0.18000,0.34000,0.58000,0.12000,0.04800,0.09000,0.10000
distractor_contact_shift,7,36,128,21,28,19,4,12,2,0.44000,0.18000,0.34000,0.58000,0.12000,0.04800,0.09000,0.10000
distractor_contact_shift,7,37,128,23,30,21,4,12,2,0.44000,0.18000,0.34000,0.58000,0.12000,0.04800,0.09000,0.10000
distractor_contact_shift,7,38,128,30,26,19,5,12,3,0.44000,0.18000,0.34000,0.58000,0.12000,0.04800,0.09000,0.10000
distractor_contact_shift,7,39,128,24,27,17,4,12,2,0.44000,0.18000,0.34000,0.58000,0.12000,0.04800,0.09000,0.10000
distractor_contact_shift,7,40,128,32,25,15,6,12,3,0.44000,0.18000,0.34000,0.58000,0.12000,0.04800,0.09000,0.10000
distractor_contact_shift,7,41,128,21,32,14,4,12,2,0.44000,0.18000,0.34000,0.58000,0.12000,0.04800,0.09000,0.10000
distractor_contact_shift,7,42,128,21,27,23,4,12,2,0.44000,0.18000,0.34000,0.58000,0.12000,0.04800,0.09000,0.10000
distractor_contact_shift,7,43,128,31,25,14,6,12,3,0.44000,0.18000,0.34000,0.58000,0.12000,0.04800,0.09000,0.10000
distractor_contact_shift,7,44,128,27,32,16,5,12,3,0.44000,0.18000,0.34000,0.58000,0.12000,0.04800,0.09000,0.10000
distractor_contact_shift,7,45,128,30,28,20,5,12,3,0.44000,0.18000,0.34000,0.58000,0.12000,0.04800,0.09000,0.10000
distractor_contact_shift,7,46,128,32,25,23,6,12,3,0.44000,0.18000,0.34000,0.58000,0.12000,0.04800,0.09000,0.10000
distractor_contact_shift,7,47,128,24,32,20,4,12,2,0.44000,0.18000,0.34000,0.58000,0.12000,0.04800,0.09000,0.10000
distractor_contact_shift,7,48,128,32,27,18,6,12,3,0.44000,0.18000,0.34000,0.58000,0.12000,0.04800,0.09000,0.10000
distractor_contact_shift,7,49,128,28,27,17,5,12,3,0.44000,0.18000,0.34000,0.58000,0.12000,0.04800,0.09000,0.10000
distractor_contact_shift,7,50,128,31,30,15,6,12,3,0.44000,0.18000,0.34000,0.58000,0.12000,0.04800,0.09000,0.10000
distractor_contact_shift,7,51,128,29,22,20,5,12,3,0.44000,0.18000,0.34000,0.58000,0.12000,0.04800,0.09000,0.10000
distractor_contact_shift,7,52,128,23,23,16,4,12,2,0.44000,0.18000,0.34000,0.58000,0.12000,0.04800,0.09000,0.10000
distractor_contact_shift,7,53,128,25,33,15,4,12,2,0.44000,0.18000,0.34000,0.58000,0.12000,0.04800,0.09000,0.10000
distractor_contact_shift,7,54,128,29,31,16,5,12,3,0.44000,0.18000,0.34000,0.58000,0.12000,0.04800,0.09000,0.10000
distractor_contact_shift,7,55,128,20,33,17,4,12,2,0.44000,0.18000,0.34000,0.58000,0.12000,0.04800,0.09000,0.10000
distractor_contact_shift,7,56,128,31,33,18,6,12,3,0.44000,0.18000,0.34000,0.58000,0.12000,0.04800,0.09000,0.10000
distractor_contact_shift,7,57,128,32,26,18,6,12,3,0.44000,0.18000,0.34000,0.58000,0.12000,0.04800,0.09000,0.10000
distractor_contact_shift,7,58,128,31,28,14,6,12,3,0.44000,0.18000,0.34000,0.58000,0.12000,0.04800,0.09000,0.10000
distractor_contact_shift,7,59,128,28,30,18,5,12,3,0.44000,0.18000,0.34000,0.58000,0.12000,0.04800,0.09000,0.10000
distractor_contact_shift,7,60,128,28,31,20,5,12,3,0.44000,0.18000,0.34000,0.58000,0.12000,0.04800,0.09000,0.10000
distractor_contact_shift,7,61,128,25,23,19,4,12,2,0.44000,0.18000,0.34000,0.58000,0.12000,0.04800,0.09000,0.10000
distractor_contact_shift,7,62,128,21,23,14,4,12,2,0.44000,0.18000,0.34000,0.58000,0.12000,0.04800,0.09000,0.10000
distractor_contact_shift,7,63,128,23,33,18,4,12,2,0.44000,0.18000,0.34000,0.58000,0.12000,0.04800,0.09000,0.10000
distractor_contact_shift,8,0,128,27,29,23,5,12,3,0.44000,0.18000,0.34000,0.58000,0.12000,0.04800,0.09000,0.10000
distractor_contact_shift,8,1,128,21,32,20,4,12,2,0.44000,0.18000,0.34000,0.58000,0.12000,0.04800,0.09000,0.10000
distractor_contact_shift,8,2,128,20,28,14,4,12,2,0.44000,0.18000,0.34000,0.58000,0.12000,0.04800,0.09000,0.10000
distractor_contact_shift,8,3,128,22,24,18,4,12,2,0.44000,0.18000,0.34000,0.58000,0.12000,0.04800,0.09000,0.10000
distractor_contact_shift,8,4,128,26,33,23,5,12,3,0.44000,0.18000,0.34000,0.58000,0.12000,0.04800,0.09000,0.10000
distractor_contact_shift,8,5,128,32,30,14,6,12,3,0.44000,0.18000,0.34000,0.58000,0.12000,0.04800,0.09000,0.10000
distractor_contact_shift,8,6,128,23,23,20,4,12,2,0.44000,0.18000,0.34000,0.58000,0.12000,0.04800,0.09000,0.10000
distractor_contact_shift,8,7,128,32,33,17,6,12,3,0.44000,0.18000,0.34000,0.58000,0.12000,0.04800,0.09000,0.10000
distractor_contact_shift,8,8,128,28,28,21,5,12,3,0.44000,0.18000,0.34000,0.58000,0.12000,0.04800,0.09000,0.10000
distractor_contact_shift,8,9,128,23,29,15,4,12,2,0.44000,0.18000,0.34000,0.58000,0.12000,0.04800,0.09000,0.10000
distractor_contact_shift,8,10,128,29,25,19,5,12,3,0.44000,0.18000,0.34000,0.58000,0.12000,0.04800,0.09000,0.10000
distractor_contact_shift,8,11,128,23,30,16,4,12,2,0.44000,0.18000,0.34000,0.58000,0.12000,0.04800,0.09000,0.10000
distractor_contact_shift,8,12,128,26,22,19,5,12,3,0.44000,0.18000,0.34000,0.58000,0.12000,0.04800,0.09000,0.10000
distractor_contact_shift,8,13,128,21,29,21,4,12,2,0.44000,0.18000,0.34000,0.58000,0.12000,0.04800,0.09000,0.10000
distractor_contact_shift,8,14,128,29,22,22,5,12,3,0.44000,0.18000,0.34000,0.58000,0.12000,0.04800,0.09000,0.10000
distractor_contact_shift,8,15,128,29,33,16,5,12,3,0.44000,0.18000,0.34000,0.58000,0.12000,0.04800,0.09000,0.10000
distractor_contact_shift,8,16,128,30,25,14,5,12,3,0.44000,0.18000,0.34000,0.58000,0.12000,0.04800,0.09000,0.10000
distractor_contact_shift,8,17,128,28,29,15,5,12,3,0.44000,0.18000,0.34000,0.58000,0.12000,0.04800,0.09000,0.10000
distractor_contact_shift,8,18,128,29,30,21,5,12,3,0.44000,0.18000,0.34000,0.58000,0.12000,0.04800,0.09000,0.10000
distractor_contact_shift,8,19,128,20,25,18,4,12,2,0.44000,0.18000,0.34000,0.58000,0.12000,0.04800,0.09000,0.10000
distractor_contact_shift,8,20,128,22,26,22,4,12,2,0.44000,0.18000,0.34000,0.58000,0.12000,0.04800,0.09000,0.10000
distractor_contact_shift,8,21,128,23,31,20,4,12,2,0.44000,0.18000,0.34000,0.58000,0.12000,0.04800,0.09000,0.10000
distractor_contact_shift,8,22,128,33,33,20,6,12,3,0.44000,0.18000,0.34000,0.58000,0.12000,0.04800,0.09000,0.10000
distractor_contact_shift,8,23,128,23,32,17,4,12,2,0.44000,0.18000,0.34000,0.58000,0.12000,0.04800,0.09000,0.10000
distractor_contact_shift,8,24,128,25,31,15,4,12,2,0.44000,0.18000,0.34000,0.58000,0.12000,0.04800,0.09000,0.10000
distractor_contact_shift,8,25,128,26,22,20,5,12,3,0.44000,0.18000,0.34000,0.58000,0.12000,0.04800,0.09000,0.10000
distractor_contact_shift,8,26,128,26,29,16,5,12,3,0.44000,0.18000,0.34000,0.58000,0.12000,0.04800,0.09000,0.10000
distractor_contact_shift,8,27,128,33,31,19,6,12,3,0.44000,0.18000,0.34000,0.58000,0.12000,0.04800,0.09000,0.10000
distractor_contact_shift,8,28,128,26,32,15,5,12,3,0.44000,0.18000,0.34000,0.58000,0.12000,0.04800,0.09000,0.10000
distractor_contact_shift,8,29,128,20,29,18,4,12,2,0.44000,0.18000,0.34000,0.58000,0.12000,0.04800,0.09000,0.10000
distractor_contact_shift,8,30,128,21,26,18,4,12,2,0.44000,0.18000,0.34000,0.58000,0.12000,0.04800,0.09000,0.10000
distractor_contact_shift,8,31,128,26,30,22,5,12,3,0.44000,0.18000,0.34000,0.58000,0.12000,0.04800,0.09000,0.10000
distractor_contact_shift,8,32,128,28,23,23,5,12,3,0.44000,0.18000,0.34000,0.58000,0.12000,0.04800,0.09000,0.10000
distractor_contact_shift,8,33,128,23,32,17,4,12,2,0.44000,0.18000,0.34000,0.58000,0.12000,0.04800,0.09000,0.10000
distractor_contact_shift,8,34,128,29,28,14,5,12,3,0.44000,0.18000,0.34000,0.58000,0.12000,0.04800,0.09000,0.10000
distractor_contact_shift,8,35,128,25,32,17,4,12,2,0.44000,0.18000,0.34000,0.58000,0.12000,0.04800,0.09000,0.10000
distractor_contact_shift,8,36,128,30,26,21,5,12,3,0.44000,0.18000,0.34000,0.58000,0.12000,0.04800,0.09000,0.10000
distractor_contact_shift,8,37,128,26,23,22,5,12,3,0.44000,0.18000,0.34000,0.58000,0.12000,0.04800,0.09000,0.10000
distractor_contact_shift,8,38,128,28,28,16,5,12,3,0.44000,0.18000,0.34000,0.58000,0.12000,0.04800,0.09000,0.10000
distractor_contact_shift,8,39,128,21,24,14,4,12,2,0.44000,0.18000,0.34000,0.58000,0.12000,0.04800,0.09000,0.10000
distractor_contact_shift,8,40,128,27,31,21,5,12,3,0.44000,0.18000,0.34000,0.58000,0.12000,0.04800,0.09000,0.10000
distractor_contact_shift,8,41,128,22,22,21,4,12,2,0.44000,0.18000,0.34000,0.58000,0.12000,0.04800,0.09000,0.10000
distractor_contact_shift,8,42,128,23,26,19,4,12,2,0.44000,0.18000,0.34000,0.58000,0.12000,0.04800,0.09000,0.10000
distractor_contact_shift,8,43,128,30,31,18,5,12,3,0.44000,0.18000,0.34000,0.58000,0.12000,0.04800,0.09000,0.10000
distractor_contact_shift,8,44,128,30,27,18,5,12,3,0.44000,0.18000,0.34000,0.58000,0.12000,0.04800,0.09000,0.10000
distractor_contact_shift,8,45,128,23,32,18,4,12,2,0.44000,0.18000,0.34000,0.58000,0.12000,0.04800,0.09000,0.10000
distractor_contact_shift,8,46,128,33,32,21,6,12,3,0.44000,0.18000,0.34000,0.58000,0.12000,0.04800,0.09000,0.10000
distractor_contact_shift,8,47,128,30,31,22,5,12,3,0.44000,0.18000,0.34000,0.58000,0.12000,0.04800,0.09000,0.10000
distractor_contact_shift,8,48,128,30,25,18,5,12,3,0.44000,0.18000,0.34000,0.58000,0.12000,0.04800,0.09000,0.10000
distractor_contact_shift,8,49,128,29,32,15,5,12,3,0.44000,0.18000,0.34000,0.58000,0.12000,0.04800,0.09000,0.10000
distractor_contact_shift,8,50,128,21,23,17,4,12,2,0.44000,0.18000,0.34000,0.58000,0.12000,0.04800,0.09000,0.10000
distractor_contact_shift,8,51,128,33,23,18,6,12,3,0.44000,0.18000,0.34000,0.58000,0.12000,0.04800,0.09000,0.10000
distractor_contact_shift,8,52,128,30,28,20,5,12,3,0.44000,0.18000,0.34000,0.58000,0.12000,0.04800,0.09000,0.10000
distractor_contact_shift,8,53,128,25,22,21,4,12,2,0.44000,0.18000,0.34000,0.58000,0.12000,0.04800,0.09000,0.10000
distractor_contact_shift,8,54,128,26,25,14,5,12,3,0.44000,0.18000,0.34000,0.58000,0.12000,0.04800,0.09000,0.10000
distractor_contact_shift,8,55,128,23,29,23,4,12,2,0.44000,0.18000,0.34000,0.58000,0.12000,0.04800,0.09000,0.10000
distractor_contact_shift,8,56,128,26,25,18,5,12,3,0.44000,0.18000,0.34000,0.58000,0.12000,0.04800,0.09000,0.10000
distractor_contact_shift,8,57,128,30,22,23,5,12,3,0.44000,0.18000,0.34000,0.58000,0.12000,0.04800,0.09000,0.10000
distractor_contact_shift,8,58,128,30,29,19,5,12,3,0.44000,0.18000,0.34000,0.58000,0.12000,0.04800,0.09000,0.10000
distractor_contact_shift,8,59,128,28,32,22,5,12,3,0.44000,0.18000,0.34000,0.58000,0.12000,0.04800,0.09000,0.10000
distractor_contact_shift,8,60,128,27,29,15,5,12,3,0.44000,0.18000,0.34000,0.58000,0.12000,0.04800,0.09000,0.10000
distractor_contact_shift,8,61,128,31,32,20,6,12,3,0.44000,0.18000,0.34000,0.58000,0.12000,0.04800,0.09000,0.10000
distractor_contact_shift,8,62,128,21,23,23,4,12,2,0.44000,0.18000,0.34000,0.58000,0.12000,0.04800,0.09000,0.10000
distractor_contact_shift,8,63,128,33,28,20,6,12,3,0.44000,0.18000,0.34000,0.58000,0.12000,0.04800,0.09000,0.10000
distractor_contact_shift,9,0,128,27,26,18,5,12,3,0.44000,0.18000,0.34000,0.58000,0.12000,0.04800,0.09000,0.10000
distractor_contact_shift,9,1,128,22,23,14,4,12,2,0.44000,0.18000,0.34000,0.58000,0.12000,0.04800,0.09000,0.10000
distractor_contact_shift,9,2,128,20,25,17,4,12,2,0.44000,0.18000,0.34000,0.58000,0.12000,0.04800,0.09000,0.10000
distractor_contact_shift,9,3,128,32,23,22,6,12,3,0.44000,0.18000,0.34000,0.58000,0.12000,0.04800,0.09000,0.10000
distractor_contact_shift,9,4,128,26,26,15,5,12,3,0.44000,0.18000,0.34000,0.58000,0.12000,0.04800,0.09000,0.10000
distractor_contact_shift,9,5,128,30,27,17,5,12,3,0.44000,0.18000,0.34000,0.58000,0.12000,0.04800,0.09000,0.10000
distractor_contact_shift,9,6,128,20,27,21,4,12,2,0.44000,0.18000,0.34000,0.58000,0.12000,0.04800,0.09000,0.10000
distractor_contact_shift,9,7,128,25,30,18,4,12,2,0.44000,0.18000,0.34000,0.58000,0.12000,0.04800,0.09000,0.10000
distractor_contact_shift,9,8,128,20,29,18,4,12,2,0.44000,0.18000,0.34000,0.58000,0.12000,0.04800,0.09000,0.10000
distractor_contact_shift,9,9,128,21,29,14,4,12,2,0.44000,0.18000,0.34000,0.58000,0.12000,0.04800,0.09000,0.10000
distractor_contact_shift,9,10,128,22,22,16,4,12,2,0.44000,0.18000,0.34000,0.58000,0.12000,0.04800,0.09000,0.10000
distractor_contact_shift,9,11,128,23,29,23,4,12,2,0.44000,0.18000,0.34000,0.58000,0.12000,0.04800,0.09000,0.10000
distractor_contact_shift,9,12,128,27,24,23,5,12,3,0.44000,0.18000,0.34000,0.58000,0.12000,0.04800,0.09000,0.10000
distractor_contact_shift,9,13,128,25,30,16,4,12,2,0.44000,0.18000,0.34000,0.58000,0.12000,0.04800,0.09000,0.10000
distractor_contact_shift,9,14,128,28,22,17,5,12,3,0.44000,0.18000,0.34000,0.58000,0.12000,0.04800,0.09000,0.10000
distractor_contact_shift,9,15,128,20,24,22,4,12,2,0.44000,0.18000,0.34000,0.58000,0.12000,0.04800,0.09000,0.10000
distractor_contact_shift,9,16,128,29,33,20,5,12,3,0.44000,0.18000,0.34000,0.58000,0.12000,0.04800,0.09000,0.10000
distractor_contact_shift,9,17,128,33,31,23,6,12,3,0.44000,0.18000,0.34000,0.58000,0.12000,0.04800,0.09000,0.10000
distractor_contact_shift,9,18,128,22,22,14,4,12,2,0.44000,0.18000,0.34000,0.58000,0.12000,0.04800,0.09000,0.10000
distractor_contact_shift,9,19,128,22,25,23,4,12,2,0.44000,0.18000,0.34000,0.58000,0.12000,0.04800,0.09000,0.10000
distractor_contact_shift,9,20,128,20,33,18,4,12,2,0.44000,0.18000,0.34000,0.58000,0.12000,0.04800,0.09000,0.10000
distractor_contact_shift,9,21,128,25,28,15,4,12,2,0.44000,0.18000,0.34000,0.58000,0.12000,0.04800,0.09000,0.10000
distractor_contact_shift,9,22,128,30,32,16,5,12,3,0.44000,0.18000,0.34000,0.58000,0.12000,0.04800,0.09000,0.10000
distractor_contact_shift,9,23,128,27,30,20,5,12,3,0.44000,0.18000,0.34000,0.58000,0.12000,0.04800,0.09000,0.10000
distractor_contact_shift,9,24,128,24,26,17,4,12,2,0.44000,0.18000,0.34000,0.58000,0.12000,0.04800,0.09000,0.10000
distractor_contact_shift,9,25,128,24,29,18,4,12,2,0.44000,0.18000,0.34000,0.58000,0.12000,0.04800,0.09000,0.10000
distractor_contact_shift,9,26,128,21,31,15,4,12,2,0.44000,0.18000,0.34000,0.58000,0.12000,0.04800,0.09000,0.10000
distractor_contact_shift,9,27,128,27,30,21,5,12,3,0.44000,0.18000,0.34000,0.58000,0.12000,0.04800,0.09000,0.10000
distractor_contact_shift,9,28,128,29,33,19,5,12,3,0.44000,0.18000,0.34000,0.58000,0.12000,0.04800,0.09000,0.10000
distractor_contact_shift,9,29,128,25,28,16,4,12,2,0.44000,0.18000,0.34000,0.58000,0.12000,0.04800,0.09000,0.10000
distractor_contact_shift,9,30,128,27,29,23,5,12,3,0.44000,0.18000,0.34000,0.58000,0.12000,0.04800,0.09000,0.10000
distractor_contact_shift,9,31,128,32,22,15,6,12,3,0.44000,0.18000,0.34000,0.58000,0.12000,0.04800,0.09000,0.10000
distractor_contact_shift,9,32,128,21,28,16,4,12,2,0.44000,0.18000,0.34000,0.58000,0.12000,0.04800,0.09000,0.10000
distractor_contact_shift,9,33,128,28,23,15,5,12,3,0.44000,0.18000,0.34000,0.58000,0.12000,0.04800,0.09000,0.10000
distractor_contact_shift,9,34,128,25,27,23,4,12,2,0.44000,0.18000,0.34000,0.58000,0.12000,0.04800,0.09000,0.10000
distractor_contact_shift,9,35,128,20,24,21,4,12,2,0.44000,0.18000,0.34000,0.58000,0.12000,0.04800,0.09000,0.10000
distractor_contact_shift,9,36,128,29,23,22,5,12,3,0.44000,0.18000,0.34000,0.58000,0.12000,0.04800,0.09000,0.10000
distractor_contact_shift,9,37,128,33,25,17,6,12,3,0.44000,0.18000,0.34000,0.58000,0.12000,0.04800,0.09000,0.10000
distractor_contact_shift,9,38,128,27,22,18,5,12,3,0.44000,0.18000,0.34000,0.58000,0.12000,0.04800,0.09000,0.10000
distractor_contact_shift,9,39,128,21,22,21,4,12,2,0.44000,0.18000,0.34000,0.58000,0.12000,0.04800,0.09000,0.10000
distractor_contact_shift,9,40,128,27,22,17,5,12,3,0.44000,0.18000,0.34000,0.58000,0.12000,0.04800,0.09000,0.10000
distractor_contact_shift,9,41,128,24,28,22,4,12,2,0.44000,0.18000,0.34000,0.58000,0.12000,0.04800,0.09000,0.10000
distractor_contact_shift,9,42,128,27,22,22,5,12,3,0.44000,0.18000,0.34000,0.58000,0.12000,0.04800,0.09000,0.10000
distractor_contact_shift,9,43,128,24,23,15,4,12,2,0.44000,0.18000,0.34000,0.58000,0.12000,0.04800,0.09000,0.10000
distractor_contact_shift,9,44,128,24,31,17,4,12,2,0.44000,0.18000,0.34000,0.58000,0.12000,0.04800,0.09000,0.10000
distractor_contact_shift,9,45,128,21,22,21,4,12,2,0.44000,0.18000,0.34000,0.58000,0.12000,0.04800,0.09000,0.10000
distractor_contact_shift,9,46,128,20,33,19,4,12,2,0.44000,0.18000,0.34000,0.58000,0.12000,0.04800,0.09000,0.10000
distractor_contact_shift,9,47,128,23,28,20,4,12,2,0.44000,0.18000,0.34000,0.58000,0.12000,0.04800,0.09000,0.10000
distractor_contact_shift,9,48,128,33,25,20,6,12,3,0.44000,0.18000,0.34000,0.58000,0.12000,0.04800,0.09000,0.10000
distractor_contact_shift,9,49,128,26,32,19,5,12,3,0.44000,0.18000,0.34000,0.58000,0.12000,0.04800,0.09000,0.10000
distractor_contact_shift,9,50,128,33,24,21,6,12,3,0.44000,0.18000,0.34000,0.58000,0.12000,0.04800,0.09000,0.10000
distractor_contact_shift,9,51,128,33,24,15,6,12,3,0.44000,0.18000,0.34000,0.58000,0.12000,0.04800,0.09000,0.10000
distractor_contact_shift,9,52,128,22,31,15,4,12,2,0.44000,0.18000,0.34000,0.58000,0.12000,0.04800,0.09000,0.10000
distractor_contact_shift,9,53,128,26,31,23,5,12,3,0.44000,0.18000,0.34000,0.58000,0.12000,0.04800,0.09000,0.10000
distractor_contact_shift,9,54,128,21,26,17,4,12,2,0.44000,0.18000,0.34000,0.58000,0.12000,0.04800,0.09000,0.10000
distractor_contact_shift,9,55,128,25,28,23,4,12,2,0.44000,0.18000,0.34000,0.58000,0.12000,0.04800,0.09000,0.10000
distractor_contact_shift,9,56,128,28,26,21,5,12,3,0.44000,0.18000,0.34000,0.58000,0.12000,0.04800,0.09000,0.10000
distractor_contact_shift,9,57,128,32,25,20,6,12,3,0.44000,0.18000,0.34000,0.58000,0.12000,0.04800,0.09000,0.10000
distractor_contact_shift,9,58,128,24,31,19,4,12,2,0.44000,0.18000,0.34000,0.58000,0.12000,0.04800,0.09000,0.10000
distractor_contact_shift,9,59,128,28,26,23,5,12,3,0.44000,0.18000,0.34000,0.58000,0.12000,0.04800,0.09000,0.10000
distractor_contact_shift,9,60,128,25,22,19,4,12,2,0.44000,0.18000,0.34000,0.58000,0.12000,0.04800,0.09000,0.10000
distractor_contact_shift,9,61,128,27,29,19,5,12,3,0.44000,0.18000,0.34000,0.58000,0.12000,0.04800,0.09000,0.10000
distractor_contact_shift,9,62,128,26,25,21,5,12,3,0.44000,0.18000,0.34000,0.58000,0.12000,0.04800,0.09000,0.10000
distractor_contact_shift,9,63,128,23,22,18,4,12,2,0.44000,0.18000,0.34000,0.58000,0.12000,0.04800,0.09000,0.10000
combined_hard_shift,0,0,128,23,26,21,8,20,4,0.62000,0.34000,0.48000,0.40000,0.16000,0.05500,0.16000,0.18000
combined_hard_shift,0,1,128,30,28,13,10,20,5,0.62000,0.34000,0.48000,0.40000,0.16000,0.05500,0.16000,0.18000
combined_hard_shift,0,2,128,28,33,13,10,20,5,0.62000,0.34000,0.48000,0.40000,0.16000,0.05500,0.16000,0.18000
combined_hard_shift,0,3,128,25,23,12,8,20,4,0.62000,0.34000,0.48000,0.40000,0.16000,0.05500,0.16000,0.18000
combined_hard_shift,0,4,128,23,22,21,8,20,4,0.62000,0.34000,0.48000,0.40000,0.16000,0.05500,0.16000,0.18000
combined_hard_shift,0,5,128,33,31,14,11,20,6,0.62000,0.34000,0.48000,0.40000,0.16000,0.05500,0.16000,0.18000
combined_hard_shift,0,6,128,26,33,19,9,20,5,0.62000,0.34000,0.48000,0.40000,0.16000,0.05500,0.16000,0.18000
combined_hard_shift,0,7,128,32,32,21,11,20,6,0.62000,0.34000,0.48000,0.40000,0.16000,0.05500,0.16000,0.18000
combined_hard_shift,0,8,128,24,33,15,8,20,4,0.62000,0.34000,0.48000,0.40000,0.16000,0.05500,0.16000,0.18000
combined_hard_shift,0,9,128,32,28,12,11,20,6,0.62000,0.34000,0.48000,0.40000,0.16000,0.05500,0.16000,0.18000
combined_hard_shift,0,10,128,32,27,14,11,20,6,0.62000,0.34000,0.48000,0.40000,0.16000,0.05500,0.16000,0.18000
combined_hard_shift,0,11,128,33,33,12,11,20,6,0.62000,0.34000,0.48000,0.40000,0.16000,0.05500,0.16000,0.18000
combined_hard_shift,0,12,128,32,28,17,11,20,6,0.62000,0.34000,0.48000,0.40000,0.16000,0.05500,0.16000,0.18000
combined_hard_shift,0,13,128,22,23,20,7,20,4,0.62000,0.34000,0.48000,0.40000,0.16000,0.05500,0.16000,0.18000
combined_hard_shift,0,14,128,24,30,12,8,20,4,0.62000,0.34000,0.48000,0.40000,0.16000,0.05500,0.16000,0.18000
combined_hard_shift,0,15,128,26,33,14,9,20,5,0.62000,0.34000,0.48000,0.40000,0.16000,0.05500,0.16000,0.18000
combined_hard_shift,0,16,128,21,26,21,7,20,4,0.62000,0.34000,0.48000,0.40000,0.16000,0.05500,0.16000,0.18000
combined_hard_shift,0,17,128,26,29,18,9,20,5,0.62000,0.34000,0.48000,0.40000,0.16000,0.05500,0.16000,0.18000
combined_hard_shift,0,18,128,28,32,15,10,20,5,0.62000,0.34000,0.48000,0.40000,0.16000,0.05500,0.16000,0.18000
combined_hard_shift,0,19,128,33,32,19,11,20,6,0.62000,0.34000,0.48000,0.40000,0.16000,0.05500,0.16000,0.18000
combined_hard_shift,0,20,128,21,28,20,7,20,4,0.62000,0.34000,0.48000,0.40000,0.16000,0.05500,0.16000,0.18000
combined_hard_shift,0,21,128,22,26,16,7,20,4,0.62000,0.34000,0.48000,0.40000,0.16000,0.05500,0.16000,0.18000
combined_hard_shift,0,22,128,29,27,20,10,20,5,0.62000,0.34000,0.48000,0.40000,0.16000,0.05500,0.16000,0.18000
combined_hard_shift,0,23,128,25,30,21,8,20,4,0.62000,0.34000,0.48000,0.40000,0.16000,0.05500,0.16000,0.18000
combined_hard_shift,0,24,128,31,31,14,11,20,6,0.62000,0.34000,0.48000,0.40000,0.16000,0.05500,0.16000,0.18000
combined_hard_shift,0,25,128,22,31,16,7,20,4,0.62000,0.34000,0.48000,0.40000,0.16000,0.05500,0.16000,0.18000
combined_hard_shift,0,26,128,28,26,17,10,20,5,0.62000,0.34000,0.48000,0.40000,0.16000,0.05500,0.16000,0.18000
combined_hard_shift,0,27,128,20,33,16,7,20,4,0.62000,0.34000,0.48000,0.40000,0.16000,0.05500,0.16000,0.18000
combined_hard_shift,0,28,128,26,32,16,9,20,5,0.62000,0.34000,0.48000,0.40000,0.16000,0.05500,0.16000,0.18000
combined_hard_shift,0,29,128,32,24,18,11,20,6,0.62000,0.34000,0.48000,0.40000,0.16000,0.05500,0.16000,0.18000
combined_hard_shift,0,30,128,25,32,12,8,20,4,0.62000,0.34000,0.48000,0.40000,0.16000,0.05500,0.16000,0.18000
combined_hard_shift,0,31,128,29,28,16,10,20,5,0.62000,0.34000,0.48000,0.40000,0.16000,0.05500,0.16000,0.18000
combined_hard_shift,0,32,128,32,28,18,11,20,6,0.62000,0.34000,0.48000,0.40000,0.16000,0.05500,0.16000,0.18000
combined_hard_shift,0,33,128,29,26,19,10,20,5,0.62000,0.34000,0.48000,0.40000,0.16000,0.05500,0.16000,0.18000
combined_hard_shift,0,34,128,32,32,17,11,20,6,0.62000,0.34000,0.48000,0.40000,0.16000,0.05500,0.16000,0.18000
combined_hard_shift,0,35,128,22,25,16,7,20,4,0.62000,0.34000,0.48000,0.40000,0.16000,0.05500,0.16000,0.18000
combined_hard_shift,0,36,128,33,28,12,11,20,6,0.62000,0.34000,0.48000,0.40000,0.16000,0.05500,0.16000,0.18000
combined_hard_shift,0,37,128,22,23,16,7,20,4,0.62000,0.34000,0.48000,0.40000,0.16000,0.05500,0.16000,0.18000
combined_hard_shift,0,38,128,23,31,19,8,20,4,0.62000,0.34000,0.48000,0.40000,0.16000,0.05500,0.16000,0.18000
combined_hard_shift,0,39,128,33,22,20,11,20,6,0.62000,0.34000,0.48000,0.40000,0.16000,0.05500,0.16000,0.18000
combined_hard_shift,0,40,128,23,25,13,8,20,4,0.62000,0.34000,0.48000,0.40000,0.16000,0.05500,0.16000,0.18000
combined_hard_shift,0,41,128,25,32,12,8,20,4,0.62000,0.34000,0.48000,0.40000,0.16000,0.05500,0.16000,0.18000
combined_hard_shift,0,42,128,33,23,19,11,20,6,0.62000,0.34000,0.48000,0.40000,0.16000,0.05500,0.16000,0.18000
combined_hard_shift,0,43,128,20,30,18,7,20,4,0.62000,0.34000,0.48000,0.40000,0.16000,0.05500,0.16000,0.18000
combined_hard_shift,0,44,128,23,32,18,8,20,4,0.62000,0.34000,0.48000,0.40000,0.16000,0.05500,0.16000,0.18000
combined_hard_shift,0,45,128,31,23,20,11,20,6,0.62000,0.34000,0.48000,0.40000,0.16000,0.05500,0.16000,0.18000
combined_hard_shift,0,46,128,23,31,14,8,20,4,0.62000,0.34000,0.48000,0.40000,0.16000,0.05500,0.16000,0.18000
combined_hard_shift,0,47,128,24,29,15,8,20,4,0.62000,0.34000,0.48000,0.40000,0.16000,0.05500,0.16000,0.18000
combined_hard_shift,0,48,128,23,26,16,8,20,4,0.62000,0.34000,0.48000,0.40000,0.16000,0.05500,0.16000,0.18000
combined_hard_shift,0,49,128,22,24,15,7,20,4,0.62000,0.34000,0.48000,0.40000,0.16000,0.05500,0.16000,0.18000
combined_hard_shift,0,50,128,25,28,13,8,20,4,0.62000,0.34000,0.48000,0.40000,0.16000,0.05500,0.16000,0.18000
combined_hard_shift,0,51,128,26,22,17,9,20,5,0.62000,0.34000,0.48000,0.40000,0.16000,0.05500,0.16000,0.18000
combined_hard_shift,0,52,128,32,29,21,11,20,6,0.62000,0.34000,0.48000,0.40000,0.16000,0.05500,0.16000,0.18000
combined_hard_shift,0,53,128,29,28,19,10,20,5,0.62000,0.34000,0.48000,0.40000,0.16000,0.05500,0.16000,0.18000
combined_hard_shift,0,54,128,28,31,19,10,20,5,0.62000,0.34000,0.48000,0.40000,0.16000,0.05500,0.16000,0.18000
combined_hard_shift,0,55,128,27,28,21,9,20,5,0.62000,0.34000,0.48000,0.40000,0.16000,0.05500,0.16000,0.18000
combined_hard_shift,0,56,128,21,29,21,7,20,4,0.62000,0.34000,0.48000,0.40000,0.16000,0.05500,0.16000,0.18000
combined_hard_shift,0,57,128,26,29,21,9,20,5,0.62000,0.34000,0.48000,0.40000,0.16000,0.05500,0.16000,0.18000
combined_hard_shift,0,58,128,20,23,14,7,20,4,0.62000,0.34000,0.48000,0.40000,0.16000,0.05500,0.16000,0.18000
combined_hard_shift,0,59,128,25,27,17,8,20,4,0.62000,0.34000,0.48000,0.40000,0.16000,0.05500,0.16000,0.18000
combined_hard_shift,0,60,128,28,31,17,10,20,5,0.62000,0.34000,0.48000,0.40000,0.16000,0.05500,0.16000,0.18000
combined_hard_shift,0,61,128,26,32,12,9,20,5,0.62000,0.34000,0.48000,0.40000,0.16000,0.05500,0.16000,0.18000
combined_hard_shift,0,62,128,23,24,14,8,20,4,0.62000,0.34000,0.48000,0.40000,0.16000,0.05500,0.16000,0.18000
combined_hard_shift,0,63,128,22,32,16,7,20,4,0.62000,0.34000,0.48000,0.40000,0.16000,0.05500,0.16000,0.18000
combined_hard_shift,1,0,128,33,33,21,11,20,6,0.62000,0.34000,0.48000,0.40000,0.16000,0.05500,0.16000,0.18000
combined_hard_shift,1,1,128,26,33,21,9,20,5,0.62000,0.34000,0.48000,0.40000,0.16000,0.05500,0.16000,0.18000
combined_hard_shift,1,2,128,23,32,12,8,20,4,0.62000,0.34000,0.48000,0.40000,0.16000,0.05500,0.16000,0.18000
combined_hard_shift,1,3,128,31,25,17,11,20,6,0.62000,0.34000,0.48000,0.40000,0.16000,0.05500,0.16000,0.18000
combined_hard_shift,1,4,128,31,22,13,11,20,6,0.62000,0.34000,0.48000,0.40000,0.16000,0.05500,0.16000,0.18000
combined_hard_shift,1,5,128,30,24,17,10,20,5,0.62000,0.34000,0.48000,0.40000,0.16000,0.05500,0.16000,0.18000
combined_hard_shift,1,6,128,24,31,12,8,20,4,0.62000,0.34000,0.48000,0.40000,0.16000,0.05500,0.16000,0.18000
combined_hard_shift,1,7,128,30,29,13,10,20,5,0.62000,0.34000,0.48000,0.40000,0.16000,0.05500,0.16000,0.18000
combined_hard_shift,1,8,128,33,30,19,11,20,6,0.62000,0.34000,0.48000,0.40000,0.16000,0.05500,0.16000,0.18000
combined_hard_shift,1,9,128,25,29,17,8,20,4,0.62000,0.34000,0.48000,0.40000,0.16000,0.05500,0.16000,0.18000
combined_hard_shift,1,10,128,21,25,19,7,20,4,0.62000,0.34000,0.48000,0.40000,0.16000,0.05500,0.16000,0.18000
combined_hard_shift,1,11,128,21,26,18,7,20,4,0.62000,0.34000,0.48000,0.40000,0.16000,0.05500,0.16000,0.18000
combined_hard_shift,1,12,128,28,30,20,10,20,5,0.62000,0.34000,0.48000,0.40000,0.16000,0.05500,0.16000,0.18000
combined_hard_shift,1,13,128,26,25,12,9,20,5,0.62000,0.34000,0.48000,0.40000,0.16000,0.05500,0.16000,0.18000
combined_hard_shift,1,14,128,21,30,16,7,20,4,0.62000,0.34000,0.48000,0.40000,0.16000,0.05500,0.16000,0.18000
combined_hard_shift,1,15,128,28,28,15,10,20,5,0.62000,0.34000,0.48000,0.40000,0.16000,0.05500,0.16000,0.18000
combined_hard_shift,1,16,128,27,22,14,9,20,5,0.62000,0.34000,0.48000,0.40000,0.16000,0.05500,0.16000,0.18000
combined_hard_shift,1,17,128,33,29,12,11,20,6,0.62000,0.34000,0.48000,0.40000,0.16000,0.05500,0.16000,0.18000
combined_hard_shift,1,18,128,33,24,15,11,20,6,0.62000,0.34000,0.48000,0.40000,0.16000,0.05500,0.16000,0.18000
combined_hard_shift,1,19,128,24,25,14,8,20,4,0.62000,0.34000,0.48000,0.40000,0.16000,0.05500,0.16000,0.18000
combined_hard_shift,1,20,128,29,33,18,10,20,5,0.62000,0.34000,0.48000,0.40000,0.16000,0.05500,0.16000,0.18000
combined_hard_shift,1,21,128,20,27,18,7,20,4,0.62000,0.34000,0.48000,0.40000,0.16000,0.05500,0.16000,0.18000
combined_hard_shift,1,22,128,27,25,21,9,20,5,0.62000,0.34000,0.48000,0.40000,0.16000,0.05500,0.16000,0.18000
combined_hard_shift,1,23,128,21,31,13,7,20,4,0.62000,0.34000,0.48000,0.40000,0.16000,0.05500,0.16000,0.18000
combined_hard_shift,1,24,128,30,33,21,10,20,5,0.62000,0.34000,0.48000,0.40000,0.16000,0.05500,0.16000,0.18000
combined_hard_shift,1,25,128,27,27,16,9,20,5,0.62000,0.34000,0.48000,0.40000,0.16000,0.05500,0.16000,0.18000
combined_hard_shift,1,26,128,32,33,15,11,20,6,0.62000,0.34000,0.48000,0.40000,0.16000,0.05500,0.16000,0.18000
combined_hard_shift,1,27,128,26,24,13,9,20,5,0.62000,0.34000,0.48000,0.40000,0.16000,0.05500,0.16000,0.18000
combined_hard_shift,1,28,128,23,29,19,8,20,4,0.62000,0.34000,0.48000,0.40000,0.16000,0.05500,0.16000,0.18000
combined_hard_shift,1,29,128,25,23,13,8,20,4,0.62000,0.34000,0.48000,0.40000,0.16000,0.05500,0.16000,0.18000
combined_hard_shift,1,30,128,23,27,21,8,20,4,0.62000,0.34000,0.48000,0.40000,0.16000,0.05500,0.16000,0.18000
combined_hard_shift,1,31,128,32,26,15,11,20,6,0.62000,0.34000,0.48000,0.40000,0.16000,0.05500,0.16000,0.18000
combined_hard_shift,1,32,128,26,26,19,9,20,5,0.62000,0.34000,0.48000,0.40000,0.16000,0.05500,0.16000,0.18000
combined_hard_shift,1,33,128,31,32,20,11,20,6,0.62000,0.34000,0.48000,0.40000,0.16000,0.05500,0.16000,0.18000
combined_hard_shift,1,34,128,25,32,14,8,20,4,0.62000,0.34000,0.48000,0.40000,0.16000,0.05500,0.16000,0.18000
combined_hard_shift,1,35,128,33,31,16,11,20,6,0.62000,0.34000,0.48000,0.40000,0.16000,0.05500,0.16000,0.18000
combined_hard_shift,1,36,128,29,29,19,10,20,5,0.62000,0.34000,0.48000,0.40000,0.16000,0.05500,0.16000,0.18000
combined_hard_shift,1,37,128,28,28,17,10,20,5,0.62000,0.34000,0.48000,0.40000,0.16000,0.05500,0.16000,0.18000
combined_hard_shift,1,38,128,26,30,13,9,20,5,0.62000,0.34000,0.48000,0.40000,0.16000,0.05500,0.16000,0.18000
combined_hard_shift,1,39,128,29,28,14,10,20,5,0.62000,0.34000,0.48000,0.40000,0.16000,0.05500,0.16000,0.18000
combined_hard_shift,1,40,128,20,28,19,7,20,4,0.62000,0.34000,0.48000,0.40000,0.16000,0.05500,0.16000,0.18000
combined_hard_shift,1,41,128,20,28,20,7,20,4,0.62000,0.34000,0.48000,0.40000,0.16000,0.05500,0.16000,0.18000
combined_hard_shift,1,42,128,24,31,19,8,20,4,0.62000,0.34000,0.48000,0.40000,0.16000,0.05500,0.16000,0.18000
combined_hard_shift,1,43,128,20,29,19,7,20,4,0.62000,0.34000,0.48000,0.40000,0.16000,0.05500,0.16000,0.18000
combined_hard_shift,1,44,128,27,25,12,9,20,5,0.62000,0.34000,0.48000,0.40000,0.16000,0.05500,0.16000,0.18000
combined_hard_shift,1,45,128,29,30,19,10,20,5,0.62000,0.34000,0.48000,0.40000,0.16000,0.05500,0.16000,0.18000
combined_hard_shift,1,46,128,20,24,19,7,20,4,0.62000,0.34000,0.48000,0.40000,0.16000,0.05500,0.16000,0.18000
combined_hard_shift,1,47,128,29,31,19,10,20,5,0.62000,0.34000,0.48000,0.40000,0.16000,0.05500,0.16000,0.18000
combined_hard_shift,1,48,128,25,32,13,8,20,4,0.62000,0.34000,0.48000,0.40000,0.16000,0.05500,0.16000,0.18000
combined_hard_shift,1,49,128,22,27,20,7,20,4,0.62000,0.34000,0.48000,0.40000,0.16000,0.05500,0.16000,0.18000
combined_hard_shift,1,50,128,27,23,20,9,20,5,0.62000,0.34000,0.48000,0.40000,0.16000,0.05500,0.16000,0.18000
combined_hard_shift,1,51,128,30,25,19,10,20,5,0.62000,0.34000,0.48000,0.40000,0.16000,0.05500,0.16000,0.18000
combined_hard_shift,1,52,128,29,23,15,10,20,5,0.62000,0.34000,0.48000,0.40000,0.16000,0.05500,0.16000,0.18000
combined_hard_shift,1,53,128,28,24,21,10,20,5,0.62000,0.34000,0.48000,0.40000,0.16000,0.05500,0.16000,0.18000
combined_hard_shift,1,54,128,33,31,18,11,20,6,0.62000,0.34000,0.48000,0.40000,0.16000,0.05500,0.16000,0.18000
combined_hard_shift,1,55,128,29,33,18,10,20,5,0.62000,0.34000,0.48000,0.40000,0.16000,0.05500,0.16000,0.18000
combined_hard_shift,1,56,128,29,31,20,10,20,5,0.62000,0.34000,0.48000,0.40000,0.16000,0.05500,0.16000,0.18000
combined_hard_shift,1,57,128,31,31,13,11,20,6,0.62000,0.34000,0.48000,0.40000,0.16000,0.05500,0.16000,0.18000
combined_hard_shift,1,58,128,25,32,15,8,20,4,0.62000,0.34000,0.48000,0.40000,0.16000,0.05500,0.16000,0.18000
combined_hard_shift,1,59,128,23,24,21,8,20,4,0.62000,0.34000,0.48000,0.40000,0.16000,0.05500,0.16000,0.18000
combined_hard_shift,1,60,128,30,26,17,10,20,5,0.62000,0.34000,0.48000,0.40000,0.16000,0.05500,0.16000,0.18000
combined_hard_shift,1,61,128,26,32,15,9,20,5,0.62000,0.34000,0.48000,0.40000,0.16000,0.05500,0.16000,0.18000
combined_hard_shift,1,62,128,31,23,15,11,20,6,0.62000,0.34000,0.48000,0.40000,0.16000,0.05500,0.16000,0.18000
combined_hard_shift,1,63,128,22,29,12,7,20,4,0.62000,0.34000,0.48000,0.40000,0.16000,0.05500,0.16000,0.18000
combined_hard_shift,2,0,128,21,28,21,7,20,4,0.62000,0.34000,0.48000,0.40000,0.16000,0.05500,0.16000,0.18000
combined_hard_shift,2,1,128,20,31,20,7,20,4,0.62000,0.34000,0.48000,0.40000,0.16000,0.05500,0.16000,0.18000
combined_hard_shift,2,2,128,24,27,15,8,20,4,0.62000,0.34000,0.48000,0.40000,0.16000,0.05500,0.16000,0.18000
combined_hard_shift,2,3,128,26,25,17,9,20,5,0.62000,0.34000,0.48000,0.40000,0.16000,0.05500,0.16000,0.18000
combined_hard_shift,2,4,128,23,26,16,8,20,4,0.62000,0.34000,0.48000,0.40000,0.16000,0.05500,0.16000,0.18000
combined_hard_shift,2,5,128,30,23,13,10,20,5,0.62000,0.34000,0.48000,0.40000,0.16000,0.05500,0.16000,0.18000
combined_hard_shift,2,6,128,30,27,12,10,20,5,0.62000,0.34000,0.48000,0.40000,0.16000,0.05500,0.16000,0.18000
combined_hard_shift,2,7,128,30,33,15,10,20,5,0.62000,0.34000,0.48000,0.40000,0.16000,0.05500,0.16000,0.18000
combined_hard_shift,2,8,128,22,26,17,7,20,4,0.62000,0.34000,0.48000,0.40000,0.16000,0.05500,0.16000,0.18000
combined_hard_shift,2,9,128,27,28,20,9,20,5,0.62000,0.34000,0.48000,0.40000,0.16000,0.05500,0.16000,0.18000
combined_hard_shift,2,10,128,33,25,20,11,20,6,0.62000,0.34000,0.48000,0.40000,0.16000,0.05500,0.16000,0.18000
combined_hard_shift,2,11,128,23,28,18,8,20,4,0.62000,0.34000,0.48000,0.40000,0.16000,0.05500,0.16000,0.18000
combined_hard_shift,2,12,128,20,25,17,7,20,4,0.62000,0.34000,0.48000,0.40000,0.16000,0.05500,0.16000,0.18000
combined_hard_shift,2,13,128,31,27,21,11,20,6,0.62000,0.34000,0.48000,0.40000,0.16000,0.05500,0.16000,0.18000
combined_hard_shift,2,14,128,25,24,12,8,20,4,0.62000,0.34000,0.48000,0.40000,0.16000,0.05500,0.16000,0.18000
combined_hard_shift,2,15,128,33,27,19,11,20,6,0.62000,0.34000,0.48000,0.40000,0.16000,0.05500,0.16000,0.18000
combined_hard_shift,2,16,128,26,23,17,9,20,5,0.62000,0.34000,0.48000,0.40000,0.16000,0.05500,0.16000,0.18000
combined_hard_shift,2,17,128,23,25,18,8,20,4,0.62000,0.34000,0.48000,0.40000,0.16000,0.05500,0.16000,0.18000
combined_hard_shift,2,18,128,20,25,21,7,20,4,0.62000,0.34000,0.48000,0.40000,0.16000,0.05500,0.16000,0.18000
combined_hard_shift,2,19,128,26,22,16,9,20,5,0.62000,0.34000,0.48000,0.40000,0.16000,0.05500,0.16000,0.18000
combined_hard_shift,2,20,128,23,33,20,8,20,4,0.62000,0.34000,0.48000,0.40000,0.16000,0.05500,0.16000,0.18000
combined_hard_shift,2,21,128,20,24,15,7,20,4,0.62000,0.34000,0.48000,0.40000,0.16000,0.05500,0.16000,0.18000
combined_hard_shift,2,22,128,23,23,21,8,20,4,0.62000,0.34000,0.48000,0.40000,0.16000,0.05500,0.16000,0.18000
combined_hard_shift,2,23,128,31,26,18,11,20,6,0.62000,0.34000,0.48000,0.40000,0.16000,0.05500,0.16000,0.18000
combined_hard_shift,2,24,128,27,29,13,9,20,5,0.62000,0.34000,0.48000,0.40000,0.16000,0.05500,0.16000,0.18000
combined_hard_shift,2,25,128,24,25,13,8,20,4,0.62000,0.34000,0.48000,0.40000,0.16000,0.05500,0.16000,0.18000
combined_hard_shift,2,26,128,24,22,15,8,20,4,0.62000,0.34000,0.48000,0.40000,0.16000,0.05500,0.16000,0.18000
combined_hard_shift,2,27,128,21,26,12,7,20,4,0.62000,0.34000,0.48000,0.40000,0.16000,0.05500,0.16000,0.18000
combined_hard_shift,2,28,128,23,25,17,8,20,4,0.62000,0.34000,0.48000,0.40000,0.16000,0.05500,0.16000,0.18000
combined_hard_shift,2,29,128,29,31,13,10,20,5,0.62000,0.34000,0.48000,0.40000,0.16000,0.05500,0.16000,0.18000
combined_hard_shift,2,30,128,27,32,19,9,20,5,0.62000,0.34000,0.48000,0.40000,0.16000,0.05500,0.16000,0.18000
combined_hard_shift,2,31,128,22,27,19,7,20,4,0.62000,0.34000,0.48000,0.40000,0.16000,0.05500,0.16000,0.18000
combined_hard_shift,2,32,128,32,33,21,11,20,6,0.62000,0.34000,0.48000,0.40000,0.16000,0.05500,0.16000,0.18000
combined_hard_shift,2,33,128,28,33,21,10,20,5,0.62000,0.34000,0.48000,0.40000,0.16000,0.05500,0.16000,0.18000
combined_hard_shift,2,34,128,29,28,17,10,20,5,0.62000,0.34000,0.48000,0.40000,0.16000,0.05500,0.16000,0.18000
combined_hard_shift,2,35,128,20,31,15,7,20,4,0.62000,0.34000,0.48000,0.40000,0.16000,0.05500,0.16000,0.18000
combined_hard_shift,2,36,128,33,33,12,11,20,6,0.62000,0.34000,0.48000,0.40000,0.16000,0.05500,0.16000,0.18000
combined_hard_shift,2,37,128,25,31,21,8,20,4,0.62000,0.34000,0.48000,0.40000,0.16000,0.05500,0.16000,0.18000
combined_hard_shift,2,38,128,23,29,19,8,20,4,0.62000,0.34000,0.48000,0.40000,0.16000,0.05500,0.16000,0.18000
combined_hard_shift,2,39,128,20,33,16,7,20,4,0.62000,0.34000,0.48000,0.40000,0.16000,0.05500,0.16000,0.18000
combined_hard_shift,2,40,128,25,30,13,8,20,4,0.62000,0.34000,0.48000,0.40000,0.16000,0.05500,0.16000,0.18000
combined_hard_shift,2,41,128,20,32,21,7,20,4,0.62000,0.34000,0.48000,0.40000,0.16000,0.05500,0.16000,0.18000
combined_hard_shift,2,42,128,33,27,12,11,20,6,0.62000,0.34000,0.48000,0.40000,0.16000,0.05500,0.16000,0.18000
combined_hard_shift,2,43,128,30,29,19,10,20,5,0.62000,0.34000,0.48000,0.40000,0.16000,0.05500,0.16000,0.18000
combined_hard_shift,2,44,128,26,31,21,9,20,5,0.62000,0.34000,0.48000,0.40000,0.16000,0.05500,0.16000,0.18000
combined_hard_shift,2,45,128,25,24,17,8,20,4,0.62000,0.34000,0.48000,0.40000,0.16000,0.05500,0.16000,0.18000
combined_hard_shift,2,46,128,30,24,16,10,20,5,0.62000,0.34000,0.48000,0.40000,0.16000,0.05500,0.16000,0.18000
combined_hard_shift,2,47,128,25,27,12,8,20,4,0.62000,0.34000,0.48000,0.40000,0.16000,0.05500,0.16000,0.18000
combined_hard_shift,2,48,128,24,27,21,8,20,4,0.62000,0.34000,0.48000,0.40000,0.16000,0.05500,0.16000,0.18000
combined_hard_shift,2,49,128,32,28,16,11,20,6,0.62000,0.34000,0.48000,0.40000,0.16000,0.05500,0.16000,0.18000
combined_hard_shift,2,50,128,29,25,21,10,20,5,0.62000,0.34000,0.48000,0.40000,0.16000,0.05500,0.16000,0.18000
combined_hard_shift,2,51,128,28,25,21,10,20,5,0.62000,0.34000,0.48000,0.40000,0.16000,0.05500,0.16000,0.18000
combined_hard_shift,2,52,128,33,22,21,11,20,6,0.62000,0.34000,0.48000,0.40000,0.16000,0.05500,0.16000,0.18000
combined_hard_shift,2,53,128,23,30,20,8,20,4,0.62000,0.34000,0.48000,0.40000,0.16000,0.05500,0.16000,0.18000
combined_hard_shift,2,54,128,22,31,20,7,20,4,0.62000,0.34000,0.48000,0.40000,0.16000,0.05500,0.16000,0.18000
combined_hard_shift,2,55,128,29,26,18,10,20,5,0.62000,0.34000,0.48000,0.40000,0.16000,0.05500,0.16000,0.18000
combined_hard_shift,2,56,128,27,29,19,9,20,5,0.62000,0.34000,0.48000,0.40000,0.16000,0.05500,0.16000,0.18000
combined_hard_shift,2,57,128,33,23,19,11,20,6,0.62000,0.34000,0.48000,0.40000,0.16000,0.05500,0.16000,0.18000
combined_hard_shift,2,58,128,23,27,17,8,20,4,0.62000,0.34000,0.48000,0.40000,0.16000,0.05500,0.16000,0.18000
combined_hard_shift,2,59,128,21,29,15,7,20,4,0.62000,0.34000,0.48000,0.40000,0.16000,0.05500,0.16000,0.18000
combined_hard_shift,2,60,128,21,31,14,7,20,4,0.62000,0.34000,0.48000,0.40000,0.16000,0.05500,0.16000,0.18000
combined_hard_shift,2,61,128,32,24,13,11,20,6,0.62000,0.34000,0.48000,0.40000,0.16000,0.05500,0.16000,0.18000
combined_hard_shift,2,62,128,24,31,19,8,20,4,0.62000,0.34000,0.48000,0.40000,0.16000,0.05500,0.16000,0.18000
combined_hard_shift,2,63,128,27,29,12,9,20,5,0.62000,0.34000,0.48000,0.40000,0.16000,0.05500,0.16000,0.18000
combined_hard_shift,3,0,128,25,27,20,8,20,4,0.62000,0.34000,0.48000,0.40000,0.16000,0.05500,0.16000,0.18000
combined_hard_shift,3,1,128,26,33,18,9,20,5,0.62000,0.34000,0.48000,0.40000,0.16000,0.05500,0.16000,0.18000
combined_hard_shift,3,2,128,32,22,12,11,20,6,0.62000,0.34000,0.48000,0.40000,0.16000,0.05500,0.16000,0.18000
combined_hard_shift,3,3,128,21,25,21,7,20,4,0.62000,0.34000,0.48000,0.40000,0.16000,0.05500,0.16000,0.18000
combined_hard_shift,3,4,128,29,33,14,10,20,5,0.62000,0.34000,0.48000,0.40000,0.16000,0.05500,0.16000,0.18000
combined_hard_shift,3,5,128,32,22,14,11,20,6,0.62000,0.34000,0.48000,0.40000,0.16000,0.05500,0.16000,0.18000
combined_hard_shift,3,6,128,26,28,14,9,20,5,0.62000,0.34000,0.48000,0.40000,0.16000,0.05500,0.16000,0.18000
combined_hard_shift,3,7,128,23,29,13,8,20,4,0.62000,0.34000,0.48000,0.40000,0.16000,0.05500,0.16000,0.18000
combined_hard_shift,3,8,128,30,29,14,10,20,5,0.62000,0.34000,0.48000,0.40000,0.16000,0.05500,0.16000,0.18000
combined_hard_shift,3,9,128,33,23,20,11,20,6,0.62000,0.34000,0.48000,0.40000,0.16000,0.05500,0.16000,0.18000
combined_hard_shift,3,10,128,29,32,16,10,20,5,0.62000,0.34000,0.48000,0.40000,0.16000,0.05500,0.16000,0.18000
combined_hard_shift,3,11,128,24,33,12,8,20,4,0.62000,0.34000,0.48000,0.40000,0.16000,0.05500,0.16000,0.18000
combined_hard_shift,3,12,128,20,25,18,7,20,4,0.62000,0.34000,0.48000,0.40000,0.16000,0.05500,0.16000,0.18000
combined_hard_shift,3,13,128,21,26,12,7,20,4,0.62000,0.34000,0.48000,0.40000,0.16000,0.05500,0.16000,0.18000
combined_hard_shift,3,14,128,26,33,19,9,20,5,0.62000,0.34000,0.48000,0.40000,0.16000,0.05500,0.16000,0.18000
combined_hard_shift,3,15,128,31,29,16,11,20,6,0.62000,0.34000,0.48000,0.40000,0.16000,0.05500,0.16000,0.18000
combined_hard_shift,3,16,128,23,29,15,8,20,4,0.62000,0.34000,0.48000,0.40000,0.16000,0.05500,0.16000,0.18000
combined_hard_shift,3,17,128,30,31,15,10,20,5,0.62000,0.34000,0.48000,0.40000,0.16000,0.05500,0.16000,0.18000
combined_hard_shift,3,18,128,33,29,16,11,20,6,0.62000,0.34000,0.48000,0.40000,0.16000,0.05500,0.16000,0.18000
combined_hard_shift,3,19,128,32,30,12,11,20,6,0.62000,0.34000,0.48000,0.40000,0.16000,0.05500,0.16000,0.18000
combined_hard_shift,3,20,128,21,31,12,7,20,4,0.62000,0.34000,0.48000,0.40000,0.16000,0.05500,0.16000,0.18000
combined_hard_shift,3,21,128,26,27,13,9,20,5,0.62000,0.34000,0.48000,0.40000,0.16000,0.05500,0.16000,0.18000
combined_hard_shift,3,22,128,32,24,19,11,20,6,0.62000,0.34000,0.48000,0.40000,0.16000,0.05500,0.16000,0.18000
combined_hard_shift,3,23,128,27,26,18,9,20,5,0.62000,0.34000,0.48000,0.40000,0.16000,0.05500,0.16000,0.18000
combined_hard_shift,3,24,128,25,26,12,8,20,4,0.62000,0.34000,0.48000,0.40000,0.16000,0.05500,0.16000,0.18000
combined_hard_shift,3,25,128,26,25,18,9,20,5,0.62000,0.34000,0.48000,0.40000,0.16000,0.05500,0.16000,0.18000
combined_hard_shift,3,26,128,25,33,17,8,20,4,0.62000,0.34000,0.48000,0.40000,0.16000,0.05500,0.16000,0.18000
combined_hard_shift,3,27,128,29,26,13,10,20,5,0.62000,0.34000,0.48000,0.40000,0.16000,0.05500,0.16000,0.18000
combined_hard_shift,3,28,128,22,23,12,7,20,4,0.62000,0.34000,0.48000,0.40000,0.16000,0.05500,0.16000,0.18000
combined_hard_shift,3,29,128,26,30,12,9,20,5,0.62000,0.34000,0.48000,0.40000,0.16000,0.05500,0.16000,0.18000
combined_hard_shift,3,30,128,23,27,18,8,20,4,0.62000,0.34000,0.48000,0.40000,0.16000,0.05500,0.16000,0.18000
combined_hard_shift,3,31,128,32,27,17,11,20,6,0.62000,0.34000,0.48000,0.40000,0.16000,0.05500,0.16000,0.18000
combined_hard_shift,3,32,128,33,33,14,11,20,6,0.62000,0.34000,0.48000,0.40000,0.16000,0.05500,0.16000,0.18000
combined_hard_shift,3,33,128,24,25,16,8,20,4,0.62000,0.34000,0.48000,0.40000,0.16000,0.05500,0.16000,0.18000
combined_hard_shift,3,34,128,26,26,20,9,20,5,0.62000,0.34000,0.48000,0.40000,0.16000,0.05500,0.16000,0.18000
combined_hard_shift,3,35,128,31,29,12,11,20,6,0.62000,0.34000,0.48000,0.40000,0.16000,0.05500,0.16000,0.18000
combined_hard_shift,3,36,128,27,22,15,9,20,5,0.62000,0.34000,0.48000,0.40000,0.16000,0.05500,0.16000,0.18000
combined_hard_shift,3,37,128,31,28,13,11,20,6,0.62000,0.34000,0.48000,0.40000,0.16000,0.05500,0.16000,0.18000
combined_hard_shift,3,38,128,27,29,18,9,20,5,0.62000,0.34000,0.48000,0.40000,0.16000,0.05500,0.16000,0.18000
combined_hard_shift,3,39,128,21,28,17,7,20,4,0.62000,0.34000,0.48000,0.40000,0.16000,0.05500,0.16000,0.18000
combined_hard_shift,3,40,128,24,30,13,8,20,4,0.62000,0.34000,0.48000,0.40000,0.16000,0.05500,0.16000,0.18000
combined_hard_shift,3,41,128,33,33,19,11,20,6,0.62000,0.34000,0.48000,0.40000,0.16000,0.05500,0.16000,0.18000
combined_hard_shift,3,42,128,33,29,15,11,20,6,0.62000,0.34000,0.48000,0.40000,0.16000,0.05500,0.16000,0.18000
combined_hard_shift,3,43,128,23,23,14,8,20,4,0.62000,0.34000,0.48000,0.40000,0.16000,0.05500,0.16000,0.18000
combined_hard_shift,3,44,128,31,28,19,11,20,6,0.62000,0.34000,0.48000,0.40000,0.16000,0.05500,0.16000,0.18000
combined_hard_shift,3,45,128,24,33,19,8,20,4,0.62000,0.34000,0.48000,0.40000,0.16000,0.05500,0.16000,0.18000
combined_hard_shift,3,46,128,23,24,15,8,20,4,0.62000,0.34000,0.48000,0.40000,0.16000,0.05500,0.16000,0.18000
combined_hard_shift,3,47,128,20,33,18,7,20,4,0.62000,0.34000,0.48000,0.40000,0.16000,0.05500,0.16000,0.18000
combined_hard_shift,3,48,128,24,23,13,8,20,4,0.62000,0.34000,0.48000,0.40000,0.16000,0.05500,0.16000,0.18000
combined_hard_shift,3,49,128,33,23,21,11,20,6,0.62000,0.34000,0.48000,0.40000,0.16000,0.05500,0.16000,0.18000
combined_hard_shift,3,50,128,21,24,19,7,20,4,0.62000,0.34000,0.48000,0.40000,0.16000,0.05500,0.16000,0.18000
combined_hard_shift,3,51,128,20,30,20,7,20,4,0.62000,0.34000,0.48000,0.40000,0.16000,0.05500,0.16000,0.18000
combined_hard_shift,3,52,128,21,24,13,7,20,4,0.62000,0.34000,0.48000,0.40000,0.16000,0.05500,0.16000,0.18000
combined_hard_shift,3,53,128,27,26,19,9,20,5,0.62000,0.34000,0.48000,0.40000,0.16000,0.05500,0.16000,0.18000
combined_hard_shift,3,54,128,24,27,16,8,20,4,0.62000,0.34000,0.48000,0.40000,0.16000,0.05500,0.16000,0.18000
combined_hard_shift,3,55,128,32,24,20,11,20,6,0.62000,0.34000,0.48000,0.40000,0.16000,0.05500,0.16000,0.18000
combined_hard_shift,3,56,128,33,27,15,11,20,6,0.62000,0.34000,0.48000,0.40000,0.16000,0.05500,0.16000,0.18000
combined_hard_shift,3,57,128,25,28,15,8,20,4,0.62000,0.34000,0.48000,0.40000,0.16000,0.05500,0.16000,0.18000
combined_hard_shift,3,58,128,27,23,18,9,20,5,0.62000,0.34000,0.48000,0.40000,0.16000,0.05500,0.16000,0.18000
combined_hard_shift,3,59,128,23,30,14,8,20,4,0.62000,0.34000,0.48000,0.40000,0.16000,0.05500,0.16000,0.18000
combined_hard_shift,3,60,128,24,22,21,8,20,4,0.62000,0.34000,0.48000,0.40000,0.16000,0.05500,0.16000,0.18000
combined_hard_shift,3,61,128,31,23,14,11,20,6,0.62000,0.34000,0.48000,0.40000,0.16000,0.05500,0.16000,0.18000
combined_hard_shift,3,62,128,29,24,16,10,20,5,0.62000,0.34000,0.48000,0.40000,0.16000,0.05500,0.16000,0.18000
combined_hard_shift,3,63,128,23,24,13,8,20,4,0.62000,0.34000,0.48000,0.40000,0.16000,0.05500,0.16000,0.18000
combined_hard_shift,4,0,128,29,27,20,10,20,5,0.62000,0.34000,0.48000,0.40000,0.16000,0.05500,0.16000,0.18000
combined_hard_shift,4,1,128,26,31,16,9,20,5,0.62000,0.34000,0.48000,0.40000,0.16000,0.05500,0.16000,0.18000
combined_hard_shift,4,2,128,28,29,17,10,20,5,0.62000,0.34000,0.48000,0.40000,0.16000,0.05500,0.16000,0.18000
combined_hard_shift,4,3,128,22,29,19,7,20,4,0.62000,0.34000,0.48000,0.40000,0.16000,0.05500,0.16000,0.18000
combined_hard_shift,4,4,128,28,33,16,10,20,5,0.62000,0.34000,0.48000,0.40000,0.16000,0.05500,0.16000,0.18000
combined_hard_shift,4,5,128,24,33,15,8,20,4,0.62000,0.34000,0.48000,0.40000,0.16000,0.05500,0.16000,0.18000
combined_hard_shift,4,6,128,21,22,17,7,20,4,0.62000,0.34000,0.48000,0.40000,0.16000,0.05500,0.16000,0.18000
combined_hard_shift,4,7,128,26,30,20,9,20,5,0.62000,0.34000,0.48000,0.40000,0.16000,0.05500,0.16000,0.18000
combined_hard_shift,4,8,128,26,22,15,9,20,5,0.62000,0.34000,0.48000,0.40000,0.16000,0.05500,0.16000,0.18000
combined_hard_shift,4,9,128,29,29,13,10,20,5,0.62000,0.34000,0.48000,0.40000,0.16000,0.05500,0.16000,0.18000
combined_hard_shift,4,10,128,33,31,14,11,20,6,0.62000,0.34000,0.48000,0.40000,0.16000,0.05500,0.16000,0.18000
combined_hard_shift,4,11,128,24,24,19,8,20,4,0.62000,0.34000,0.48000,0.40000,0.16000,0.05500,0.16000,0.18000
combined_hard_shift,4,12,128,27,25,16,9,20,5,0.62000,0.34000,0.48000,0.40000,0.16000,0.05500,0.16000,0.18000
combined_hard_shift,4,13,128,31,27,17,11,20,6,0.62000,0.34000,0.48000,0.40000,0.16000,0.05500,0.16000,0.18000
combined_hard_shift,4,14,128,33,30,12,11,20,6,0.62000,0.34000,0.48000,0.40000,0.16000,0.05500,0.16000,0.18000
combined_hard_shift,4,15,128,23,22,20,8,20,4,0.62000,0.34000,0.48000,0.40000,0.16000,0.05500,0.16000,0.18000
combined_hard_shift,4,16,128,25,25,12,8,20,4,0.62000,0.34000,0.48000,0.40000,0.16000,0.05500,0.16000,0.18000
combined_hard_shift,4,17,128,28,27,14,10,20,5,0.62000,0.34000,0.48000,0.40000,0.16000,0.05500,0.16000,0.18000
combined_hard_shift,4,18,128,20,33,18,7,20,4,0.62000,0.34000,0.48000,0.40000,0.16000,0.05500,0.16000,0.18000
combined_hard_shift,4,19,128,21,22,14,7,20,4,0.62000,0.34000,0.48000,0.40000,0.16000,0.05500,0.16000,0.18000
combined_hard_shift,4,20,128,23,26,16,8,20,4,0.62000,0.34000,0.48000,0.40000,0.16000,0.05500,0.16000,0.18000
combined_hard_shift,4,21,128,26,32,21,9,20,5,0.62000,0.34000,0.48000,0.40000,0.16000,0.05500,0.16000,0.18000
combined_hard_shift,4,22,128,21,30,20,7,20,4,0.62000,0.34000,0.48000,0.40000,0.16000,0.05500,0.16000,0.18000
combined_hard_shift,4,23,128,33,23,12,11,20,6,0.62000,0.34000,0.48000,0.40000,0.16000,0.05500,0.16000,0.18000
combined_hard_shift,4,24,128,32,33,17,11,20,6,0.62000,0.34000,0.48000,0.40000,0.16000,0.05500,0.16000,0.18000
combined_hard_shift,4,25,128,29,25,12,10,20,5,0.62000,0.34000,0.48000,0.40000,0.16000,0.05500,0.16000,0.18000
combined_hard_shift,4,26,128,20,30,15,7,20,4,0.62000,0.34000,0.48000,0.40000,0.16000,0.05500,0.16000,0.18000
combined_hard_shift,4,27,128,25,28,13,8,20,4,0.62000,0.34000,0.48000,0.40000,0.16000,0.05500,0.16000,0.18000
combined_hard_shift,4,28,128,28,25,12,10,20,5,0.62000,0.34000,0.48000,0.40000,0.16000,0.05500,0.16000,0.18000
combined_hard_shift,4,29,128,24,27,20,8,20,4,0.62000,0.34000,0.48000,0.40000,0.16000,0.05500,0.16000,0.18000
combined_hard_shift,4,30,128,21,26,19,7,20,4,0.62000,0.34000,0.48000,0.40000,0.16000,0.05500,0.16000,0.18000
combined_hard_shift,4,31,128,24,27,15,8,20,4,0.62000,0.34000,0.48000,0.40000,0.16000,0.05500,0.16000,0.18000
combined_hard_shift,4,32,128,32,31,18,11,20,6,0.62000,0.34000,0.48000,0.40000,0.16000,0.05500,0.16000,0.18000
combined_hard_shift,4,33,128,25,33,17,8,20,4,0.62000,0.34000,0.48000,0.40000,0.16000,0.05500,0.16000,0.18000
combined_hard_shift,4,34,128,27,22,13,9,20,5,0.62000,0.34000,0.48000,0.40000,0.16000,0.05500,0.16000,0.18000
combined_hard_shift,4,35,128,25,32,12,8,20,4,0.62000,0.34000,0.48000,0.40000,0.16000,0.05500,0.16000,0.18000
combined_hard_shift,4,36,128,20,33,16,7,20,4,0.62000,0.34000,0.48000,0.40000,0.16000,0.05500,0.16000,0.18000
combined_hard_shift,4,37,128,22,29,17,7,20,4,0.62000,0.34000,0.48000,0.40000,0.16000,0.05500,0.16000,0.18000
combined_hard_shift,4,38,128,20,22,20,7,20,4,0.62000,0.34000,0.48000,0.40000,0.16000,0.05500,0.16000,0.18000
combined_hard_shift,4,39,128,28,32,18,10,20,5,0.62000,0.34000,0.48000,0.40000,0.16000,0.05500,0.16000,0.18000
combined_hard_shift,4,40,128,33,22,16,11,20,6,0.62000,0.34000,0.48000,0.40000,0.16000,0.05500,0.16000,0.18000
combined_hard_shift,4,41,128,29,26,16,10,20,5,0.62000,0.34000,0.48000,0.40000,0.16000,0.05500,0.16000,0.18000
combined_hard_shift,4,42,128,20,32,15,7,20,4,0.62000,0.34000,0.48000,0.40000,0.16000,0.05500,0.16000,0.18000
combined_hard_shift,4,43,128,28,30,21,10,20,5,0.62000,0.34000,0.48000,0.40000,0.16000,0.05500,0.16000,0.18000
combined_hard_shift,4,44,128,30,23,19,10,20,5,0.62000,0.34000,0.48000,0.40000,0.16000,0.05500,0.16000,0.18000
combined_hard_shift,4,45,128,23,32,21,8,20,4,0.62000,0.34000,0.48000,0.40000,0.16000,0.05500,0.16000,0.18000
combined_hard_shift,4,46,128,31,25,21,11,20,6,0.62000,0.34000,0.48000,0.40000,0.16000,0.05500,0.16000,0.18000
combined_hard_shift,4,47,128,33,32,19,11,20,6,0.62000,0.34000,0.48000,0.40000,0.16000,0.05500,0.16000,0.18000
combined_hard_shift,4,48,128,22,32,20,7,20,4,0.62000,0.34000,0.48000,0.40000,0.16000,0.05500,0.16000,0.18000
combined_hard_shift,4,49,128,22,29,13,7,20,4,0.62000,0.34000,0.48000,0.40000,0.16000,0.05500,0.16000,0.18000
combined_hard_shift,4,50,128,23,28,17,8,20,4,0.62000,0.34000,0.48000,0.40000,0.16000,0.05500,0.16000,0.18000
combined_hard_shift,4,51,128,33,27,12,11,20,6,0.62000,0.34000,0.48000,0.40000,0.16000,0.05500,0.16000,0.18000
combined_hard_shift,4,52,128,27,24,20,9,20,5,0.62000,0.34000,0.48000,0.40000,0.16000,0.05500,0.16000,0.18000
combined_hard_shift,4,53,128,22,30,21,7,20,4,0.62000,0.34000,0.48000,0.40000,0.16000,0.05500,0.16000,0.18000
combined_hard_shift,4,54,128,26,29,13,9,20,5,0.62000,0.34000,0.48000,0.40000,0.16000,0.05500,0.16000,0.18000
combined_hard_shift,4,55,128,28,25,20,10,20,5,0.62000,0.34000,0.48000,0.40000,0.16000,0.05500,0.16000,0.18000
combined_hard_shift,4,56,128,22,23,14,7,20,4,0.62000,0.34000,0.48000,0.40000,0.16000,0.05500,0.16000,0.18000
combined_hard_shift,4,57,128,29,29,18,10,20,5,0.62000,0.34000,0.48000,0.40000,0.16000,0.05500,0.16000,0.18000
combined_hard_shift,4,58,128,20,26,19,7,20,4,0.62000,0.34000,0.48000,0.40000,0.16000,0.05500,0.16000,0.18000
combined_hard_shift,4,59,128,30,22,17,10,20,5,0.62000,0.34000,0.48000,0.40000,0.16000,0.05500,0.16000,0.18000
combined_hard_shift,4,60,128,21,27,15,7,20,4,0.62000,0.34000,0.48000,0.40000,0.16000,0.05500,0.16000,0.18000
combined_hard_shift,4,61,128,30,24,15,10,20,5,0.62000,0.34000,0.48000,0.40000,0.16000,0.05500,0.16000,0.18000
combined_hard_shift,4,62,128,20,22,21,7,20,4,0.62000,0.34000,0.48000,0.40000,0.16000,0.05500,0.16000,0.18000
combined_hard_shift,4,63,128,33,26,21,11,20,6,0.62000,0.34000,0.48000,0.40000,0.16000,0.05500,0.16000,0.18000
combined_hard_shift,5,0,128,29,28,19,10,20,5,0.62000,0.34000,0.48000,0.40000,0.16000,0.05500,0.16000,0.18000
combined_hard_shift,5,1,128,25,28,12,8,20,4,0.62000,0.34000,0.48000,0.40000,0.16000,0.05500,0.16000,0.18000
combined_hard_shift,5,2,128,20,22,20,7,20,4,0.62000,0.34000,0.48000,0.40000,0.16000,0.05500,0.16000,0.18000
combined_hard_shift,5,3,128,21,32,17,7,20,4,0.62000,0.34000,0.48000,0.40000,0.16000,0.05500,0.16000,0.18000
combined_hard_shift,5,4,128,26,31,14,9,20,5,0.62000,0.34000,0.48000,0.40000,0.16000,0.05500,0.16000,0.18000
combined_hard_shift,5,5,128,27,29,14,9,20,5,0.62000,0.34000,0.48000,0.40000,0.16000,0.05500,0.16000,0.18000
combined_hard_shift,5,6,128,21,27,16,7,20,4,0.62000,0.34000,0.48000,0.40000,0.16000,0.05500,0.16000,0.18000
combined_hard_shift,5,7,128,29,24,21,10,20,5,0.62000,0.34000,0.48000,0.40000,0.16000,0.05500,0.16000,0.18000
combined_hard_shift,5,8,128,30,26,18,10,20,5,0.62000,0.34000,0.48000,0.40000,0.16000,0.05500,0.16000,0.18000
combined_hard_shift,5,9,128,24,27,12,8,20,4,0.62000,0.34000,0.48000,0.40000,0.16000,0.05500,0.16000,0.18000
combined_hard_shift,5,10,128,20,33,14,7,20,4,0.62000,0.34000,0.48000,0.40000,0.16000,0.05500,0.16000,0.18000
combined_hard_shift,5,11,128,32,24,12,11,20,6,0.62000,0.34000,0.48000,0.40000,0.16000,0.05500,0.16000,0.18000
combined_hard_shift,5,12,128,28,32,14,10,20,5,0.62000,0.34000,0.48000,0.40000,0.16000,0.05500,0.16000,0.18000
combined_hard_shift,5,13,128,26,22,21,9,20,5,0.62000,0.34000,0.48000,0.40000,0.16000,0.05500,0.16000,0.18000
combined_hard_shift,5,14,128,20,31,13,7,20,4,0.62000,0.34000,0.48000,0.40000,0.16000,0.05500,0.16000,0.18000
combined_hard_shift,5,15,128,33,31,21,11,20,6,0.62000,0.34000,0.48000,0.40000,0.16000,0.05500,0.16000,0.18000
combined_hard_shift,5,16,128,30,26,20,10,20,5,0.62000,0.34000,0.48000,0.40000,0.16000,0.05500,0.16000,0.18000
combined_hard_shift,5,17,128,29,32,19,10,20,5,0.62000,0.34000,0.48000,0.40000,0.16000,0.05500,0.16000,0.18000
combined_hard_shift,5,18,128,23,28,16,8,20,4,0.62000,0.34000,0.48000,0.40000,0.16000,0.05500,0.16000,0.18000
combined_hard_shift,5,19,128,25,30,16,8,20,4,0.62000,0.34000,0.48000,0.40000,0.16000,0.05500,0.16000,0.18000
combined_hard_shift,5,20,128,25,31,17,8,20,4,0.62000,0.34000,0.48000,0.40000,0.16000,0.05500,0.16000,0.18000
combined_hard_shift,5,21,128,22,29,14,7,20,4,0.62000,0.34000,0.48000,0.40000,0.16000,0.05500,0.16000,0.18000
combined_hard_shift,5,22,128,20,31,20,7,20,4,0.62000,0.34000,0.48000,0.40000,0.16000,0.05500,0.16000,0.18000
combined_hard_shift,5,23,128,22,30,15,7,20,4,0.62000,0.34000,0.48000,0.40000,0.16000,0.05500,0.16000,0.18000
combined_hard_shift,5,24,128,32,31,13,11,20,6,0.62000,0.34000,0.48000,0.40000,0.16000,0.05500,0.16000,0.18000
combined_hard_shift,5,25,128,27,27,15,9,20,5,0.62000,0.34000,0.48000,0.40000,0.16000,0.05500,0.16000,0.18000
combined_hard_shift,5,26,128,20,28,12,7,20,4,0.62000,0.34000,0.48000,0.40000,0.16000,0.05500,0.16000,0.18000
combined_hard_shift,5,27,128,26,30,21,9,20,5,0.62000,0.34000,0.48000,0.40000,0.16000,0.05500,0.16000,0.18000
combined_hard_shift,5,28,128,23,29,20,8,20,4,0.62000,0.34000,0.48000,0.40000,0.16000,0.05500,0.16000,0.18000
combined_hard_shift,5,29,128,29,26,12,10,20,5,0.62000,0.34000,0.48000,0.40000,0.16000,0.05500,0.16000,0.18000
combined_hard_shift,5,30,128,23,29,17,8,20,4,0.62000,0.34000,0.48000,0.40000,0.16000,0.05500,0.16000,0.18000
combined_hard_shift,5,31,128,22,30,20,7,20,4,0.62000,0.34000,0.48000,0.40000,0.16000,0.05500,0.16000,0.18000
combined_hard_shift,5,32,128,22,33,16,7,20,4,0.62000,0.34000,0.48000,0.40000,0.16000,0.05500,0.16000,0.18000
combined_hard_shift,5,33,128,26,31,18,9,20,5,0.62000,0.34000,0.48000,0.40000,0.16000,0.05500,0.16000,0.18000
combined_hard_shift,5,34,128,22,31,16,7,20,4,0.62000,0.34000,0.48000,0.40000,0.16000,0.05500,0.16000,0.18000
combined_hard_shift,5,35,128,26,22,12,9,20,5,0.62000,0.34000,0.48000,0.40000,0.16000,0.05500,0.16000,0.18000
combined_hard_shift,5,36,128,29,26,13,10,20,5,0.62000,0.34000,0.48000,0.40000,0.16000,0.05500,0.16000,0.18000
combined_hard_shift,5,37,128,28,27,16,10,20,5,0.62000,0.34000,0.48000,0.40000,0.16000,0.05500,0.16000,0.18000
combined_hard_shift,5,38,128,20,28,18,7,20,4,0.62000,0.34000,0.48000,0.40000,0.16000,0.05500,0.16000,0.18000
combined_hard_shift,5,39,128,31,30,12,11,20,6,0.62000,0.34000,0.48000,0.40000,0.16000,0.05500,0.16000,0.18000
combined_hard_shift,5,40,128,25,31,16,8,20,4,0.62000,0.34000,0.48000,0.40000,0.16000,0.05500,0.16000,0.18000
combined_hard_shift,5,41,128,24,25,16,8,20,4,0.62000,0.34000,0.48000,0.40000,0.16000,0.05500,0.16000,0.18000
combined_hard_shift,5,42,128,32,28,18,11,20,6,0.62000,0.34000,0.48000,0.40000,0.16000,0.05500,0.16000,0.18000
combined_hard_shift,5,43,128,21,32,12,7,20,4,0.62000,0.34000,0.48000,0.40000,0.16000,0.05500,0.16000,0.18000
combined_hard_shift,5,44,128,25,22,19,8,20,4,0.62000,0.34000,0.48000,0.40000,0.16000,0.05500,0.16000,0.18000
combined_hard_shift,5,45,128,28,29,15,10,20,5,0.62000,0.34000,0.48000,0.40000,0.16000,0.05500,0.16000,0.18000
combined_hard_shift,5,46,128,22,24,12,7,20,4,0.62000,0.34000,0.48000,0.40000,0.16000,0.05500,0.16000,0.18000
combined_hard_shift,5,47,128,30,33,18,10,20,5,0.62000,0.34000,0.48000,0.40000,0.16000,0.05500,0.16000,0.18000
combined_hard_shift,5,48,128,31,23,21,11,20,6,0.62000,0.34000,0.48000,0.40000,0.16000,0.05500,0.16000,0.18000
combined_hard_shift,5,49,128,21,29,13,7,20,4,0.62000,0.34000,0.48000,0.40000,0.16000,0.05500,0.16000,0.18000
combined_hard_shift,5,50,128,33,24,19,11,20,6,0.62000,0.34000,0.48000,0.40000,0.16000,0.05500,0.16000,0.18000
combined_hard_shift,5,51,128,21,24,16,7,20,4,0.62000,0.34000,0.48000,0.40000,0.16000,0.05500,0.16000,0.18000
combined_hard_shift,5,52,128,27,32,20,9,20,5,0.62000,0.34000,0.48000,0.40000,0.16000,0.05500,0.16000,0.18000
combined_hard_shift,5,53,128,25,32,12,8,20,4,0.62000,0.34000,0.48000,0.40000,0.16000,0.05500,0.16000,0.18000
combined_hard_shift,5,54,128,23,27,18,8,20,4,0.62000,0.34000,0.48000,0.40000,0.16000,0.05500,0.16000,0.18000
combined_hard_shift,5,55,128,31,27,15,11,20,6,0.62000,0.34000,0.48000,0.40000,0.16000,0.05500,0.16000,0.18000
combined_hard_shift,5,56,128,24,23,14,8,20,4,0.62000,0.34000,0.48000,0.40000,0.16000,0.05500,0.16000,0.18000
combined_hard_shift,5,57,128,22,31,14,7,20,4,0.62000,0.34000,0.48000,0.40000,0.16000,0.05500,0.16000,0.18000
combined_hard_shift,5,58,128,24,29,19,8,20,4,0.62000,0.34000,0.48000,0.40000,0.16000,0.05500,0.16000,0.18000
combined_hard_shift,5,59,128,33,25,21,11,20,6,0.62000,0.34000,0.48000,0.40000,0.16000,0.05500,0.16000,0.18000
combined_hard_shift,5,60,128,23,22,20,8,20,4,0.62000,0.34000,0.48000,0.40000,0.16000,0.05500,0.16000,0.18000
combined_hard_shift,5,61,128,30,28,19,10,20,5,0.62000,0.34000,0.48000,0.40000,0.16000,0.05500,0.16000,0.18000
combined_hard_shift,5,62,128,24,30,13,8,20,4,0.62000,0.34000,0.48000,0.40000,0.16000,0.05500,0.16000,0.18000
combined_hard_shift,5,63,128,26,27,12,9,20,5,0.62000,0.34000,0.48000,0.40000,0.16000,0.05500,0.16000,0.18000
combined_hard_shift,6,0,128,28,29,17,10,20,5,0.62000,0.34000,0.48000,0.40000,0.16000,0.05500,0.16000,0.18000
combined_hard_shift,6,1,128,33,23,17,11,20,6,0.62000,0.34000,0.48000,0.40000,0.16000,0.05500,0.16000,0.18000
combined_hard_shift,6,2,128,33,33,14,11,20,6,0.62000,0.34000,0.48000,0.40000,0.16000,0.05500,0.16000,0.18000
combined_hard_shift,6,3,128,30,25,14,10,20,5,0.62000,0.34000,0.48000,0.40000,0.16000,0.05500,0.16000,0.18000
combined_hard_shift,6,4,128,33,23,15,11,20,6,0.62000,0.34000,0.48000,0.40000,0.16000,0.05500,0.16000,0.18000
combined_hard_shift,6,5,128,21,27,16,7,20,4,0.62000,0.34000,0.48000,0.40000,0.16000,0.05500,0.16000,0.18000
combined_hard_shift,6,6,128,31,28,12,11,20,6,0.62000,0.34000,0.48000,0.40000,0.16000,0.05500,0.16000,0.18000
combined_hard_shift,6,7,128,25,29,15,8,20,4,0.62000,0.34000,0.48000,0.40000,0.16000,0.05500,0.16000,0.18000
combined_hard_shift,6,8,128,32,31,13,11,20,6,0.62000,0.34000,0.48000,0.40000,0.16000,0.05500,0.16000,0.18000
combined_hard_shift,6,9,128,32,29,19,11,20,6,0.62000,0.34000,0.48000,0.40000,0.16000,0.05500,0.16000,0.18000
combined_hard_shift,6,10,128,25,31,17,8,20,4,0.62000,0.34000,0.48000,0.40000,0.16000,0.05500,0.16000,0.18000
combined_hard_shift,6,11,128,23,32,16,8,20,4,0.62000,0.34000,0.48000,0.40000,0.16000,0.05500,0.16000,0.18000
combined_hard_shift,6,12,128,33,22,21,11,20,6,0.62000,0.34000,0.48000,0.40000,0.16000,0.05500,0.16000,0.18000
combined_hard_shift,6,13,128,27,33,12,9,20,5,0.62000,0.34000,0.48000,0.40000,0.16000,0.05500,0.16000,0.18000
combined_hard_shift,6,14,128,26,27,18,9,20,5,0.62000,0.34000,0.48000,0.40000,0.16000,0.05500,0.16000,0.18000
combined_hard_shift,6,15,128,30,23,13,10,20,5,0.62000,0.34000,0.48000,0.40000,0.16000,0.05500,0.16000,0.18000
combined_hard_shift,6,16,128,29,32,17,10,20,5,0.62000,0.34000,0.48000,0.40000,0.16000,0.05500,0.16000,0.18000
combined_hard_shift,6,17,128,23,23,17,8,20,4,0.62000,0.34000,0.48000,0.40000,0.16000,0.05500,0.16000,0.18000
combined_hard_shift,6,18,128,23,31,20,8,20,4,0.62000,0.34000,0.48000,0.40000,0.16000,0.05500,0.16000,0.18000
combined_hard_shift,6,19,128,29,23,14,10,20,5,0.62000,0.34000,0.48000,0.40000,0.16000,0.05500,0.16000,0.18000
combined_hard_shift,6,20,128,31,27,21,11,20,6,0.62000,0.34000,0.48000,0.40000,0.16000,0.05500,0.16000,0.18000
combined_hard_shift,6,21,128,27,32,13,9,20,5,0.62000,0.34000,0.48000,0.40000,0.16000,0.05500,0.16000,0.18000
combined_hard_shift,6,22,128,23,26,19,8,20,4,0.62000,0.34000,0.48000,0.40000,0.16000,0.05500,0.16000,0.18000
combined_hard_shift,6,23,128,28,28,15,10,20,5,0.62000,0.34000,0.48000,0.40000,0.16000,0.05500,0.16000,0.18000
combined_hard_shift,6,24,128,31,26,18,11,20,6,0.62000,0.34000,0.48000,0.40000,0.16000,0.05500,0.16000,0.18000
combined_hard_shift,6,25,128,27,23,15,9,20,5,0.62000,0.34000,0.48000,0.40000,0.16000,0.05500,0.16000,0.18000
combined_hard_shift,6,26,128,33,31,14,11,20,6,0.62000,0.34000,0.48000,0.40000,0.16000,0.05500,0.16000,0.18000
combined_hard_shift,6,27,128,33,32,20,11,20,6,0.62000,0.34000,0.48000,0.40000,0.16000,0.05500,0.16000,0.18000
combined_hard_shift,6,28,128,33,32,21,11,20,6,0.62000,0.34000,0.48000,0.40000,0.16000,0.05500,0.16000,0.18000
combined_hard_shift,6,29,128,22,25,21,7,20,4,0.62000,0.34000,0.48000,0.40000,0.16000,0.05500,0.16000,0.18000
combined_hard_shift,6,30,128,24,29,12,8,20,4,0.62000,0.34000,0.48000,0.40000,0.16000,0.05500,0.16000,0.18000
combined_hard_shift,6,31,128,24,32,12,8,20,4,0.62000,0.34000,0.48000,0.40000,0.16000,0.05500,0.16000,0.18000
combined_hard_shift,6,32,128,27,30,14,9,20,5,0.62000,0.34000,0.48000,0.40000,0.16000,0.05500,0.16000,0.18000
combined_hard_shift,6,33,128,22,29,17,7,20,4,0.62000,0.34000,0.48000,0.40000,0.16000,0.05500,0.16000,0.18000
combined_hard_shift,6,34,128,26,30,13,9,20,5,0.62000,0.34000,0.48000,0.40000,0.16000,0.05500,0.16000,0.18000
combined_hard_shift,6,35,128,27,24,15,9,20,5,0.62000,0.34000,0.48000,0.40000,0.16000,0.05500,0.16000,0.18000
combined_hard_shift,6,36,128,29,23,20,10,20,5,0.62000,0.34000,0.48000,0.40000,0.16000,0.05500,0.16000,0.18000
combined_hard_shift,6,37,128,21,30,12,7,20,4,0.62000,0.34000,0.48000,0.40000,0.16000,0.05500,0.16000,0.18000
combined_hard_shift,6,38,128,25,24,16,8,20,4,0.62000,0.34000,0.48000,0.40000,0.16000,0.05500,0.16000,0.18000
combined_hard_shift,6,39,128,25,26,18,8,20,4,0.62000,0.34000,0.48000,0.40000,0.16000,0.05500,0.16000,0.18000
combined_hard_shift,6,40,128,23,33,17,8,20,4,0.62000,0.34000,0.48000,0.40000,0.16000,0.05500,0.16000,0.18000
combined_hard_shift,6,41,128,26,25,17,9,20,5,0.62000,0.34000,0.48000,0.40000,0.16000,0.05500,0.16000,0.18000
combined_hard_shift,6,42,128,31,26,14,11,20,6,0.62000,0.34000,0.48000,0.40000,0.16000,0.05500,0.16000,0.18000
combined_hard_shift,6,43,128,30,22,20,10,20,5,0.62000,0.34000,0.48000,0.40000,0.16000,0.05500,0.16000,0.18000
combined_hard_shift,6,44,128,32,32,12,11,20,6,0.62000,0.34000,0.48000,0.40000,0.16000,0.05500,0.16000,0.18000
combined_hard_shift,6,45,128,26,29,12,9,20,5,0.62000,0.34000,0.48000,0.40000,0.16000,0.05500,0.16000,0.18000
combined_hard_shift,6,46,128,25,28,16,8,20,4,0.62000,0.34000,0.48000,0.40000,0.16000,0.05500,0.16000,0.18000
combined_hard_shift,6,47,128,27,27,19,9,20,5,0.62000,0.34000,0.48000,0.40000,0.16000,0.05500,0.16000,0.18000
combined_hard_shift,6,48,128,33,22,14,11,20,6,0.62000,0.34000,0.48000,0.40000,0.16000,0.05500,0.16000,0.18000
combined_hard_shift,6,49,128,27,26,19,9,20,5,0.62000,0.34000,0.48000,0.40000,0.16000,0.05500,0.16000,0.18000
combined_hard_shift,6,50,128,27,25,21,9,20,5,0.62000,0.34000,0.48000,0.40000,0.16000,0.05500,0.16000,0.18000
combined_hard_shift,6,51,128,22,32,13,7,20,4,0.62000,0.34000,0.48000,0.40000,0.16000,0.05500,0.16000,0.18000
combined_hard_shift,6,52,128,31,23,15,11,20,6,0.62000,0.34000,0.48000,0.40000,0.16000,0.05500,0.16000,0.18000
combined_hard_shift,6,53,128,21,25,16,7,20,4,0.62000,0.34000,0.48000,0.40000,0.16000,0.05500,0.16000,0.18000
combined_hard_shift,6,54,128,25,31,18,8,20,4,0.62000,0.34000,0.48000,0.40000,0.16000,0.05500,0.16000,0.18000
combined_hard_shift,6,55,128,26,27,21,9,20,5,0.62000,0.34000,0.48000,0.40000,0.16000,0.05500,0.16000,0.18000
combined_hard_shift,6,56,128,21,27,16,7,20,4,0.62000,0.34000,0.48000,0.40000,0.16000,0.05500,0.16000,0.18000
combined_hard_shift,6,57,128,26,26,16,9,20,5,0.62000,0.34000,0.48000,0.40000,0.16000,0.05500,0.16000,0.18000
combined_hard_shift,6,58,128,31,28,18,11,20,6,0.62000,0.34000,0.48000,0.40000,0.16000,0.05500,0.16000,0.18000
combined_hard_shift,6,59,128,24,29,21,8,20,4,0.62000,0.34000,0.48000,0.40000,0.16000,0.05500,0.16000,0.18000
combined_hard_shift,6,60,128,21,28,20,7,20,4,0.62000,0.34000,0.48000,0.40000,0.16000,0.05500,0.16000,0.18000
combined_hard_shift,6,61,128,24,29,12,8,20,4,0.62000,0.34000,0.48000,0.40000,0.16000,0.05500,0.16000,0.18000
combined_hard_shift,6,62,128,33,28,20,11,20,6,0.62000,0.34000,0.48000,0.40000,0.16000,0.05500,0.16000,0.18000
combined_hard_shift,6,63,128,30,23,19,10,20,5,0.62000,0.34000,0.48000,0.40000,0.16000,0.05500,0.16000,0.18000
combined_hard_shift,7,0,128,31,25,19,11,20,6,0.62000,0.34000,0.48000,0.40000,0.16000,0.05500,0.16000,0.18000
combined_hard_shift,7,1,128,23,29,15,8,20,4,0.62000,0.34000,0.48000,0.40000,0.16000,0.05500,0.16000,0.18000
combined_hard_shift,7,2,128,32,31,20,11,20,6,0.62000,0.34000,0.48000,0.40000,0.16000,0.05500,0.16000,0.18000
combined_hard_shift,7,3,128,31,33,18,11,20,6,0.62000,0.34000,0.48000,0.40000,0.16000,0.05500,0.16000,0.18000
combined_hard_shift,7,4,128,26,31,20,9,20,5,0.62000,0.34000,0.48000,0.40000,0.16000,0.05500,0.16000,0.18000
combined_hard_shift,7,5,128,21,26,15,7,20,4,0.62000,0.34000,0.48000,0.40000,0.16000,0.05500,0.16000,0.18000
combined_hard_shift,7,6,128,25,33,16,8,20,4,0.62000,0.34000,0.48000,0.40000,0.16000,0.05500,0.16000,0.18000
combined_hard_shift,7,7,128,31,30,21,11,20,6,0.62000,0.34000,0.48000,0.40000,0.16000,0.05500,0.16000,0.18000
combined_hard_shift,7,8,128,21,31,20,7,20,4,0.62000,0.34000,0.48000,0.40000,0.16000,0.05500,0.16000,0.18000
combined_hard_shift,7,9,128,33,32,13,11,20,6,0.62000,0.34000,0.48000,0.40000,0.16000,0.05500,0.16000,0.18000
combined_hard_shift,7,10,128,20,23,13,7,20,4,0.62000,0.34000,0.48000,0.40000,0.16000,0.05500,0.16000,0.18000
combined_hard_shift,7,11,128,20,27,13,7,20,4,0.62000,0.34000,0.48000,0.40000,0.16000,0.05500,0.16000,0.18000
combined_hard_shift,7,12,128,27,33,19,9,20,5,0.62000,0.34000,0.48000,0.40000,0.16000,0.05500,0.16000,0.18000
combined_hard_shift,7,13,128,32,30,13,11,20,6,0.62000,0.34000,0.48000,0.40000,0.16000,0.05500,0.16000,0.18000
combined_hard_shift,7,14,128,23,32,21,8,20,4,0.62000,0.34000,0.48000,0.40000,0.16000,0.05500,0.16000,0.18000
combined_hard_shift,7,15,128,28,26,16,10,20,5,0.62000,0.34000,0.48000,0.40000,0.16000,0.05500,0.16000,0.18000
combined_hard_shift,7,16,128,29,29,14,10,20,5,0.62000,0.34000,0.48000,0.40000,0.16000,0.05500,0.16000,0.18000
combined_hard_shift,7,17,128,20,29,20,7,20,4,0.62000,0.34000,0.48000,0.40000,0.16000,0.05500,0.16000,0.18000
combined_hard_shift,7,18,128,24,29,21,8,20,4,0.62000,0.34000,0.48000,0.40000,0.16000,0.05500,0.16000,0.18000
combined_hard_shift,7,19,128,22,25,21,7,20,4,0.62000,0.34000,0.48000,0.40000,0.16000,0.05500,0.16000,0.18000
combined_hard_shift,7,20,128,33,30,16,11,20,6,0.62000,0.34000,0.48000,0.40000,0.16000,0.05500,0.16000,0.18000
combined_hard_shift,7,21,128,27,29,20,9,20,5,0.62000,0.34000,0.48000,0.40000,0.16000,0.05500,0.16000,0.18000
combined_hard_shift,7,22,128,25,24,15,8,20,4,0.62000,0.34000,0.48000,0.40000,0.16000,0.05500,0.16000,0.18000
combined_hard_shift,7,23,128,31,28,20,11,20,6,0.62000,0.34000,0.48000,0.40000,0.16000,0.05500,0.16000,0.18000
combined_hard_shift,7,24,128,27,32,19,9,20,5,0.62000,0.34000,0.48000,0.40000,0.16000,0.05500,0.16000,0.18000
combined_hard_shift,7,25,128,25,27,21,8,20,4,0.62000,0.34000,0.48000,0.40000,0.16000,0.05500,0.16000,0.18000
combined_hard_shift,7,26,128,20,27,14,7,20,4,0.62000,0.34000,0.48000,0.40000,0.16000,0.05500,0.16000,0.18000
combined_hard_shift,7,27,128,29,31,14,10,20,5,0.62000,0.34000,0.48000,0.40000,0.16000,0.05500,0.16000,0.18000
combined_hard_shift,7,28,128,31,26,18,11,20,6,0.62000,0.34000,0.48000,0.40000,0.16000,0.05500,0.16000,0.18000
combined_hard_shift,7,29,128,32,24,21,11,20,6,0.62000,0.34000,0.48000,0.40000,0.16000,0.05500,0.16000,0.18000
combined_hard_shift,7,30,128,25,31,20,8,20,4,0.62000,0.34000,0.48000,0.40000,0.16000,0.05500,0.16000,0.18000
combined_hard_shift,7,31,128,28,27,17,10,20,5,0.62000,0.34000,0.48000,0.40000,0.16000,0.05500,0.16000,0.18000
combined_hard_shift,7,32,128,20,23,21,7,20,4,0.62000,0.34000,0.48000,0.40000,0.16000,0.05500,0.16000,0.18000
combined_hard_shift,7,33,128,25,28,13,8,20,4,0.62000,0.34000,0.48000,0.40000,0.16000,0.05500,0.16000,0.18000
combined_hard_shift,7,34,128,32,26,14,11,20,6,0.62000,0.34000,0.48000,0.40000,0.16000,0.05500,0.16000,0.18000
combined_hard_shift,7,35,128,22,30,20,7,20,4,0.62000,0.34000,0.48000,0.40000,0.16000,0.05500,0.16000,0.18000
combined_hard_shift,7,36,128,32,27,13,11,20,6,0.62000,0.34000,0.48000,0.40000,0.16000,0.05500,0.16000,0.18000
combined_hard_shift,7,37,128,28,25,16,10,20,5,0.62000,0.34000,0.48000,0.40000,0.16000,0.05500,0.16000,0.18000
combined_hard_shift,7,38,128,28,32,17,10,20,5,0.62000,0.34000,0.48000,0.40000,0.16000,0.05500,0.16000,0.18000
combined_hard_shift,7,39,128,32,23,13,11,20,6,0.62000,0.34000,0.48000,0.40000,0.16000,0.05500,0.16000,0.18000
combined_hard_shift,7,40,128,24,29,12,8,20,4,0.62000,0.34000,0.48000,0.40000,0.16000,0.05500,0.16000,0.18000
combined_hard_shift,7,41,128,33,24,20,11,20,6,0.62000,0.34000,0.48000,0.40000,0.16000,0.05500,0.16000,0.18000
combined_hard_shift,7,42,128,22,24,16,7,20,4,0.62000,0.34000,0.48000,0.40000,0.16000,0.05500,0.16000,0.18000
combined_hard_shift,7,43,128,26,25,16,9,20,5,0.62000,0.34000,0.48000,0.40000,0.16000,0.05500,0.16000,0.18000
combined_hard_shift,7,44,128,22,24,15,7,20,4,0.62000,0.34000,0.48000,0.40000,0.16000,0.05500,0.16000,0.18000
combined_hard_shift,7,45,128,29,32,21,10,20,5,0.62000,0.34000,0.48000,0.40000,0.16000,0.05500,0.16000,0.18000
combined_hard_shift,7,46,128,28,32,13,10,20,5,0.62000,0.34000,0.48000,0.40000,0.16000,0.05500,0.16000,0.18000
combined_hard_shift,7,47,128,31,32,20,11,20,6,0.62000,0.34000,0.48000,0.40000,0.16000,0.05500,0.16000,0.18000
combined_hard_shift,7,48,128,28,33,21,10,20,5,0.62000,0.34000,0.48000,0.40000,0.16000,0.05500,0.16000,0.18000
combined_hard_shift,7,49,128,24,33,16,8,20,4,0.62000,0.34000,0.48000,0.40000,0.16000,0.05500,0.16000,0.18000
combined_hard_shift,7,50,128,22,28,19,7,20,4,0.62000,0.34000,0.48000,0.40000,0.16000,0.05500,0.16000,0.18000
combined_hard_shift,7,51,128,27,23,13,9,20,5,0.62000,0.34000,0.48000,0.40000,0.16000,0.05500,0.16000,0.18000
combined_hard_shift,7,52,128,26,22,18,9,20,5,0.62000,0.34000,0.48000,0.40000,0.16000,0.05500,0.16000,0.18000
combined_hard_shift,7,53,128,22,33,13,7,20,4,0.62000,0.34000,0.48000,0.40000,0.16000,0.05500,0.16000,0.18000
combined_hard_shift,7,54,128,20,32,12,7,20,4,0.62000,0.34000,0.48000,0.40000,0.16000,0.05500,0.16000,0.18000
combined_hard_shift,7,55,128,27,23,21,9,20,5,0.62000,0.34000,0.48000,0.40000,0.16000,0.05500,0.16000,0.18000
combined_hard_shift,7,56,128,22,25,13,7,20,4,0.62000,0.34000,0.48000,0.40000,0.16000,0.05500,0.16000,0.18000
combined_hard_shift,7,57,128,27,28,17,9,20,5,0.62000,0.34000,0.48000,0.40000,0.16000,0.05500,0.16000,0.18000
combined_hard_shift,7,58,128,33,33,14,11,20,6,0.62000,0.34000,0.48000,0.40000,0.16000,0.05500,0.16000,0.18000
combined_hard_shift,7,59,128,25,30,16,8,20,4,0.62000,0.34000,0.48000,0.40000,0.16000,0.05500,0.16000,0.18000
combined_hard_shift,7,60,128,27,24,14,9,20,5,0.62000,0.34000,0.48000,0.40000,0.16000,0.05500,0.16000,0.18000
combined_hard_shift,7,61,128,22,25,19,7,20,4,0.62000,0.34000,0.48000,0.40000,0.16000,0.05500,0.16000,0.18000
combined_hard_shift,7,62,128,26,27,15,9,20,5,0.62000,0.34000,0.48000,0.40000,0.16000,0.05500,0.16000,0.18000
combined_hard_shift,7,63,128,33,23,20,11,20,6,0.62000,0.34000,0.48000,0.40000,0.16000,0.05500,0.16000,0.18000
combined_hard_shift,8,0,128,23,28,17,8,20,4,0.62000,0.34000,0.48000,0.40000,0.16000,0.05500,0.16000,0.18000
combined_hard_shift,8,1,128,30,26,18,10,20,5,0.62000,0.34000,0.48000,0.40000,0.16000,0.05500,0.16000,0.18000
combined_hard_shift,8,2,128,28,26,16,10,20,5,0.62000,0.34000,0.48000,0.40000,0.16000,0.05500,0.16000,0.18000
combined_hard_shift,8,3,128,33,28,19,11,20,6,0.62000,0.34000,0.48000,0.40000,0.16000,0.05500,0.16000,0.18000
combined_hard_shift,8,4,128,23,25,20,8,20,4,0.62000,0.34000,0.48000,0.40000,0.16000,0.05500,0.16000,0.18000
combined_hard_shift,8,5,128,25,30,21,8,20,4,0.62000,0.34000,0.48000,0.40000,0.16000,0.05500,0.16000,0.18000
combined_hard_shift,8,6,128,21,27,12,7,20,4,0.62000,0.34000,0.48000,0.40000,0.16000,0.05500,0.16000,0.18000
combined_hard_shift,8,7,128,32,28,13,11,20,6,0.62000,0.34000,0.48000,0.40000,0.16000,0.05500,0.16000,0.18000
combined_hard_shift,8,8,128,31,28,21,11,20,6,0.62000,0.34000,0.48000,0.40000,0.16000,0.05500,0.16000,0.18000
combined_hard_shift,8,9,128,28,30,20,10,20,5,0.62000,0.34000,0.48000,0.40000,0.16000,0.05500,0.16000,0.18000
combined_hard_shift,8,10,128,25,25,20,8,20,4,0.62000,0.34000,0.48000,0.40000,0.16000,0.05500,0.16000,0.18000
combined_hard_shift,8,11,128,30,31,17,10,20,5,0.62000,0.34000,0.48000,0.40000,0.16000,0.05500,0.16000,0.18000
combined_hard_shift,8,12,128,33,32,14,11,20,6,0.62000,0.34000,0.48000,0.40000,0.16000,0.05500,0.16000,0.18000
combined_hard_shift,8,13,128,24,22,15,8,20,4,0.62000,0.34000,0.48000,0.40000,0.16000,0.05500,0.16000,0.18000
combined_hard_shift,8,14,128,23,28,16,8,20,4,0.62000,0.34000,0.48000,0.40000,0.16000,0.05500,0.16000,0.18000
combined_hard_shift,8,15,128,29,32,13,10,20,5,0.62000,0.34000,0.48000,0.40000,0.16000,0.05500,0.16000,0.18000
combined_hard_shift,8,16,128,33,24,16,11,20,6,0.62000,0.34000,0.48000,0.40000,0.16000,0.05500,0.16000,0.18000
combined_hard_shift,8,17,128,32,29,14,11,20,6,0.62000,0.34000,0.48000,0.40000,0.16000,0.05500,0.16000,0.18000
combined_hard_shift,8,18,128,27,31,21,9,20,5,0.62000,0.34000,0.48000,0.40000,0.16000,0.05500,0.16000,0.18000
combined_hard_shift,8,19,128,21,23,15,7,20,4,0.62000,0.34000,0.48000,0.40000,0.16000,0.05500,0.16000,0.18000
combined_hard_shift,8,20,128,22,25,13,7,20,4,0.62000,0.34000,0.48000,0.40000,0.16000,0.05500,0.16000,0.18000
combined_hard_shift,8,21,128,29,30,14,10,20,5,0.62000,0.34000,0.48000,0.40000,0.16000,0.05500,0.16000,0.18000
combined_hard_shift,8,22,128,31,30,15,11,20,6,0.62000,0.34000,0.48000,0.40000,0.16000,0.05500,0.16000,0.18000
combined_hard_shift,8,23,128,31,33,19,11,20,6,0.62000,0.34000,0.48000,0.40000,0.16000,0.05500,0.16000,0.18000
combined_hard_shift,8,24,128,23,29,14,8,20,4,0.62000,0.34000,0.48000,0.40000,0.16000,0.05500,0.16000,0.18000
combined_hard_shift,8,25,128,30,25,21,10,20,5,0.62000,0.34000,0.48000,0.40000,0.16000,0.05500,0.16000,0.18000
combined_hard_shift,8,26,128,26,28,17,9,20,5,0.62000,0.34000,0.48000,0.40000,0.16000,0.05500,0.16000,0.18000
combined_hard_shift,8,27,128,20,27,13,7,20,4,0.62000,0.34000,0.48000,0.40000,0.16000,0.05500,0.16000,0.18000
combined_hard_shift,8,28,128,27,27,19,9,20,5,0.62000,0.34000,0.48000,0.40000,0.16000,0.05500,0.16000,0.18000
combined_hard_shift,8,29,128,26,33,21,9,20,5,0.62000,0.34000,0.48000,0.40000,0.16000,0.05500,0.16000,0.18000
combined_hard_shift,8,30,128,22,28,16,7,20,4,0.62000,0.34000,0.48000,0.40000,0.16000,0.05500,0.16000,0.18000
combined_hard_shift,8,31,128,23,27,12,8,20,4,0.62000,0.34000,0.48000,0.40000,0.16000,0.05500,0.16000,0.18000
combined_hard_shift,8,32,128,28,27,13,10,20,5,0.62000,0.34000,0.48000,0.40000,0.16000,0.05500,0.16000,0.18000
combined_hard_shift,8,33,128,31,32,14,11,20,6,0.62000,0.34000,0.48000,0.40000,0.16000,0.05500,0.16000,0.18000
combined_hard_shift,8,34,128,20,27,15,7,20,4,0.62000,0.34000,0.48000,0.40000,0.16000,0.05500,0.16000,0.18000
combined_hard_shift,8,35,128,24,33,17,8,20,4,0.62000,0.34000,0.48000,0.40000,0.16000,0.05500,0.16000,0.18000
combined_hard_shift,8,36,128,27,25,20,9,20,5,0.62000,0.34000,0.48000,0.40000,0.16000,0.05500,0.16000,0.18000
combined_hard_shift,8,37,128,32,29,14,11,20,6,0.62000,0.34000,0.48000,0.40000,0.16000,0.05500,0.16000,0.18000
combined_hard_shift,8,38,128,33,22,20,11,20,6,0.62000,0.34000,0.48000,0.40000,0.16000,0.05500,0.16000,0.18000
combined_hard_shift,8,39,128,30,31,14,10,20,5,0.62000,0.34000,0.48000,0.40000,0.16000,0.05500,0.16000,0.18000
combined_hard_shift,8,40,128,26,27,19,9,20,5,0.62000,0.34000,0.48000,0.40000,0.16000,0.05500,0.16000,0.18000
combined_hard_shift,8,41,128,24,31,15,8,20,4,0.62000,0.34000,0.48000,0.40000,0.16000,0.05500,0.16000,0.18000
combined_hard_shift,8,42,128,22,31,14,7,20,4,0.62000,0.34000,0.48000,0.40000,0.16000,0.05500,0.16000,0.18000
combined_hard_shift,8,43,128,20,31,17,7,20,4,0.62000,0.34000,0.48000,0.40000,0.16000,0.05500,0.16000,0.18000
combined_hard_shift,8,44,128,30,33,14,10,20,5,0.62000,0.34000,0.48000,0.40000,0.16000,0.05500,0.16000,0.18000
combined_hard_shift,8,45,128,24,25,19,8,20,4,0.62000,0.34000,0.48000,0.40000,0.16000,0.05500,0.16000,0.18000
combined_hard_shift,8,46,128,21,28,18,7,20,4,0.62000,0.34000,0.48000,0.40000,0.16000,0.05500,0.16000,0.18000
combined_hard_shift,8,47,128,28,23,15,10,20,5,0.62000,0.34000,0.48000,0.40000,0.16000,0.05500,0.16000,0.18000
combined_hard_shift,8,48,128,22,33,16,7,20,4,0.62000,0.34000,0.48000,0.40000,0.16000,0.05500,0.16000,0.18000
combined_hard_shift,8,49,128,33,23,12,11,20,6,0.62000,0.34000,0.48000,0.40000,0.16000,0.05500,0.16000,0.18000
combined_hard_shift,8,50,128,23,23,12,8,20,4,0.62000,0.34000,0.48000,0.40000,0.16000,0.05500,0.16000,0.18000
combined_hard_shift,8,51,128,28,26,18,10,20,5,0.62000,0.34000,0.48000,0.40000,0.16000,0.05500,0.16000,0.18000
combined_hard_shift,8,52,128,28,31,14,10,20,5,0.62000,0.34000,0.48000,0.40000,0.16000,0.05500,0.16000,0.18000
combined_hard_shift,8,53,128,30,29,16,10,20,5,0.62000,0.34000,0.48000,0.40000,0.16000,0.05500,0.16000,0.18000
combined_hard_shift,8,54,128,23,24,17,8,20,4,0.62000,0.34000,0.48000,0.40000,0.16000,0.05500,0.16000,0.18000
combined_hard_shift,8,55,128,22,22,19,7,20,4,0.62000,0.34000,0.48000,0.40000,0.16000,0.05500,0.16000,0.18000
combined_hard_shift,8,56,128,27,31,21,9,20,5,0.62000,0.34000,0.48000,0.40000,0.16000,0.05500,0.16000,0.18000
combined_hard_shift,8,57,128,33,30,12,11,20,6,0.62000,0.34000,0.48000,0.40000,0.16000,0.05500,0.16000,0.18000
combined_hard_shift,8,58,128,23,28,15,8,20,4,0.62000,0.34000,0.48000,0.40000,0.16000,0.05500,0.16000,0.18000
combined_hard_shift,8,59,128,30,33,21,10,20,5,0.62000,0.34000,0.48000,0.40000,0.16000,0.05500,0.16000,0.18000
combined_hard_shift,8,60,128,23,30,16,8,20,4,0.62000,0.34000,0.48000,0.40000,0.16000,0.05500,0.16000,0.18000
combined_hard_shift,8,61,128,28,31,15,10,20,5,0.62000,0.34000,0.48000,0.40000,0.16000,0.05500,0.16000,0.18000
combined_hard_shift,8,62,128,26,28,12,9,20,5,0.62000,0.34000,0.48000,0.40000,0.16000,0.05500,0.16000,0.18000
combined_hard_shift,8,63,128,27,27,19,9,20,5,0.62000,0.34000,0.48000,0.40000,0.16000,0.05500,0.16000,0.18000
combined_hard_shift,9,0,128,28,23,21,10,20,5,0.62000,0.34000,0.48000,0.40000,0.16000,0.05500,0.16000,0.18000
combined_hard_shift,9,1,128,24,32,17,8,20,4,0.62000,0.34000,0.48000,0.40000,0.16000,0.05500,0.16000,0.18000
combined_hard_shift,9,2,128,28,22,14,10,20,5,0.62000,0.34000,0.48000,0.40000,0.16000,0.05500,0.16000,0.18000
combined_hard_shift,9,3,128,26,30,19,9,20,5,0.62000,0.34000,0.48000,0.40000,0.16000,0.05500,0.16000,0.18000
combined_hard_shift,9,4,128,24,24,18,8,20,4,0.62000,0.34000,0.48000,0.40000,0.16000,0.05500,0.16000,0.18000
combined_hard_shift,9,5,128,25,29,21,8,20,4,0.62000,0.34000,0.48000,0.40000,0.16000,0.05500,0.16000,0.18000
combined_hard_shift,9,6,128,27,27,13,9,20,5,0.62000,0.34000,0.48000,0.40000,0.16000,0.05500,0.16000,0.18000
combined_hard_shift,9,7,128,21,32,20,7,20,4,0.62000,0.34000,0.48000,0.40000,0.16000,0.05500,0.16000,0.18000
combined_hard_shift,9,8,128,30,28,13,10,20,5,0.62000,0.34000,0.48000,0.40000,0.16000,0.05500,0.16000,0.18000
combined_hard_shift,9,9,128,23,32,19,8,20,4,0.62000,0.34000,0.48000,0.40000,0.16000,0.05500,0.16000,0.18000
combined_hard_shift,9,10,128,26,22,14,9,20,5,0.62000,0.34000,0.48000,0.40000,0.16000,0.05500,0.16000,0.18000
combined_hard_shift,9,11,128,22,25,19,7,20,4,0.62000,0.34000,0.48000,0.40000,0.16000,0.05500,0.16000,0.18000
combined_hard_shift,9,12,128,28,31,17,10,20,5,0.62000,0.34000,0.48000,0.40000,0.16000,0.05500,0.16000,0.18000
combined_hard_shift,9,13,128,21,24,18,7,20,4,0.62000,0.34000,0.48000,0.40000,0.16000,0.05500,0.16000,0.18000
combined_hard_shift,9,14,128,23,22,21,8,20,4,0.62000,0.34000,0.48000,0.40000,0.16000,0.05500,0.16000,0.18000
combined_hard_shift,9,15,128,30,30,21,10,20,5,0.62000,0.34000,0.48000,0.40000,0.16000,0.05500,0.16000,0.18000
combined_hard_shift,9,16,128,31,31,21,11,20,6,0.62000,0.34000,0.48000,0.40000,0.16000,0.05500,0.16000,0.18000
combined_hard_shift,9,17,128,25,27,18,8,20,4,0.62000,0.34000,0.48000,0.40000,0.16000,0.05500,0.16000,0.18000
combined_hard_shift,9,18,128,27,29,17,9,20,5,0.62000,0.34000,0.48000,0.40000,0.16000,0.05500,0.16000,0.18000
combined_hard_shift,9,19,128,32,29,21,11,20,6,0.62000,0.34000,0.48000,0.40000,0.16000,0.05500,0.16000,0.18000
combined_hard_shift,9,20,128,33,23,15,11,20,6,0.62000,0.34000,0.48000,0.40000,0.16000,0.05500,0.16000,0.18000
combined_hard_shift,9,21,128,20,30,12,7,20,4,0.62000,0.34000,0.48000,0.40000,0.16000,0.05500,0.16000,0.18000
combined_hard_shift,9,22,128,24,22,16,8,20,4,0.62000,0.34000,0.48000,0.40000,0.16000,0.05500,0.16000,0.18000
combined_hard_shift,9,23,128,27,28,13,9,20,5,0.62000,0.34000,0.48000,0.40000,0.16000,0.05500,0.16000,0.18000
combined_hard_shift,9,24,128,21,32,18,7,20,4,0.62000,0.34000,0.48000,0.40000,0.16000,0.05500,0.16000,0.18000
combined_hard_shift,9,25,128,27,22,13,9,20,5,0.62000,0.34000,0.48000,0.40000,0.16000,0.05500,0.16000,0.18000
combined_hard_shift,9,26,128,27,24,14,9,20,5,0.62000,0.34000,0.48000,0.40000,0.16000,0.05500,0.16000,0.18000
combined_hard_shift,9,27,128,30,28,12,10,20,5,0.62000,0.34000,0.48000,0.40000,0.16000,0.05500,0.16000,0.18000
combined_hard_shift,9,28,128,23,24,16,8,20,4,0.62000,0.34000,0.48000,0.40000,0.16000,0.05500,0.16000,0.18000
combined_hard_shift,9,29,128,26,24,18,9,20,5,0.62000,0.34000,0.48000,0.40000,0.16000,0.05500,0.16000,0.18000
combined_hard_shift,9,30,128,28,30,12,10,20,5,0.62000,0.34000,0.48000,0.40000,0.16000,0.05500,0.16000,0.18000
combined_hard_shift,9,31,128,23,29,21,8,20,4,0.62000,0.34000,0.48000,0.40000,0.16000,0.05500,0.16000,0.18000
combined_hard_shift,9,32,128,28,31,14,10,20,5,0.62000,0.34000,0.48000,0.40000,0.16000,0.05500,0.16000,0.18000
combined_hard_shift,9,33,128,20,22,18,7,20,4,0.62000,0.34000,0.48000,0.40000,0.16000,0.05500,0.16000,0.18000
combined_hard_shift,9,34,128,29,29,21,10,20,5,0.62000,0.34000,0.48000,0.40000,0.16000,0.05500,0.16000,0.18000
combined_hard_shift,9,35,128,33,22,20,11,20,6,0.62000,0.34000,0.48000,0.40000,0.16000,0.05500,0.16000,0.18000
combined_hard_shift,9,36,128,22,24,15,7,20,4,0.62000,0.34000,0.48000,0.40000,0.16000,0.05500,0.16000,0.18000
combined_hard_shift,9,37,128,30,28,15,10,20,5,0.62000,0.34000,0.48000,0.40000,0.16000,0.05500,0.16000,0.18000
combined_hard_shift,9,38,128,21,30,18,7,20,4,0.62000,0.34000,0.48000,0.40000,0.16000,0.05500,0.16000,0.18000
combined_hard_shift,9,39,128,25,24,12,8,20,4,0.62000,0.34000,0.48000,0.40000,0.16000,0.05500,0.16000,0.18000
combined_hard_shift,9,40,128,33,29,15,11,20,6,0.62000,0.34000,0.48000,0.40000,0.16000,0.05500,0.16000,0.18000
combined_hard_shift,9,41,128,23,32,14,8,20,4,0.62000,0.34000,0.48000,0.40000,0.16000,0.05500,0.16000,0.18000
combined_hard_shift,9,42,128,21,27,21,7,20,4,0.62000,0.34000,0.48000,0.40000,0.16000,0.05500,0.16000,0.18000
combined_hard_shift,9,43,128,28,29,18,10,20,5,0.62000,0.34000,0.48000,0.40000,0.16000,0.05500,0.16000,0.18000
combined_hard_shift,9,44,128,25,27,21,8,20,4,0.62000,0.34000,0.48000,0.40000,0.16000,0.05500,0.16000,0.18000
combined_hard_shift,9,45,128,32,30,15,11,20,6,0.62000,0.34000,0.48000,0.40000,0.16000,0.05500,0.16000,0.18000
combined_hard_shift,9,46,128,28,28,20,10,20,5,0.62000,0.34000,0.48000,0.40000,0.16000,0.05500,0.16000,0.18000
combined_hard_shift,9,47,128,30,27,19,10,20,5,0.62000,0.34000,0.48000,0.40000,0.16000,0.05500,0.16000,0.18000
combined_hard_shift,9,48,128,26,33,14,9,20,5,0.62000,0.34000,0.48000,0.40000,0.16000,0.05500,0.16000,0.18000
combined_hard_shift,9,49,128,23,22,12,8,20,4,0.62000,0.34000,0.48000,0.40000,0.16000,0.05500,0.16000,0.18000
combined_hard_shift,9,50,128,25,25,16,8,20,4,0.62000,0.34000,0.48000,0.40000,0.16000,0.05500,0.16000,0.18000
combined_hard_shift,9,51,128,23,31,13,8,20,4,0.62000,0.34000,0.48000,0.40000,0.16000,0.05500,0.16000,0.18000
combined_hard_shift,9,52,128,29,28,20,10,20,5,0.62000,0.34000,0.48000,0.40000,0.16000,0.05500,0.16000,0.18000
combined_hard_shift,9,53,128,20,22,17,7,20,4,0.62000,0.34000,0.48000,0.40000,0.16000,0.05500,0.16000,0.18000
combined_hard_shift,9,54,128,28,28,21,10,20,5,0.62000,0.34000,0.48000,0.40000,0.16000,0.05500,0.16000,0.18000
combined_hard_shift,9,55,128,32,29,16,11,20,6,0.62000,0.34000,0.48000,0.40000,0.16000,0.05500,0.16000,0.18000
combined_hard_shift,9,56,128,22,24,13,7,20,4,0.62000,0.34000,0.48000,0.40000,0.16000,0.05500,0.16000,0.18000
combined_hard_shift,9,57,128,24,26,17,8,20,4,0.62000,0.34000,0.48000,0.40000,0.16000,0.05500,0.16000,0.18000
combined_hard_shift,9,58,128,25,31,13,8,20,4,0.62000,0.34000,0.48000,0.40000,0.16000,0.05500,0.16000,0.18000
combined_hard_shift,9,59,128,28,28,16,10,20,5,0.62000,0.34000,0.48000,0.40000,0.16000,0.05500,0.16000,0.18000
combined_hard_shift,9,60,128,26,33,14,9,20,5,0.62000,0.34000,0.48000,0.40000,0.16000,0.05500,0.16000,0.18000
combined_hard_shift,9,61,128,33,27,15,11,20,6,0.62000,0.34000,0.48000,0.40000,0.16000,0.05500,0.16000,0.18000
combined_hard_shift,9,62,128,29,32,17,10,20,5,0.62000,0.34000,0.48000,0.40000,0.16000,0.05500,0.16000,0.18000
combined_hard_shift,9,63,128,21,25,20,7,20,4,0.62000,0.34000,0.48000,0.40000,0.16000,0.05500,0.16000,0.18000
