split,target,reference,metric,mean_diff,ci95,lower95,target_better_seeds,seeds
articulated_coupling,causal_scene_flow_model_v5,flow_magnitude_threshold,mask_f1,0.22400,0.00293,0.22107,10,10
articulated_coupling,causal_scene_flow_model_v5,flow_magnitude_threshold,target_success,0.28125,0.05917,0.22208,10,10
articulated_coupling,causal_scene_flow_model_v5,flow_magnitude_threshold,causal_utility,0.36179,0.04482,0.31697,10,10
articulated_coupling,causal_scene_flow_model_v5,flow_magnitude_threshold,passive_false_attribution,-0.33227,0.00409,-0.33636,10,10
articulated_coupling,causal_scene_flow_model_v5,flow_magnitude_threshold,effect_error,-0.26076,0.01843,-0.27918,10,10
articulated_coupling,causal_scene_flow_model_v5,flow_magnitude_threshold,unsafe_contact,-0.12812,0.04584,-0.17396,10,10
articulated_coupling,causal_scene_flow_model_v5,flow_magnitude_threshold,risk_upper,-0.08535,0.00109,-0.08644,10,10
articulated_coupling,causal_scene_flow_model_v5,flow_magnitude_threshold,intervention_consistency,0.22857,0.00292,0.22565,10,10
articulated_coupling,causal_scene_flow_model_v5,action_direction_projection,mask_f1,0.10175,0.01435,0.08740,10,10
articulated_coupling,causal_scene_flow_model_v5,action_direction_projection,target_success,0.13125,0.03714,0.09410,10,10
articulated_coupling,causal_scene_flow_model_v5,action_direction_projection,causal_utility,0.17173,0.03270,0.13903,10,10
articulated_coupling,causal_scene_flow_model_v5,action_direction_projection,passive_false_attribution,-0.19211,0.02709,-0.21920,10,10
articulated_coupling,causal_scene_flow_model_v5,action_direction_projection,effect_error,-0.02171,0.00745,-0.02916,9,10
articulated_coupling,causal_scene_flow_model_v5,action_direction_projection,unsafe_contact,-0.06875,0.02784,-0.09659,9,10
articulated_coupling,causal_scene_flow_model_v5,action_direction_projection,risk_upper,-0.05121,0.00799,-0.05920,10,10
articulated_coupling,causal_scene_flow_model_v5,action_direction_projection,intervention_consistency,0.12053,0.00667,0.11385,10,10
articulated_coupling,causal_scene_flow_model_v5,rigid_scene_flow_cluster,mask_f1,0.07762,0.00300,0.07463,10,10
articulated_coupling,causal_scene_flow_model_v5,rigid_scene_flow_cluster,target_success,0.10156,0.05869,0.04288,7,10
articulated_coupling,causal_scene_flow_model_v5,rigid_scene_flow_cluster,causal_utility,0.13590,0.03923,0.09666,10,10
articulated_coupling,causal_scene_flow_model_v5,rigid_scene_flow_cluster,passive_false_attribution,-0.13740,0.00420,-0.14160,10,10
articulated_coupling,causal_scene_flow_model_v5,rigid_scene_flow_cluster,effect_error,-0.09275,0.00948,-0.10223,10,10
articulated_coupling,causal_scene_flow_model_v5,rigid_scene_flow_cluster,unsafe_contact,-0.05937,0.02180,-0.08117,10,10
articulated_coupling,causal_scene_flow_model_v5,rigid_scene_flow_cluster,risk_upper,-0.02446,0.00114,-0.02560,10,10
articulated_coupling,causal_scene_flow_model_v5,rigid_scene_flow_cluster,intervention_consistency,0.07463,0.00259,0.07205,10,10
articulated_coupling,causal_scene_flow_model_v5,temporal_difference_mask,mask_f1,0.25607,0.00501,0.25106,10,10
articulated_coupling,causal_scene_flow_model_v5,temporal_difference_mask,target_success,0.34844,0.03356,0.31487,10,10
articulated_coupling,causal_scene_flow_model_v5,temporal_difference_mask,causal_utility,0.43249,0.02886,0.40363,10,10
articulated_coupling,causal_scene_flow_model_v5,temporal_difference_mask,passive_false_attribution,-0.46228,0.01541,-0.47769,10,10
articulated_coupling,causal_scene_flow_model_v5,temporal_difference_mask,effect_error,-0.29802,0.02036,-0.31838,10,10
articulated_coupling,causal_scene_flow_model_v5,temporal_difference_mask,unsafe_contact,-0.12344,0.02680,-0.15023,10,10
articulated_coupling,causal_scene_flow_model_v5,temporal_difference_mask,risk_upper,-0.12513,0.00396,-0.12909,10,10
articulated_coupling,causal_scene_flow_model_v5,temporal_difference_mask,intervention_consistency,0.24849,0.00443,0.24406,10,10
articulated_coupling,causal_scene_flow_model_v5,noncausal_flow_transformer_proxy,mask_f1,-0.00154,0.00254,-0.00408,6,10
articulated_coupling,causal_scene_flow_model_v5,noncausal_flow_transformer_proxy,target_success,-0.00781,0.02711,-0.03492,3,10
articulated_coupling,causal_scene_flow_model_v5,noncausal_flow_transformer_proxy,causal_utility,0.01522,0.02155,-0.00633,5,10
articulated_coupling,causal_scene_flow_model_v5,noncausal_flow_transformer_proxy,passive_false_attribution,0.02765,0.00346,0.02419,0,10
articulated_coupling,causal_scene_flow_model_v5,noncausal_flow_transformer_proxy,effect_error,0.05092,0.00797,0.04295,0,10
articulated_coupling,causal_scene_flow_model_v5,noncausal_flow_transformer_proxy,unsafe_contact,-0.03750,0.02509,-0.06259,8,10
articulated_coupling,causal_scene_flow_model_v5,noncausal_flow_transformer_proxy,risk_upper,0.01966,0.00094,0.01872,0,10
articulated_coupling,causal_scene_flow_model_v5,noncausal_flow_transformer_proxy,intervention_consistency,0.11507,0.00198,0.11309,10,10
articulated_coupling,causal_scene_flow_model_v5,learned_correlation_classifier,mask_f1,-0.01588,0.00268,-0.01856,0,10
articulated_coupling,causal_scene_flow_model_v5,learned_correlation_classifier,target_success,-0.02187,0.04749,-0.06936,4,10
articulated_coupling,causal_scene_flow_model_v5,learned_correlation_classifier,causal_utility,-0.01141,0.03650,-0.04792,4,10
articulated_coupling,causal_scene_flow_model_v5,learned_correlation_classifier,passive_false_attribution,0.03334,0.00399,0.02935,0,10
articulated_coupling,causal_scene_flow_model_v5,learned_correlation_classifier,effect_error,0.06593,0.00596,0.05997,0,10
articulated_coupling,causal_scene_flow_model_v5,learned_correlation_classifier,unsafe_contact,-0.01719,0.02679,-0.04398,5,10
articulated_coupling,causal_scene_flow_model_v5,learned_correlation_classifier,risk_upper,0.02363,0.00120,0.02244,0,10
articulated_coupling,causal_scene_flow_model_v5,learned_correlation_classifier,intervention_consistency,0.06844,0.00134,0.06710,10,10
articulated_coupling,causal_scene_flow_model_v5,calibrated_tree_flow_proxy,mask_f1,-0.01692,0.00185,-0.01877,0,10
articulated_coupling,causal_scene_flow_model_v5,calibrated_tree_flow_proxy,target_success,-0.04531,0.04294,-0.08825,2,10
articulated_coupling,causal_scene_flow_model_v5,calibrated_tree_flow_proxy,causal_utility,-0.03655,0.03202,-0.06857,3,10
articulated_coupling,causal_scene_flow_model_v5,calibrated_tree_flow_proxy,passive_false_attribution,0.03132,0.00247,0.02886,0,10
articulated_coupling,causal_scene_flow_model_v5,calibrated_tree_flow_proxy,effect_error,0.06199,0.00614,0.05586,0,10
articulated_coupling,causal_scene_flow_model_v5,calibrated_tree_flow_proxy,unsafe_contact,0.00313,0.02615,-0.02302,5,10
articulated_coupling,causal_scene_flow_model_v5,calibrated_tree_flow_proxy,risk_upper,-0.00413,0.00073,-0.00486,10,10
articulated_coupling,causal_scene_flow_model_v5,calibrated_tree_flow_proxy,intervention_consistency,0.05400,0.00091,0.05309,10,10
articulated_coupling,causal_scene_flow_model_v5,contrastive_action_flow,mask_f1,-0.05029,0.00277,-0.05307,0,10
articulated_coupling,causal_scene_flow_model_v5,contrastive_action_flow,target_success,-0.09531,0.04069,-0.13601,0,10
articulated_coupling,causal_scene_flow_model_v5,contrastive_action_flow,causal_utility,-0.09012,0.02547,-0.11559,0,10
articulated_coupling,causal_scene_flow_model_v5,contrastive_action_flow,passive_false_attribution,0.09840,0.00370,0.09470,0,10
articulated_coupling,causal_scene_flow_model_v5,contrastive_action_flow,effect_error,0.13327,0.00740,0.12587,0,10
articulated_coupling,causal_scene_flow_model_v5,contrastive_action_flow,unsafe_contact,0.00625,0.01780,-0.01155,4,10
articulated_coupling,causal_scene_flow_model_v5,contrastive_action_flow,risk_upper,0.04568,0.00096,0.04472,0,10
articulated_coupling,causal_scene_flow_model_v5,contrastive_action_flow,intervention_consistency,0.05585,0.00108,0.05477,10,10
articulated_coupling,causal_scene_flow_model_v5,scene_flow_transformer_proxy,mask_f1,-0.00158,0.00320,-0.00477,4,10
articulated_coupling,causal_scene_flow_model_v5,scene_flow_transformer_proxy,target_success,-0.02969,0.05134,-0.08102,4,10
articulated_coupling,causal_scene_flow_model_v5,scene_flow_transformer_proxy,causal_utility,-0.00287,0.03540,-0.03827,6,10
articulated_coupling,causal_scene_flow_model_v5,scene_flow_transformer_proxy,passive_false_attribution,0.00292,0.00413,-0.00122,3,10
articulated_coupling,causal_scene_flow_model_v5,scene_flow_transformer_proxy,effect_error,0.03668,0.00525,0.03143,0,10
articulated_coupling,causal_scene_flow_model_v5,scene_flow_transformer_proxy,unsafe_contact,-0.03906,0.03002,-0.06908,8,10
articulated_coupling,causal_scene_flow_model_v5,scene_flow_transformer_proxy,risk_upper,0.01421,0.00123,0.01297,0,10
articulated_coupling,causal_scene_flow_model_v5,scene_flow_transformer_proxy,intervention_consistency,0.05539,0.00101,0.05438,10,10
articulated_coupling,causal_scene_flow_model_v5,world_model_flow_predictor,mask_f1,-0.02093,0.00185,-0.02278,0,10
articulated_coupling,causal_scene_flow_model_v5,world_model_flow_predictor,target_success,-0.06406,0.05562,-0.11969,1,10
articulated_coupling,causal_scene_flow_model_v5,world_model_flow_predictor,causal_utility,-0.04903,0.03828,-0.08730,1,10
articulated_coupling,causal_scene_flow_model_v5,world_model_flow_predictor,passive_false_attribution,0.04160,0.00251,0.03909,0,10
articulated_coupling,causal_scene_flow_model_v5,world_model_flow_predictor,effect_error,0.03966,0.00253,0.03713,0,10
articulated_coupling,causal_scene_flow_model_v5,world_model_flow_predictor,unsafe_contact,-0.00625,0.01780,-0.02405,6,10
articulated_coupling,causal_scene_flow_model_v5,world_model_flow_predictor,risk_upper,0.01086,0.00060,0.01026,0,10
articulated_coupling,causal_scene_flow_model_v5,world_model_flow_predictor,intervention_consistency,0.03573,0.00053,0.03520,10,10
articulated_coupling,causal_scene_flow_model_v5,causal_scene_flow_model_v4,mask_f1,-0.00854,0.00156,-0.01010,0,10
articulated_coupling,causal_scene_flow_model_v5,causal_scene_flow_model_v4,target_success,-0.03906,0.04313,-0.08219,2,10
articulated_coupling,causal_scene_flow_model_v5,causal_scene_flow_model_v4,causal_utility,-0.02461,0.03039,-0.05501,3,10
articulated_coupling,causal_scene_flow_model_v5,causal_scene_flow_model_v4,passive_false_attribution,0.01788,0.00147,0.01642,0,10
articulated_coupling,causal_scene_flow_model_v5,causal_scene_flow_model_v4,effect_error,0.01590,0.00094,0.01496,0,10
articulated_coupling,causal_scene_flow_model_v5,causal_scene_flow_model_v4,unsafe_contact,-0.01250,0.02534,-0.03784,6,10
articulated_coupling,causal_scene_flow_model_v5,causal_scene_flow_model_v4,risk_upper,0.03110,0.00038,0.03073,0,10
articulated_coupling,causal_scene_flow_model_v5,causal_scene_flow_model_v4,intervention_consistency,0.02249,0.00070,0.02179,10,10
articulated_coupling,causal_scene_flow_model_v5,oracle_causal_mask,mask_f1,-0.14709,0.00233,-0.14942,0,10
articulated_coupling,causal_scene_flow_model_v5,oracle_causal_mask,target_success,-0.24688,0.03560,-0.28247,0,10
articulated_coupling,causal_scene_flow_model_v5,oracle_causal_mask,causal_utility,-0.27080,0.02514,-0.29594,0,10
articulated_coupling,causal_scene_flow_model_v5,oracle_causal_mask,passive_false_attribution,0.20898,0.00396,0.20502,0,10
articulated_coupling,causal_scene_flow_model_v5,oracle_causal_mask,effect_error,0.30337,0.00501,0.29836,0,10
articulated_coupling,causal_scene_flow_model_v5,oracle_causal_mask,unsafe_contact,0.04844,0.01246,0.03598,0,10
articulated_coupling,causal_scene_flow_model_v5,oracle_causal_mask,risk_upper,0.15324,0.00094,0.15231,0,10
articulated_coupling,causal_scene_flow_model_v5,oracle_causal_mask,intervention_consistency,-0.11445,0.00196,-0.11641,0,10
clean_contact,causal_scene_flow_model_v5,flow_magnitude_threshold,mask_f1,-0.07776,0.00571,-0.08347,0,10
clean_contact,causal_scene_flow_model_v5,flow_magnitude_threshold,target_success,-0.10625,0.04849,-0.15474,0,10
clean_contact,causal_scene_flow_model_v5,flow_magnitude_threshold,causal_utility,-0.11682,0.03516,-0.15198,0,10
clean_contact,causal_scene_flow_model_v5,flow_magnitude_threshold,passive_false_attribution,0.15560,0.00891,0.14669,0,10
clean_contact,causal_scene_flow_model_v5,flow_magnitude_threshold,effect_error,0.17495,0.00841,0.16654,0,10
clean_contact,causal_scene_flow_model_v5,flow_magnitude_threshold,unsafe_contact,0.02032,0.02418,-0.00386,3,10
clean_contact,causal_scene_flow_model_v5,flow_magnitude_threshold,risk_upper,0.05367,0.00222,0.05144,0,10
clean_contact,causal_scene_flow_model_v5,flow_magnitude_threshold,intervention_consistency,0.05401,0.00259,0.05142,10,10
clean_contact,causal_scene_flow_model_v5,action_direction_projection,mask_f1,0.03602,0.01509,0.02093,9,10
clean_contact,causal_scene_flow_model_v5,action_direction_projection,target_success,0.05625,0.06957,-0.01332,6,10
clean_contact,causal_scene_flow_model_v5,action_direction_projection,causal_utility,0.07410,0.05734,0.01676,9,10
clean_contact,causal_scene_flow_model_v5,action_direction_projection,passive_false_attribution,-0.08645,0.02973,-0.11618,10,10
clean_contact,causal_scene_flow_model_v5,action_direction_projection,effect_error,-0.00376,0.01747,-0.02123,6,10
clean_contact,causal_scene_flow_model_v5,action_direction_projection,unsafe_contact,-0.02187,0.03798,-0.05985,3,10
clean_contact,causal_scene_flow_model_v5,action_direction_projection,risk_upper,-0.02327,0.00801,-0.03128,10,10
clean_contact,causal_scene_flow_model_v5,action_direction_projection,intervention_consistency,0.08743,0.00592,0.08152,10,10
clean_contact,causal_scene_flow_model_v5,rigid_scene_flow_cluster,mask_f1,-0.00966,0.00605,-0.01571,2,10
clean_contact,causal_scene_flow_model_v5,rigid_scene_flow_cluster,target_success,-0.04062,0.05189,-0.09252,2,10
clean_contact,causal_scene_flow_model_v5,rigid_scene_flow_cluster,causal_utility,-0.03676,0.03450,-0.07126,2,10
clean_contact,causal_scene_flow_model_v5,rigid_scene_flow_cluster,passive_false_attribution,0.02313,0.00960,0.01354,0,10
clean_contact,causal_scene_flow_model_v5,rigid_scene_flow_cluster,effect_error,0.02038,0.00972,0.01066,2,10
clean_contact,causal_scene_flow_model_v5,rigid_scene_flow_cluster,unsafe_contact,0.01563,0.02814,-0.01252,5,10
clean_contact,causal_scene_flow_model_v5,rigid_scene_flow_cluster,risk_upper,0.02290,0.00238,0.02053,0,10
clean_contact,causal_scene_flow_model_v5,rigid_scene_flow_cluster,intervention_consistency,0.02372,0.00239,0.02133,10,10
clean_contact,causal_scene_flow_model_v5,temporal_difference_mask,mask_f1,-0.07021,0.00507,-0.07528,0,10
clean_contact,causal_scene_flow_model_v5,temporal_difference_mask,target_success,-0.09844,0.03197,-0.13041,1,10
clean_contact,causal_scene_flow_model_v5,temporal_difference_mask,causal_utility,-0.10803,0.01915,-0.12718,0,10
clean_contact,causal_scene_flow_model_v5,temporal_difference_mask,passive_false_attribution,0.13697,0.00818,0.12879,0,10
clean_contact,causal_scene_flow_model_v5,temporal_difference_mask,effect_error,0.14847,0.00969,0.13878,0,10
clean_contact,causal_scene_flow_model_v5,temporal_difference_mask,unsafe_contact,0.02501,0.03235,-0.00734,3,10
clean_contact,causal_scene_flow_model_v5,temporal_difference_mask,risk_upper,0.04281,0.00198,0.04083,0,10
clean_contact,causal_scene_flow_model_v5,temporal_difference_mask,intervention_consistency,0.05378,0.00239,0.05139,10,10
clean_contact,causal_scene_flow_model_v5,noncausal_flow_transformer_proxy,mask_f1,-0.04659,0.00468,-0.05126,0,10
clean_contact,causal_scene_flow_model_v5,noncausal_flow_transformer_proxy,target_success,-0.06406,0.03965,-0.10372,1,10
clean_contact,causal_scene_flow_model_v5,noncausal_flow_transformer_proxy,causal_utility,-0.06071,0.03191,-0.09262,1,10
clean_contact,causal_scene_flow_model_v5,noncausal_flow_transformer_proxy,passive_false_attribution,0.08480,0.00667,0.07814,0,10
clean_contact,causal_scene_flow_model_v5,noncausal_flow_transformer_proxy,effect_error,0.09392,0.00624,0.08767,0,10
clean_contact,causal_scene_flow_model_v5,noncausal_flow_transformer_proxy,unsafe_contact,0.01094,0.01829,-0.00735,3,10
clean_contact,causal_scene_flow_model_v5,noncausal_flow_transformer_proxy,risk_upper,0.03751,0.00162,0.03590,0,10
clean_contact,causal_scene_flow_model_v5,noncausal_flow_transformer_proxy,intervention_consistency,0.09445,0.00187,0.09258,10,10
clean_contact,causal_scene_flow_model_v5,learned_correlation_classifier,mask_f1,-0.02083,0.00435,-0.02518,0,10
clean_contact,causal_scene_flow_model_v5,learned_correlation_classifier,target_success,-0.05156,0.04723,-0.09880,2,10
clean_contact,causal_scene_flow_model_v5,learned_correlation_classifier,causal_utility,-0.04035,0.03364,-0.07399,2,10
clean_contact,causal_scene_flow_model_v5,learned_correlation_classifier,passive_false_attribution,0.03815,0.00758,0.03057,0,10
clean_contact,causal_scene_flow_model_v5,learned_correlation_classifier,effect_error,0.04541,0.00611,0.03930,0,10
clean_contact,causal_scene_flow_model_v5,learned_correlation_classifier,unsafe_contact,0.00469,0.02741,-0.02272,5,10
clean_contact,causal_scene_flow_model_v5,learned_correlation_classifier,risk_upper,0.02503,0.00191,0.02312,0,10
clean_contact,causal_scene_flow_model_v5,learned_correlation_classifier,intervention_consistency,0.06720,0.00149,0.06571,10,10
clean_contact,causal_scene_flow_model_v5,calibrated_tree_flow_proxy,mask_f1,-0.02987,0.00322,-0.03309,0,10
clean_contact,causal_scene_flow_model_v5,calibrated_tree_flow_proxy,target_success,-0.04844,0.04948,-0.09791,3,10
clean_contact,causal_scene_flow_model_v5,calibrated_tree_flow_proxy,causal_utility,-0.04423,0.03439,-0.07862,3,10
clean_contact,causal_scene_flow_model_v5,calibrated_tree_flow_proxy,passive_false_attribution,0.05096,0.00541,0.04555,0,10
clean_contact,causal_scene_flow_model_v5,calibrated_tree_flow_proxy,effect_error,0.05863,0.00500,0.05363,0,10
clean_contact,causal_scene_flow_model_v5,calibrated_tree_flow_proxy,unsafe_contact,0.00625,0.01307,-0.00682,3,10
clean_contact,causal_scene_flow_model_v5,calibrated_tree_flow_proxy,risk_upper,-0.00000,0.00132,-0.00133,7,10
clean_contact,causal_scene_flow_model_v5,calibrated_tree_flow_proxy,intervention_consistency,0.05283,0.00117,0.05166,10,10
clean_contact,causal_scene_flow_model_v5,contrastive_action_flow,mask_f1,-0.05663,0.00441,-0.06104,0,10
clean_contact,causal_scene_flow_model_v5,contrastive_action_flow,target_success,-0.07656,0.03913,-0.11569,1,10
clean_contact,causal_scene_flow_model_v5,contrastive_action_flow,causal_utility,-0.07281,0.03016,-0.10296,1,10
clean_contact,causal_scene_flow_model_v5,contrastive_action_flow,passive_false_attribution,0.09610,0.00645,0.08965,0,10
clean_contact,causal_scene_flow_model_v5,contrastive_action_flow,effect_error,0.10885,0.00700,0.10185,0,10
clean_contact,causal_scene_flow_model_v5,contrastive_action_flow,unsafe_contact,-0.00468,0.03418,-0.03886,6,10
clean_contact,causal_scene_flow_model_v5,contrastive_action_flow,risk_upper,0.04462,0.00159,0.04303,0,10
clean_contact,causal_scene_flow_model_v5,contrastive_action_flow,intervention_consistency,0.05185,0.00171,0.05014,10,10
clean_contact,causal_scene_flow_model_v5,scene_flow_transformer_proxy,mask_f1,-0.02078,0.00338,-0.02416,0,10
clean_contact,causal_scene_flow_model_v5,scene_flow_transformer_proxy,target_success,-0.00313,0.04718,-0.05030,4,10
clean_contact,causal_scene_flow_model_v5,scene_flow_transformer_proxy,causal_utility,-0.00883,0.03216,-0.04099,4,10
clean_contact,causal_scene_flow_model_v5,scene_flow_transformer_proxy,passive_false_attribution,0.03566,0.00555,0.03012,0,10
clean_contact,causal_scene_flow_model_v5,scene_flow_transformer_proxy,effect_error,0.04343,0.00454,0.03889,0,10
clean_contact,causal_scene_flow_model_v5,scene_flow_transformer_proxy,unsafe_contact,0.00469,0.01212,-0.00743,3,10
clean_contact,causal_scene_flow_model_v5,scene_flow_transformer_proxy,risk_upper,0.02409,0.00138,0.02271,0,10
clean_contact,causal_scene_flow_model_v5,scene_flow_transformer_proxy,intervention_consistency,0.04380,0.00145,0.04235,10,10
clean_contact,causal_scene_flow_model_v5,world_model_flow_predictor,mask_f1,-0.02848,0.00160,-0.03008,0,10
clean_contact,causal_scene_flow_model_v5,world_model_flow_predictor,target_success,-0.05000,0.04762,-0.09762,3,10
clean_contact,causal_scene_flow_model_v5,world_model_flow_predictor,causal_utility,-0.04756,0.03456,-0.08212,3,10
clean_contact,causal_scene_flow_model_v5,world_model_flow_predictor,passive_false_attribution,0.04847,0.00290,0.04557,0,10
clean_contact,causal_scene_flow_model_v5,world_model_flow_predictor,effect_error,0.04626,0.00249,0.04377,0,10
clean_contact,causal_scene_flow_model_v5,world_model_flow_predictor,unsafe_contact,0.00938,0.02550,-0.01612,2,10
clean_contact,causal_scene_flow_model_v5,world_model_flow_predictor,risk_upper,0.01189,0.00067,0.01122,0,10
clean_contact,causal_scene_flow_model_v5,world_model_flow_predictor,intervention_consistency,0.03305,0.00079,0.03226,10,10
clean_contact,causal_scene_flow_model_v5,causal_scene_flow_model_v4,mask_f1,-0.00204,0.00105,-0.00309,2,10
clean_contact,causal_scene_flow_model_v5,causal_scene_flow_model_v4,target_success,0.02188,0.04705,-0.02517,5,10
clean_contact,causal_scene_flow_model_v5,causal_scene_flow_model_v4,causal_utility,0.01746,0.03336,-0.01590,5,10
clean_contact,causal_scene_flow_model_v5,causal_scene_flow_model_v4,passive_false_attribution,0.00437,0.00168,0.00269,1,10
clean_contact,causal_scene_flow_model_v5,causal_scene_flow_model_v4,effect_error,0.00428,0.00145,0.00283,0,10
clean_contact,causal_scene_flow_model_v5,causal_scene_flow_model_v4,unsafe_contact,0.00000,0.02328,-0.02328,5,10
clean_contact,causal_scene_flow_model_v5,causal_scene_flow_model_v4,risk_upper,0.02694,0.00041,0.02653,0,10
clean_contact,causal_scene_flow_model_v5,causal_scene_flow_model_v4,intervention_consistency,0.02717,0.00057,0.02659,10,10
clean_contact,causal_scene_flow_model_v5,oracle_causal_mask,mask_f1,-0.10843,0.00567,-0.11410,0,10
clean_contact,causal_scene_flow_model_v5,oracle_causal_mask,target_success,-0.18438,0.03501,-0.21938,0,10
clean_contact,causal_scene_flow_model_v5,oracle_causal_mask,causal_utility,-0.20324,0.02156,-0.22479,0,10
clean_contact,causal_scene_flow_model_v5,oracle_causal_mask,passive_false_attribution,0.15829,0.00898,0.14931,0,10
clean_contact,causal_scene_flow_model_v5,oracle_causal_mask,effect_error,0.21122,0.00847,0.20275,0,10
clean_contact,causal_scene_flow_model_v5,oracle_causal_mask,unsafe_contact,0.04376,0.02180,0.02196,1,10
clean_contact,causal_scene_flow_model_v5,oracle_causal_mask,risk_upper,0.13003,0.00233,0.12770,0,10
clean_contact,causal_scene_flow_model_v5,oracle_causal_mask,intervention_consistency,-0.07838,0.00281,-0.08118,0,10
combined_hard_shift,causal_scene_flow_model_v5,flow_magnitude_threshold,mask_f1,0.40231,0.00538,0.39693,10,10
combined_hard_shift,causal_scene_flow_model_v5,flow_magnitude_threshold,target_success,0.50156,0.05430,0.44727,10,10
combined_hard_shift,causal_scene_flow_model_v5,flow_magnitude_threshold,causal_utility,0.66055,0.03679,0.62376,10,10
combined_hard_shift,causal_scene_flow_model_v5,flow_magnitude_threshold,passive_false_attribution,-0.69598,0.00870,-0.70468,10,10
combined_hard_shift,causal_scene_flow_model_v5,flow_magnitude_threshold,effect_error,-0.36955,0.03728,-0.40683,10,10
combined_hard_shift,causal_scene_flow_model_v5,flow_magnitude_threshold,unsafe_contact,-0.23907,0.02044,-0.25951,10,10
combined_hard_shift,causal_scene_flow_model_v5,flow_magnitude_threshold,risk_upper,-0.21092,0.00228,-0.21319,10,10
combined_hard_shift,causal_scene_flow_model_v5,flow_magnitude_threshold,intervention_consistency,0.44448,0.00460,0.43988,10,10
combined_hard_shift,causal_scene_flow_model_v5,action_direction_projection,mask_f1,0.18271,0.00821,0.17450,10,10
combined_hard_shift,causal_scene_flow_model_v5,action_direction_projection,target_success,0.19531,0.06163,0.13368,9,10
combined_hard_shift,causal_scene_flow_model_v5,action_direction_projection,causal_utility,0.23907,0.04151,0.19756,10,10
combined_hard_shift,causal_scene_flow_model_v5,action_direction_projection,passive_false_attribution,-0.22579,0.01481,-0.24060,10,10
combined_hard_shift,causal_scene_flow_model_v5,action_direction_projection,effect_error,0.07167,0.02034,0.05133,0,10
combined_hard_shift,causal_scene_flow_model_v5,action_direction_projection,unsafe_contact,-0.09062,0.02844,-0.11906,10,10
combined_hard_shift,causal_scene_flow_model_v5,action_direction_projection,risk_upper,-0.06056,0.00485,-0.06541,10,10
combined_hard_shift,causal_scene_flow_model_v5,action_direction_projection,intervention_consistency,0.14750,0.00473,0.14277,10,10
combined_hard_shift,causal_scene_flow_model_v5,rigid_scene_flow_cluster,mask_f1,0.23829,0.00457,0.23372,10,10
combined_hard_shift,causal_scene_flow_model_v5,rigid_scene_flow_cluster,target_success,0.39844,0.06163,0.33681,10,10
combined_hard_shift,causal_scene_flow_model_v5,rigid_scene_flow_cluster,causal_utility,0.52055,0.04846,0.47208,10,10
combined_hard_shift,causal_scene_flow_model_v5,rigid_scene_flow_cluster,passive_false_attribution,-0.72051,0.00807,-0.72859,10,10
combined_hard_shift,causal_scene_flow_model_v5,rigid_scene_flow_cluster,effect_error,-0.33880,0.03659,-0.37539,10,10
combined_hard_shift,causal_scene_flow_model_v5,rigid_scene_flow_cluster,unsafe_contact,-0.18906,0.04220,-0.23126,10,10
combined_hard_shift,causal_scene_flow_model_v5,rigid_scene_flow_cluster,risk_upper,-0.19093,0.00210,-0.19303,10,10
combined_hard_shift,causal_scene_flow_model_v5,rigid_scene_flow_cluster,intervention_consistency,0.23884,0.00367,0.23518,10,10
combined_hard_shift,causal_scene_flow_model_v5,temporal_difference_mask,mask_f1,0.37005,0.00525,0.36480,10,10
combined_hard_shift,causal_scene_flow_model_v5,temporal_difference_mask,target_success,0.49062,0.03629,0.45433,10,10
combined_hard_shift,causal_scene_flow_model_v5,temporal_difference_mask,causal_utility,0.65046,0.02763,0.62283,10,10
combined_hard_shift,causal_scene_flow_model_v5,temporal_difference_mask,passive_false_attribution,-0.70833,0.00822,-0.71654,10,10
combined_hard_shift,causal_scene_flow_model_v5,temporal_difference_mask,effect_error,-0.34698,0.03500,-0.38199,10,10
combined_hard_shift,causal_scene_flow_model_v5,temporal_difference_mask,unsafe_contact,-0.26094,0.01885,-0.27979,10,10
combined_hard_shift,causal_scene_flow_model_v5,temporal_difference_mask,risk_upper,-0.21512,0.00223,-0.21735,10,10
combined_hard_shift,causal_scene_flow_model_v5,temporal_difference_mask,intervention_consistency,0.40048,0.00345,0.39703,10,10
combined_hard_shift,causal_scene_flow_model_v5,noncausal_flow_transformer_proxy,mask_f1,0.21014,0.00500,0.20514,10,10
combined_hard_shift,causal_scene_flow_model_v5,noncausal_flow_transformer_proxy,target_success,0.30938,0.05080,0.25858,10,10
combined_hard_shift,causal_scene_flow_model_v5,noncausal_flow_transformer_proxy,causal_utility,0.40804,0.03752,0.37052,10,10
combined_hard_shift,causal_scene_flow_model_v5,noncausal_flow_transformer_proxy,passive_false_attribution,-0.47904,0.00853,-0.48757,10,10
combined_hard_shift,causal_scene_flow_model_v5,noncausal_flow_transformer_proxy,effect_error,-0.25889,0.03476,-0.29364,10,10
combined_hard_shift,causal_scene_flow_model_v5,noncausal_flow_transformer_proxy,unsafe_contact,-0.15313,0.02987,-0.18299,10,10
combined_hard_shift,causal_scene_flow_model_v5,noncausal_flow_transformer_proxy,risk_upper,-0.11925,0.00234,-0.12159,10,10
combined_hard_shift,causal_scene_flow_model_v5,noncausal_flow_transformer_proxy,intervention_consistency,0.24764,0.00357,0.24407,10,10
combined_hard_shift,causal_scene_flow_model_v5,learned_correlation_classifier,mask_f1,0.01728,0.00534,0.01195,10,10
combined_hard_shift,causal_scene_flow_model_v5,learned_correlation_classifier,target_success,0.03594,0.04589,-0.00995,8,10
combined_hard_shift,causal_scene_flow_model_v5,learned_correlation_classifier,causal_utility,0.04681,0.03261,0.01420,8,10
combined_hard_shift,causal_scene_flow_model_v5,learned_correlation_classifier,passive_false_attribution,-0.05001,0.00959,-0.05960,10,10
combined_hard_shift,causal_scene_flow_model_v5,learned_correlation_classifier,effect_error,0.17927,0.02184,0.15743,0,10
combined_hard_shift,causal_scene_flow_model_v5,learned_correlation_classifier,unsafe_contact,-0.03750,0.02509,-0.06259,8,10
combined_hard_shift,causal_scene_flow_model_v5,learned_correlation_classifier,risk_upper,0.00354,0.00263,0.00090,2,10
combined_hard_shift,causal_scene_flow_model_v5,learned_correlation_classifier,intervention_consistency,0.08454,0.00168,0.08286,10,10
combined_hard_shift,causal_scene_flow_model_v5,calibrated_tree_flow_proxy,mask_f1,-0.00831,0.00410,-0.01241,2,10
combined_hard_shift,causal_scene_flow_model_v5,calibrated_tree_flow_proxy,target_success,-0.03906,0.05939,-0.09845,3,10
combined_hard_shift,causal_scene_flow_model_v5,calibrated_tree_flow_proxy,causal_utility,-0.03101,0.04679,-0.07780,4,10
combined_hard_shift,causal_scene_flow_model_v5,calibrated_tree_flow_proxy,passive_false_attribution,-0.00565,0.00554,-0.01119,7,10
combined_hard_shift,causal_scene_flow_model_v5,calibrated_tree_flow_proxy,effect_error,0.17800,0.02109,0.15690,0,10
combined_hard_shift,causal_scene_flow_model_v5,calibrated_tree_flow_proxy,unsafe_contact,-0.00313,0.03056,-0.03368,5,10
combined_hard_shift,causal_scene_flow_model_v5,calibrated_tree_flow_proxy,risk_upper,-0.00921,0.00153,-0.01074,10,10
combined_hard_shift,causal_scene_flow_model_v5,calibrated_tree_flow_proxy,intervention_consistency,0.05447,0.00172,0.05275,10,10
combined_hard_shift,causal_scene_flow_model_v5,contrastive_action_flow,mask_f1,0.01399,0.00630,0.00768,10,10
combined_hard_shift,causal_scene_flow_model_v5,contrastive_action_flow,target_success,-0.02031,0.03794,-0.05825,3,10
combined_hard_shift,causal_scene_flow_model_v5,contrastive_action_flow,causal_utility,-0.00301,0.02892,-0.03193,3,10
combined_hard_shift,causal_scene_flow_model_v5,contrastive_action_flow,passive_false_attribution,0.02280,0.00767,0.01513,1,10
combined_hard_shift,causal_scene_flow_model_v5,contrastive_action_flow,effect_error,0.24056,0.02195,0.21861,0,10
combined_hard_shift,causal_scene_flow_model_v5,contrastive_action_flow,unsafe_contact,-0.04375,0.02575,-0.06950,8,10
combined_hard_shift,causal_scene_flow_model_v5,contrastive_action_flow,risk_upper,0.02910,0.00219,0.02690,0,10
combined_hard_shift,causal_scene_flow_model_v5,contrastive_action_flow,intervention_consistency,0.08656,0.00276,0.08380,10,10
combined_hard_shift,causal_scene_flow_model_v5,scene_flow_transformer_proxy,mask_f1,0.04846,0.00577,0.04269,10,10
combined_hard_shift,causal_scene_flow_model_v5,scene_flow_transformer_proxy,target_success,0.02500,0.05308,-0.02808,5,10
combined_hard_shift,causal_scene_flow_model_v5,scene_flow_transformer_proxy,causal_utility,0.06963,0.04256,0.02708,9,10
combined_hard_shift,causal_scene_flow_model_v5,scene_flow_transformer_proxy,passive_false_attribution,-0.15850,0.01399,-0.17249,10,10
combined_hard_shift,causal_scene_flow_model_v5,scene_flow_transformer_proxy,effect_error,0.09203,0.02047,0.07156,0,10
combined_hard_shift,causal_scene_flow_model_v5,scene_flow_transformer_proxy,unsafe_contact,-0.05469,0.02633,-0.08101,9,10
combined_hard_shift,causal_scene_flow_model_v5,scene_flow_transformer_proxy,risk_upper,-0.02901,0.00375,-0.03277,10,10
combined_hard_shift,causal_scene_flow_model_v5,scene_flow_transformer_proxy,intervention_consistency,0.09330,0.00225,0.09104,10,10
combined_hard_shift,causal_scene_flow_model_v5,world_model_flow_predictor,mask_f1,-0.01188,0.00194,-0.01382,0,10
combined_hard_shift,causal_scene_flow_model_v5,world_model_flow_predictor,target_success,-0.03281,0.07466,-0.10747,4,10
combined_hard_shift,causal_scene_flow_model_v5,world_model_flow_predictor,causal_utility,-0.02752,0.05586,-0.08339,3,10
combined_hard_shift,causal_scene_flow_model_v5,world_model_flow_predictor,passive_false_attribution,0.04059,0.00384,0.03675,0,10
combined_hard_shift,causal_scene_flow_model_v5,world_model_flow_predictor,effect_error,0.03930,0.00402,0.03528,0,10
combined_hard_shift,causal_scene_flow_model_v5,world_model_flow_predictor,unsafe_contact,0.00000,0.02328,-0.02328,4,10
combined_hard_shift,causal_scene_flow_model_v5,world_model_flow_predictor,risk_upper,0.01399,0.00089,0.01311,0,10
combined_hard_shift,causal_scene_flow_model_v5,world_model_flow_predictor,intervention_consistency,0.03812,0.00101,0.03711,10,10
combined_hard_shift,causal_scene_flow_model_v5,causal_scene_flow_model_v4,mask_f1,-0.01259,0.00127,-0.01386,0,10
combined_hard_shift,causal_scene_flow_model_v5,causal_scene_flow_model_v4,target_success,-0.03281,0.03693,-0.06975,3,10
combined_hard_shift,causal_scene_flow_model_v5,causal_scene_flow_model_v4,causal_utility,-0.02201,0.02866,-0.05067,4,10
combined_hard_shift,causal_scene_flow_model_v5,causal_scene_flow_model_v4,passive_false_attribution,0.02913,0.00288,0.02625,0,10
combined_hard_shift,causal_scene_flow_model_v5,causal_scene_flow_model_v4,effect_error,0.00918,0.00276,0.00642,0,10
combined_hard_shift,causal_scene_flow_model_v5,causal_scene_flow_model_v4,unsafe_contact,-0.01406,0.01852,-0.03258,6,10
combined_hard_shift,causal_scene_flow_model_v5,causal_scene_flow_model_v4,risk_upper,0.03773,0.00069,0.03705,0,10
combined_hard_shift,causal_scene_flow_model_v5,causal_scene_flow_model_v4,intervention_consistency,0.01633,0.00076,0.01557,10,10
combined_hard_shift,causal_scene_flow_model_v5,oracle_causal_mask,mask_f1,-0.23950,0.00576,-0.24526,0,10
combined_hard_shift,causal_scene_flow_model_v5,oracle_causal_mask,target_success,-0.39063,0.04744,-0.43807,0,10
combined_hard_shift,causal_scene_flow_model_v5,oracle_causal_mask,causal_utility,-0.43330,0.03626,-0.46956,0,10
combined_hard_shift,causal_scene_flow_model_v5,oracle_causal_mask,passive_false_attribution,0.27090,0.00804,0.26286,0,10
combined_hard_shift,causal_scene_flow_model_v5,oracle_causal_mask,effect_error,0.54288,0.02186,0.52103,0,10
combined_hard_shift,causal_scene_flow_model_v5,oracle_causal_mask,unsafe_contact,0.08750,0.01385,0.07365,0,10
combined_hard_shift,causal_scene_flow_model_v5,oracle_causal_mask,risk_upper,0.19273,0.00207,0.19066,0,10
combined_hard_shift,causal_scene_flow_model_v5,oracle_causal_mask,intervention_consistency,-0.20799,0.00384,-0.21183,0,10
distractor_contact_shift,causal_scene_flow_model_v5,flow_magnitude_threshold,mask_f1,0.34912,0.00792,0.34120,10,10
distractor_contact_shift,causal_scene_flow_model_v5,flow_magnitude_threshold,target_success,0.52187,0.03330,0.48858,10,10
distractor_contact_shift,causal_scene_flow_model_v5,flow_magnitude_threshold,causal_utility,0.64481,0.03524,0.60957,10,10
distractor_contact_shift,causal_scene_flow_model_v5,flow_magnitude_threshold,passive_false_attribution,-0.70349,0.01184,-0.71533,10,10
distractor_contact_shift,causal_scene_flow_model_v5,flow_magnitude_threshold,effect_error,-0.24090,0.03372,-0.27462,10,10
distractor_contact_shift,causal_scene_flow_model_v5,flow_magnitude_threshold,unsafe_contact,-0.21875,0.04473,-0.26348,10,10
distractor_contact_shift,causal_scene_flow_model_v5,flow_magnitude_threshold,risk_upper,-0.20770,0.00317,-0.21087,10,10
distractor_contact_shift,causal_scene_flow_model_v5,flow_magnitude_threshold,intervention_consistency,0.38351,0.00720,0.37631,10,10
distractor_contact_shift,causal_scene_flow_model_v5,action_direction_projection,mask_f1,0.16157,0.01286,0.14870,10,10
distractor_contact_shift,causal_scene_flow_model_v5,action_direction_projection,target_success,0.23438,0.05402,0.18036,10,10
distractor_contact_shift,causal_scene_flow_model_v5,action_direction_projection,causal_utility,0.26293,0.04163,0.22130,10,10
distractor_contact_shift,causal_scene_flow_model_v5,action_direction_projection,passive_false_attribution,-0.24693,0.03079,-0.27772,10,10
distractor_contact_shift,causal_scene_flow_model_v5,action_direction_projection,effect_error,0.06356,0.01322,0.05034,0,10
distractor_contact_shift,causal_scene_flow_model_v5,action_direction_projection,unsafe_contact,-0.08750,0.05576,-0.14326,9,10
distractor_contact_shift,causal_scene_flow_model_v5,action_direction_projection,risk_upper,-0.07118,0.00918,-0.08036,10,10
distractor_contact_shift,causal_scene_flow_model_v5,action_direction_projection,intervention_consistency,0.13081,0.00589,0.12493,10,10
distractor_contact_shift,causal_scene_flow_model_v5,rigid_scene_flow_cluster,mask_f1,0.22694,0.00671,0.22023,10,10
distractor_contact_shift,causal_scene_flow_model_v5,rigid_scene_flow_cluster,target_success,0.40156,0.06473,0.33683,10,10
distractor_contact_shift,causal_scene_flow_model_v5,rigid_scene_flow_cluster,causal_utility,0.48269,0.04922,0.43347,10,10
distractor_contact_shift,causal_scene_flow_model_v5,rigid_scene_flow_cluster,passive_false_attribution,-0.59748,0.01125,-0.60873,10,10
distractor_contact_shift,causal_scene_flow_model_v5,rigid_scene_flow_cluster,effect_error,-0.20763,0.03134,-0.23897,10,10
distractor_contact_shift,causal_scene_flow_model_v5,rigid_scene_flow_cluster,unsafe_contact,-0.15781,0.04688,-0.20469,9,10
distractor_contact_shift,causal_scene_flow_model_v5,rigid_scene_flow_cluster,risk_upper,-0.15928,0.00298,-0.16225,10,10
distractor_contact_shift,causal_scene_flow_model_v5,rigid_scene_flow_cluster,intervention_consistency,0.20269,0.00609,0.19660,10,10
distractor_contact_shift,causal_scene_flow_model_v5,temporal_difference_mask,mask_f1,0.35044,0.00919,0.34126,10,10
distractor_contact_shift,causal_scene_flow_model_v5,temporal_difference_mask,target_success,0.52656,0.06023,0.46633,10,10
distractor_contact_shift,causal_scene_flow_model_v5,temporal_difference_mask,causal_utility,0.64451,0.05353,0.59098,10,10
distractor_contact_shift,causal_scene_flow_model_v5,temporal_difference_mask,passive_false_attribution,-0.68015,0.01271,-0.69286,10,10
distractor_contact_shift,causal_scene_flow_model_v5,temporal_difference_mask,effect_error,-0.26373,0.03249,-0.29622,10,10
distractor_contact_shift,causal_scene_flow_model_v5,temporal_difference_mask,unsafe_contact,-0.21875,0.05343,-0.27218,10,10
distractor_contact_shift,causal_scene_flow_model_v5,temporal_difference_mask,risk_upper,-0.20538,0.00341,-0.20879,10,10
distractor_contact_shift,causal_scene_flow_model_v5,temporal_difference_mask,intervention_consistency,0.36378,0.00681,0.35698,10,10
distractor_contact_shift,causal_scene_flow_model_v5,noncausal_flow_transformer_proxy,mask_f1,0.10102,0.00728,0.09374,10,10
distractor_contact_shift,causal_scene_flow_model_v5,noncausal_flow_transformer_proxy,target_success,0.17813,0.05558,0.12255,10,10
distractor_contact_shift,causal_scene_flow_model_v5,noncausal_flow_transformer_proxy,causal_utility,0.22135,0.04979,0.17156,10,10
distractor_contact_shift,causal_scene_flow_model_v5,noncausal_flow_transformer_proxy,passive_false_attribution,-0.16701,0.01065,-0.17766,10,10
distractor_contact_shift,causal_scene_flow_model_v5,noncausal_flow_transformer_proxy,effect_error,-0.05290,0.02202,-0.07492,9,10
distractor_contact_shift,causal_scene_flow_model_v5,noncausal_flow_transformer_proxy,unsafe_contact,-0.10312,0.03879,-0.14192,10,10
distractor_contact_shift,causal_scene_flow_model_v5,noncausal_flow_transformer_proxy,risk_upper,-0.03918,0.00283,-0.04201,10,10
distractor_contact_shift,causal_scene_flow_model_v5,noncausal_flow_transformer_proxy,intervention_consistency,0.16798,0.00534,0.16264,10,10
distractor_contact_shift,causal_scene_flow_model_v5,learned_correlation_classifier,mask_f1,0.00456,0.00295,0.00161,8,10
distractor_contact_shift,causal_scene_flow_model_v5,learned_correlation_classifier,target_success,0.03906,0.04548,-0.00642,7,10
distractor_contact_shift,causal_scene_flow_model_v5,learned_correlation_classifier,causal_utility,0.05179,0.03305,0.01874,8,10
distractor_contact_shift,causal_scene_flow_model_v5,learned_correlation_classifier,passive_false_attribution,-0.01575,0.00659,-0.02235,10,10
distractor_contact_shift,causal_scene_flow_model_v5,learned_correlation_classifier,effect_error,0.13361,0.01473,0.11888,0,10
distractor_contact_shift,causal_scene_flow_model_v5,learned_correlation_classifier,unsafe_contact,-0.05937,0.03349,-0.09286,8,10
distractor_contact_shift,causal_scene_flow_model_v5,learned_correlation_classifier,risk_upper,0.00837,0.00204,0.00633,0,10
distractor_contact_shift,causal_scene_flow_model_v5,learned_correlation_classifier,intervention_consistency,0.07057,0.00223,0.06834,10,10
distractor_contact_shift,causal_scene_flow_model_v5,calibrated_tree_flow_proxy,mask_f1,-0.00929,0.00203,-0.01132,0,10
distractor_contact_shift,causal_scene_flow_model_v5,calibrated_tree_flow_proxy,target_success,0.04063,0.07615,-0.03552,6,10
distractor_contact_shift,causal_scene_flow_model_v5,calibrated_tree_flow_proxy,causal_utility,0.03409,0.06223,-0.02815,6,10
distractor_contact_shift,causal_scene_flow_model_v5,calibrated_tree_flow_proxy,passive_false_attribution,0.00935,0.00419,0.00516,1,10
distractor_contact_shift,causal_scene_flow_model_v5,calibrated_tree_flow_proxy,effect_error,0.12310,0.01111,0.11199,0,10
distractor_contact_shift,causal_scene_flow_model_v5,calibrated_tree_flow_proxy,unsafe_contact,-0.02656,0.04876,-0.07532,6,10
distractor_contact_shift,causal_scene_flow_model_v5,calibrated_tree_flow_proxy,risk_upper,-0.00928,0.00122,-0.01051,10,10
distractor_contact_shift,causal_scene_flow_model_v5,calibrated_tree_flow_proxy,intervention_consistency,0.05069,0.00199,0.04870,10,10
distractor_contact_shift,causal_scene_flow_model_v5,contrastive_action_flow,mask_f1,-0.01225,0.00285,-0.01510,0,10
distractor_contact_shift,causal_scene_flow_model_v5,contrastive_action_flow,target_success,-0.00156,0.06167,-0.06323,4,10
distractor_contact_shift,causal_scene_flow_model_v5,contrastive_action_flow,causal_utility,-0.00118,0.04714,-0.04832,5,10
distractor_contact_shift,causal_scene_flow_model_v5,contrastive_action_flow,passive_false_attribution,0.04216,0.00464,0.03752,0,10
distractor_contact_shift,causal_scene_flow_model_v5,contrastive_action_flow,effect_error,0.19495,0.01621,0.17874,0,10
distractor_contact_shift,causal_scene_flow_model_v5,contrastive_action_flow,unsafe_contact,-0.02969,0.02831,-0.05800,7,10
distractor_contact_shift,causal_scene_flow_model_v5,contrastive_action_flow,risk_upper,0.03077,0.00137,0.02939,0,10
distractor_contact_shift,causal_scene_flow_model_v5,contrastive_action_flow,intervention_consistency,0.06622,0.00243,0.06379,10,10
distractor_contact_shift,causal_scene_flow_model_v5,scene_flow_transformer_proxy,mask_f1,0.05376,0.00714,0.04661,10,10
distractor_contact_shift,causal_scene_flow_model_v5,scene_flow_transformer_proxy,target_success,0.11562,0.04239,0.07324,9,10
distractor_contact_shift,causal_scene_flow_model_v5,scene_flow_transformer_proxy,causal_utility,0.13914,0.03926,0.09988,10,10
distractor_contact_shift,causal_scene_flow_model_v5,scene_flow_transformer_proxy,passive_false_attribution,-0.12119,0.01416,-0.13535,10,10
distractor_contact_shift,causal_scene_flow_model_v5,scene_flow_transformer_proxy,effect_error,0.02287,0.01771,0.00516,3,10
distractor_contact_shift,causal_scene_flow_model_v5,scene_flow_transformer_proxy,unsafe_contact,-0.07344,0.03098,-0.10442,9,10
distractor_contact_shift,causal_scene_flow_model_v5,scene_flow_transformer_proxy,risk_upper,-0.02347,0.00400,-0.02747,10,10
distractor_contact_shift,causal_scene_flow_model_v5,scene_flow_transformer_proxy,intervention_consistency,0.08325,0.00271,0.08054,10,10
distractor_contact_shift,causal_scene_flow_model_v5,world_model_flow_predictor,mask_f1,-0.01371,0.00249,-0.01620,0,10
distractor_contact_shift,causal_scene_flow_model_v5,world_model_flow_predictor,target_success,0.00938,0.04593,-0.03655,5,10
distractor_contact_shift,causal_scene_flow_model_v5,world_model_flow_predictor,causal_utility,-0.00374,0.03680,-0.04054,5,10
distractor_contact_shift,causal_scene_flow_model_v5,world_model_flow_predictor,passive_false_attribution,0.03822,0.00334,0.03488,0,10
distractor_contact_shift,causal_scene_flow_model_v5,world_model_flow_predictor,effect_error,0.04702,0.00628,0.04074,0,10
distractor_contact_shift,causal_scene_flow_model_v5,world_model_flow_predictor,unsafe_contact,0.01406,0.03369,-0.01962,3,10
distractor_contact_shift,causal_scene_flow_model_v5,world_model_flow_predictor,risk_upper,0.01084,0.00077,0.01007,0,10
distractor_contact_shift,causal_scene_flow_model_v5,world_model_flow_predictor,intervention_consistency,0.03637,0.00095,0.03542,10,10
distractor_contact_shift,causal_scene_flow_model_v5,causal_scene_flow_model_v4,mask_f1,-0.01028,0.00212,-0.01241,0,10
distractor_contact_shift,causal_scene_flow_model_v5,causal_scene_flow_model_v4,target_success,0.01094,0.05536,-0.04442,4,10
distractor_contact_shift,causal_scene_flow_model_v5,causal_scene_flow_model_v4,causal_utility,0.00451,0.04503,-0.04051,6,10
distractor_contact_shift,causal_scene_flow_model_v5,causal_scene_flow_model_v4,passive_false_attribution,0.02504,0.00351,0.02153,0,10
distractor_contact_shift,causal_scene_flow_model_v5,causal_scene_flow_model_v4,effect_error,0.02139,0.00452,0.01686,0,10
distractor_contact_shift,causal_scene_flow_model_v5,causal_scene_flow_model_v4,unsafe_contact,-0.00156,0.04318,-0.04474,5,10
distractor_contact_shift,causal_scene_flow_model_v5,causal_scene_flow_model_v4,risk_upper,0.03399,0.00087,0.03312,0,10
distractor_contact_shift,causal_scene_flow_model_v5,causal_scene_flow_model_v4,intervention_consistency,0.01856,0.00070,0.01786,10,10
distractor_contact_shift,causal_scene_flow_model_v5,oracle_causal_mask,mask_f1,-0.22276,0.00808,-0.23085,0,10
distractor_contact_shift,causal_scene_flow_model_v5,oracle_causal_mask,target_success,-0.30156,0.04284,-0.34440,0,10
distractor_contact_shift,causal_scene_flow_model_v5,oracle_causal_mask,causal_utility,-0.36180,0.03805,-0.39985,0,10
distractor_contact_shift,causal_scene_flow_model_v5,oracle_causal_mask,passive_false_attribution,0.29185,0.01221,0.27965,0,10
distractor_contact_shift,causal_scene_flow_model_v5,oracle_causal_mask,effect_error,0.47515,0.01685,0.45830,0,10
distractor_contact_shift,causal_scene_flow_model_v5,oracle_causal_mask,unsafe_contact,0.08281,0.03478,0.04803,0,10
distractor_contact_shift,causal_scene_flow_model_v5,oracle_causal_mask,risk_upper,0.19082,0.00327,0.18755,0,10
distractor_contact_shift,causal_scene_flow_model_v5,oracle_causal_mask,intervention_consistency,-0.18098,0.00558,-0.18656,0,10
ego_motion_shift,causal_scene_flow_model_v5,flow_magnitude_threshold,mask_f1,0.30127,0.00614,0.29514,10,10
ego_motion_shift,causal_scene_flow_model_v5,flow_magnitude_threshold,target_success,0.38437,0.04547,0.33891,10,10
ego_motion_shift,causal_scene_flow_model_v5,flow_magnitude_threshold,causal_utility,0.47129,0.03314,0.43815,10,10
ego_motion_shift,causal_scene_flow_model_v5,flow_magnitude_threshold,passive_false_attribution,-0.46372,0.00852,-0.47224,10,10
ego_motion_shift,causal_scene_flow_model_v5,flow_magnitude_threshold,effect_error,-0.27675,0.02505,-0.30180,10,10
ego_motion_shift,causal_scene_flow_model_v5,flow_magnitude_threshold,unsafe_contact,-0.12656,0.02756,-0.15412,10,10
ego_motion_shift,causal_scene_flow_model_v5,flow_magnitude_threshold,risk_upper,-0.13327,0.00234,-0.13561,10,10
ego_motion_shift,causal_scene_flow_model_v5,flow_magnitude_threshold,intervention_consistency,0.30178,0.00496,0.29682,10,10
ego_motion_shift,causal_scene_flow_model_v5,action_direction_projection,mask_f1,0.19750,0.01323,0.18427,10,10
ego_motion_shift,causal_scene_flow_model_v5,action_direction_projection,target_success,0.21718,0.06528,0.15191,10,10
ego_motion_shift,causal_scene_flow_model_v5,action_direction_projection,causal_utility,0.25362,0.05321,0.20041,10,10
ego_motion_shift,causal_scene_flow_model_v5,action_direction_projection,passive_false_attribution,-0.21224,0.02606,-0.23830,10,10
ego_motion_shift,causal_scene_flow_model_v5,action_direction_projection,effect_error,-0.04141,0.01010,-0.05151,10,10
ego_motion_shift,causal_scene_flow_model_v5,action_direction_projection,unsafe_contact,-0.07344,0.03387,-0.10731,9,10
ego_motion_shift,causal_scene_flow_model_v5,action_direction_projection,risk_upper,-0.05998,0.00777,-0.06775,10,10
ego_motion_shift,causal_scene_flow_model_v5,action_direction_projection,intervention_consistency,0.13002,0.00680,0.12322,10,10
ego_motion_shift,causal_scene_flow_model_v5,rigid_scene_flow_cluster,mask_f1,0.17142,0.00540,0.16601,10,10
ego_motion_shift,causal_scene_flow_model_v5,rigid_scene_flow_cluster,target_success,0.25469,0.06092,0.19377,10,10
ego_motion_shift,causal_scene_flow_model_v5,rigid_scene_flow_cluster,causal_utility,0.31215,0.04644,0.26571,10,10
ego_motion_shift,causal_scene_flow_model_v5,rigid_scene_flow_cluster,passive_false_attribution,-0.35581,0.00807,-0.36388,10,10
ego_motion_shift,causal_scene_flow_model_v5,rigid_scene_flow_cluster,effect_error,-0.17367,0.02069,-0.19436,10,10
ego_motion_shift,causal_scene_flow_model_v5,rigid_scene_flow_cluster,unsafe_contact,-0.09844,0.03448,-0.13292,9,10
ego_motion_shift,causal_scene_flow_model_v5,rigid_scene_flow_cluster,risk_upper,-0.08883,0.00210,-0.09093,10,10
ego_motion_shift,causal_scene_flow_model_v5,rigid_scene_flow_cluster,intervention_consistency,0.14907,0.00385,0.14522,10,10
ego_motion_shift,causal_scene_flow_model_v5,temporal_difference_mask,mask_f1,0.31289,0.00537,0.30752,10,10
ego_motion_shift,causal_scene_flow_model_v5,temporal_difference_mask,target_success,0.43750,0.02887,0.40863,10,10
ego_motion_shift,causal_scene_flow_model_v5,temporal_difference_mask,causal_utility,0.53418,0.02537,0.50881,10,10
ego_motion_shift,causal_scene_flow_model_v5,temporal_difference_mask,passive_false_attribution,-0.57413,0.00996,-0.58409,10,10
ego_motion_shift,causal_scene_flow_model_v5,temporal_difference_mask,effect_error,-0.30727,0.02314,-0.33041,10,10
ego_motion_shift,causal_scene_flow_model_v5,temporal_difference_mask,unsafe_contact,-0.15156,0.04544,-0.19700,10,10
ego_motion_shift,causal_scene_flow_model_v5,temporal_difference_mask,risk_upper,-0.16387,0.00248,-0.16635,10,10
ego_motion_shift,causal_scene_flow_model_v5,temporal_difference_mask,intervention_consistency,0.29972,0.00387,0.29585,10,10
ego_motion_shift,causal_scene_flow_model_v5,noncausal_flow_transformer_proxy,mask_f1,0.01349,0.00298,0.01050,10,10
ego_motion_shift,causal_scene_flow_model_v5,noncausal_flow_transformer_proxy,target_success,0.07031,0.03934,0.03097,9,10
ego_motion_shift,causal_scene_flow_model_v5,noncausal_flow_transformer_proxy,causal_utility,0.07082,0.02957,0.04124,10,10
ego_motion_shift,causal_scene_flow_model_v5,noncausal_flow_transformer_proxy,passive_false_attribution,0.00019,0.00436,-0.00417,5,10
ego_motion_shift,causal_scene_flow_model_v5,noncausal_flow_transformer_proxy,effect_error,0.06451,0.01350,0.05101,0,10
ego_motion_shift,causal_scene_flow_model_v5,noncausal_flow_transformer_proxy,unsafe_contact,-0.02031,0.02741,-0.04772,7,10
ego_motion_shift,causal_scene_flow_model_v5,noncausal_flow_transformer_proxy,risk_upper,0.00835,0.00118,0.00718,0,10
ego_motion_shift,causal_scene_flow_model_v5,noncausal_flow_transformer_proxy,intervention_consistency,0.13351,0.00280,0.13070,10,10
ego_motion_shift,causal_scene_flow_model_v5,learned_correlation_classifier,mask_f1,-0.01386,0.00456,-0.01841,0,10
ego_motion_shift,causal_scene_flow_model_v5,learned_correlation_classifier,target_success,0.02969,0.03636,-0.00668,8,10
ego_motion_shift,causal_scene_flow_model_v5,learned_correlation_classifier,causal_utility,0.02729,0.02994,-0.00265,8,10
ego_motion_shift,causal_scene_flow_model_v5,learned_correlation_classifier,passive_false_attribution,0.02975,0.00618,0.02356,0,10
ego_motion_shift,causal_scene_flow_model_v5,learned_correlation_classifier,effect_error,0.11568,0.01090,0.10478,0,10
ego_motion_shift,causal_scene_flow_model_v5,learned_correlation_classifier,unsafe_contact,-0.02969,0.03145,-0.06114,7,10
ego_motion_shift,causal_scene_flow_model_v5,learned_correlation_classifier,risk_upper,0.02101,0.00180,0.01921,0,10
ego_motion_shift,causal_scene_flow_model_v5,learned_correlation_classifier,intervention_consistency,0.07123,0.00161,0.06962,10,10
ego_motion_shift,causal_scene_flow_model_v5,calibrated_tree_flow_proxy,mask_f1,-0.01833,0.00262,-0.02095,0,10
ego_motion_shift,causal_scene_flow_model_v5,calibrated_tree_flow_proxy,target_success,0.02343,0.03424,-0.01080,7,10
ego_motion_shift,causal_scene_flow_model_v5,calibrated_tree_flow_proxy,causal_utility,0.00503,0.02981,-0.02479,5,10
ego_motion_shift,causal_scene_flow_model_v5,calibrated_tree_flow_proxy,passive_false_attribution,0.03426,0.00357,0.03069,0,10
ego_motion_shift,causal_scene_flow_model_v5,calibrated_tree_flow_proxy,effect_error,0.11064,0.01060,0.10005,0,10
ego_motion_shift,causal_scene_flow_model_v5,calibrated_tree_flow_proxy,unsafe_contact,0.01250,0.03123,-0.01873,3,10
ego_motion_shift,causal_scene_flow_model_v5,calibrated_tree_flow_proxy,risk_upper,-0.00505,0.00104,-0.00610,10,10
ego_motion_shift,causal_scene_flow_model_v5,calibrated_tree_flow_proxy,intervention_consistency,0.05670,0.00136,0.05534,10,10
ego_motion_shift,causal_scene_flow_model_v5,contrastive_action_flow,mask_f1,-0.04497,0.00465,-0.04962,0,10
ego_motion_shift,causal_scene_flow_model_v5,contrastive_action_flow,target_success,-0.04531,0.02560,-0.07092,1,10
ego_motion_shift,causal_scene_flow_model_v5,contrastive_action_flow,causal_utility,-0.06164,0.02156,-0.08320,0,10
ego_motion_shift,causal_scene_flow_model_v5,contrastive_action_flow,passive_false_attribution,0.09185,0.00616,0.08569,0,10
ego_motion_shift,causal_scene_flow_model_v5,contrastive_action_flow,effect_error,0.18051,0.01408,0.16643,0,10
ego_motion_shift,causal_scene_flow_model_v5,contrastive_action_flow,unsafe_contact,0.02188,0.02337,-0.00149,2,10
ego_motion_shift,causal_scene_flow_model_v5,contrastive_action_flow,risk_upper,0.04287,0.00158,0.04129,0,10
ego_motion_shift,causal_scene_flow_model_v5,contrastive_action_flow,intervention_consistency,0.05836,0.00213,0.05623,10,10
ego_motion_shift,causal_scene_flow_model_v5,scene_flow_transformer_proxy,mask_f1,0.01848,0.00402,0.01446,10,10
ego_motion_shift,causal_scene_flow_model_v5,scene_flow_transformer_proxy,target_success,0.05312,0.05760,-0.00448,7,10
ego_motion_shift,causal_scene_flow_model_v5,scene_flow_transformer_proxy,causal_utility,0.05224,0.04262,0.00962,8,10
ego_motion_shift,causal_scene_flow_model_v5,scene_flow_transformer_proxy,passive_false_attribution,-0.03351,0.00602,-0.03952,10,10
ego_motion_shift,causal_scene_flow_model_v5,scene_flow_transformer_proxy,effect_error,0.06866,0.01104,0.05762,0,10
ego_motion_shift,causal_scene_flow_model_v5,scene_flow_transformer_proxy,unsafe_contact,-0.01094,0.02960,-0.04054,5,10
ego_motion_shift,causal_scene_flow_model_v5,scene_flow_transformer_proxy,risk_upper,0.00222,0.00172,0.00051,3,10
ego_motion_shift,causal_scene_flow_model_v5,scene_flow_transformer_proxy,intervention_consistency,0.06881,0.00124,0.06758,10,10
ego_motion_shift,causal_scene_flow_model_v5,world_model_flow_predictor,mask_f1,-0.02203,0.00261,-0.02464,0,10
ego_motion_shift,causal_scene_flow_model_v5,world_model_flow_predictor,target_success,-0.00625,0.04501,-0.05126,5,10
ego_motion_shift,causal_scene_flow_model_v5,world_model_flow_predictor,causal_utility,-0.01603,0.03690,-0.05293,4,10
ego_motion_shift,causal_scene_flow_model_v5,world_model_flow_predictor,passive_false_attribution,0.04683,0.00304,0.04379,0,10
ego_motion_shift,causal_scene_flow_model_v5,world_model_flow_predictor,effect_error,0.04041,0.00386,0.03656,0,10
ego_motion_shift,causal_scene_flow_model_v5,world_model_flow_predictor,unsafe_contact,0.01250,0.02844,-0.01594,4,10
ego_motion_shift,causal_scene_flow_model_v5,world_model_flow_predictor,risk_upper,0.01133,0.00073,0.01060,0,10
ego_motion_shift,causal_scene_flow_model_v5,world_model_flow_predictor,intervention_consistency,0.03677,0.00120,0.03557,10,10
ego_motion_shift,causal_scene_flow_model_v5,causal_scene_flow_model_v4,mask_f1,-0.01465,0.00166,-0.01632,0,10
ego_motion_shift,causal_scene_flow_model_v5,causal_scene_flow_model_v4,target_success,0.02031,0.04135,-0.02104,5,10
ego_motion_shift,causal_scene_flow_model_v5,causal_scene_flow_model_v4,causal_utility,0.00380,0.03528,-0.03148,3,10
ego_motion_shift,causal_scene_flow_model_v5,causal_scene_flow_model_v4,passive_false_attribution,0.02868,0.00170,0.02699,0,10
ego_motion_shift,causal_scene_flow_model_v5,causal_scene_flow_model_v4,effect_error,0.01842,0.00143,0.01699,0,10
ego_motion_shift,causal_scene_flow_model_v5,causal_scene_flow_model_v4,unsafe_contact,0.01563,0.03096,-0.01533,4,10
ego_motion_shift,causal_scene_flow_model_v5,causal_scene_flow_model_v4,risk_upper,0.03394,0.00041,0.03353,0,10
ego_motion_shift,causal_scene_flow_model_v5,causal_scene_flow_model_v4,intervention_consistency,0.01748,0.00075,0.01673,10,10
ego_motion_shift,causal_scene_flow_model_v5,oracle_causal_mask,mask_f1,-0.14959,0.00529,-0.15488,0,10
ego_motion_shift,causal_scene_flow_model_v5,oracle_causal_mask,target_success,-0.20781,0.02285,-0.23066,0,10
ego_motion_shift,causal_scene_flow_model_v5,oracle_causal_mask,causal_utility,-0.25623,0.02035,-0.27658,0,10
ego_motion_shift,causal_scene_flow_model_v5,oracle_causal_mask,passive_false_attribution,0.21467,0.00705,0.20762,0,10
ego_motion_shift,causal_scene_flow_model_v5,oracle_causal_mask,effect_error,0.37558,0.01340,0.36218,0,10
ego_motion_shift,causal_scene_flow_model_v5,oracle_causal_mask,unsafe_contact,0.06875,0.01780,0.05095,0,10
ego_motion_shift,causal_scene_flow_model_v5,oracle_causal_mask,risk_upper,0.14912,0.00181,0.14731,0,10
ego_motion_shift,causal_scene_flow_model_v5,oracle_causal_mask,intervention_consistency,-0.11486,0.00378,-0.11863,0,10
occluded_interaction,causal_scene_flow_model_v5,flow_magnitude_threshold,mask_f1,0.42021,0.00450,0.41571,10,10
occluded_interaction,causal_scene_flow_model_v5,flow_magnitude_threshold,target_success,0.50938,0.04114,0.46824,10,10
occluded_interaction,causal_scene_flow_model_v5,flow_magnitude_threshold,causal_utility,0.59887,0.03296,0.56592,10,10
occluded_interaction,causal_scene_flow_model_v5,flow_magnitude_threshold,passive_false_attribution,-0.45409,0.00623,-0.46032,10,10
occluded_interaction,causal_scene_flow_model_v5,flow_magnitude_threshold,effect_error,-0.23720,0.01972,-0.25692,10,10
occluded_interaction,causal_scene_flow_model_v5,flow_magnitude_threshold,unsafe_contact,-0.16875,0.04129,-0.21004,10,10
occluded_interaction,causal_scene_flow_model_v5,flow_magnitude_threshold,risk_upper,-0.13238,0.00169,-0.13408,10,10
occluded_interaction,causal_scene_flow_model_v5,flow_magnitude_threshold,intervention_consistency,0.38005,0.00456,0.37550,10,10
occluded_interaction,causal_scene_flow_model_v5,action_direction_projection,mask_f1,0.17719,0.01224,0.16495,10,10
occluded_interaction,causal_scene_flow_model_v5,action_direction_projection,target_success,0.22031,0.03274,0.18757,10,10
occluded_interaction,causal_scene_flow_model_v5,action_direction_projection,causal_utility,0.26131,0.02907,0.23224,10,10
occluded_interaction,causal_scene_flow_model_v5,action_direction_projection,passive_false_attribution,-0.22227,0.02828,-0.25055,10,10
occluded_interaction,causal_scene_flow_model_v5,action_direction_projection,effect_error,0.00743,0.00821,-0.00078,3,10
occluded_interaction,causal_scene_flow_model_v5,action_direction_projection,unsafe_contact,-0.09062,0.04078,-0.13141,8,10
occluded_interaction,causal_scene_flow_model_v5,action_direction_projection,risk_upper,-0.06117,0.00803,-0.06919,10,10
occluded_interaction,causal_scene_flow_model_v5,action_direction_projection,intervention_consistency,0.16570,0.00599,0.15971,10,10
occluded_interaction,causal_scene_flow_model_v5,rigid_scene_flow_cluster,mask_f1,0.14688,0.00382,0.14305,10,10
occluded_interaction,causal_scene_flow_model_v5,rigid_scene_flow_cluster,target_success,0.23594,0.05562,0.18032,10,10
occluded_interaction,causal_scene_flow_model_v5,rigid_scene_flow_cluster,causal_utility,0.29914,0.04192,0.25722,10,10
occluded_interaction,causal_scene_flow_model_v5,rigid_scene_flow_cluster,passive_false_attribution,-0.31710,0.00690,-0.32401,10,10
occluded_interaction,causal_scene_flow_model_v5,rigid_scene_flow_cluster,effect_error,-0.14183,0.01384,-0.15567,10,10
occluded_interaction,causal_scene_flow_model_v5,rigid_scene_flow_cluster,unsafe_contact,-0.13437,0.04011,-0.17449,9,10
occluded_interaction,causal_scene_flow_model_v5,rigid_scene_flow_cluster,risk_upper,-0.07416,0.00184,-0.07600,10,10
occluded_interaction,causal_scene_flow_model_v5,rigid_scene_flow_cluster,intervention_consistency,0.12953,0.00378,0.12575,10,10
occluded_interaction,causal_scene_flow_model_v5,temporal_difference_mask,mask_f1,0.39652,0.00470,0.39182,10,10
occluded_interaction,causal_scene_flow_model_v5,temporal_difference_mask,target_success,0.49687,0.04053,0.45635,10,10
occluded_interaction,causal_scene_flow_model_v5,temporal_difference_mask,causal_utility,0.61378,0.03696,0.57682,10,10
occluded_interaction,causal_scene_flow_model_v5,temporal_difference_mask,passive_false_attribution,-0.57904,0.00829,-0.58732,10,10
occluded_interaction,causal_scene_flow_model_v5,temporal_difference_mask,effect_error,-0.25560,0.01743,-0.27303,10,10
occluded_interaction,causal_scene_flow_model_v5,temporal_difference_mask,unsafe_contact,-0.20469,0.04366,-0.24834,10,10
occluded_interaction,causal_scene_flow_model_v5,temporal_difference_mask,risk_upper,-0.16745,0.00208,-0.16953,10,10
occluded_interaction,causal_scene_flow_model_v5,temporal_difference_mask,intervention_consistency,0.36678,0.00345,0.36333,10,10
occluded_interaction,causal_scene_flow_model_v5,noncausal_flow_transformer_proxy,mask_f1,0.01551,0.00360,0.01191,10,10
occluded_interaction,causal_scene_flow_model_v5,noncausal_flow_transformer_proxy,target_success,0.04063,0.04037,0.00026,7,10
occluded_interaction,causal_scene_flow_model_v5,noncausal_flow_transformer_proxy,causal_utility,0.05833,0.02864,0.02969,9,10
occluded_interaction,causal_scene_flow_model_v5,noncausal_flow_transformer_proxy,passive_false_attribution,0.01250,0.00451,0.00799,0,10
occluded_interaction,causal_scene_flow_model_v5,noncausal_flow_transformer_proxy,effect_error,0.03865,0.00901,0.02964,0,10
occluded_interaction,causal_scene_flow_model_v5,noncausal_flow_transformer_proxy,unsafe_contact,-0.04375,0.02407,-0.06782,9,10
occluded_interaction,causal_scene_flow_model_v5,noncausal_flow_transformer_proxy,risk_upper,0.01425,0.00118,0.01306,0,10
occluded_interaction,causal_scene_flow_model_v5,noncausal_flow_transformer_proxy,intervention_consistency,0.12897,0.00303,0.12594,10,10
occluded_interaction,causal_scene_flow_model_v5,learned_correlation_classifier,mask_f1,-0.01674,0.00246,-0.01920,0,10
occluded_interaction,causal_scene_flow_model_v5,learned_correlation_classifier,target_success,0.04844,0.01611,0.03233,10,10
occluded_interaction,causal_scene_flow_model_v5,learned_correlation_classifier,causal_utility,0.04812,0.01734,0.03077,10,10
occluded_interaction,causal_scene_flow_model_v5,learned_correlation_classifier,passive_false_attribution,0.03439,0.00570,0.02869,0,10
occluded_interaction,causal_scene_flow_model_v5,learned_correlation_classifier,effect_error,0.06791,0.00689,0.06102,0,10
occluded_interaction,causal_scene_flow_model_v5,learned_correlation_classifier,unsafe_contact,-0.04531,0.03693,-0.08225,8,10
occluded_interaction,causal_scene_flow_model_v5,learned_correlation_classifier,risk_upper,0.02402,0.00154,0.02248,0,10
occluded_interaction,causal_scene_flow_model_v5,learned_correlation_classifier,intervention_consistency,0.07313,0.00229,0.07084,10,10
occluded_interaction,causal_scene_flow_model_v5,calibrated_tree_flow_proxy,mask_f1,-0.01932,0.00211,-0.02143,0,10
occluded_interaction,causal_scene_flow_model_v5,calibrated_tree_flow_proxy,target_success,-0.00312,0.04718,-0.05030,5,10
occluded_interaction,causal_scene_flow_model_v5,calibrated_tree_flow_proxy,causal_utility,0.00044,0.03949,-0.03905,6,10
occluded_interaction,causal_scene_flow_model_v5,calibrated_tree_flow_proxy,passive_false_attribution,0.02979,0.00411,0.02568,0,10
occluded_interaction,causal_scene_flow_model_v5,calibrated_tree_flow_proxy,effect_error,0.05451,0.00683,0.04768,0,10
occluded_interaction,causal_scene_flow_model_v5,calibrated_tree_flow_proxy,unsafe_contact,-0.01719,0.03111,-0.04830,6,10
occluded_interaction,causal_scene_flow_model_v5,calibrated_tree_flow_proxy,risk_upper,-0.00430,0.00105,-0.00535,10,10
occluded_interaction,causal_scene_flow_model_v5,calibrated_tree_flow_proxy,intervention_consistency,0.05314,0.00162,0.05153,10,10
occluded_interaction,causal_scene_flow_model_v5,contrastive_action_flow,mask_f1,-0.02126,0.00401,-0.02527,0,10
occluded_interaction,causal_scene_flow_model_v5,contrastive_action_flow,target_success,-0.01875,0.05241,-0.07116,4,10
occluded_interaction,causal_scene_flow_model_v5,contrastive_action_flow,causal_utility,-0.02312,0.03621,-0.05934,4,10
occluded_interaction,causal_scene_flow_model_v5,contrastive_action_flow,passive_false_attribution,0.09929,0.00670,0.09260,0,10
occluded_interaction,causal_scene_flow_model_v5,contrastive_action_flow,effect_error,0.14413,0.00956,0.13457,0,10
occluded_interaction,causal_scene_flow_model_v5,contrastive_action_flow,unsafe_contact,-0.01250,0.01815,-0.03065,5,10
occluded_interaction,causal_scene_flow_model_v5,contrastive_action_flow,risk_upper,0.04519,0.00176,0.04343,0,10
occluded_interaction,causal_scene_flow_model_v5,contrastive_action_flow,intervention_consistency,0.07889,0.00213,0.07675,10,10
occluded_interaction,causal_scene_flow_model_v5,scene_flow_transformer_proxy,mask_f1,0.00416,0.00128,0.00288,10,10
occluded_interaction,causal_scene_flow_model_v5,scene_flow_transformer_proxy,target_success,0.03594,0.04008,-0.00414,5,10
occluded_interaction,causal_scene_flow_model_v5,scene_flow_transformer_proxy,causal_utility,0.04713,0.03409,0.01304,9,10
occluded_interaction,causal_scene_flow_model_v5,scene_flow_transformer_proxy,passive_false_attribution,-0.00982,0.00415,-0.01397,9,10
occluded_interaction,causal_scene_flow_model_v5,scene_flow_transformer_proxy,effect_error,0.03793,0.00737,0.03056,0,10
occluded_interaction,causal_scene_flow_model_v5,scene_flow_transformer_proxy,unsafe_contact,-0.03906,0.02672,-0.06578,8,10
occluded_interaction,causal_scene_flow_model_v5,scene_flow_transformer_proxy,risk_upper,0.01066,0.00114,0.00952,0,10
occluded_interaction,causal_scene_flow_model_v5,scene_flow_transformer_proxy,intervention_consistency,0.06951,0.00168,0.06783,10,10
occluded_interaction,causal_scene_flow_model_v5,world_model_flow_predictor,mask_f1,-0.00981,0.00147,-0.01128,0,10
occluded_interaction,causal_scene_flow_model_v5,world_model_flow_predictor,target_success,0.00781,0.04548,-0.03767,4,10
occluded_interaction,causal_scene_flow_model_v5,world_model_flow_predictor,causal_utility,0.00043,0.03358,-0.03315,5,10
occluded_interaction,causal_scene_flow_model_v5,world_model_flow_predictor,passive_false_attribution,0.04285,0.00306,0.03979,0,10
occluded_interaction,causal_scene_flow_model_v5,world_model_flow_predictor,effect_error,0.04297,0.00424,0.03873,0,10
occluded_interaction,causal_scene_flow_model_v5,world_model_flow_predictor,unsafe_contact,0.00313,0.01926,-0.01613,3,10
occluded_interaction,causal_scene_flow_model_v5,world_model_flow_predictor,risk_upper,0.01077,0.00070,0.01006,0,10
occluded_interaction,causal_scene_flow_model_v5,world_model_flow_predictor,intervention_consistency,0.04481,0.00079,0.04402,10,10
occluded_interaction,causal_scene_flow_model_v5,causal_scene_flow_model_v4,mask_f1,-0.00402,0.00068,-0.00471,0,10
occluded_interaction,causal_scene_flow_model_v5,causal_scene_flow_model_v4,target_success,0.02344,0.03331,-0.00988,5,10
occluded_interaction,causal_scene_flow_model_v5,causal_scene_flow_model_v4,causal_utility,0.02412,0.03055,-0.00643,5,10
occluded_interaction,causal_scene_flow_model_v5,causal_scene_flow_model_v4,passive_false_attribution,0.01731,0.00112,0.01620,0,10
occluded_interaction,causal_scene_flow_model_v5,causal_scene_flow_model_v4,effect_error,0.01366,0.00143,0.01223,0,10
occluded_interaction,causal_scene_flow_model_v5,causal_scene_flow_model_v4,unsafe_contact,-0.02344,0.02711,-0.05054,6,10
occluded_interaction,causal_scene_flow_model_v5,causal_scene_flow_model_v4,risk_upper,0.03083,0.00024,0.03059,0,10
occluded_interaction,causal_scene_flow_model_v5,causal_scene_flow_model_v4,intervention_consistency,0.02345,0.00052,0.02292,10,10
occluded_interaction,causal_scene_flow_model_v5,oracle_causal_mask,mask_f1,-0.16144,0.00382,-0.16527,0,10
occluded_interaction,causal_scene_flow_model_v5,oracle_causal_mask,target_success,-0.24375,0.02630,-0.27006,0,10
occluded_interaction,causal_scene_flow_model_v5,oracle_causal_mask,causal_utility,-0.28677,0.02490,-0.31168,0,10
occluded_interaction,causal_scene_flow_model_v5,oracle_causal_mask,passive_false_attribution,0.21181,0.00523,0.20659,0,10
occluded_interaction,causal_scene_flow_model_v5,oracle_causal_mask,effect_error,0.50253,0.00886,0.49368,0,10
occluded_interaction,causal_scene_flow_model_v5,oracle_causal_mask,unsafe_contact,0.04532,0.02163,0.02369,0,10
occluded_interaction,causal_scene_flow_model_v5,oracle_causal_mask,risk_upper,0.15931,0.00134,0.15797,0,10
occluded_interaction,causal_scene_flow_model_v5,oracle_causal_mask,intervention_consistency,-0.15363,0.00402,-0.15765,0,10
passive_conveyor,causal_scene_flow_model_v5,flow_magnitude_threshold,mask_f1,0.26188,0.00675,0.25513,10,10
passive_conveyor,causal_scene_flow_model_v5,flow_magnitude_threshold,target_success,0.38750,0.04078,0.34672,10,10
passive_conveyor,causal_scene_flow_model_v5,flow_magnitude_threshold,causal_utility,0.48839,0.02290,0.46549,10,10
passive_conveyor,causal_scene_flow_model_v5,flow_magnitude_threshold,passive_false_attribution,-0.48367,0.01044,-0.49411,10,10
passive_conveyor,causal_scene_flow_model_v5,flow_magnitude_threshold,effect_error,-0.41422,0.02218,-0.43640,10,10
passive_conveyor,causal_scene_flow_model_v5,flow_magnitude_threshold,unsafe_contact,-0.16562,0.03035,-0.19597,10,10
passive_conveyor,causal_scene_flow_model_v5,flow_magnitude_threshold,risk_upper,-0.13628,0.00289,-0.13917,10,10
passive_conveyor,causal_scene_flow_model_v5,flow_magnitude_threshold,intervention_consistency,0.27267,0.00492,0.26775,10,10
passive_conveyor,causal_scene_flow_model_v5,action_direction_projection,mask_f1,0.12336,0.01422,0.10914,10,10
passive_conveyor,causal_scene_flow_model_v5,action_direction_projection,target_success,0.12187,0.04997,0.07190,9,10
passive_conveyor,causal_scene_flow_model_v5,action_direction_projection,causal_utility,0.17439,0.04241,0.13198,10,10
passive_conveyor,causal_scene_flow_model_v5,action_direction_projection,passive_false_attribution,-0.23632,0.02658,-0.26290,10,10
passive_conveyor,causal_scene_flow_model_v5,action_direction_projection,effect_error,-0.02350,0.00672,-0.03022,10,10
passive_conveyor,causal_scene_flow_model_v5,action_direction_projection,unsafe_contact,-0.07188,0.03392,-0.10579,8,10
passive_conveyor,causal_scene_flow_model_v5,action_direction_projection,risk_upper,-0.06349,0.00783,-0.07132,10,10
passive_conveyor,causal_scene_flow_model_v5,action_direction_projection,intervention_consistency,0.11414,0.00600,0.10814,10,10
passive_conveyor,causal_scene_flow_model_v5,rigid_scene_flow_cluster,mask_f1,0.27974,0.00596,0.27378,10,10
passive_conveyor,causal_scene_flow_model_v5,rigid_scene_flow_cluster,target_success,0.45469,0.03608,0.41861,10,10
passive_conveyor,causal_scene_flow_model_v5,rigid_scene_flow_cluster,causal_utility,0.55662,0.02671,0.52991,10,10
passive_conveyor,causal_scene_flow_model_v5,rigid_scene_flow_cluster,passive_false_attribution,-0.70228,0.00906,-0.71134,10,10
passive_conveyor,causal_scene_flow_model_v5,rigid_scene_flow_cluster,effect_error,-0.38998,0.02079,-0.41077,10,10
passive_conveyor,causal_scene_flow_model_v5,rigid_scene_flow_cluster,unsafe_contact,-0.16562,0.04478,-0.21040,10,10
passive_conveyor,causal_scene_flow_model_v5,rigid_scene_flow_cluster,risk_upper,-0.17958,0.00240,-0.18198,10,10
passive_conveyor,causal_scene_flow_model_v5,rigid_scene_flow_cluster,intervention_consistency,0.21902,0.00383,0.21519,10,10
passive_conveyor,causal_scene_flow_model_v5,temporal_difference_mask,mask_f1,0.28119,0.00621,0.27498,10,10
passive_conveyor,causal_scene_flow_model_v5,temporal_difference_mask,target_success,0.43438,0.04445,0.38993,10,10
passive_conveyor,causal_scene_flow_model_v5,temporal_difference_mask,causal_utility,0.53711,0.03619,0.50091,10,10
passive_conveyor,causal_scene_flow_model_v5,temporal_difference_mask,passive_false_attribution,-0.57250,0.00948,-0.58197,10,10
passive_conveyor,causal_scene_flow_model_v5,temporal_difference_mask,effect_error,-0.40310,0.02250,-0.42560,10,10
passive_conveyor,causal_scene_flow_model_v5,temporal_difference_mask,unsafe_contact,-0.16875,0.03501,-0.20376,10,10
passive_conveyor,causal_scene_flow_model_v5,temporal_difference_mask,risk_upper,-0.16493,0.00271,-0.16765,10,10
passive_conveyor,causal_scene_flow_model_v5,temporal_difference_mask,intervention_consistency,0.28680,0.00506,0.28174,10,10
passive_conveyor,causal_scene_flow_model_v5,noncausal_flow_transformer_proxy,mask_f1,0.13519,0.00444,0.13076,10,10
passive_conveyor,causal_scene_flow_model_v5,noncausal_flow_transformer_proxy,target_success,0.22812,0.02337,0.20475,10,10
passive_conveyor,causal_scene_flow_model_v5,noncausal_flow_transformer_proxy,causal_utility,0.27494,0.02285,0.25210,10,10
passive_conveyor,causal_scene_flow_model_v5,noncausal_flow_transformer_proxy,passive_false_attribution,-0.24535,0.00699,-0.25234,10,10
passive_conveyor,causal_scene_flow_model_v5,noncausal_flow_transformer_proxy,effect_error,-0.19802,0.01505,-0.21307,10,10
passive_conveyor,causal_scene_flow_model_v5,noncausal_flow_transformer_proxy,unsafe_contact,-0.08438,0.02966,-0.11403,9,10
passive_conveyor,causal_scene_flow_model_v5,noncausal_flow_transformer_proxy,risk_upper,-0.05480,0.00176,-0.05656,10,10
passive_conveyor,causal_scene_flow_model_v5,noncausal_flow_transformer_proxy,intervention_consistency,0.18272,0.00243,0.18029,10,10
passive_conveyor,causal_scene_flow_model_v5,learned_correlation_classifier,mask_f1,0.00661,0.00973,-0.00312,8,10
passive_conveyor,causal_scene_flow_model_v5,learned_correlation_classifier,target_success,-0.00469,0.03654,-0.04123,4,10
passive_conveyor,causal_scene_flow_model_v5,learned_correlation_classifier,causal_utility,0.00727,0.02350,-0.01624,5,10
passive_conveyor,causal_scene_flow_model_v5,learned_correlation_classifier,passive_false_attribution,-0.01645,0.01786,-0.03430,8,10
passive_conveyor,causal_scene_flow_model_v5,learned_correlation_classifier,effect_error,0.11210,0.00686,0.10524,0,10
passive_conveyor,causal_scene_flow_model_v5,learned_correlation_classifier,unsafe_contact,-0.01563,0.03792,-0.05355,4,10
passive_conveyor,causal_scene_flow_model_v5,learned_correlation_classifier,risk_upper,0.01098,0.00472,0.00626,0,10
passive_conveyor,causal_scene_flow_model_v5,learned_correlation_classifier,intervention_consistency,0.07182,0.00259,0.06923,10,10
passive_conveyor,causal_scene_flow_model_v5,calibrated_tree_flow_proxy,mask_f1,-0.01567,0.00548,-0.02116,1,10
passive_conveyor,causal_scene_flow_model_v5,calibrated_tree_flow_proxy,target_success,-0.02656,0.04380,-0.07037,3,10
passive_conveyor,causal_scene_flow_model_v5,calibrated_tree_flow_proxy,causal_utility,-0.02542,0.02613,-0.05155,3,10
passive_conveyor,causal_scene_flow_model_v5,calibrated_tree_flow_proxy,passive_false_attribution,0.02791,0.00855,0.01935,0,10
passive_conveyor,causal_scene_flow_model_v5,calibrated_tree_flow_proxy,effect_error,0.12380,0.00702,0.11678,0,10
passive_conveyor,causal_scene_flow_model_v5,calibrated_tree_flow_proxy,unsafe_contact,-0.00156,0.02211,-0.02367,4,10
passive_conveyor,causal_scene_flow_model_v5,calibrated_tree_flow_proxy,risk_upper,-0.00458,0.00220,-0.00677,9,10
passive_conveyor,causal_scene_flow_model_v5,calibrated_tree_flow_proxy,intervention_consistency,0.04910,0.00132,0.04777,10,10
passive_conveyor,causal_scene_flow_model_v5,contrastive_action_flow,mask_f1,-0.03292,0.00811,-0.04103,0,10
passive_conveyor,causal_scene_flow_model_v5,contrastive_action_flow,target_success,-0.01563,0.02777,-0.04340,2,10
passive_conveyor,causal_scene_flow_model_v5,contrastive_action_flow,causal_utility,-0.02677,0.02028,-0.04705,2,10
passive_conveyor,causal_scene_flow_model_v5,contrastive_action_flow,passive_false_attribution,0.06593,0.01267,0.05326,0,10
passive_conveyor,causal_scene_flow_model_v5,contrastive_action_flow,effect_error,0.16281,0.00749,0.15532,0,10
passive_conveyor,causal_scene_flow_model_v5,contrastive_action_flow,unsafe_contact,-0.00156,0.02163,-0.02319,4,10
passive_conveyor,causal_scene_flow_model_v5,contrastive_action_flow,risk_upper,0.03769,0.00327,0.03442,0,10
passive_conveyor,causal_scene_flow_model_v5,contrastive_action_flow,intervention_consistency,0.05458,0.00197,0.05261,10,10
passive_conveyor,causal_scene_flow_model_v5,scene_flow_transformer_proxy,mask_f1,0.04697,0.00824,0.03873,10,10
passive_conveyor,causal_scene_flow_model_v5,scene_flow_transformer_proxy,target_success,0.09844,0.02925,0.06919,10,10
passive_conveyor,causal_scene_flow_model_v5,scene_flow_transformer_proxy,causal_utility,0.10828,0.02532,0.08296,10,10
passive_conveyor,causal_scene_flow_model_v5,scene_flow_transformer_proxy,passive_false_attribution,-0.10286,0.01697,-0.11983,10,10
passive_conveyor,causal_scene_flow_model_v5,scene_flow_transformer_proxy,effect_error,0.05893,0.00449,0.05445,0,10
passive_conveyor,causal_scene_flow_model_v5,scene_flow_transformer_proxy,unsafe_contact,-0.03750,0.02858,-0.06608,7,10
passive_conveyor,causal_scene_flow_model_v5,scene_flow_transformer_proxy,risk_upper,-0.01527,0.00454,-0.01980,10,10
passive_conveyor,causal_scene_flow_model_v5,scene_flow_transformer_proxy,intervention_consistency,0.07958,0.00223,0.07734,10,10
passive_conveyor,causal_scene_flow_model_v5,world_model_flow_predictor,mask_f1,-0.01999,0.00238,-0.02237,0,10
passive_conveyor,causal_scene_flow_model_v5,world_model_flow_predictor,target_success,-0.04063,0.03879,-0.07942,2,10
passive_conveyor,causal_scene_flow_model_v5,world_model_flow_predictor,causal_utility,-0.03578,0.02844,-0.06422,2,10
passive_conveyor,causal_scene_flow_model_v5,world_model_flow_predictor,passive_false_attribution,0.04127,0.00420,0.03708,0,10
passive_conveyor,causal_scene_flow_model_v5,world_model_flow_predictor,effect_error,0.03706,0.00348,0.03358,0,10
passive_conveyor,causal_scene_flow_model_v5,world_model_flow_predictor,unsafe_contact,0.00312,0.02987,-0.02674,5,10
passive_conveyor,causal_scene_flow_model_v5,world_model_flow_predictor,risk_upper,0.01065,0.00098,0.00967,0,10
passive_conveyor,causal_scene_flow_model_v5,world_model_flow_predictor,intervention_consistency,0.03463,0.00093,0.03370,10,10
passive_conveyor,causal_scene_flow_model_v5,causal_scene_flow_model_v4,mask_f1,-0.00763,0.00108,-0.00871,0,10
passive_conveyor,causal_scene_flow_model_v5,causal_scene_flow_model_v4,target_success,0.02031,0.04085,-0.02053,6,10
passive_conveyor,causal_scene_flow_model_v5,causal_scene_flow_model_v4,causal_utility,0.01046,0.02913,-0.01867,5,10
passive_conveyor,causal_scene_flow_model_v5,causal_scene_flow_model_v4,passive_false_attribution,0.01782,0.00164,0.01618,0,10
passive_conveyor,causal_scene_flow_model_v5,causal_scene_flow_model_v4,effect_error,0.01464,0.00196,0.01268,0,10
passive_conveyor,causal_scene_flow_model_v5,causal_scene_flow_model_v4,unsafe_contact,0.00625,0.01893,-0.01269,3,10
passive_conveyor,causal_scene_flow_model_v5,causal_scene_flow_model_v4,risk_upper,0.03106,0.00034,0.03072,0,10
passive_conveyor,causal_scene_flow_model_v5,causal_scene_flow_model_v4,intervention_consistency,0.02277,0.00059,0.02218,10,10
passive_conveyor,causal_scene_flow_model_v5,oracle_causal_mask,mask_f1,-0.13528,0.00577,-0.14105,0,10
passive_conveyor,causal_scene_flow_model_v5,oracle_causal_mask,target_success,-0.21094,0.02248,-0.23342,0,10
passive_conveyor,causal_scene_flow_model_v5,oracle_causal_mask,causal_utility,-0.24845,0.01378,-0.26223,0,10
passive_conveyor,causal_scene_flow_model_v5,oracle_causal_mask,passive_false_attribution,0.19286,0.00911,0.18376,0,10
passive_conveyor,causal_scene_flow_model_v5,oracle_causal_mask,effect_error,0.34503,0.00653,0.33850,0,10
passive_conveyor,causal_scene_flow_model_v5,oracle_causal_mask,unsafe_contact,0.05938,0.02131,0.03806,1,10
passive_conveyor,causal_scene_flow_model_v5,oracle_causal_mask,risk_upper,0.14802,0.00238,0.14565,0,10
passive_conveyor,causal_scene_flow_model_v5,oracle_causal_mask,intervention_consistency,-0.11602,0.00332,-0.11934,0,10
tool_slip_hidden_contact,causal_scene_flow_model_v5,flow_magnitude_threshold,mask_f1,0.38977,0.00778,0.38200,10,10
tool_slip_hidden_contact,causal_scene_flow_model_v5,flow_magnitude_threshold,target_success,0.44844,0.02889,0.41955,10,10
tool_slip_hidden_contact,causal_scene_flow_model_v5,flow_magnitude_threshold,causal_utility,0.57564,0.03559,0.54005,10,10
tool_slip_hidden_contact,causal_scene_flow_model_v5,flow_magnitude_threshold,passive_false_attribution,-0.58509,0.01171,-0.59680,10,10
tool_slip_hidden_contact,causal_scene_flow_model_v5,flow_magnitude_threshold,effect_error,-0.35345,0.02046,-0.37391,10,10
tool_slip_hidden_contact,causal_scene_flow_model_v5,flow_magnitude_threshold,unsafe_contact,-0.17969,0.04525,-0.22494,10,10
tool_slip_hidden_contact,causal_scene_flow_model_v5,flow_magnitude_threshold,risk_upper,-0.15961,0.00306,-0.16267,10,10
tool_slip_hidden_contact,causal_scene_flow_model_v5,flow_magnitude_threshold,intervention_consistency,0.36049,0.00466,0.35583,10,10
tool_slip_hidden_contact,causal_scene_flow_model_v5,action_direction_projection,mask_f1,0.16905,0.01099,0.15806,10,10
tool_slip_hidden_contact,causal_scene_flow_model_v5,action_direction_projection,target_success,0.20938,0.06043,0.14895,10,10
tool_slip_hidden_contact,causal_scene_flow_model_v5,action_direction_projection,causal_utility,0.25201,0.05352,0.19849,10,10
tool_slip_hidden_contact,causal_scene_flow_model_v5,action_direction_projection,passive_false_attribution,-0.26211,0.02709,-0.28921,10,10
tool_slip_hidden_contact,causal_scene_flow_model_v5,action_direction_projection,effect_error,0.00284,0.01603,-0.01320,5,10
tool_slip_hidden_contact,causal_scene_flow_model_v5,action_direction_projection,unsafe_contact,-0.08594,0.04013,-0.12606,9,10
tool_slip_hidden_contact,causal_scene_flow_model_v5,action_direction_projection,risk_upper,-0.06305,0.00747,-0.07052,10,10
tool_slip_hidden_contact,causal_scene_flow_model_v5,action_direction_projection,intervention_consistency,0.13482,0.00605,0.12877,10,10
tool_slip_hidden_contact,causal_scene_flow_model_v5,rigid_scene_flow_cluster,mask_f1,0.18003,0.00644,0.17358,10,10
tool_slip_hidden_contact,causal_scene_flow_model_v5,rigid_scene_flow_cluster,target_success,0.29844,0.02975,0.26869,10,10
tool_slip_hidden_contact,causal_scene_flow_model_v5,rigid_scene_flow_cluster,causal_utility,0.38128,0.02291,0.35837,10,10
tool_slip_hidden_contact,causal_scene_flow_model_v5,rigid_scene_flow_cluster,passive_false_attribution,-0.47436,0.00910,-0.48346,10,10
tool_slip_hidden_contact,causal_scene_flow_model_v5,rigid_scene_flow_cluster,effect_error,-0.24497,0.01717,-0.26214,10,10
tool_slip_hidden_contact,causal_scene_flow_model_v5,rigid_scene_flow_cluster,unsafe_contact,-0.15000,0.02424,-0.17424,10,10
tool_slip_hidden_contact,causal_scene_flow_model_v5,rigid_scene_flow_cluster,risk_upper,-0.10892,0.00230,-0.11122,10,10
tool_slip_hidden_contact,causal_scene_flow_model_v5,rigid_scene_flow_cluster,intervention_consistency,0.14957,0.00394,0.14563,10,10
tool_slip_hidden_contact,causal_scene_flow_model_v5,temporal_difference_mask,mask_f1,0.38090,0.00832,0.37257,10,10
tool_slip_hidden_contact,causal_scene_flow_model_v5,temporal_difference_mask,target_success,0.50313,0.05059,0.45254,10,10
tool_slip_hidden_contact,causal_scene_flow_model_v5,temporal_difference_mask,causal_utility,0.63345,0.04081,0.59264,10,10
tool_slip_hidden_contact,causal_scene_flow_model_v5,temporal_difference_mask,passive_false_attribution,-0.66983,0.00804,-0.67787,10,10
tool_slip_hidden_contact,causal_scene_flow_model_v5,temporal_difference_mask,effect_error,-0.35606,0.01958,-0.37564,10,10
tool_slip_hidden_contact,causal_scene_flow_model_v5,temporal_difference_mask,unsafe_contact,-0.21094,0.03716,-0.24810,10,10
tool_slip_hidden_contact,causal_scene_flow_model_v5,temporal_difference_mask,risk_upper,-0.18531,0.00228,-0.18760,10,10
tool_slip_hidden_contact,causal_scene_flow_model_v5,temporal_difference_mask,intervention_consistency,0.35534,0.00517,0.35017,10,10
tool_slip_hidden_contact,causal_scene_flow_model_v5,noncausal_flow_transformer_proxy,mask_f1,0.09415,0.00399,0.09016,10,10
tool_slip_hidden_contact,causal_scene_flow_model_v5,noncausal_flow_transformer_proxy,target_success,0.09219,0.06217,0.03002,9,10
tool_slip_hidden_contact,causal_scene_flow_model_v5,noncausal_flow_transformer_proxy,causal_utility,0.11011,0.04529,0.06482,10,10
tool_slip_hidden_contact,causal_scene_flow_model_v5,noncausal_flow_transformer_proxy,passive_false_attribution,-0.05541,0.00671,-0.06212,10,10
tool_slip_hidden_contact,causal_scene_flow_model_v5,noncausal_flow_transformer_proxy,effect_error,0.05317,0.01009,0.04308,0,10
tool_slip_hidden_contact,causal_scene_flow_model_v5,noncausal_flow_transformer_proxy,unsafe_contact,-0.02500,0.02822,-0.05322,6,10
tool_slip_hidden_contact,causal_scene_flow_model_v5,noncausal_flow_transformer_proxy,risk_upper,-0.00004,0.00165,-0.00169,6,10
tool_slip_hidden_contact,causal_scene_flow_model_v5,noncausal_flow_transformer_proxy,intervention_consistency,0.15048,0.00299,0.14749,10,10
tool_slip_hidden_contact,causal_scene_flow_model_v5,learned_correlation_classifier,mask_f1,0.01075,0.00351,0.00724,10,10
tool_slip_hidden_contact,causal_scene_flow_model_v5,learned_correlation_classifier,target_success,-0.02969,0.03832,-0.06801,3,10
tool_slip_hidden_contact,causal_scene_flow_model_v5,learned_correlation_classifier,causal_utility,-0.01212,0.03725,-0.04937,4,10
tool_slip_hidden_contact,causal_scene_flow_model_v5,learned_correlation_classifier,passive_false_attribution,0.00985,0.00869,0.00116,3,10
tool_slip_hidden_contact,causal_scene_flow_model_v5,learned_correlation_classifier,effect_error,0.15093,0.00910,0.14183,0,10
tool_slip_hidden_contact,causal_scene_flow_model_v5,learned_correlation_classifier,unsafe_contact,-0.02344,0.03037,-0.05381,6,10
tool_slip_hidden_contact,causal_scene_flow_model_v5,learned_correlation_classifier,risk_upper,0.02384,0.00221,0.02162,0,10
tool_slip_hidden_contact,causal_scene_flow_model_v5,learned_correlation_classifier,intervention_consistency,0.07278,0.00201,0.07077,10,10
tool_slip_hidden_contact,causal_scene_flow_model_v5,calibrated_tree_flow_proxy,mask_f1,-0.00358,0.00307,-0.00665,3,10
tool_slip_hidden_contact,causal_scene_flow_model_v5,calibrated_tree_flow_proxy,target_success,-0.00157,0.05093,-0.05249,6,10
tool_slip_hidden_contact,causal_scene_flow_model_v5,calibrated_tree_flow_proxy,causal_utility,-0.00163,0.03617,-0.03780,6,10
tool_slip_hidden_contact,causal_scene_flow_model_v5,calibrated_tree_flow_proxy,passive_false_attribution,0.01753,0.00608,0.01145,0,10
tool_slip_hidden_contact,causal_scene_flow_model_v5,calibrated_tree_flow_proxy,effect_error,0.13513,0.00681,0.12831,0,10
tool_slip_hidden_contact,causal_scene_flow_model_v5,calibrated_tree_flow_proxy,unsafe_contact,-0.01094,0.02544,-0.03638,5,10
tool_slip_hidden_contact,causal_scene_flow_model_v5,calibrated_tree_flow_proxy,risk_upper,0.00060,0.00156,-0.00096,6,10
tool_slip_hidden_contact,causal_scene_flow_model_v5,calibrated_tree_flow_proxy,intervention_consistency,0.05254,0.00179,0.05076,10,10
tool_slip_hidden_contact,causal_scene_flow_model_v5,contrastive_action_flow,mask_f1,0.01222,0.00575,0.00646,9,10
tool_slip_hidden_contact,causal_scene_flow_model_v5,contrastive_action_flow,target_success,0.00312,0.05949,-0.05637,4,10
tool_slip_hidden_contact,causal_scene_flow_model_v5,contrastive_action_flow,causal_utility,0.00041,0.04398,-0.04357,3,10
tool_slip_hidden_contact,causal_scene_flow_model_v5,contrastive_action_flow,passive_false_attribution,0.07384,0.00897,0.06487,0,10
tool_slip_hidden_contact,causal_scene_flow_model_v5,contrastive_action_flow,effect_error,0.19908,0.00884,0.19025,0,10
tool_slip_hidden_contact,causal_scene_flow_model_v5,contrastive_action_flow,unsafe_contact,-0.02188,0.02337,-0.04525,6,10
tool_slip_hidden_contact,causal_scene_flow_model_v5,contrastive_action_flow,risk_upper,0.04575,0.00226,0.04348,0,10
tool_slip_hidden_contact,causal_scene_flow_model_v5,contrastive_action_flow,intervention_consistency,0.07662,0.00300,0.07362,10,10
tool_slip_hidden_contact,causal_scene_flow_model_v5,scene_flow_transformer_proxy,mask_f1,0.01338,0.00292,0.01046,10,10
tool_slip_hidden_contact,causal_scene_flow_model_v5,scene_flow_transformer_proxy,target_success,0.03281,0.05468,-0.02187,6,10
tool_slip_hidden_contact,causal_scene_flow_model_v5,scene_flow_transformer_proxy,causal_utility,0.05104,0.04346,0.00758,8,10
tool_slip_hidden_contact,causal_scene_flow_model_v5,scene_flow_transformer_proxy,passive_false_attribution,-0.04967,0.00631,-0.05598,10,10
tool_slip_hidden_contact,causal_scene_flow_model_v5,scene_flow_transformer_proxy,effect_error,0.07939,0.00768,0.07171,0,10
tool_slip_hidden_contact,causal_scene_flow_model_v5,scene_flow_transformer_proxy,unsafe_contact,-0.04844,0.03665,-0.08509,7,10
tool_slip_hidden_contact,causal_scene_flow_model_v5,scene_flow_transformer_proxy,risk_upper,0.00741,0.00167,0.00574,0,10
tool_slip_hidden_contact,causal_scene_flow_model_v5,scene_flow_transformer_proxy,intervention_consistency,0.06079,0.00178,0.05901,10,10
tool_slip_hidden_contact,causal_scene_flow_model_v5,world_model_flow_predictor,mask_f1,0.00033,0.00276,-0.00243,6,10
tool_slip_hidden_contact,causal_scene_flow_model_v5,world_model_flow_predictor,target_success,-0.01406,0.02939,-0.04345,2,10
tool_slip_hidden_contact,causal_scene_flow_model_v5,world_model_flow_predictor,causal_utility,-0.01154,0.02988,-0.04143,3,10
tool_slip_hidden_contact,causal_scene_flow_model_v5,world_model_flow_predictor,passive_false_attribution,0.03897,0.00386,0.03511,0,10
tool_slip_hidden_contact,causal_scene_flow_model_v5,world_model_flow_predictor,effect_error,0.05142,0.00495,0.04646,0,10
tool_slip_hidden_contact,causal_scene_flow_model_v5,world_model_flow_predictor,unsafe_contact,-0.00313,0.04583,-0.04896,4,10
tool_slip_hidden_contact,causal_scene_flow_model_v5,world_model_flow_predictor,risk_upper,0.01863,0.00093,0.01770,0,10
tool_slip_hidden_contact,causal_scene_flow_model_v5,world_model_flow_predictor,intervention_consistency,0.04070,0.00134,0.03936,10,10
tool_slip_hidden_contact,causal_scene_flow_model_v5,causal_scene_flow_model_v4,mask_f1,-0.00067,0.00183,-0.00250,5,10
tool_slip_hidden_contact,causal_scene_flow_model_v5,causal_scene_flow_model_v4,target_success,-0.00469,0.06616,-0.07085,4,10
tool_slip_hidden_contact,causal_scene_flow_model_v5,causal_scene_flow_model_v4,causal_utility,-0.00184,0.05479,-0.05663,4,10
tool_slip_hidden_contact,causal_scene_flow_model_v5,causal_scene_flow_model_v4,passive_false_attribution,0.02160,0.00255,0.01906,0,10
tool_slip_hidden_contact,causal_scene_flow_model_v5,causal_scene_flow_model_v4,effect_error,0.02149,0.00278,0.01871,0,10
tool_slip_hidden_contact,causal_scene_flow_model_v5,causal_scene_flow_model_v4,unsafe_contact,-0.00781,0.03771,-0.04553,4,10
tool_slip_hidden_contact,causal_scene_flow_model_v5,causal_scene_flow_model_v4,risk_upper,0.04111,0.00057,0.04055,0,10
tool_slip_hidden_contact,causal_scene_flow_model_v5,causal_scene_flow_model_v4,intervention_consistency,0.02184,0.00087,0.02097,10,10
tool_slip_hidden_contact,causal_scene_flow_model_v5,oracle_causal_mask,mask_f1,-0.21198,0.00620,-0.21819,0,10
tool_slip_hidden_contact,causal_scene_flow_model_v5,oracle_causal_mask,target_success,-0.30000,0.04204,-0.34204,0,10
tool_slip_hidden_contact,causal_scene_flow_model_v5,oracle_causal_mask,causal_utility,-0.34425,0.03548,-0.37973,0,10
tool_slip_hidden_contact,causal_scene_flow_model_v5,oracle_causal_mask,passive_false_attribution,0.20732,0.00834,0.19898,0,10
tool_slip_hidden_contact,causal_scene_flow_model_v5,oracle_causal_mask,effect_error,0.37301,0.01124,0.36178,0,10
tool_slip_hidden_contact,causal_scene_flow_model_v5,oracle_causal_mask,unsafe_contact,0.07813,0.02189,0.05623,0,10
tool_slip_hidden_contact,causal_scene_flow_model_v5,oracle_causal_mask,risk_upper,0.17392,0.00214,0.17178,0,10
tool_slip_hidden_contact,causal_scene_flow_model_v5,oracle_causal_mask,intervention_consistency,-0.20792,0.00413,-0.21205,0,10
transparent_depth_noise,causal_scene_flow_model_v5,flow_magnitude_threshold,mask_f1,0.38047,0.00624,0.37423,10,10
transparent_depth_noise,causal_scene_flow_model_v5,flow_magnitude_threshold,target_success,0.46406,0.05441,0.40965,10,10
transparent_depth_noise,causal_scene_flow_model_v5,flow_magnitude_threshold,causal_utility,0.56690,0.03904,0.52787,10,10
transparent_depth_noise,causal_scene_flow_model_v5,flow_magnitude_threshold,passive_false_attribution,-0.53565,0.00799,-0.54364,10,10
transparent_depth_noise,causal_scene_flow_model_v5,flow_magnitude_threshold,effect_error,-0.33649,0.01386,-0.35035,10,10
transparent_depth_noise,causal_scene_flow_model_v5,flow_magnitude_threshold,unsafe_contact,-0.15625,0.01882,-0.17507,10,10
transparent_depth_noise,causal_scene_flow_model_v5,flow_magnitude_threshold,risk_upper,-0.16172,0.00211,-0.16384,10,10
transparent_depth_noise,causal_scene_flow_model_v5,flow_magnitude_threshold,intervention_consistency,0.33724,0.00345,0.33379,10,10
transparent_depth_noise,causal_scene_flow_model_v5,action_direction_projection,mask_f1,0.23872,0.00716,0.23156,10,10
transparent_depth_noise,causal_scene_flow_model_v5,action_direction_projection,target_success,0.23906,0.04085,0.19821,10,10
transparent_depth_noise,causal_scene_flow_model_v5,action_direction_projection,causal_utility,0.27783,0.03336,0.24447,10,10
transparent_depth_noise,causal_scene_flow_model_v5,action_direction_projection,passive_false_attribution,-0.22592,0.02052,-0.24644,10,10
transparent_depth_noise,causal_scene_flow_model_v5,action_direction_projection,effect_error,-0.02414,0.00911,-0.03325,10,10
transparent_depth_noise,causal_scene_flow_model_v5,action_direction_projection,unsafe_contact,-0.07188,0.03137,-0.10324,9,10
transparent_depth_noise,causal_scene_flow_model_v5,action_direction_projection,risk_upper,-0.06252,0.00578,-0.06829,10,10
transparent_depth_noise,causal_scene_flow_model_v5,action_direction_projection,intervention_consistency,0.14884,0.00480,0.14404,10,10
transparent_depth_noise,causal_scene_flow_model_v5,rigid_scene_flow_cluster,mask_f1,0.20467,0.00599,0.19868,10,10
transparent_depth_noise,causal_scene_flow_model_v5,rigid_scene_flow_cluster,target_success,0.33125,0.03349,0.29776,10,10
transparent_depth_noise,causal_scene_flow_model_v5,rigid_scene_flow_cluster,causal_utility,0.39097,0.02690,0.36407,10,10
transparent_depth_noise,causal_scene_flow_model_v5,rigid_scene_flow_cluster,passive_false_attribution,-0.40565,0.00757,-0.41322,10,10
transparent_depth_noise,causal_scene_flow_model_v5,rigid_scene_flow_cluster,effect_error,-0.26602,0.01082,-0.27684,10,10
transparent_depth_noise,causal_scene_flow_model_v5,rigid_scene_flow_cluster,unsafe_contact,-0.12344,0.03520,-0.15864,9,10
transparent_depth_noise,causal_scene_flow_model_v5,rigid_scene_flow_cluster,risk_upper,-0.10491,0.00203,-0.10693,10,10
transparent_depth_noise,causal_scene_flow_model_v5,rigid_scene_flow_cluster,intervention_consistency,0.14393,0.00254,0.14138,10,10
transparent_depth_noise,causal_scene_flow_model_v5,temporal_difference_mask,mask_f1,0.38487,0.00608,0.37879,10,10
transparent_depth_noise,causal_scene_flow_model_v5,temporal_difference_mask,target_success,0.52187,0.06650,0.45537,10,10
transparent_depth_noise,causal_scene_flow_model_v5,temporal_difference_mask,causal_utility,0.63035,0.04260,0.58775,10,10
transparent_depth_noise,causal_scene_flow_model_v5,temporal_difference_mask,passive_false_attribution,-0.60392,0.00559,-0.60951,10,10
transparent_depth_noise,causal_scene_flow_model_v5,temporal_difference_mask,effect_error,-0.38171,0.01094,-0.39264,10,10
transparent_depth_noise,causal_scene_flow_model_v5,temporal_difference_mask,unsafe_contact,-0.19219,0.03794,-0.23012,10,10
transparent_depth_noise,causal_scene_flow_model_v5,temporal_difference_mask,risk_upper,-0.18325,0.00153,-0.18478,10,10
transparent_depth_noise,causal_scene_flow_model_v5,temporal_difference_mask,intervention_consistency,0.32419,0.00298,0.32121,10,10
transparent_depth_noise,causal_scene_flow_model_v5,noncausal_flow_transformer_proxy,mask_f1,0.03637,0.00428,0.03209,10,10
transparent_depth_noise,causal_scene_flow_model_v5,noncausal_flow_transformer_proxy,target_success,0.11875,0.06572,0.05303,8,10
transparent_depth_noise,causal_scene_flow_model_v5,noncausal_flow_transformer_proxy,causal_utility,0.12993,0.04686,0.08307,9,10
transparent_depth_noise,causal_scene_flow_model_v5,noncausal_flow_transformer_proxy,passive_false_attribution,-0.07346,0.00629,-0.07975,10,10
transparent_depth_noise,causal_scene_flow_model_v5,noncausal_flow_transformer_proxy,effect_error,-0.07473,0.00518,-0.07992,10,10
transparent_depth_noise,causal_scene_flow_model_v5,noncausal_flow_transformer_proxy,unsafe_contact,-0.03437,0.03222,-0.06659,8,10
transparent_depth_noise,causal_scene_flow_model_v5,noncausal_flow_transformer_proxy,risk_upper,-0.00911,0.00170,-0.01081,10,10
transparent_depth_noise,causal_scene_flow_model_v5,noncausal_flow_transformer_proxy,intervention_consistency,0.12759,0.00153,0.12606,10,10
transparent_depth_noise,causal_scene_flow_model_v5,learned_correlation_classifier,mask_f1,-0.02543,0.00342,-0.02885,0,10
transparent_depth_noise,causal_scene_flow_model_v5,learned_correlation_classifier,target_success,-0.00313,0.05475,-0.05787,4,10
transparent_depth_noise,causal_scene_flow_model_v5,learned_correlation_classifier,causal_utility,0.00013,0.04275,-0.04261,4,10
transparent_depth_noise,causal_scene_flow_model_v5,learned_correlation_classifier,passive_false_attribution,0.02831,0.00588,0.02243,0,10
transparent_depth_noise,causal_scene_flow_model_v5,learned_correlation_classifier,effect_error,0.09939,0.00696,0.09243,0,10
transparent_depth_noise,causal_scene_flow_model_v5,learned_correlation_classifier,unsafe_contact,-0.02344,0.03236,-0.05580,6,10
transparent_depth_noise,causal_scene_flow_model_v5,learned_correlation_classifier,risk_upper,0.02379,0.00159,0.02221,0,10
transparent_depth_noise,causal_scene_flow_model_v5,learned_correlation_classifier,intervention_consistency,0.06092,0.00168,0.05924,10,10
transparent_depth_noise,causal_scene_flow_model_v5,calibrated_tree_flow_proxy,mask_f1,-0.03483,0.00243,-0.03727,0,10
transparent_depth_noise,causal_scene_flow_model_v5,calibrated_tree_flow_proxy,target_success,-0.03281,0.03992,-0.07273,3,10
transparent_depth_noise,causal_scene_flow_model_v5,calibrated_tree_flow_proxy,causal_utility,-0.02916,0.03072,-0.05988,4,10
transparent_depth_noise,causal_scene_flow_model_v5,calibrated_tree_flow_proxy,passive_false_attribution,0.03061,0.00377,0.02685,0,10
transparent_depth_noise,causal_scene_flow_model_v5,calibrated_tree_flow_proxy,effect_error,0.07680,0.00703,0.06977,0,10
transparent_depth_noise,causal_scene_flow_model_v5,calibrated_tree_flow_proxy,unsafe_contact,-0.00625,0.02709,-0.03334,5,10
transparent_depth_noise,causal_scene_flow_model_v5,calibrated_tree_flow_proxy,risk_upper,-0.00287,0.00102,-0.00390,9,10
transparent_depth_noise,causal_scene_flow_model_v5,calibrated_tree_flow_proxy,intervention_consistency,0.04514,0.00136,0.04378,10,10
transparent_depth_noise,causal_scene_flow_model_v5,contrastive_action_flow,mask_f1,-0.03060,0.00352,-0.03412,0,10
transparent_depth_noise,causal_scene_flow_model_v5,contrastive_action_flow,target_success,-0.01719,0.04710,-0.06429,4,10
transparent_depth_noise,causal_scene_flow_model_v5,contrastive_action_flow,causal_utility,-0.03099,0.03795,-0.06894,3,10
transparent_depth_noise,causal_scene_flow_model_v5,contrastive_action_flow,passive_false_attribution,0.09704,0.00529,0.09175,0,10
transparent_depth_noise,causal_scene_flow_model_v5,contrastive_action_flow,effect_error,0.18227,0.00944,0.17283,0,10
transparent_depth_noise,causal_scene_flow_model_v5,contrastive_action_flow,unsafe_contact,-0.00156,0.03399,-0.03556,5,10
transparent_depth_noise,causal_scene_flow_model_v5,contrastive_action_flow,risk_upper,0.04673,0.00142,0.04530,0,10
transparent_depth_noise,causal_scene_flow_model_v5,contrastive_action_flow,intervention_consistency,0.06629,0.00170,0.06459,10,10
transparent_depth_noise,causal_scene_flow_model_v5,scene_flow_transformer_proxy,mask_f1,0.01405,0.00292,0.01113,10,10
transparent_depth_noise,causal_scene_flow_model_v5,scene_flow_transformer_proxy,target_success,0.06719,0.04497,0.02221,8,10
transparent_depth_noise,causal_scene_flow_model_v5,scene_flow_transformer_proxy,causal_utility,0.07196,0.03947,0.03249,9,10
transparent_depth_noise,causal_scene_flow_model_v5,scene_flow_transformer_proxy,passive_false_attribution,-0.04253,0.00529,-0.04783,10,10
transparent_depth_noise,causal_scene_flow_model_v5,scene_flow_transformer_proxy,effect_error,0.03771,0.00867,0.02904,0,10
transparent_depth_noise,causal_scene_flow_model_v5,scene_flow_transformer_proxy,unsafe_contact,-0.03438,0.03021,-0.06459,7,10
transparent_depth_noise,causal_scene_flow_model_v5,scene_flow_transformer_proxy,risk_upper,0.00180,0.00143,0.00037,3,10
transparent_depth_noise,causal_scene_flow_model_v5,scene_flow_transformer_proxy,intervention_consistency,0.06222,0.00094,0.06127,10,10
transparent_depth_noise,causal_scene_flow_model_v5,world_model_flow_predictor,mask_f1,-0.01958,0.00224,-0.02182,0,10
transparent_depth_noise,causal_scene_flow_model_v5,world_model_flow_predictor,target_success,-0.03906,0.07963,-0.11870,5,10
transparent_depth_noise,causal_scene_flow_model_v5,world_model_flow_predictor,causal_utility,-0.03921,0.05894,-0.09815,4,10
transparent_depth_noise,causal_scene_flow_model_v5,world_model_flow_predictor,passive_false_attribution,0.04317,0.00346,0.03971,0,10
transparent_depth_noise,causal_scene_flow_model_v5,world_model_flow_predictor,effect_error,0.04728,0.00319,0.04408,0,10
transparent_depth_noise,causal_scene_flow_model_v5,world_model_flow_predictor,unsafe_contact,0.01406,0.02163,-0.00757,2,10
transparent_depth_noise,causal_scene_flow_model_v5,world_model_flow_predictor,risk_upper,0.01203,0.00083,0.01120,0,10
transparent_depth_noise,causal_scene_flow_model_v5,world_model_flow_predictor,intervention_consistency,0.03625,0.00108,0.03517,10,10
transparent_depth_noise,causal_scene_flow_model_v5,causal_scene_flow_model_v4,mask_f1,-0.01032,0.00148,-0.01180,0,10
transparent_depth_noise,causal_scene_flow_model_v5,causal_scene_flow_model_v4,target_success,0.01094,0.05901,-0.04807,6,10
transparent_depth_noise,causal_scene_flow_model_v5,causal_scene_flow_model_v4,causal_utility,0.00070,0.04113,-0.04043,5,10
transparent_depth_noise,causal_scene_flow_model_v5,causal_scene_flow_model_v4,passive_false_attribution,0.01589,0.00229,0.01359,0,10
transparent_depth_noise,causal_scene_flow_model_v5,causal_scene_flow_model_v4,effect_error,0.00948,0.00236,0.00711,0,10
transparent_depth_noise,causal_scene_flow_model_v5,causal_scene_flow_model_v4,unsafe_contact,0.01406,0.02560,-0.01154,2,10
transparent_depth_noise,causal_scene_flow_model_v5,causal_scene_flow_model_v4,risk_upper,0.03154,0.00055,0.03100,0,10
transparent_depth_noise,causal_scene_flow_model_v5,causal_scene_flow_model_v4,intervention_consistency,0.01860,0.00063,0.01796,10,10
transparent_depth_noise,causal_scene_flow_model_v5,oracle_causal_mask,mask_f1,-0.19646,0.00458,-0.20104,0,10
transparent_depth_noise,causal_scene_flow_model_v5,oracle_causal_mask,target_success,-0.26094,0.04135,-0.30229,0,10
transparent_depth_noise,causal_scene_flow_model_v5,oracle_causal_mask,causal_utility,-0.31127,0.03040,-0.34167,0,10
transparent_depth_noise,causal_scene_flow_model_v5,oracle_causal_mask,passive_false_attribution,0.22001,0.00860,0.21141,0,10
transparent_depth_noise,causal_scene_flow_model_v5,oracle_causal_mask,effect_error,0.40580,0.00749,0.39831,0,10
transparent_depth_noise,causal_scene_flow_model_v5,oracle_causal_mask,unsafe_contact,0.07188,0.01458,0.05730,0,10
transparent_depth_noise,causal_scene_flow_model_v5,oracle_causal_mask,risk_upper,0.16731,0.00223,0.16508,0,10
transparent_depth_noise,causal_scene_flow_model_v5,oracle_causal_mask,intervention_consistency,-0.17126,0.00269,-0.17395,0,10
