stress_axis,stress_level,split,method,seed,rows,mask_f1,precision,recall,occluded_recall,passive_false_attribution,effect_error,target_success,unsafe_contact,brier,calibration_error,risk_upper,coverage,counterfactual_gap,intervention_consistency,causal_utility
articulation_delay,0.00,combined_hard_shift,action_direction_projection,0,32,0.59437,0.46112,0.88959,0.76621,0.52201,0.48128,0.59375,0.18750,0.21130,0.29612,0.27570,1.00000,0.32994,0.64802,0.42947
articulation_delay,0.00,combined_hard_shift,action_direction_projection,1,32,0.59536,0.47117,0.88899,0.73905,0.46883,0.45939,0.43750,0.09375,0.20917,0.30242,0.26256,1.00000,0.33638,0.66291,0.36348
articulation_delay,0.00,combined_hard_shift,action_direction_projection,2,32,0.59586,0.46299,0.89377,0.76607,0.49745,0.44449,0.53125,0.09375,0.20995,0.29747,0.26911,1.00000,0.34087,0.66019,0.42632
articulation_delay,0.00,combined_hard_shift,action_direction_projection,3,32,0.56448,0.42953,0.87390,0.70881,0.52015,0.48407,0.50000,0.21875,0.22041,0.31166,0.27833,1.00000,0.32034,0.63935,0.34683
articulation_delay,0.00,combined_hard_shift,action_direction_projection,4,32,0.60109,0.47276,0.87407,0.71897,0.46558,0.48570,0.40625,0.15625,0.19997,0.28755,0.25949,1.00000,0.35049,0.66709,0.31934
articulation_delay,0.00,combined_hard_shift,action_direction_projection,5,32,0.60010,0.47481,0.87497,0.71907,0.41995,0.48588,0.53125,0.15625,0.19888,0.28804,0.24734,1.00000,0.35643,0.68045,0.41375
articulation_delay,0.00,combined_hard_shift,action_direction_projection,6,32,0.57994,0.44962,0.87938,0.71097,0.49662,0.47152,0.46875,0.28125,0.21139,0.29784,0.26913,1.00000,0.33956,0.65596,0.31050
articulation_delay,0.00,combined_hard_shift,action_direction_projection,7,32,0.57675,0.44449,0.87835,0.75088,0.53159,0.47247,0.46875,0.28125,0.21037,0.30325,0.27950,1.00000,0.33041,0.64324,0.30421
articulation_delay,0.00,combined_hard_shift,action_direction_projection,8,32,0.57467,0.44279,0.87264,0.72202,0.49242,0.44410,0.50000,0.21875,0.21233,0.29996,0.26901,1.00000,0.33935,0.65501,0.35606
articulation_delay,0.00,combined_hard_shift,action_direction_projection,9,32,0.58854,0.46068,0.88678,0.73763,0.49739,0.49524,0.43750,0.15625,0.20889,0.30031,0.26921,1.00000,0.34162,0.65878,0.33382
articulation_delay,0.00,combined_hard_shift,calibrated_tree_flow_proxy,0,32,0.77069,0.69160,0.89566,0.85189,0.28603,0.34815,0.62500,0.18750,0.11528,0.18632,0.22060,1.00000,0.38716,0.73127,0.52585
articulation_delay,0.00,combined_hard_shift,calibrated_tree_flow_proxy,1,32,0.78135,0.69560,0.92186,0.88887,0.27122,0.35036,0.65625,0.18750,0.11371,0.19669,0.21735,1.00000,0.39361,0.74469,0.55269
articulation_delay,0.00,combined_hard_shift,calibrated_tree_flow_proxy,2,32,0.78128,0.69651,0.90976,0.86166,0.27782,0.33983,0.71875,0.12500,0.11544,0.19160,0.21866,1.00000,0.39203,0.73927,0.61812
articulation_delay,0.00,combined_hard_shift,calibrated_tree_flow_proxy,3,32,0.75756,0.66901,0.89622,0.85712,0.29867,0.34334,0.56250,0.09375,0.11713,0.19240,0.22462,1.00000,0.38822,0.72918,0.51227
articulation_delay,0.00,combined_hard_shift,calibrated_tree_flow_proxy,4,32,0.78161,0.69759,0.90433,0.87123,0.26130,0.40276,0.68750,0.09375,0.11209,0.19151,0.21443,1.00000,0.39362,0.74232,0.60611
articulation_delay,0.00,combined_hard_shift,calibrated_tree_flow_proxy,5,32,0.76714,0.67766,0.90435,0.88320,0.26818,0.40831,0.53125,0.12500,0.11332,0.19602,0.21654,1.00000,0.39553,0.74180,0.48195
articulation_delay,0.00,combined_hard_shift,calibrated_tree_flow_proxy,6,32,0.78000,0.69418,0.90996,0.87626,0.27236,0.37457,0.81250,0.09375,0.11499,0.19451,0.21713,1.00000,0.38781,0.73833,0.69324
articulation_delay,0.00,combined_hard_shift,calibrated_tree_flow_proxy,7,32,0.73072,0.62756,0.89184,0.85420,0.33096,0.36863,0.56250,0.12500,0.11734,0.19543,0.23321,1.00000,0.38560,0.71958,0.49018
articulation_delay,0.00,combined_hard_shift,calibrated_tree_flow_proxy,8,32,0.76884,0.68306,0.90008,0.85875,0.29585,0.34192,0.62500,0.18750,0.11563,0.19177,0.22344,1.00000,0.38992,0.73169,0.52480
articulation_delay,0.00,combined_hard_shift,calibrated_tree_flow_proxy,9,32,0.77775,0.69277,0.90374,0.88646,0.25679,0.37505,0.62500,0.03125,0.11472,0.19667,0.21378,1.00000,0.38748,0.73997,0.58617
articulation_delay,0.00,combined_hard_shift,causal_scene_flow_model_v5,0,32,0.76260,0.67315,0.90334,0.87605,0.27743,0.54330,0.68750,0.15625,0.10985,0.18565,0.21042,1.00000,0.48400,0.78551,0.57539
articulation_delay,0.00,combined_hard_shift,causal_scene_flow_model_v5,1,32,0.77300,0.67408,0.93101,0.91894,0.27327,0.51461,0.46875,0.00000,0.10633,0.19342,0.20947,1.00000,0.49436,0.79901,0.48402
articulation_delay,0.00,combined_hard_shift,causal_scene_flow_model_v5,2,32,0.78773,0.70564,0.91950,0.87676,0.25605,0.49105,0.62500,0.09375,0.11165,0.19291,0.20586,1.00000,0.48910,0.79707,0.56525
articulation_delay,0.00,combined_hard_shift,causal_scene_flow_model_v5,3,32,0.74719,0.64248,0.91292,0.89300,0.30669,0.58345,0.50000,0.03125,0.10867,0.18269,0.21675,1.00000,0.48765,0.78346,0.48051
articulation_delay,0.00,combined_hard_shift,causal_scene_flow_model_v5,4,32,0.77742,0.68892,0.91690,0.90260,0.26435,0.53603,0.68750,0.00000,0.10736,0.19176,0.20735,1.00000,0.49193,0.79604,0.63728
articulation_delay,0.00,combined_hard_shift,causal_scene_flow_model_v5,5,32,0.75759,0.65903,0.91435,0.89797,0.26824,0.58031,0.53125,0.03125,0.11069,0.19852,0.20918,1.00000,0.49535,0.79630,0.51039
articulation_delay,0.00,combined_hard_shift,causal_scene_flow_model_v5,6,32,0.77003,0.69107,0.90759,0.87512,0.23341,0.49076,0.56250,0.12500,0.11213,0.19320,0.20049,1.00000,0.48351,0.79605,0.51003
articulation_delay,0.00,combined_hard_shift,causal_scene_flow_model_v5,7,32,0.72675,0.61857,0.89799,0.87571,0.32747,0.56309,0.59375,0.09375,0.11433,0.19235,0.22371,1.00000,0.47961,0.77083,0.51757
articulation_delay,0.00,combined_hard_shift,causal_scene_flow_model_v5,8,32,0.77254,0.69080,0.89829,0.85057,0.25650,0.56011,0.71875,0.03125,0.10749,0.18533,0.20533,1.00000,0.48484,0.78924,0.64581
articulation_delay,0.00,combined_hard_shift,causal_scene_flow_model_v5,9,32,0.76208,0.66952,0.90756,0.88348,0.27316,0.57299,0.59375,0.12500,0.10847,0.19256,0.20952,1.00000,0.48467,0.78790,0.51995
articulation_delay,0.00,combined_hard_shift,contrastive_action_flow,0,32,0.74766,0.70792,0.82511,0.70887,0.26514,0.29642,0.65625,0.15625,0.11915,0.17585,0.18406,1.00000,0.35416,0.70036,0.55719
articulation_delay,0.00,combined_hard_shift,contrastive_action_flow,1,32,0.75369,0.71065,0.83842,0.73282,0.24747,0.28881,0.65625,0.21875,0.11721,0.18691,0.18042,1.00000,0.36163,0.71159,0.53958
articulation_delay,0.00,combined_hard_shift,contrastive_action_flow,2,32,0.76699,0.71243,0.85472,0.75710,0.25595,0.29828,0.68750,0.15625,0.11876,0.18172,0.18136,1.00000,0.36160,0.71395,0.58478
articulation_delay,0.00,combined_hard_shift,contrastive_action_flow,3,32,0.74694,0.69417,0.83522,0.71722,0.26643,0.28399,0.62500,0.18750,0.12066,0.18292,0.18505,1.00000,0.35739,0.70439,0.52503
articulation_delay,0.00,combined_hard_shift,contrastive_action_flow,4,32,0.77797,0.74006,0.84500,0.73564,0.22239,0.30596,0.71875,0.18750,0.11530,0.18123,0.17287,1.00000,0.36210,0.71907,0.60134
articulation_delay,0.00,combined_hard_shift,contrastive_action_flow,5,32,0.74892,0.70434,0.82339,0.73324,0.23232,0.33336,0.68750,0.03125,0.11558,0.18543,0.17630,1.00000,0.36612,0.71335,0.62755
articulation_delay,0.00,combined_hard_shift,contrastive_action_flow,6,32,0.74378,0.70997,0.81130,0.67789,0.25628,0.30704,0.56250,0.06250,0.11851,0.18466,0.18259,1.00000,0.35588,0.69961,0.52503
articulation_delay,0.00,combined_hard_shift,contrastive_action_flow,7,32,0.71616,0.64521,0.83059,0.73990,0.29875,0.32193,0.56250,0.12500,0.12043,0.18577,0.19374,1.00000,0.35428,0.69446,0.49151
articulation_delay,0.00,combined_hard_shift,contrastive_action_flow,8,32,0.75165,0.71976,0.81745,0.70010,0.26022,0.24389,0.68750,0.28125,0.11891,0.18235,0.18365,1.00000,0.36112,0.70307,0.53877
articulation_delay,0.00,combined_hard_shift,contrastive_action_flow,9,32,0.74744,0.71011,0.81119,0.69254,0.22610,0.30384,0.75000,0.00000,0.11765,0.18639,0.17524,1.00000,0.35539,0.70597,0.68395
articulation_delay,0.00,combined_hard_shift,learned_correlation_classifier,0,32,0.74872,0.66631,0.88713,0.82733,0.33026,0.35026,0.56250,0.09375,0.12660,0.20051,0.20775,1.00000,0.35742,0.70385,0.50361
articulation_delay,0.00,combined_hard_shift,learned_correlation_classifier,1,32,0.75962,0.67691,0.90251,0.86063,0.30220,0.34015,0.65625,0.09375,0.12569,0.21130,0.20119,1.00000,0.36329,0.71708,0.57654
articulation_delay,0.00,combined_hard_shift,learned_correlation_classifier,2,32,0.74610,0.65553,0.89410,0.83639,0.34306,0.35456,0.62500,0.21875,0.12694,0.20591,0.21138,1.00000,0.36307,0.70579,0.50038
articulation_delay,0.00,combined_hard_shift,learned_correlation_classifier,3,32,0.74331,0.65379,0.88997,0.83285,0.33060,0.33556,0.50000,0.21875,0.12908,0.20813,0.20887,1.00000,0.35838,0.70502,0.41497
articulation_delay,0.00,combined_hard_shift,learned_correlation_classifier,4,32,0.76133,0.67866,0.88980,0.84257,0.29479,0.38036,0.59375,0.15625,0.12336,0.20560,0.19857,1.00000,0.36418,0.71587,0.50890
articulation_delay,0.00,combined_hard_shift,learned_correlation_classifier,5,32,0.74393,0.65621,0.88818,0.84752,0.29955,0.40205,0.65625,0.18750,0.12435,0.21018,0.20026,1.00000,0.36596,0.71532,0.53667
articulation_delay,0.00,combined_hard_shift,learned_correlation_classifier,6,32,0.74237,0.65489,0.88859,0.83619,0.33923,0.37823,0.59375,0.12500,0.12700,0.21002,0.21055,1.00000,0.35858,0.70286,0.51035
articulation_delay,0.00,combined_hard_shift,learned_correlation_classifier,7,32,0.72192,0.61841,0.89019,0.84974,0.35435,0.36258,0.71875,0.12500,0.12792,0.20990,0.21530,1.00000,0.35811,0.69971,0.59332
articulation_delay,0.00,combined_hard_shift,learned_correlation_classifier,8,32,0.74670,0.66159,0.88734,0.81838,0.34288,0.33113,0.65625,0.06250,0.12717,0.20716,0.21172,1.00000,0.36273,0.70389,0.57980
articulation_delay,0.00,combined_hard_shift,learned_correlation_classifier,9,32,0.74789,0.65970,0.89157,0.85916,0.31019,0.36527,0.62500,0.21875,0.12596,0.21141,0.20304,1.00000,0.35883,0.71016,0.50449
articulation_delay,0.00,combined_hard_shift,oracle_causal_mask,0,32,1.00000,1.00000,1.00000,1.00000,0.00000,0.00000,1.00000,0.06250,0.00001,0.00169,0.02002,1.00000,0.99400,1.00000,0.95750
articulation_delay,0.00,combined_hard_shift,oracle_causal_mask,1,32,1.00000,1.00000,1.00000,1.00000,0.00000,0.00000,1.00000,0.03125,0.00001,0.00178,0.02011,1.00000,0.99400,1.00000,0.96875
articulation_delay,0.00,combined_hard_shift,oracle_causal_mask,2,32,1.00000,1.00000,1.00000,1.00000,0.00000,0.00000,0.96875,0.03125,0.00001,0.00170,0.02001,1.00000,0.99400,1.00000,0.94687
articulation_delay,0.00,combined_hard_shift,oracle_causal_mask,3,32,1.00000,1.00000,1.00000,1.00000,0.00000,0.00000,1.00000,0.00000,0.00001,0.00172,0.02006,1.00000,0.99400,1.00000,0.98000
articulation_delay,0.00,combined_hard_shift,oracle_causal_mask,4,32,1.00000,1.00000,1.00000,1.00000,0.00000,0.00000,0.93750,0.00000,0.00001,0.00175,0.02001,1.00000,0.99400,1.00000,0.93625
articulation_delay,0.00,combined_hard_shift,oracle_causal_mask,5,32,1.00000,1.00000,1.00000,1.00000,0.00000,0.00000,0.96875,0.03125,0.00001,0.00178,0.01997,1.00000,0.99400,1.00000,0.94688
articulation_delay,0.00,combined_hard_shift,oracle_causal_mask,6,32,1.00000,1.00000,1.00000,1.00000,0.00000,0.00000,0.96875,0.00000,0.00001,0.00176,0.01988,1.00000,0.99400,1.00000,0.95813
articulation_delay,0.00,combined_hard_shift,oracle_causal_mask,7,32,1.00000,1.00000,1.00000,1.00000,0.00000,0.00000,0.96875,0.00000,0.00001,0.00177,0.02011,1.00000,0.99400,1.00000,0.95813
articulation_delay,0.00,combined_hard_shift,oracle_causal_mask,8,32,1.00000,1.00000,1.00000,1.00000,0.00000,0.00000,0.96875,0.00000,0.00001,0.00171,0.02001,1.00000,0.99400,1.00000,0.95813
articulation_delay,0.00,combined_hard_shift,oracle_causal_mask,9,32,1.00000,1.00000,1.00000,1.00000,0.00000,0.00000,0.96875,0.03125,0.00001,0.00179,0.01992,1.00000,0.99400,1.00000,0.94687
articulation_delay,0.00,combined_hard_shift,world_model_flow_predictor,0,32,0.77246,0.71118,0.87089,0.81047,0.23938,0.51274,0.62500,0.06250,0.11334,0.18039,0.19696,1.00000,0.40992,0.74693,0.56873
articulation_delay,0.00,combined_hard_shift,world_model_flow_predictor,1,32,0.77077,0.69988,0.88581,0.82820,0.24220,0.48026,0.75000,0.09375,0.11048,0.18970,0.19816,1.00000,0.41781,0.75429,0.64721
articulation_delay,0.00,combined_hard_shift,world_model_flow_predictor,2,32,0.79350,0.74916,0.87831,0.78895,0.21517,0.46105,0.65625,0.18750,0.11480,0.18816,0.19175,1.00000,0.41590,0.75729,0.55623
articulation_delay,0.00,combined_hard_shift,world_model_flow_predictor,3,32,0.75575,0.68734,0.86657,0.78772,0.25237,0.52349,0.53125,0.09375,0.11205,0.17820,0.20000,1.00000,0.41224,0.74415,0.48665
articulation_delay,0.00,combined_hard_shift,world_model_flow_predictor,4,32,0.79089,0.73211,0.88775,0.83120,0.22032,0.49204,0.59375,0.06250,0.11123,0.18805,0.19240,1.00000,0.41738,0.75939,0.55483
articulation_delay,0.00,combined_hard_shift,world_model_flow_predictor,5,32,0.77486,0.70436,0.88524,0.83904,0.22255,0.53061,0.75000,0.15625,0.11369,0.19537,0.19383,1.00000,0.42201,0.76065,0.62546
articulation_delay,0.00,combined_hard_shift,world_model_flow_predictor,6,32,0.78109,0.74046,0.86971,0.78747,0.19476,0.44500,0.71875,0.12500,0.11571,0.19000,0.18688,1.00000,0.41105,0.75703,0.62387
articulation_delay,0.00,combined_hard_shift,world_model_flow_predictor,7,32,0.73219,0.65079,0.86191,0.79950,0.28474,0.52417,0.65625,0.21875,0.11618,0.18865,0.20962,1.00000,0.40797,0.73360,0.52019
articulation_delay,0.00,combined_hard_shift,world_model_flow_predictor,8,32,0.79086,0.74183,0.87205,0.78270,0.20383,0.51183,0.68750,0.18750,0.11149,0.18111,0.18815,1.00000,0.41148,0.75586,0.57582
articulation_delay,0.00,combined_hard_shift,world_model_flow_predictor,9,32,0.77781,0.71627,0.87747,0.80719,0.22149,0.51873,0.65625,0.03125,0.11233,0.18967,0.19291,1.00000,0.41068,0.75297,0.60523
articulation_delay,0.25,combined_hard_shift,action_direction_projection,0,32,0.59437,0.47133,0.86367,0.72753,0.45662,0.45721,0.56250,0.21875,0.20227,0.28057,0.25887,1.00000,0.34326,0.66259,0.40738
articulation_delay,0.25,combined_hard_shift,action_direction_projection,1,32,0.59995,0.47284,0.86479,0.69099,0.42503,0.49331,0.53125,0.06250,0.19488,0.28064,0.25073,1.00000,0.34414,0.67029,0.44520
articulation_delay,0.25,combined_hard_shift,action_direction_projection,2,32,0.58108,0.45730,0.86660,0.71907,0.46324,0.46359,0.50000,0.09375,0.20885,0.29445,0.26275,1.00000,0.33332,0.65673,0.40463
articulation_delay,0.25,combined_hard_shift,action_direction_projection,3,32,0.55133,0.42023,0.87101,0.73387,0.52233,0.46127,0.50000,0.18750,0.22419,0.31280,0.28132,1.00000,0.30800,0.63171,0.35616
articulation_delay,0.25,combined_hard_shift,action_direction_projection,4,32,0.61050,0.48828,0.85943,0.68897,0.45262,0.48032,0.50000,0.21875,0.19343,0.27607,0.25730,1.00000,0.34760,0.66462,0.36555
articulation_delay,0.25,combined_hard_shift,action_direction_projection,5,32,0.56039,0.42872,0.87965,0.74939,0.51940,0.48114,0.37500,0.21875,0.21450,0.30754,0.27898,1.00000,0.32621,0.64407,0.25950
articulation_delay,0.25,combined_hard_shift,action_direction_projection,6,32,0.57834,0.44799,0.86996,0.70159,0.52229,0.46534,0.40625,0.25000,0.20969,0.29653,0.27871,1.00000,0.33109,0.64345,0.27353
articulation_delay,0.25,combined_hard_shift,action_direction_projection,7,32,0.58587,0.46277,0.86945,0.71453,0.47287,0.47170,0.56250,0.21875,0.20744,0.29944,0.26582,1.00000,0.33628,0.65689,0.40252
articulation_delay,0.25,combined_hard_shift,action_direction_projection,8,32,0.56627,0.43996,0.87240,0.71204,0.55091,0.44696,0.56250,0.18750,0.22609,0.30949,0.28844,1.00000,0.31875,0.63138,0.39969
articulation_delay,0.25,combined_hard_shift,action_direction_projection,9,32,0.52567,0.39001,0.86724,0.68434,0.57460,0.48752,0.43750,0.21875,0.23671,0.32437,0.29729,1.00000,0.29881,0.61445,0.28714
articulation_delay,0.25,combined_hard_shift,calibrated_tree_flow_proxy,0,32,0.77900,0.70657,0.89084,0.85741,0.26949,0.36164,0.71875,0.21875,0.11442,0.18976,0.21869,1.00000,0.38728,0.73372,0.58302
articulation_delay,0.25,combined_hard_shift,calibrated_tree_flow_proxy,1,32,0.76269,0.67829,0.88599,0.84573,0.26871,0.40439,0.65625,0.15625,0.11252,0.18653,0.21900,1.00000,0.39259,0.73539,0.55689
articulation_delay,0.25,combined_hard_shift,calibrated_tree_flow_proxy,2,32,0.77613,0.69766,0.89803,0.86129,0.25500,0.37072,0.68750,0.12500,0.11440,0.19714,0.21586,1.00000,0.38585,0.73803,0.59615
articulation_delay,0.25,combined_hard_shift,calibrated_tree_flow_proxy,3,32,0.72346,0.61235,0.89562,0.87080,0.33696,0.39620,0.56250,0.12500,0.12015,0.19822,0.23677,1.00000,0.37960,0.71612,0.48623
articulation_delay,0.25,combined_hard_shift,calibrated_tree_flow_proxy,4,32,0.77664,0.69482,0.90253,0.87170,0.27519,0.37483,0.62500,0.12500,0.11183,0.18518,0.21971,1.00000,0.39779,0.74097,0.55017
articulation_delay,0.25,combined_hard_shift,calibrated_tree_flow_proxy,5,32,0.74329,0.64574,0.88951,0.86548,0.29309,0.38153,0.50000,0.15625,0.11724,0.19949,0.22617,1.00000,0.38328,0.72610,0.44174
articulation_delay,0.25,combined_hard_shift,calibrated_tree_flow_proxy,6,32,0.75004,0.66131,0.88897,0.85021,0.30000,0.34129,0.81250,0.12500,0.11630,0.19222,0.22729,1.00000,0.38776,0.72677,0.67449
articulation_delay,0.25,combined_hard_shift,calibrated_tree_flow_proxy,7,32,0.78088,0.70691,0.89487,0.83514,0.23955,0.35184,0.56250,0.06250,0.11346,0.19733,0.21236,1.00000,0.39278,0.74421,0.53564
articulation_delay,0.25,combined_hard_shift,calibrated_tree_flow_proxy,8,32,0.74695,0.65732,0.89238,0.84113,0.30782,0.33438,0.68750,0.18750,0.11830,0.19817,0.22934,1.00000,0.38111,0.72248,0.56296
articulation_delay,0.25,combined_hard_shift,calibrated_tree_flow_proxy,9,32,0.72784,0.62969,0.88551,0.83811,0.32929,0.37406,0.56250,0.03125,0.12103,0.19930,0.23517,1.00000,0.37441,0.71248,0.52249
articulation_delay,0.25,combined_hard_shift,causal_scene_flow_model_v5,0,32,0.76328,0.66956,0.91158,0.88102,0.26466,0.49370,0.71875,0.15625,0.11319,0.19351,0.21053,1.00000,0.48282,0.78985,0.60240
articulation_delay,0.25,combined_hard_shift,causal_scene_flow_model_v5,1,32,0.76040,0.65940,0.91655,0.88979,0.28652,0.60691,0.43750,0.03125,0.10923,0.18894,0.21555,1.00000,0.49107,0.79062,0.44074
articulation_delay,0.25,combined_hard_shift,causal_scene_flow_model_v5,2,32,0.76359,0.66479,0.91515,0.89150,0.25217,0.49500,0.65625,0.09375,0.11186,0.20141,0.20837,1.00000,0.48393,0.79411,0.58313
articulation_delay,0.25,combined_hard_shift,causal_scene_flow_model_v5,3,32,0.71341,0.59584,0.89955,0.86452,0.34040,0.59997,0.43750,0.03125,0.11771,0.19495,0.22934,1.00000,0.47729,0.76718,0.42436
articulation_delay,0.25,combined_hard_shift,causal_scene_flow_model_v5,4,32,0.75974,0.65774,0.92067,0.88911,0.29157,0.57359,0.68750,0.03125,0.11074,0.19156,0.21684,1.00000,0.50322,0.79690,0.61778
articulation_delay,0.25,combined_hard_shift,causal_scene_flow_model_v5,5,32,0.74141,0.63480,0.90989,0.90492,0.29800,0.61173,0.56250,0.03125,0.11345,0.19693,0.21912,1.00000,0.47671,0.77890,0.52213
articulation_delay,0.25,combined_hard_shift,causal_scene_flow_model_v5,6,32,0.75029,0.65860,0.90331,0.88192,0.29213,0.53089,0.50000,0.12500,0.11427,0.19221,0.21774,1.00000,0.48348,0.78200,0.45198
articulation_delay,0.25,combined_hard_shift,causal_scene_flow_model_v5,7,32,0.77107,0.68731,0.91012,0.89657,0.24319,0.51465,0.59375,0.06250,0.10909,0.19539,0.20581,1.00000,0.48976,0.79781,0.55217
articulation_delay,0.25,combined_hard_shift,causal_scene_flow_model_v5,8,32,0.76357,0.68745,0.89047,0.83971,0.24281,0.50586,0.78125,0.00000,0.11248,0.19151,0.20566,1.00000,0.47571,0.78548,0.70381
articulation_delay,0.25,combined_hard_shift,causal_scene_flow_model_v5,9,32,0.74419,0.66496,0.87655,0.82621,0.26854,0.55743,0.59375,0.15625,0.11214,0.18605,0.21141,1.00000,0.46596,0.77112,0.50531
articulation_delay,0.25,combined_hard_shift,contrastive_action_flow,0,32,0.76457,0.73640,0.82183,0.69586,0.23543,0.28466,0.78125,0.18750,0.11761,0.17905,0.17866,1.00000,0.35635,0.70718,0.64124
articulation_delay,0.25,combined_hard_shift,contrastive_action_flow,1,32,0.75010,0.71704,0.80664,0.69787,0.21834,0.30965,0.62500,0.15625,0.11556,0.17549,0.17514,1.00000,0.36035,0.70907,0.54157
articulation_delay,0.25,combined_hard_shift,contrastive_action_flow,2,32,0.74999,0.71205,0.81622,0.69724,0.22975,0.29272,0.68750,0.18750,0.11758,0.18698,0.17840,1.00000,0.35355,0.70552,0.57328
articulation_delay,0.25,combined_hard_shift,contrastive_action_flow,3,32,0.69361,0.61821,0.80907,0.69258,0.31131,0.33357,0.62500,0.18750,0.12356,0.18805,0.19971,1.00000,0.34558,0.68157,0.50540
articulation_delay,0.25,combined_hard_shift,contrastive_action_flow,4,32,0.75625,0.71950,0.82122,0.69788,0.23974,0.28942,0.62500,0.18750,0.11458,0.17397,0.17961,1.00000,0.36628,0.71124,0.53021
articulation_delay,0.25,combined_hard_shift,contrastive_action_flow,5,32,0.72601,0.65764,0.82798,0.74416,0.27429,0.33492,0.56250,0.06250,0.12048,0.18966,0.18992,1.00000,0.35090,0.69740,0.51809
articulation_delay,0.25,combined_hard_shift,contrastive_action_flow,6,32,0.72729,0.67761,0.81307,0.70551,0.27106,0.27607,0.62500,0.06250,0.11990,0.18215,0.18898,1.00000,0.35447,0.69609,0.56580
articulation_delay,0.25,combined_hard_shift,contrastive_action_flow,7,32,0.75473,0.71369,0.82645,0.71323,0.22693,0.29185,0.59375,0.15625,0.11639,0.18740,0.17761,1.00000,0.36203,0.71321,0.52097
articulation_delay,0.25,combined_hard_shift,contrastive_action_flow,8,32,0.70872,0.65462,0.80794,0.67086,0.30712,0.29135,0.71875,0.18750,0.12272,0.18929,0.19859,1.00000,0.34771,0.68331,0.57668
articulation_delay,0.25,combined_hard_shift,contrastive_action_flow,9,32,0.71009,0.65536,0.80705,0.66269,0.29234,0.30212,0.65625,0.00000,0.12508,0.19023,0.19519,1.00000,0.34153,0.68311,0.60175
articulation_delay,0.25,combined_hard_shift,learned_correlation_classifier,0,32,0.75966,0.69087,0.87525,0.81666,0.30531,0.35018,0.53125,0.06250,0.12547,0.20381,0.20366,1.00000,0.35824,0.70668,0.49807
articulation_delay,0.25,combined_hard_shift,learned_correlation_classifier,1,32,0.75155,0.67052,0.87278,0.82232,0.28090,0.38193,0.62500,0.15625,0.12266,0.19925,0.19751,1.00000,0.36285,0.71381,0.53053
articulation_delay,0.25,combined_hard_shift,learned_correlation_classifier,2,32,0.75158,0.67510,0.88082,0.83290,0.29369,0.35101,0.59375,0.18750,0.12562,0.21077,0.20136,1.00000,0.35609,0.70957,0.49722
articulation_delay,0.25,combined_hard_shift,learned_correlation_classifier,3,32,0.69957,0.58876,0.88091,0.84390,0.37760,0.38774,0.43750,0.18750,0.13164,0.21290,0.22400,1.00000,0.34847,0.68717,0.36456
articulation_delay,0.25,combined_hard_shift,learned_correlation_classifier,4,32,0.76088,0.68823,0.87918,0.81385,0.29375,0.35047,0.65625,0.09375,0.12248,0.19846,0.20034,1.00000,0.36572,0.71414,0.57679
articulation_delay,0.25,combined_hard_shift,learned_correlation_classifier,5,32,0.71640,0.61194,0.88224,0.85316,0.34642,0.38582,0.62500,0.18750,0.12825,0.21365,0.21577,1.00000,0.35475,0.69764,0.50362
articulation_delay,0.25,combined_hard_shift,learned_correlation_classifier,6,32,0.72365,0.63179,0.87526,0.81805,0.34832,0.33909,0.56250,0.09375,0.12760,0.20710,0.21600,1.00000,0.35786,0.69703,0.49728
articulation_delay,0.25,combined_hard_shift,learned_correlation_classifier,7,32,0.75832,0.67423,0.89237,0.82661,0.28116,0.35634,0.75000,0.09375,0.12455,0.21122,0.19794,1.00000,0.36376,0.71932,0.64378
articulation_delay,0.25,combined_hard_shift,learned_correlation_classifier,8,32,0.71055,0.61886,0.87508,0.80474,0.37560,0.33850,0.65625,0.12500,0.13132,0.21461,0.22367,1.00000,0.35107,0.68745,0.54517
articulation_delay,0.25,combined_hard_shift,learned_correlation_classifier,9,32,0.70206,0.60535,0.87015,0.80476,0.37800,0.35553,0.59375,0.25000,0.13394,0.21620,0.22482,1.00000,0.34610,0.68305,0.45323
articulation_delay,0.25,combined_hard_shift,oracle_causal_mask,0,32,1.00000,1.00000,1.00000,1.00000,0.00000,0.00000,1.00000,0.06250,0.00001,0.00174,0.02051,1.00000,0.99400,1.00000,0.95750
articulation_delay,0.25,combined_hard_shift,oracle_causal_mask,1,32,1.00000,1.00000,1.00000,1.00000,0.00000,0.00000,1.00000,0.03125,0.00001,0.00171,0.02077,1.00000,0.99400,1.00000,0.96875
articulation_delay,0.25,combined_hard_shift,oracle_causal_mask,2,32,1.00000,1.00000,1.00000,1.00000,0.00000,0.00000,0.96875,0.03125,0.00001,0.00180,0.02058,1.00000,0.99400,1.00000,0.94687
articulation_delay,0.25,combined_hard_shift,oracle_causal_mask,3,32,1.00000,1.00000,1.00000,1.00000,0.00000,0.00000,1.00000,0.00000,0.00001,0.00178,0.02056,1.00000,0.99400,1.00000,0.98000
articulation_delay,0.25,combined_hard_shift,oracle_causal_mask,4,32,1.00000,1.00000,1.00000,1.00000,0.00000,0.00000,0.93750,0.00000,0.00001,0.00171,0.02071,1.00000,0.99400,1.00000,0.93625
articulation_delay,0.25,combined_hard_shift,oracle_causal_mask,5,32,1.00000,1.00000,1.00000,1.00000,0.00000,0.00000,0.96875,0.03125,0.00001,0.00179,0.02062,1.00000,0.99400,1.00000,0.94688
articulation_delay,0.25,combined_hard_shift,oracle_causal_mask,6,32,1.00000,1.00000,1.00000,1.00000,0.00000,0.00000,0.96875,0.00000,0.00001,0.00175,0.02069,1.00000,0.99400,1.00000,0.95813
articulation_delay,0.25,combined_hard_shift,oracle_causal_mask,7,32,1.00000,1.00000,1.00000,1.00000,0.00000,0.00000,0.96875,0.00000,0.00001,0.00178,0.02067,1.00000,0.99400,1.00000,0.95813
articulation_delay,0.25,combined_hard_shift,oracle_causal_mask,8,32,1.00000,1.00000,1.00000,1.00000,0.00000,0.00000,0.96875,0.00000,0.00001,0.00178,0.02052,1.00000,0.99400,1.00000,0.95813
articulation_delay,0.25,combined_hard_shift,oracle_causal_mask,9,32,1.00000,1.00000,1.00000,1.00000,0.00000,0.00000,0.96875,0.03125,0.00001,0.00176,0.02050,1.00000,0.99400,1.00000,0.94687
articulation_delay,0.25,combined_hard_shift,world_model_flow_predictor,0,32,0.78303,0.72189,0.88118,0.80634,0.21625,0.44554,0.65625,0.06250,0.11615,0.18991,0.19406,1.00000,0.41161,0.75557,0.60015
articulation_delay,0.25,combined_hard_shift,world_model_flow_predictor,1,32,0.76527,0.69057,0.87731,0.82422,0.25082,0.57088,0.81250,0.09375,0.11222,0.18460,0.20250,1.00000,0.41791,0.75023,0.68312
articulation_delay,0.25,combined_hard_shift,world_model_flow_predictor,2,32,0.77606,0.70468,0.88158,0.83474,0.21626,0.45659,0.59375,0.18750,0.11490,0.19766,0.19491,1.00000,0.41131,0.75551,0.50961
articulation_delay,0.25,combined_hard_shift,world_model_flow_predictor,3,32,0.71656,0.62373,0.86213,0.78019,0.30151,0.55428,0.46875,0.12500,0.11900,0.19061,0.21578,1.00000,0.40358,0.72768,0.41566
articulation_delay,0.25,combined_hard_shift,world_model_flow_predictor,4,32,0.76449,0.68708,0.88779,0.81635,0.26195,0.54454,0.50000,0.06250,0.11345,0.18797,0.20517,1.00000,0.42887,0.75621,0.47646
articulation_delay,0.25,combined_hard_shift,world_model_flow_predictor,5,32,0.74286,0.66739,0.86362,0.79111,0.25703,0.57089,0.62500,0.15625,0.11575,0.19257,0.20502,1.00000,0.40416,0.73816,0.52359
articulation_delay,0.25,combined_hard_shift,world_model_flow_predictor,6,32,0.75309,0.69039,0.86521,0.79458,0.25459,0.49564,0.65625,0.18750,0.11664,0.18888,0.20433,1.00000,0.41147,0.74291,0.54123
articulation_delay,0.25,combined_hard_shift,world_model_flow_predictor,7,32,0.77800,0.72414,0.87378,0.81650,0.20765,0.47221,0.65625,0.21875,0.11252,0.19182,0.19251,1.00000,0.41651,0.75808,0.54282
articulation_delay,0.25,combined_hard_shift,world_model_flow_predictor,8,32,0.77033,0.72429,0.85833,0.75595,0.21343,0.46980,0.65625,0.18750,0.11603,0.18885,0.19389,1.00000,0.40374,0.74616,0.55087
articulation_delay,0.25,combined_hard_shift,world_model_flow_predictor,9,32,0.74279,0.69703,0.83244,0.70502,0.23619,0.52109,0.62500,0.06250,0.11537,0.18293,0.19942,1.00000,0.39315,0.72891,0.56171
articulation_delay,0.50,combined_hard_shift,action_direction_projection,0,32,0.51910,0.38444,0.86778,0.67199,0.62501,0.50329,0.37500,0.21875,0.24370,0.33109,0.31437,1.00000,0.27913,0.59327,0.23280
articulation_delay,0.50,combined_hard_shift,action_direction_projection,1,32,0.54148,0.40427,0.87742,0.73105,0.56893,0.46309,0.28125,0.09375,0.22874,0.31838,0.29647,1.00000,0.30954,0.62392,0.22858
articulation_delay,0.50,combined_hard_shift,action_direction_projection,2,32,0.58346,0.45465,0.85869,0.72866,0.40171,0.46059,0.59375,0.09375,0.20116,0.28031,0.24706,1.00000,0.32685,0.66485,0.47917
articulation_delay,0.50,combined_hard_shift,action_direction_projection,3,32,0.51906,0.37987,0.87007,0.71556,0.55099,0.51948,0.46875,0.21875,0.23395,0.32515,0.29290,1.00000,0.30106,0.62155,0.30972
articulation_delay,0.50,combined_hard_shift,action_direction_projection,4,32,0.54117,0.40900,0.84525,0.65453,0.57606,0.49780,0.31250,0.18750,0.22486,0.30745,0.29788,1.00000,0.30565,0.61197,0.21228
articulation_delay,0.50,combined_hard_shift,action_direction_projection,5,32,0.57979,0.45578,0.85685,0.68741,0.49700,0.47101,0.37500,0.18750,0.20742,0.28450,0.27262,1.00000,0.33107,0.64560,0.27734
articulation_delay,0.50,combined_hard_shift,action_direction_projection,6,32,0.55309,0.42391,0.86767,0.73039,0.58670,0.44877,0.43750,0.34375,0.23729,0.31564,0.30181,1.00000,0.29618,0.61053,0.24693
articulation_delay,0.50,combined_hard_shift,action_direction_projection,7,32,0.53529,0.41134,0.84249,0.64720,0.60633,0.45986,0.34375,0.21875,0.23904,0.31791,0.30816,1.00000,0.29359,0.59833,0.21897
articulation_delay,0.50,combined_hard_shift,action_direction_projection,8,32,0.59600,0.47436,0.85656,0.68587,0.45394,0.48286,0.59375,0.15625,0.19301,0.27416,0.26001,1.00000,0.33398,0.65651,0.45007
articulation_delay,0.50,combined_hard_shift,action_direction_projection,9,32,0.58139,0.45670,0.86795,0.71280,0.54950,0.43890,0.43750,0.18750,0.22272,0.30647,0.29018,1.00000,0.30921,0.62557,0.31457
articulation_delay,0.50,combined_hard_shift,calibrated_tree_flow_proxy,0,32,0.74639,0.66263,0.88429,0.84067,0.31379,0.31006,0.68750,0.21875,0.12179,0.19804,0.23388,1.00000,0.36436,0.71035,0.55091
articulation_delay,0.50,combined_hard_shift,calibrated_tree_flow_proxy,1,32,0.73184,0.62549,0.89766,0.85490,0.32508,0.34414,0.53125,0.15625,0.12075,0.20048,0.23623,1.00000,0.38115,0.72007,0.45947
articulation_delay,0.50,combined_hard_shift,calibrated_tree_flow_proxy,2,32,0.77204,0.69014,0.89856,0.88899,0.26656,0.37337,0.65625,0.12500,0.11506,0.18737,0.22003,1.00000,0.38706,0.73626,0.57186
articulation_delay,0.50,combined_hard_shift,calibrated_tree_flow_proxy,3,32,0.76777,0.68590,0.89070,0.86758,0.26713,0.38184,0.62500,0.09375,0.11797,0.19853,0.22133,1.00000,0.37436,0.72748,0.55893
articulation_delay,0.50,combined_hard_shift,calibrated_tree_flow_proxy,4,32,0.73510,0.65092,0.87182,0.80810,0.31379,0.35193,0.65625,0.15625,0.12090,0.19687,0.23379,1.00000,0.36822,0.70911,0.54706
articulation_delay,0.50,combined_hard_shift,calibrated_tree_flow_proxy,5,32,0.76641,0.67961,0.89264,0.85626,0.27929,0.37647,0.50000,0.15625,0.11539,0.18985,0.22321,1.00000,0.38466,0.73066,0.44795
articulation_delay,0.50,combined_hard_shift,calibrated_tree_flow_proxy,6,32,0.75162,0.67046,0.88660,0.88663,0.31683,0.33150,0.78125,0.12500,0.12122,0.19523,0.23383,1.00000,0.36545,0.71085,0.64953
articulation_delay,0.50,combined_hard_shift,calibrated_tree_flow_proxy,7,32,0.75174,0.66204,0.89249,0.85965,0.29612,0.34997,0.65625,0.12500,0.11929,0.19453,0.22827,1.00000,0.37160,0.72013,0.56454
articulation_delay,0.50,combined_hard_shift,calibrated_tree_flow_proxy,8,32,0.78103,0.70839,0.89069,0.84940,0.25447,0.37202,0.71875,0.18750,0.11020,0.18021,0.21676,1.00000,0.39306,0.73999,0.59653
articulation_delay,0.50,combined_hard_shift,calibrated_tree_flow_proxy,9,32,0.76241,0.67371,0.89611,0.87844,0.29021,0.33864,0.56250,0.03125,0.11849,0.19191,0.22684,1.00000,0.37871,0.72607,0.53647
articulation_delay,0.50,combined_hard_shift,causal_scene_flow_model_v5,0,32,0.76080,0.68620,0.87804,0.85014,0.25787,0.53992,0.65625,0.15625,0.11080,0.18300,0.21140,1.00000,0.44750,0.76426,0.55322
articulation_delay,0.50,combined_hard_shift,causal_scene_flow_model_v5,1,32,0.72714,0.63600,0.89215,0.83812,0.29593,0.52857,0.43750,0.03125,0.12026,0.19810,0.22224,1.00000,0.47174,0.77216,0.43678
articulation_delay,0.50,combined_hard_shift,causal_scene_flow_model_v5,2,32,0.75528,0.65804,0.91149,0.91007,0.27531,0.55581,0.62500,0.09375,0.11350,0.19089,0.21566,1.00000,0.49272,0.79263,0.55333
articulation_delay,0.50,combined_hard_shift,causal_scene_flow_model_v5,3,32,0.74065,0.65764,0.87256,0.86555,0.27422,0.65832,0.56250,0.06250,0.10785,0.18187,0.21444,1.00000,0.46243,0.76700,0.50939
articulation_delay,0.50,combined_hard_shift,causal_scene_flow_model_v5,4,32,0.73939,0.65427,0.88030,0.83646,0.28228,0.57029,0.62500,0.03125,0.11719,0.19146,0.21831,1.00000,0.45445,0.76309,0.56803
articulation_delay,0.50,combined_hard_shift,causal_scene_flow_model_v5,5,32,0.75554,0.65984,0.90580,0.88401,0.27843,0.53957,0.65625,0.03125,0.11488,0.19516,0.21670,1.00000,0.47711,0.78235,0.59711
articulation_delay,0.50,combined_hard_shift,causal_scene_flow_model_v5,6,32,0.75895,0.70666,0.85361,0.84351,0.23946,0.58836,0.53125,0.09375,0.10938,0.17835,0.20669,1.00000,0.45396,0.76532,0.48736
articulation_delay,0.50,combined_hard_shift,causal_scene_flow_model_v5,7,32,0.77404,0.71026,0.88790,0.85241,0.23438,0.51371,0.59375,0.06250,0.11043,0.18525,0.20542,1.00000,0.46570,0.78146,0.55180
articulation_delay,0.50,combined_hard_shift,causal_scene_flow_model_v5,8,32,0.77522,0.68984,0.90749,0.88781,0.26091,0.56395,0.68750,0.03125,0.10657,0.18277,0.21157,1.00000,0.49826,0.79764,0.62461
articulation_delay,0.50,combined_hard_shift,causal_scene_flow_model_v5,9,32,0.75506,0.66670,0.89545,0.87612,0.28034,0.51609,0.62500,0.09375,0.11322,0.18616,0.21685,1.00000,0.47259,0.77689,0.55318
articulation_delay,0.50,combined_hard_shift,contrastive_action_flow,0,32,0.71373,0.66567,0.79864,0.66381,0.29624,0.29363,0.62500,0.15625,0.12689,0.18897,0.19904,1.00000,0.32829,0.67318,0.52306
articulation_delay,0.50,combined_hard_shift,contrastive_action_flow,1,32,0.69870,0.62417,0.81424,0.70444,0.30619,0.29964,0.68750,0.15625,0.12432,0.19131,0.20085,1.00000,0.34858,0.68560,0.56434
articulation_delay,0.50,combined_hard_shift,contrastive_action_flow,2,32,0.74532,0.70850,0.81834,0.73963,0.23759,0.30893,0.68750,0.15625,0.11843,0.17543,0.18149,1.00000,0.35168,0.70337,0.58161
articulation_delay,0.50,combined_hard_shift,contrastive_action_flow,3,32,0.75256,0.72454,0.81229,0.72985,0.23065,0.28039,0.65625,0.12500,0.12153,0.18911,0.18113,1.00000,0.34157,0.69807,0.57405
articulation_delay,0.50,combined_hard_shift,contrastive_action_flow,4,32,0.71713,0.67723,0.79376,0.65850,0.27547,0.29050,0.59375,0.15625,0.12456,0.18662,0.19327,1.00000,0.33446,0.67969,0.50519
articulation_delay,0.50,combined_hard_shift,contrastive_action_flow,5,32,0.74419,0.70041,0.81319,0.71639,0.25053,0.30858,0.53125,0.03125,0.11867,0.17896,0.18486,1.00000,0.35248,0.69960,0.51507
articulation_delay,0.50,combined_hard_shift,contrastive_action_flow,6,32,0.70693,0.66411,0.79448,0.69730,0.31376,0.28305,0.65625,0.06250,0.12669,0.18629,0.20288,1.00000,0.32998,0.66913,0.57564
articulation_delay,0.50,combined_hard_shift,contrastive_action_flow,7,32,0.72006,0.66597,0.81731,0.70074,0.28881,0.30696,0.65625,0.12500,0.12455,0.18550,0.19562,1.00000,0.33591,0.68363,0.55855
articulation_delay,0.50,combined_hard_shift,contrastive_action_flow,8,32,0.75654,0.73002,0.80718,0.68868,0.21733,0.30162,0.78125,0.15625,0.11333,0.16883,0.17627,1.00000,0.35966,0.70908,0.65258
articulation_delay,0.50,combined_hard_shift,contrastive_action_flow,9,32,0.72885,0.67506,0.81729,0.73233,0.27931,0.30771,0.65625,0.00000,0.12247,0.18199,0.19315,1.00000,0.34495,0.69042,0.60686
articulation_delay,0.50,combined_hard_shift,learned_correlation_classifier,0,32,0.70991,0.61945,0.87201,0.79583,0.38929,0.33424,0.37500,0.21875,0.13517,0.21448,0.23024,1.00000,0.33541,0.67549,0.31163
articulation_delay,0.50,combined_hard_shift,learned_correlation_classifier,1,32,0.69776,0.58816,0.87620,0.79540,0.38182,0.34869,0.62500,0.12500,0.13199,0.21537,0.22773,1.00000,0.35218,0.68694,0.51983
articulation_delay,0.50,combined_hard_shift,learned_correlation_classifier,2,32,0.75776,0.68056,0.88451,0.85641,0.28313,0.35770,0.59375,0.21875,0.12594,0.20009,0.19972,1.00000,0.35257,0.71102,0.48800
articulation_delay,0.50,combined_hard_shift,learned_correlation_classifier,3,32,0.75121,0.66993,0.88212,0.83401,0.30194,0.35502,0.53125,0.25000,0.13034,0.21508,0.20617,1.00000,0.34667,0.70319,0.42892
articulation_delay,0.50,combined_hard_shift,learned_correlation_classifier,4,32,0.71189,0.62105,0.86016,0.77331,0.35095,0.35123,0.65625,0.18750,0.13242,0.21179,0.21986,1.00000,0.34046,0.68347,0.52461
articulation_delay,0.50,combined_hard_shift,learned_correlation_classifier,5,32,0.74565,0.66113,0.87826,0.82999,0.31962,0.36798,0.62500,0.12500,0.12616,0.20288,0.20935,1.00000,0.35554,0.70291,0.53572
articulation_delay,0.50,combined_hard_shift,learned_correlation_classifier,6,32,0.70979,0.62630,0.86970,0.84471,0.39926,0.32903,0.59375,0.06250,0.13524,0.21318,0.23241,1.00000,0.33639,0.67321,0.51982
articulation_delay,0.50,combined_hard_shift,learned_correlation_classifier,7,32,0.71177,0.61407,0.88504,0.82650,0.38384,0.36085,0.75000,0.12500,0.13337,0.21184,0.22753,1.00000,0.34062,0.68279,0.60811
articulation_delay,0.50,combined_hard_shift,learned_correlation_classifier,8,32,0.76662,0.69852,0.87279,0.80853,0.26454,0.35746,0.65625,0.15625,0.12074,0.19362,0.19479,1.00000,0.36075,0.71632,0.55855
articulation_delay,0.50,combined_hard_shift,learned_correlation_classifier,9,32,0.73543,0.64081,0.88817,0.85857,0.34156,0.34318,0.68750,0.21875,0.13053,0.20703,0.21611,1.00000,0.34851,0.69701,0.54223
articulation_delay,0.50,combined_hard_shift,oracle_causal_mask,0,32,1.00000,1.00000,1.00000,1.00000,0.00000,0.00000,1.00000,0.06250,0.00001,0.00174,0.02122,1.00000,0.99400,1.00000,0.95750
articulation_delay,0.50,combined_hard_shift,oracle_causal_mask,1,32,1.00000,1.00000,1.00000,1.00000,0.00000,0.00000,1.00000,0.03125,0.00001,0.00178,0.02117,1.00000,0.99400,1.00000,0.96875
articulation_delay,0.50,combined_hard_shift,oracle_causal_mask,2,32,1.00000,1.00000,1.00000,1.00000,0.00000,0.00000,0.96875,0.03125,0.00001,0.00172,0.02121,1.00000,0.99400,1.00000,0.94687
articulation_delay,0.50,combined_hard_shift,oracle_causal_mask,3,32,1.00000,1.00000,1.00000,1.00000,0.00000,0.00000,1.00000,0.00000,0.00001,0.00178,0.02107,1.00000,0.99400,1.00000,0.98000
articulation_delay,0.50,combined_hard_shift,oracle_causal_mask,4,32,1.00000,1.00000,1.00000,1.00000,0.00000,0.00000,0.93750,0.00000,0.00001,0.00176,0.02115,1.00000,0.99400,1.00000,0.93625
articulation_delay,0.50,combined_hard_shift,oracle_causal_mask,5,32,1.00000,1.00000,1.00000,1.00000,0.00000,0.00000,0.96875,0.03125,0.00001,0.00172,0.02109,1.00000,0.99400,1.00000,0.94688
articulation_delay,0.50,combined_hard_shift,oracle_causal_mask,6,32,1.00000,1.00000,1.00000,1.00000,0.00000,0.00000,0.96875,0.00000,0.00001,0.00175,0.02111,1.00000,0.99400,1.00000,0.95813
articulation_delay,0.50,combined_hard_shift,oracle_causal_mask,7,32,1.00000,1.00000,1.00000,1.00000,0.00000,0.00000,0.96875,0.00000,0.00001,0.00174,0.02110,1.00000,0.99400,1.00000,0.95813
articulation_delay,0.50,combined_hard_shift,oracle_causal_mask,8,32,1.00000,1.00000,1.00000,1.00000,0.00000,0.00000,0.96875,0.00000,0.00001,0.00172,0.02141,1.00000,0.99400,1.00000,0.95813
articulation_delay,0.50,combined_hard_shift,oracle_causal_mask,9,32,1.00000,1.00000,1.00000,1.00000,0.00000,0.00000,0.96875,0.03125,0.00001,0.00172,0.02124,1.00000,0.99400,1.00000,0.94687
articulation_delay,0.50,combined_hard_shift,world_model_flow_predictor,0,32,0.76444,0.72943,0.83131,0.73631,0.21101,0.51036,0.65625,0.12500,0.11503,0.17858,0.19541,1.00000,0.37561,0.72504,0.56775
articulation_delay,0.50,combined_hard_shift,world_model_flow_predictor,1,32,0.73611,0.66767,0.86628,0.78832,0.26916,0.51140,0.78125,0.06250,0.12156,0.19396,0.21056,1.00000,0.40078,0.73442,0.66730
articulation_delay,0.50,combined_hard_shift,world_model_flow_predictor,2,32,0.77004,0.69723,0.88745,0.86527,0.24272,0.52711,0.50000,0.18750,0.11616,0.18659,0.20242,1.00000,0.41748,0.75443,0.43549
articulation_delay,0.50,combined_hard_shift,world_model_flow_predictor,3,32,0.76599,0.72293,0.83949,0.81033,0.20962,0.58231,0.53125,0.12500,0.11227,0.17882,0.19407,1.00000,0.38763,0.73372,0.47739
articulation_delay,0.50,combined_hard_shift,world_model_flow_predictor,4,32,0.74429,0.68900,0.84282,0.75687,0.24124,0.52454,0.46875,0.06250,0.11998,0.18733,0.20356,1.00000,0.38375,0.72561,0.45136
articulation_delay,0.50,combined_hard_shift,world_model_flow_predictor,5,32,0.77017,0.71356,0.86804,0.81091,0.22967,0.48778,0.75000,0.15625,0.11757,0.19049,0.19992,1.00000,0.40666,0.74662,0.62474
articulation_delay,0.50,combined_hard_shift,world_model_flow_predictor,6,32,0.77881,0.76390,0.82735,0.77703,0.18544,0.53765,0.71875,0.15625,0.11433,0.17592,0.18859,1.00000,0.38070,0.73228,0.60485
articulation_delay,0.50,combined_hard_shift,world_model_flow_predictor,7,32,0.77902,0.74791,0.85693,0.78180,0.20274,0.48079,0.71875,0.21875,0.11498,0.18241,0.19267,1.00000,0.39174,0.74191,0.58487
articulation_delay,0.50,combined_hard_shift,world_model_flow_predictor,8,32,0.77751,0.72418,0.87201,0.80618,0.23097,0.52958,0.62500,0.18750,0.11034,0.18066,0.19951,1.00000,0.42304,0.75589,0.52562
articulation_delay,0.50,combined_hard_shift,world_model_flow_predictor,9,32,0.75568,0.70035,0.85220,0.78182,0.24262,0.47507,0.62500,0.03125,0.11643,0.18235,0.20309,1.00000,0.40036,0.73638,0.57791
articulation_delay,0.75,combined_hard_shift,action_direction_projection,0,32,0.56280,0.43735,0.86877,0.71854,0.52209,0.43204,0.59375,0.21875,0.21877,0.30306,0.28458,1.00000,0.31093,0.63270,0.41427
articulation_delay,0.75,combined_hard_shift,action_direction_projection,1,32,0.57693,0.45271,0.85524,0.71468,0.49003,0.47855,0.40625,0.12500,0.21242,0.29082,0.27448,1.00000,0.32182,0.64190,0.32120
articulation_delay,0.75,combined_hard_shift,action_direction_projection,2,32,0.54737,0.42836,0.83839,0.68053,0.54361,0.53514,0.50000,0.12500,0.22043,0.29797,0.29113,1.00000,0.29282,0.61065,0.36851
articulation_delay,0.75,combined_hard_shift,action_direction_projection,3,32,0.52978,0.39297,0.86763,0.71306,0.62575,0.53241,0.50000,0.34375,0.23249,0.32307,0.31496,1.00000,0.29059,0.59903,0.27586
articulation_delay,0.75,combined_hard_shift,action_direction_projection,4,32,0.58269,0.47117,0.84194,0.67564,0.48687,0.43377,0.37500,0.21875,0.20728,0.27789,0.27217,1.00000,0.31723,0.63675,0.26894
articulation_delay,0.75,combined_hard_shift,action_direction_projection,5,32,0.57026,0.45100,0.83884,0.64738,0.47249,0.46239,0.43750,0.21875,0.21225,0.28897,0.27057,1.00000,0.31553,0.63823,0.31089
articulation_delay,0.75,combined_hard_shift,action_direction_projection,6,32,0.58172,0.47115,0.84404,0.65295,0.50292,0.48851,0.46875,0.25000,0.20118,0.28522,0.27723,1.00000,0.32551,0.63808,0.31811
articulation_delay,0.75,combined_hard_shift,action_direction_projection,7,32,0.56125,0.43586,0.85176,0.68691,0.51896,0.48430,0.46875,0.25000,0.21346,0.29439,0.28287,1.00000,0.31166,0.62935,0.31211
articulation_delay,0.75,combined_hard_shift,action_direction_projection,8,32,0.57575,0.44439,0.86490,0.69624,0.50823,0.42476,0.56250,0.25000,0.22960,0.31076,0.28320,1.00000,0.29817,0.62811,0.38477
articulation_delay,0.75,combined_hard_shift,action_direction_projection,9,32,0.57252,0.44925,0.84132,0.67213,0.47959,0.45870,0.46875,0.21875,0.21053,0.29043,0.27225,1.00000,0.32079,0.64004,0.33271
articulation_delay,0.75,combined_hard_shift,calibrated_tree_flow_proxy,0,32,0.74879,0.65361,0.89759,0.87667,0.29931,0.31856,0.65625,0.18750,0.11997,0.19656,0.23194,1.00000,0.37643,0.72326,0.54344
articulation_delay,0.75,combined_hard_shift,calibrated_tree_flow_proxy,1,32,0.76492,0.67929,0.89547,0.86043,0.28134,0.38332,0.59375,0.15625,0.11533,0.18757,0.22587,1.00000,0.38636,0.73183,0.51282
articulation_delay,0.75,combined_hard_shift,calibrated_tree_flow_proxy,2,32,0.76522,0.68658,0.88819,0.87682,0.27339,0.36723,0.68750,0.15625,0.11553,0.18544,0.22452,1.00000,0.37913,0.72793,0.57995
articulation_delay,0.75,combined_hard_shift,calibrated_tree_flow_proxy,3,32,0.76160,0.67811,0.89040,0.87363,0.28679,0.34199,0.62500,0.06250,0.11832,0.19716,0.22889,1.00000,0.37435,0.72307,0.56869
articulation_delay,0.75,combined_hard_shift,calibrated_tree_flow_proxy,4,32,0.74426,0.65031,0.89209,0.89539,0.31024,0.37301,0.53125,0.15625,0.11753,0.18874,0.23331,1.00000,0.38072,0.72167,0.46170
articulation_delay,0.75,combined_hard_shift,calibrated_tree_flow_proxy,5,32,0.76184,0.67612,0.89930,0.86854,0.26924,0.39359,0.53125,0.18750,0.11774,0.19738,0.22431,1.00000,0.37198,0.72802,0.45771
articulation_delay,0.75,combined_hard_shift,calibrated_tree_flow_proxy,6,32,0.76138,0.67522,0.88415,0.82348,0.26156,0.38184,0.81250,0.09375,0.11144,0.19041,0.22191,1.00000,0.38544,0.73277,0.69045
articulation_delay,0.75,combined_hard_shift,calibrated_tree_flow_proxy,7,32,0.75935,0.67573,0.88630,0.86632,0.27850,0.35745,0.62500,0.09375,0.11740,0.19188,0.22633,1.00000,0.37421,0.72376,0.55723
articulation_delay,0.75,combined_hard_shift,calibrated_tree_flow_proxy,8,32,0.74144,0.65839,0.87050,0.83781,0.30525,0.35232,0.71875,0.21875,0.11976,0.19331,0.23409,1.00000,0.36827,0.71067,0.57052
articulation_delay,0.75,combined_hard_shift,calibrated_tree_flow_proxy,9,32,0.75385,0.66120,0.89518,0.88878,0.30134,0.40675,0.53125,0.03125,0.11520,0.19318,0.23161,1.00000,0.38547,0.72689,0.50790
articulation_delay,0.75,combined_hard_shift,causal_scene_flow_model_v5,0,32,0.74006,0.64144,0.90780,0.90065,0.28920,0.56742,0.65625,0.15625,0.11766,0.19502,0.22265,1.00000,0.47361,0.77868,0.54623
articulation_delay,0.75,combined_hard_shift,causal_scene_flow_model_v5,1,32,0.76103,0.67648,0.89890,0.87234,0.27160,0.56577,0.46875,0.00000,0.11294,0.18789,0.21723,1.00000,0.48666,0.78703,0.47779
articulation_delay,0.75,combined_hard_shift,causal_scene_flow_model_v5,2,32,0.77815,0.70727,0.90149,0.92671,0.24741,0.55255,0.65625,0.09375,0.10761,0.17877,0.21064,1.00000,0.47892,0.78899,0.58196
articulation_delay,0.75,combined_hard_shift,causal_scene_flow_model_v5,3,32,0.76220,0.68603,0.88119,0.85912,0.26458,0.51029,0.62500,0.03125,0.10962,0.18707,0.21587,1.00000,0.46454,0.77246,0.57853
articulation_delay,0.75,combined_hard_shift,causal_scene_flow_model_v5,4,32,0.74413,0.64263,0.91054,0.91439,0.29576,0.53208,0.53125,0.03125,0.11881,0.19663,0.22394,1.00000,0.48702,0.78492,0.50646
articulation_delay,0.75,combined_hard_shift,causal_scene_flow_model_v5,5,32,0.73867,0.65036,0.89061,0.85983,0.26723,0.57851,0.53125,0.06250,0.11392,0.19825,0.21786,1.00000,0.46462,0.77437,0.49371
articulation_delay,0.75,combined_hard_shift,causal_scene_flow_model_v5,6,32,0.75287,0.66201,0.89547,0.87773,0.27496,0.57793,0.56250,0.12500,0.10709,0.19046,0.21847,1.00000,0.48560,0.78484,0.49572
articulation_delay,0.75,combined_hard_shift,causal_scene_flow_model_v5,7,32,0.76057,0.67245,0.90177,0.90190,0.26660,0.59376,0.56250,0.12500,0.11247,0.18788,0.21620,1.00000,0.46685,0.77857,0.49625
articulation_delay,0.75,combined_hard_shift,causal_scene_flow_model_v5,8,32,0.74348,0.66353,0.87169,0.82739,0.27302,0.67093,0.75000,0.06250,0.11165,0.17734,0.21763,1.00000,0.44926,0.76019,0.63966
articulation_delay,0.75,combined_hard_shift,causal_scene_flow_model_v5,9,32,0.75377,0.65913,0.90408,0.89460,0.29059,0.58099,0.65625,0.12500,0.11043,0.19323,0.22208,1.00000,0.48563,0.78366,0.55929
articulation_delay,0.75,combined_hard_shift,contrastive_action_flow,0,32,0.71641,0.66495,0.80745,0.72009,0.27857,0.24924,0.62500,0.15625,0.12370,0.18622,0.19610,1.00000,0.34057,0.68575,0.52978
articulation_delay,0.75,combined_hard_shift,contrastive_action_flow,1,32,0.72767,0.67588,0.80888,0.69461,0.26436,0.34194,0.68750,0.21875,0.11860,0.17695,0.19073,1.00000,0.35337,0.69590,0.55019
articulation_delay,0.75,combined_hard_shift,contrastive_action_flow,2,32,0.72986,0.69552,0.79622,0.72324,0.25400,0.33828,0.75000,0.18750,0.11993,0.17430,0.18897,1.00000,0.34207,0.68901,0.60618
articulation_delay,0.75,combined_hard_shift,contrastive_action_flow,3,32,0.72407,0.68194,0.79722,0.70562,0.26304,0.29589,0.65625,0.18750,0.12223,0.18733,0.19241,1.00000,0.33983,0.68612,0.54074
articulation_delay,0.75,combined_hard_shift,contrastive_action_flow,4,32,0.71796,0.66079,0.81174,0.72103,0.28290,0.32071,0.68750,0.15625,0.12152,0.17707,0.19547,1.00000,0.34340,0.68738,0.56917
articulation_delay,0.75,combined_hard_shift,contrastive_action_flow,5,32,0.74428,0.70632,0.81866,0.71055,0.23675,0.32009,0.59375,0.06250,0.12167,0.18651,0.18509,1.00000,0.33659,0.69579,0.54809
articulation_delay,0.75,combined_hard_shift,contrastive_action_flow,6,32,0.73401,0.68198,0.81178,0.72041,0.24573,0.34199,0.59375,0.06250,0.11508,0.17989,0.18661,1.00000,0.34963,0.69881,0.54442
articulation_delay,0.75,combined_hard_shift,contrastive_action_flow,7,32,0.73568,0.68870,0.81137,0.71172,0.25003,0.31559,0.59375,0.09375,0.12103,0.18109,0.18798,1.00000,0.33946,0.69247,0.53374
articulation_delay,0.75,combined_hard_shift,contrastive_action_flow,8,32,0.70586,0.67009,0.77683,0.66319,0.28798,0.29518,0.68750,0.18750,0.12497,0.18448,0.19959,1.00000,0.33287,0.67171,0.55502
articulation_delay,0.75,combined_hard_shift,contrastive_action_flow,9,32,0.73096,0.68582,0.80755,0.70541,0.26045,0.33190,0.53125,0.00000,0.11892,0.18270,0.19065,1.00000,0.35129,0.69533,0.52110
articulation_delay,0.75,combined_hard_shift,learned_correlation_classifier,0,32,0.72837,0.63843,0.87744,0.82742,0.32857,0.30090,0.53125,0.09375,0.13176,0.21119,0.21593,1.00000,0.34396,0.69471,0.48055
articulation_delay,0.75,combined_hard_shift,learned_correlation_classifier,1,32,0.73083,0.64013,0.87240,0.82678,0.32796,0.39971,0.65625,0.15625,0.12703,0.20232,0.21425,1.00000,0.35386,0.69868,0.54056
articulation_delay,0.75,combined_hard_shift,learned_correlation_classifier,2,32,0.72701,0.64284,0.87047,0.83748,0.33676,0.39941,0.59375,0.21875,0.12887,0.20100,0.21725,1.00000,0.34382,0.69102,0.47174
articulation_delay,0.75,combined_hard_shift,learned_correlation_classifier,3,32,0.72556,0.63446,0.87258,0.82169,0.34464,0.36164,0.53125,0.25000,0.13099,0.21261,0.22028,1.00000,0.34396,0.68991,0.41770
articulation_delay,0.75,combined_hard_shift,learned_correlation_classifier,4,32,0.72882,0.63095,0.88759,0.87224,0.34386,0.37163,0.53125,0.12500,0.12930,0.20221,0.21798,1.00000,0.34494,0.69449,0.46326
articulation_delay,0.75,combined_hard_shift,learned_correlation_classifier,5,32,0.74120,0.65679,0.89149,0.83711,0.31317,0.37820,0.68750,0.15625,0.12962,0.21114,0.21120,1.00000,0.34172,0.70059,0.56739
articulation_delay,0.75,combined_hard_shift,learned_correlation_classifier,6,32,0.72864,0.63421,0.88261,0.81064,0.33112,0.39465,0.65625,0.09375,0.12322,0.20507,0.21532,1.00000,0.35282,0.70010,0.56280
articulation_delay,0.75,combined_hard_shift,learned_correlation_classifier,7,32,0.73447,0.64854,0.87562,0.83821,0.32771,0.35727,0.75000,0.15625,0.12882,0.20596,0.21488,1.00000,0.34380,0.69434,0.60882
articulation_delay,0.75,combined_hard_shift,learned_correlation_classifier,8,32,0.70682,0.61981,0.85487,0.80166,0.37705,0.34774,0.56250,0.15625,0.13293,0.21066,0.22965,1.00000,0.33919,0.67570,0.46556
articulation_delay,0.75,combined_hard_shift,learned_correlation_classifier,9,32,0.72559,0.63764,0.86864,0.82446,0.33777,0.39482,0.62500,0.21875,0.12716,0.20748,0.21771,1.00000,0.35346,0.69534,0.49406
articulation_delay,0.75,combined_hard_shift,oracle_causal_mask,0,32,1.00000,1.00000,1.00000,1.00000,0.00000,0.00000,1.00000,0.06250,0.00001,0.00177,0.02189,1.00000,0.99400,1.00000,0.95750
articulation_delay,0.75,combined_hard_shift,oracle_causal_mask,1,32,1.00000,1.00000,1.00000,1.00000,0.00000,0.00000,1.00000,0.03125,0.00001,0.00173,0.02178,1.00000,0.99400,1.00000,0.96875
articulation_delay,0.75,combined_hard_shift,oracle_causal_mask,2,32,1.00000,1.00000,1.00000,1.00000,0.00000,0.00000,0.96875,0.03125,0.00001,0.00171,0.02196,1.00000,0.99400,1.00000,0.94687
articulation_delay,0.75,combined_hard_shift,oracle_causal_mask,3,32,1.00000,1.00000,1.00000,1.00000,0.00000,0.00000,1.00000,0.00000,0.00001,0.00177,0.02187,1.00000,0.99400,1.00000,0.98000
articulation_delay,0.75,combined_hard_shift,oracle_causal_mask,4,32,1.00000,1.00000,1.00000,1.00000,0.00000,0.00000,0.93750,0.00000,0.00001,0.00174,0.02175,1.00000,0.99400,1.00000,0.93625
articulation_delay,0.75,combined_hard_shift,oracle_causal_mask,5,32,1.00000,1.00000,1.00000,1.00000,0.00000,0.00000,0.96875,0.03125,0.00001,0.00178,0.02188,1.00000,0.99400,1.00000,0.94688
articulation_delay,0.75,combined_hard_shift,oracle_causal_mask,6,32,1.00000,1.00000,1.00000,1.00000,0.00000,0.00000,0.96875,0.00000,0.00001,0.00181,0.02200,1.00000,0.99400,1.00000,0.95813
articulation_delay,0.75,combined_hard_shift,oracle_causal_mask,7,32,1.00000,1.00000,1.00000,1.00000,0.00000,0.00000,0.96875,0.00000,0.00001,0.00175,0.02186,1.00000,0.99400,1.00000,0.95813
articulation_delay,0.75,combined_hard_shift,oracle_causal_mask,8,32,1.00000,1.00000,1.00000,1.00000,0.00000,0.00000,0.96875,0.00000,0.00001,0.00175,0.02196,1.00000,0.99400,1.00000,0.95813
articulation_delay,0.75,combined_hard_shift,oracle_causal_mask,9,32,1.00000,1.00000,1.00000,1.00000,0.00000,0.00000,0.96875,0.03125,0.00001,0.00177,0.02186,1.00000,0.99400,1.00000,0.94687
articulation_delay,0.75,combined_hard_shift,world_model_flow_predictor,0,32,0.75877,0.70125,0.87079,0.83038,0.23643,0.53607,0.68750,0.12500,0.11971,0.19138,0.20458,1.00000,0.40054,0.74268,0.58624
articulation_delay,0.75,combined_hard_shift,world_model_flow_predictor,1,32,0.76387,0.70893,0.86608,0.79706,0.23931,0.53756,0.81250,0.09375,0.11588,0.18515,0.20407,1.00000,0.41371,0.74766,0.68597
articulation_delay,0.75,combined_hard_shift,world_model_flow_predictor,2,32,0.77699,0.73933,0.85710,0.82152,0.21669,0.52908,0.59375,0.18750,0.11240,0.17591,0.19815,1.00000,0.40263,0.74454,0.50404
articulation_delay,0.75,combined_hard_shift,world_model_flow_predictor,3,32,0.76859,0.72298,0.84939,0.81167,0.22668,0.47029,0.53125,0.09375,0.11382,0.18364,0.20137,1.00000,0.39109,0.73434,0.49380
articulation_delay,0.75,combined_hard_shift,world_model_flow_predictor,4,32,0.74850,0.66882,0.88465,0.86938,0.27141,0.51762,0.50000,0.06250,0.12054,0.19332,0.21251,1.00000,0.41335,0.74524,0.47306
articulation_delay,0.75,combined_hard_shift,world_model_flow_predictor,5,32,0.76475,0.70410,0.86667,0.80925,0.21074,0.53405,0.53125,0.15625,0.11735,0.19353,0.19842,1.00000,0.39239,0.74301,0.46981
articulation_delay,0.75,combined_hard_shift,world_model_flow_predictor,6,32,0.75784,0.69391,0.86211,0.79219,0.24254,0.53906,0.68750,0.18750,0.11126,0.18916,0.20560,1.00000,0.41119,0.74461,0.56291
articulation_delay,0.75,combined_hard_shift,world_model_flow_predictor,7,32,0.75945,0.71042,0.84820,0.79731,0.22392,0.53015,0.71875,0.21875,0.11588,0.18339,0.20091,1.00000,0.39324,0.73575,0.57550
articulation_delay,0.75,combined_hard_shift,world_model_flow_predictor,8,32,0.75258,0.72751,0.81757,0.70766,0.20908,0.58962,0.65625,0.15625,0.11587,0.17415,0.19755,1.00000,0.37740,0.72281,0.54981
articulation_delay,0.75,combined_hard_shift,world_model_flow_predictor,9,32,0.76500,0.69500,0.87763,0.84190,0.24820,0.54101,0.68750,0.03125,0.11356,0.18990,0.20640,1.00000,0.41204,0.74784,0.61990
articulation_delay,1.00,combined_hard_shift,action_direction_projection,0,32,0.60677,0.49761,0.83892,0.68013,0.45300,0.49696,0.62500,0.21875,0.19781,0.26832,0.26408,1.00000,0.32551,0.64772,0.44938
articulation_delay,1.00,combined_hard_shift,action_direction_projection,1,32,0.55942,0.42799,0.83976,0.68110,0.52950,0.49650,0.34375,0.06250,0.21888,0.29058,0.28780,1.00000,0.30957,0.62283,0.28904
articulation_delay,1.00,combined_hard_shift,action_direction_projection,2,32,0.56618,0.45080,0.84446,0.69923,0.53546,0.47101,0.50000,0.18750,0.21460,0.29696,0.29009,1.00000,0.30907,0.62248,0.35527
articulation_delay,1.00,combined_hard_shift,action_direction_projection,3,32,0.52380,0.38828,0.85936,0.70229,0.61044,0.48989,0.43750,0.21875,0.24176,0.32351,0.31439,1.00000,0.27324,0.59123,0.27961
articulation_delay,1.00,combined_hard_shift,action_direction_projection,4,32,0.50529,0.36788,0.85179,0.64424,0.67085,0.49454,0.31250,0.21875,0.25587,0.34298,0.33356,1.00000,0.26184,0.57003,0.17908
articulation_delay,1.00,combined_hard_shift,action_direction_projection,5,32,0.55760,0.43621,0.85577,0.68390,0.52972,0.46597,0.34375,0.18750,0.22546,0.31154,0.29088,1.00000,0.29648,0.62013,0.24523
articulation_delay,1.00,combined_hard_shift,action_direction_projection,6,32,0.54099,0.41771,0.84907,0.68765,0.54233,0.46435,0.34375,0.25000,0.24397,0.32361,0.29740,1.00000,0.26462,0.59905,0.21613
articulation_delay,1.00,combined_hard_shift,action_direction_projection,7,32,0.55179,0.42531,0.85108,0.69830,0.57754,0.51285,0.40625,0.28125,0.22676,0.31372,0.30366,1.00000,0.29002,0.60503,0.24394
articulation_delay,1.00,combined_hard_shift,action_direction_projection,8,32,0.59209,0.47988,0.85164,0.69825,0.47679,0.49248,0.53125,0.25000,0.20529,0.28258,0.27201,1.00000,0.31655,0.64114,0.36678
articulation_delay,1.00,combined_hard_shift,action_direction_projection,9,32,0.57184,0.45264,0.83468,0.63716,0.46142,0.43163,0.50000,0.21875,0.21136,0.28065,0.26872,1.00000,0.31162,0.63755,0.35798
articulation_delay,1.00,combined_hard_shift,calibrated_tree_flow_proxy,0,32,0.79637,0.73149,0.89007,0.87878,0.22594,0.35086,0.71875,0.15625,0.11229,0.18526,0.21421,1.00000,0.38849,0.74372,0.61538
articulation_delay,1.00,combined_hard_shift,calibrated_tree_flow_proxy,1,32,0.75419,0.66422,0.89557,0.87672,0.29377,0.37191,0.62500,0.25000,0.11833,0.19441,0.23177,1.00000,0.37710,0.72431,0.49752
articulation_delay,1.00,combined_hard_shift,calibrated_tree_flow_proxy,2,32,0.75540,0.67453,0.88435,0.86084,0.28779,0.32483,0.65625,0.09375,0.11412,0.19180,0.23063,1.00000,0.38514,0.72689,0.57969
articulation_delay,1.00,combined_hard_shift,calibrated_tree_flow_proxy,3,32,0.72630,0.63749,0.86819,0.83518,0.31343,0.36670,0.62500,0.09375,0.12361,0.19904,0.23897,1.00000,0.35768,0.70277,0.54468
articulation_delay,1.00,combined_hard_shift,calibrated_tree_flow_proxy,4,32,0.72776,0.63143,0.87368,0.79765,0.31759,0.35715,0.59375,0.15625,0.12322,0.20034,0.23972,1.00000,0.35661,0.70273,0.50060
articulation_delay,1.00,combined_hard_shift,calibrated_tree_flow_proxy,5,32,0.76402,0.68281,0.88818,0.85315,0.27668,0.35735,0.53125,0.15625,0.11581,0.19514,0.22840,1.00000,0.37697,0.72608,0.47036
articulation_delay,1.00,combined_hard_shift,calibrated_tree_flow_proxy,6,32,0.74988,0.67684,0.87704,0.86823,0.29332,0.32724,0.75000,0.09375,0.12061,0.19505,0.23324,1.00000,0.36078,0.71111,0.64173
articulation_delay,1.00,combined_hard_shift,calibrated_tree_flow_proxy,7,32,0.74237,0.64671,0.88335,0.86142,0.29386,0.36129,0.56250,0.09375,0.11980,0.20371,0.23384,1.00000,0.37170,0.71831,0.50804
articulation_delay,1.00,combined_hard_shift,calibrated_tree_flow_proxy,8,32,0.76344,0.67341,0.89886,0.89069,0.26791,0.40560,0.68750,0.12500,0.11532,0.19212,0.22528,1.00000,0.38004,0.73239,0.58980
articulation_delay,1.00,combined_hard_shift,calibrated_tree_flow_proxy,9,32,0.76080,0.67456,0.89530,0.85611,0.29532,0.35650,0.53125,0.03125,0.11775,0.18991,0.23191,1.00000,0.37647,0.72357,0.51235
articulation_delay,1.00,combined_hard_shift,causal_scene_flow_model_v5,0,32,0.78724,0.70522,0.91238,0.90113,0.22708,0.47761,0.65625,0.15625,0.10905,0.19134,0.20920,1.00000,0.49564,0.80499,0.56978
articulation_delay,1.00,combined_hard_shift,causal_scene_flow_model_v5,1,32,0.75550,0.66779,0.91375,0.90594,0.26634,0.57483,0.46875,0.03125,0.11839,0.19811,0.21946,1.00000,0.47386,0.78539,0.46555
articulation_delay,1.00,combined_hard_shift,causal_scene_flow_model_v5,2,32,0.76739,0.67818,0.90490,0.90021,0.25821,0.53501,0.65625,0.12500,0.10634,0.18831,0.21627,1.00000,0.48933,0.79292,0.56922
articulation_delay,1.00,combined_hard_shift,causal_scene_flow_model_v5,3,32,0.75024,0.68032,0.86612,0.87243,0.24725,0.61007,0.50000,0.03125,0.11266,0.18260,0.21460,1.00000,0.44092,0.76007,0.48372
articulation_delay,1.00,combined_hard_shift,causal_scene_flow_model_v5,4,32,0.73279,0.66387,0.84130,0.79295,0.26373,0.68314,0.62500,0.03125,0.10871,0.17312,0.21754,1.00000,0.43681,0.74786,0.56060
articulation_delay,1.00,combined_hard_shift,causal_scene_flow_model_v5,5,32,0.78041,0.71990,0.88567,0.86588,0.22764,0.53198,0.56250,0.06250,0.10512,0.18167,0.20891,1.00000,0.47288,0.78609,0.53121
articulation_delay,1.00,combined_hard_shift,causal_scene_flow_model_v5,6,32,0.77379,0.71586,0.86952,0.85878,0.21349,0.57691,0.50000,0.09375,0.10473,0.17325,0.20506,1.00000,0.45132,0.77379,0.47268
articulation_delay,1.00,combined_hard_shift,causal_scene_flow_model_v5,7,32,0.72857,0.63058,0.89111,0.88590,0.30495,0.58350,0.53125,0.09375,0.11636,0.20298,0.22997,1.00000,0.46619,0.76702,0.47513
articulation_delay,1.00,combined_hard_shift,causal_scene_flow_model_v5,8,32,0.75765,0.66163,0.91178,0.92228,0.27595,0.59185,0.68750,0.06250,0.11078,0.19282,0.22098,1.00000,0.48356,0.78781,0.60589
articulation_delay,1.00,combined_hard_shift,causal_scene_flow_model_v5,9,32,0.75041,0.66215,0.89645,0.88771,0.27929,0.58596,0.62500,0.09375,0.11675,0.19497,0.22270,1.00000,0.47402,0.77813,0.54852
articulation_delay,1.00,combined_hard_shift,contrastive_action_flow,0,32,0.77084,0.76290,0.80092,0.71673,0.19082,0.25990,0.78125,0.12500,0.11596,0.17306,0.17427,1.00000,0.35179,0.70919,0.67182
articulation_delay,1.00,combined_hard_shift,contrastive_action_flow,1,32,0.71357,0.66914,0.79732,0.71433,0.28201,0.32084,0.71875,0.21875,0.12298,0.18359,0.19846,1.00000,0.33943,0.68177,0.56727
articulation_delay,1.00,combined_hard_shift,contrastive_action_flow,2,32,0.72245,0.68005,0.79920,0.69469,0.26817,0.28242,0.68750,0.18750,0.11856,0.18141,0.19497,1.00000,0.34789,0.68970,0.56298
articulation_delay,1.00,combined_hard_shift,contrastive_action_flow,3,32,0.70045,0.66525,0.77416,0.64609,0.27773,0.29471,0.65625,0.15625,0.12867,0.18931,0.19980,1.00000,0.31983,0.66649,0.54417
articulation_delay,1.00,combined_hard_shift,contrastive_action_flow,4,32,0.69925,0.65097,0.78638,0.66283,0.29841,0.30815,0.65625,0.21875,0.12847,0.19196,0.20466,1.00000,0.32046,0.66545,0.51806
articulation_delay,1.00,combined_hard_shift,contrastive_action_flow,5,32,0.71559,0.66879,0.79597,0.70116,0.27668,0.33590,0.56250,0.03125,0.12062,0.18526,0.19791,1.00000,0.33869,0.68220,0.52550
articulation_delay,1.00,combined_hard_shift,contrastive_action_flow,6,32,0.70509,0.67891,0.77152,0.68397,0.27624,0.28572,0.46875,0.06250,0.12671,0.18579,0.19914,1.00000,0.32065,0.66656,0.44814
articulation_delay,1.00,combined_hard_shift,contrastive_action_flow,7,32,0.73205,0.68181,0.80928,0.72912,0.24804,0.27617,0.59375,0.12500,0.12337,0.19330,0.19121,1.00000,0.33438,0.68972,0.52418
articulation_delay,1.00,combined_hard_shift,contrastive_action_flow,8,32,0.74564,0.70839,0.81295,0.73452,0.22531,0.32956,0.75000,0.18750,0.11892,0.18052,0.18358,1.00000,0.34301,0.70017,0.61401
articulation_delay,1.00,combined_hard_shift,contrastive_action_flow,9,32,0.72922,0.68053,0.81550,0.72971,0.27873,0.29726,0.62500,0.00000,0.12186,0.17833,0.19671,1.00000,0.33926,0.68712,0.58535
articulation_delay,1.00,combined_hard_shift,learned_correlation_classifier,0,32,0.77179,0.70418,0.87610,0.84672,0.26137,0.34635,0.56250,0.09375,0.12405,0.19785,0.19843,1.00000,0.35233,0.71350,0.51696
articulation_delay,1.00,combined_hard_shift,learned_correlation_classifier,1,32,0.72276,0.62962,0.87514,0.83852,0.34736,0.38025,0.56250,0.12500,0.13110,0.20877,0.22215,1.00000,0.34267,0.68931,0.48261
articulation_delay,1.00,combined_hard_shift,learned_correlation_classifier,2,32,0.72649,0.65373,0.85298,0.80576,0.32178,0.32545,0.53125,0.15625,0.12719,0.20668,0.21631,1.00000,0.34979,0.69287,0.45687
articulation_delay,1.00,combined_hard_shift,learned_correlation_classifier,3,32,0.71232,0.62535,0.86502,0.80532,0.35220,0.34960,0.53125,0.25000,0.13688,0.21529,0.22554,1.00000,0.32758,0.67777,0.41394
articulation_delay,1.00,combined_hard_shift,learned_correlation_classifier,4,32,0.68725,0.58430,0.86440,0.78778,0.41335,0.35719,0.53125,0.18750,0.13742,0.21892,0.24173,1.00000,0.32812,0.66443,0.42303
articulation_delay,1.00,combined_hard_shift,learned_correlation_classifier,5,32,0.72427,0.64039,0.87265,0.82531,0.35219,0.36457,0.59375,0.18750,0.12948,0.21148,0.22441,1.00000,0.34310,0.68782,0.48241
articulation_delay,1.00,combined_hard_shift,learned_correlation_classifier,6,32,0.70801,0.62876,0.85862,0.81614,0.36936,0.35599,0.56250,0.12500,0.13585,0.21308,0.23010,1.00000,0.32709,0.67207,0.47700
articulation_delay,1.00,combined_hard_shift,learned_correlation_classifier,7,32,0.72415,0.62978,0.87100,0.83402,0.32117,0.34272,0.68750,0.09375,0.13127,0.21693,0.21691,1.00000,0.33959,0.69239,0.58735
articulation_delay,1.00,combined_hard_shift,learned_correlation_classifier,8,32,0.73476,0.64985,0.87451,0.84422,0.31004,0.38746,0.65625,0.12500,0.12719,0.20541,0.21222,1.00000,0.34513,0.69863,0.55532
articulation_delay,1.00,combined_hard_shift,learned_correlation_classifier,9,32,0.73121,0.64602,0.87532,0.81587,0.33946,0.34495,0.71875,0.18750,0.12937,0.20297,0.21958,1.00000,0.34306,0.69129,0.57414
articulation_delay,1.00,combined_hard_shift,oracle_causal_mask,0,32,1.00000,1.00000,1.00000,1.00000,0.00000,0.00000,1.00000,0.06250,0.00001,0.00173,0.02246,1.00000,0.99400,1.00000,0.95750
articulation_delay,1.00,combined_hard_shift,oracle_causal_mask,1,32,1.00000,1.00000,1.00000,1.00000,0.00000,0.00000,1.00000,0.03125,0.00001,0.00175,0.02230,1.00000,0.99400,1.00000,0.96875
articulation_delay,1.00,combined_hard_shift,oracle_causal_mask,2,32,1.00000,1.00000,1.00000,1.00000,0.00000,0.00000,0.96875,0.03125,0.00001,0.00177,0.02251,1.00000,0.99400,1.00000,0.94687
articulation_delay,1.00,combined_hard_shift,oracle_causal_mask,3,32,1.00000,1.00000,1.00000,1.00000,0.00000,0.00000,1.00000,0.00000,0.00001,0.00175,0.02247,1.00000,0.99400,1.00000,0.98000
articulation_delay,1.00,combined_hard_shift,oracle_causal_mask,4,32,1.00000,1.00000,1.00000,1.00000,0.00000,0.00000,0.93750,0.00000,0.00001,0.00177,0.02241,1.00000,0.99400,1.00000,0.93625
articulation_delay,1.00,combined_hard_shift,oracle_causal_mask,5,32,1.00000,1.00000,1.00000,1.00000,0.00000,0.00000,0.96875,0.03125,0.00001,0.00179,0.02254,1.00000,0.99400,1.00000,0.94688
articulation_delay,1.00,combined_hard_shift,oracle_causal_mask,6,32,1.00000,1.00000,1.00000,1.00000,0.00000,0.00000,0.96875,0.00000,0.00001,0.00177,0.02253,1.00000,0.99400,1.00000,0.95813
articulation_delay,1.00,combined_hard_shift,oracle_causal_mask,7,32,1.00000,1.00000,1.00000,1.00000,0.00000,0.00000,0.96875,0.00000,0.00001,0.00183,0.02249,1.00000,0.99400,1.00000,0.95813
articulation_delay,1.00,combined_hard_shift,oracle_causal_mask,8,32,1.00000,1.00000,1.00000,1.00000,0.00000,0.00000,0.96875,0.00000,0.00001,0.00177,0.02245,1.00000,0.99400,1.00000,0.95813
articulation_delay,1.00,combined_hard_shift,oracle_causal_mask,9,32,1.00000,1.00000,1.00000,1.00000,0.00000,0.00000,0.96875,0.03125,0.00001,0.00173,0.02237,1.00000,0.99400,1.00000,0.94687
articulation_delay,1.00,combined_hard_shift,world_model_flow_predictor,0,32,0.80884,0.75783,0.89129,0.86338,0.19001,0.43532,0.68750,0.06250,0.11324,0.18829,0.19384,1.00000,0.42038,0.76853,0.63147
articulation_delay,1.00,combined_hard_shift,world_model_flow_predictor,1,32,0.76083,0.70562,0.87329,0.83118,0.23328,0.53762,0.78125,0.06250,0.12107,0.19428,0.20568,1.00000,0.40108,0.74429,0.67517
articulation_delay,1.00,combined_hard_shift,world_model_flow_predictor,2,32,0.77872,0.72010,0.87010,0.83285,0.21905,0.51297,0.62500,0.18750,0.11071,0.18614,0.20116,1.00000,0.41313,0.75286,0.52787
articulation_delay,1.00,combined_hard_shift,world_model_flow_predictor,3,32,0.74701,0.71338,0.81736,0.76194,0.21420,0.57619,0.59375,0.09375,0.11687,0.17801,0.20111,1.00000,0.36884,0.71719,0.52718
articulation_delay,1.00,combined_hard_shift,world_model_flow_predictor,4,32,0.73354,0.71215,0.78667,0.65927,0.20565,0.60264,0.46875,0.06250,0.11398,0.16994,0.19858,1.00000,0.36342,0.70827,0.44715
articulation_delay,1.00,combined_hard_shift,world_model_flow_predictor,5,32,0.77852,0.74881,0.84616,0.78770,0.19579,0.50535,0.75000,0.18750,0.11027,0.17964,0.19560,1.00000,0.39784,0.74380,0.61750
articulation_delay,1.00,combined_hard_shift,world_model_flow_predictor,6,32,0.78560,0.77956,0.82691,0.77093,0.16191,0.53849,0.65625,0.18750,0.11087,0.17095,0.18704,1.00000,0.37651,0.73516,0.55405
articulation_delay,1.00,combined_hard_shift,world_model_flow_predictor,7,32,0.74403,0.67461,0.86007,0.82477,0.25869,0.53178,0.62500,0.21875,0.11869,0.19864,0.21303,1.00000,0.39287,0.73100,0.50256
articulation_delay,1.00,combined_hard_shift,world_model_flow_predictor,8,32,0.76529,0.69453,0.88135,0.86451,0.24041,0.55285,0.59375,0.25000,0.11442,0.18914,0.20653,1.00000,0.40794,0.74839,0.47586
articulation_delay,1.00,combined_hard_shift,world_model_flow_predictor,9,32,0.76713,0.70303,0.87635,0.84972,0.24127,0.55514,0.65625,0.03125,0.11902,0.19053,0.20721,1.00000,0.40153,0.74357,0.59783
articulation_delay,1.25,combined_hard_shift,action_direction_projection,0,32,0.57811,0.46474,0.82547,0.61892,0.51708,0.49846,0.46875,0.28125,0.20899,0.28522,0.28740,1.00000,0.29322,0.61334,0.30102
articulation_delay,1.25,combined_hard_shift,action_direction_projection,1,32,0.59565,0.47282,0.84570,0.69574,0.40319,0.49625,0.59375,0.12500,0.18700,0.26125,0.25126,1.00000,0.34201,0.66903,0.46805
articulation_delay,1.25,combined_hard_shift,action_direction_projection,2,32,0.56009,0.44692,0.83160,0.63253,0.53188,0.46810,0.50000,0.15625,0.22031,0.30130,0.29287,1.00000,0.29901,0.61469,0.36521
articulation_delay,1.25,combined_hard_shift,action_direction_projection,3,32,0.55804,0.44126,0.83235,0.62831,0.55463,0.45094,0.46875,0.28125,0.22703,0.30542,0.29998,1.00000,0.28757,0.60393,0.29502
articulation_delay,1.25,combined_hard_shift,action_direction_projection,4,32,0.57262,0.45489,0.84272,0.68357,0.52352,0.48641,0.37500,0.21875,0.22413,0.29040,0.28929,1.00000,0.28469,0.61197,0.25680
articulation_delay,1.25,combined_hard_shift,action_direction_projection,5,32,0.55657,0.45084,0.80706,0.60949,0.50956,0.45777,0.40625,0.15625,0.21741,0.28993,0.28657,1.00000,0.28780,0.60739,0.30145
articulation_delay,1.25,combined_hard_shift,action_direction_projection,6,32,0.53517,0.40740,0.82814,0.65230,0.56033,0.47471,0.34375,0.28125,0.22720,0.29595,0.30000,1.00000,0.27769,0.59644,0.20085
articulation_delay,1.25,combined_hard_shift,action_direction_projection,7,32,0.51308,0.38613,0.82357,0.65289,0.57822,0.51658,0.46875,0.31250,0.23593,0.31642,0.30826,1.00000,0.26792,0.58624,0.26769
articulation_delay,1.25,combined_hard_shift,action_direction_projection,8,32,0.55607,0.43191,0.82782,0.65520,0.46293,0.49106,0.50000,0.15625,0.20264,0.28489,0.27179,1.00000,0.30947,0.63432,0.37382
articulation_delay,1.25,combined_hard_shift,action_direction_projection,9,32,0.58418,0.47007,0.83891,0.63873,0.46309,0.51248,0.37500,0.18750,0.20352,0.28940,0.27265,1.00000,0.31010,0.63749,0.27865
articulation_delay,1.25,combined_hard_shift,calibrated_tree_flow_proxy,0,32,0.77392,0.70930,0.87440,0.84024,0.25326,0.34640,0.71875,0.18750,0.11395,0.18308,0.22468,1.00000,0.37791,0.72814,0.59566
articulation_delay,1.25,combined_hard_shift,calibrated_tree_flow_proxy,1,32,0.77271,0.69438,0.88641,0.83520,0.24884,0.39986,0.62500,0.12500,0.11055,0.18191,0.22162,1.00000,0.39127,0.73918,0.55098
articulation_delay,1.25,combined_hard_shift,calibrated_tree_flow_proxy,2,32,0.76179,0.69054,0.86974,0.83717,0.25510,0.35523,0.65625,0.12500,0.11614,0.19490,0.22575,1.00000,0.37562,0.72533,0.57138
articulation_delay,1.25,combined_hard_shift,calibrated_tree_flow_proxy,3,32,0.76657,0.69103,0.89050,0.84998,0.28006,0.33321,0.53125,0.06250,0.11836,0.19408,0.23155,1.00000,0.36873,0.72165,0.50503
articulation_delay,1.25,combined_hard_shift,calibrated_tree_flow_proxy,4,32,0.76435,0.69524,0.87566,0.84237,0.27554,0.32930,0.68750,0.12500,0.12072,0.18946,0.23021,1.00000,0.36436,0.71652,0.59171
articulation_delay,1.25,combined_hard_shift,calibrated_tree_flow_proxy,5,32,0.76164,0.68298,0.88117,0.86018,0.27834,0.38984,0.59375,0.18750,0.11644,0.18473,0.23028,1.00000,0.37230,0.72146,0.49977
articulation_delay,1.25,combined_hard_shift,calibrated_tree_flow_proxy,6,32,0.74666,0.65288,0.88612,0.87742,0.30294,0.37226,0.84375,0.12500,0.12073,0.19063,0.23654,1.00000,0.36366,0.71285,0.69194
articulation_delay,1.25,combined_hard_shift,calibrated_tree_flow_proxy,7,32,0.76509,0.69226,0.88289,0.86517,0.25490,0.33885,0.59375,0.09375,0.11975,0.19895,0.22604,1.00000,0.36213,0.72178,0.53999
articulation_delay,1.25,combined_hard_shift,calibrated_tree_flow_proxy,8,32,0.77576,0.70004,0.88789,0.84785,0.24559,0.36903,0.71875,0.21875,0.11236,0.18862,0.22205,1.00000,0.38549,0.73728,0.58536
articulation_delay,1.25,combined_hard_shift,calibrated_tree_flow_proxy,9,32,0.78477,0.71873,0.88355,0.83133,0.22938,0.37605,0.50000,0.03125,0.11142,0.19128,0.21900,1.00000,0.38486,0.73939,0.50295
articulation_delay,1.25,combined_hard_shift,causal_scene_flow_model_v5,0,32,0.78960,0.72518,0.89853,0.90310,0.23549,0.54347,0.62500,0.15625,0.10696,0.18013,0.21393,1.00000,0.47962,0.79121,0.54167
articulation_delay,1.25,combined_hard_shift,causal_scene_flow_model_v5,1,32,0.74230,0.64471,0.90520,0.86976,0.28296,0.55630,0.37500,0.00000,0.11416,0.19298,0.22574,1.00000,0.49515,0.79058,0.40880
articulation_delay,1.25,combined_hard_shift,causal_scene_flow_model_v5,2,32,0.76248,0.68850,0.88115,0.86990,0.24311,0.53895,0.65625,0.09375,0.10637,0.18686,0.21584,1.00000,0.47192,0.78101,0.57983
articulation_delay,1.25,combined_hard_shift,causal_scene_flow_model_v5,3,32,0.77361,0.70478,0.88069,0.86263,0.22410,0.57133,0.53125,0.03125,0.10757,0.18302,0.21124,1.00000,0.46194,0.77989,0.51682
articulation_delay,1.25,combined_hard_shift,causal_scene_flow_model_v5,4,32,0.77099,0.70435,0.88843,0.89035,0.25143,0.54961,0.68750,0.03125,0.11717,0.18960,0.21864,1.00000,0.45666,0.77314,0.62299
articulation_delay,1.25,combined_hard_shift,causal_scene_flow_model_v5,5,32,0.76260,0.69283,0.88414,0.87732,0.26001,0.60429,0.46875,0.03125,0.11062,0.17853,0.21943,1.00000,0.46861,0.77635,0.46459
articulation_delay,1.25,combined_hard_shift,causal_scene_flow_model_v5,6,32,0.72966,0.63071,0.89062,0.89297,0.29317,0.64114,0.43750,0.12500,0.11856,0.19067,0.22838,1.00000,0.45541,0.76388,0.39601
articulation_delay,1.25,combined_hard_shift,causal_scene_flow_model_v5,7,32,0.74705,0.67067,0.87364,0.87424,0.23637,0.64142,0.59375,0.09375,0.11081,0.18664,0.21482,1.00000,0.45145,0.76990,0.52694
articulation_delay,1.25,combined_hard_shift,causal_scene_flow_model_v5,8,32,0.76726,0.66869,0.91885,0.89646,0.26665,0.53425,0.68750,0.06250,0.10951,0.18994,0.22122,1.00000,0.48828,0.79414,0.61276
articulation_delay,1.25,combined_hard_shift,causal_scene_flow_model_v5,9,32,0.77225,0.68704,0.90412,0.88298,0.24479,0.56830,0.59375,0.06250,0.10254,0.18554,0.21598,1.00000,0.48568,0.79377,0.54846
articulation_delay,1.25,combined_hard_shift,contrastive_action_flow,0,32,0.74000,0.71837,0.78906,0.69108,0.23207,0.31066,0.65625,0.15625,0.11869,0.17156,0.18843,1.00000,0.33750,0.68960,0.55779
articulation_delay,1.25,combined_hard_shift,contrastive_action_flow,1,32,0.76604,0.74272,0.81485,0.71207,0.19682,0.31459,0.71875,0.09375,0.11303,0.16924,0.17685,1.00000,0.35731,0.71437,0.63517
articulation_delay,1.25,combined_hard_shift,contrastive_action_flow,2,32,0.73075,0.70593,0.78251,0.69850,0.23292,0.28337,0.68750,0.15625,0.12065,0.18466,0.18942,1.00000,0.33816,0.68805,0.57954
articulation_delay,1.25,combined_hard_shift,contrastive_action_flow,3,32,0.72754,0.70152,0.78907,0.67388,0.25830,0.26361,0.65625,0.18750,0.12333,0.18397,0.19590,1.00000,0.33054,0.68021,0.54309
articulation_delay,1.25,combined_hard_shift,contrastive_action_flow,4,32,0.73089,0.69676,0.79947,0.70007,0.26540,0.31541,0.68750,0.21875,0.12588,0.17810,0.19660,1.00000,0.32514,0.67855,0.55010
articulation_delay,1.25,combined_hard_shift,contrastive_action_flow,5,32,0.73589,0.70958,0.78692,0.67916,0.23631,0.31044,0.59375,0.03125,0.12080,0.17347,0.18915,1.00000,0.33513,0.68688,0.55756
articulation_delay,1.25,combined_hard_shift,contrastive_action_flow,6,32,0.71604,0.65893,0.80372,0.73061,0.27990,0.34669,0.56250,0.06250,0.12539,0.17901,0.19990,1.00000,0.32434,0.67605,0.51255
articulation_delay,1.25,combined_hard_shift,contrastive_action_flow,7,32,0.72224,0.68595,0.79514,0.72759,0.25387,0.29869,0.65625,0.18750,0.12424,0.18866,0.19501,1.00000,0.32352,0.67912,0.54054
articulation_delay,1.25,combined_hard_shift,contrastive_action_flow,8,32,0.75118,0.72385,0.80614,0.68319,0.21360,0.30338,0.68750,0.21875,0.11573,0.17683,0.18277,1.00000,0.34917,0.70417,0.56335
articulation_delay,1.25,combined_hard_shift,contrastive_action_flow,9,32,0.77635,0.77296,0.79901,0.69412,0.16971,0.27529,0.71875,0.00000,0.11493,0.18006,0.17288,1.00000,0.34794,0.71133,0.67582
articulation_delay,1.25,combined_hard_shift,learned_correlation_classifier,0,32,0.73888,0.66373,0.85895,0.80338,0.30855,0.35983,0.50000,0.06250,0.12617,0.19691,0.21478,1.00000,0.34252,0.69356,0.47033
articulation_delay,1.25,combined_hard_shift,learned_correlation_classifier,1,32,0.76268,0.69053,0.87203,0.80552,0.25680,0.38139,0.62500,0.12500,0.12097,0.19463,0.19893,1.00000,0.35680,0.71577,0.54672
articulation_delay,1.25,combined_hard_shift,learned_correlation_classifier,2,32,0.72849,0.65076,0.85471,0.80808,0.31406,0.36103,0.53125,0.21875,0.12868,0.20961,0.21696,1.00000,0.34362,0.69181,0.43335
articulation_delay,1.25,combined_hard_shift,learned_correlation_classifier,3,32,0.73556,0.66176,0.87100,0.80223,0.33590,0.32470,0.56250,0.21875,0.13166,0.20934,0.22249,1.00000,0.33594,0.68725,0.45537
articulation_delay,1.25,combined_hard_shift,learned_correlation_classifier,4,32,0.73275,0.65654,0.86575,0.81293,0.34153,0.35483,0.59375,0.12500,0.13347,0.20274,0.22322,1.00000,0.32964,0.68137,0.50736
articulation_delay,1.25,combined_hard_shift,learned_correlation_classifier,5,32,0.73758,0.65933,0.86310,0.81426,0.31540,0.37705,0.56250,0.18750,0.12844,0.19916,0.21607,1.00000,0.33885,0.69122,0.46674
articulation_delay,1.25,combined_hard_shift,learned_correlation_classifier,6,32,0.71523,0.62180,0.86216,0.84093,0.35430,0.38081,0.53125,0.12500,0.13298,0.20418,0.22652,1.00000,0.32992,0.67777,0.45728
articulation_delay,1.25,combined_hard_shift,learned_correlation_classifier,7,32,0.72919,0.65027,0.86797,0.83978,0.31738,0.34703,0.68750,0.06250,0.13272,0.21472,0.21825,1.00000,0.32972,0.68731,0.59899
articulation_delay,1.25,combined_hard_shift,learned_correlation_classifier,8,32,0.74937,0.67224,0.86620,0.80440,0.27278,0.36213,0.65625,0.09375,0.12355,0.20157,0.20467,1.00000,0.35057,0.70750,0.57596
articulation_delay,1.25,combined_hard_shift,learned_correlation_classifier,9,32,0.76535,0.70108,0.86668,0.80211,0.25004,0.37458,0.75000,0.18750,0.12333,0.20493,0.19969,1.00000,0.35048,0.71257,0.61299
articulation_delay,1.25,combined_hard_shift,oracle_causal_mask,0,32,1.00000,1.00000,1.00000,1.00000,0.00000,0.00000,1.00000,0.06250,0.00001,0.00172,0.02341,1.00000,0.99400,1.00000,0.95750
articulation_delay,1.25,combined_hard_shift,oracle_causal_mask,1,32,1.00000,1.00000,1.00000,1.00000,0.00000,0.00000,1.00000,0.03125,0.00001,0.00173,0.02307,1.00000,0.99400,1.00000,0.96875
articulation_delay,1.25,combined_hard_shift,oracle_causal_mask,2,32,1.00000,1.00000,1.00000,1.00000,0.00000,0.00000,0.96875,0.03125,0.00001,0.00179,0.02314,1.00000,0.99400,1.00000,0.94687
articulation_delay,1.25,combined_hard_shift,oracle_causal_mask,3,32,1.00000,1.00000,1.00000,1.00000,0.00000,0.00000,1.00000,0.00000,0.00001,0.00176,0.02317,1.00000,0.99400,1.00000,0.98000
articulation_delay,1.25,combined_hard_shift,oracle_causal_mask,4,32,1.00000,1.00000,1.00000,1.00000,0.00000,0.00000,0.93750,0.00000,0.00001,0.00170,0.02304,1.00000,0.99400,1.00000,0.93625
articulation_delay,1.25,combined_hard_shift,oracle_causal_mask,5,32,1.00000,1.00000,1.00000,1.00000,0.00000,0.00000,0.96875,0.03125,0.00001,0.00172,0.02317,1.00000,0.99400,1.00000,0.94688
articulation_delay,1.25,combined_hard_shift,oracle_causal_mask,6,32,1.00000,1.00000,1.00000,1.00000,0.00000,0.00000,0.96875,0.00000,0.00001,0.00171,0.02297,1.00000,0.99400,1.00000,0.95813
articulation_delay,1.25,combined_hard_shift,oracle_causal_mask,7,32,1.00000,1.00000,1.00000,1.00000,0.00000,0.00000,0.96875,0.00000,0.00001,0.00180,0.02313,1.00000,0.99400,1.00000,0.95813
articulation_delay,1.25,combined_hard_shift,oracle_causal_mask,8,32,1.00000,1.00000,1.00000,1.00000,0.00000,0.00000,0.96875,0.00000,0.00001,0.00178,0.02319,1.00000,0.99400,1.00000,0.95813
articulation_delay,1.25,combined_hard_shift,oracle_causal_mask,9,32,1.00000,1.00000,1.00000,1.00000,0.00000,0.00000,0.96875,0.03125,0.00001,0.00180,0.02339,1.00000,0.99400,1.00000,0.94687
articulation_delay,1.25,combined_hard_shift,world_model_flow_predictor,0,32,0.78632,0.75140,0.86220,0.82360,0.21303,0.51814,0.65625,0.06250,0.11177,0.17710,0.20228,1.00000,0.40331,0.74703,0.59568
articulation_delay,1.25,combined_hard_shift,world_model_flow_predictor,1,32,0.75678,0.68434,0.88079,0.83413,0.24993,0.51902,0.75000,0.09375,0.11650,0.19064,0.21138,1.00000,0.42268,0.75381,0.64166
articulation_delay,1.25,combined_hard_shift,world_model_flow_predictor,2,32,0.77588,0.73593,0.85040,0.79947,0.20077,0.50299,0.65625,0.18750,0.11103,0.18418,0.19934,1.00000,0.39863,0.74422,0.55105
articulation_delay,1.25,combined_hard_shift,world_model_flow_predictor,3,32,0.77806,0.74998,0.83333,0.77595,0.17969,0.52658,0.46875,0.06250,0.11277,0.17960,0.19452,1.00000,0.38790,0.73884,0.46562
articulation_delay,1.25,combined_hard_shift,world_model_flow_predictor,4,32,0.77104,0.74278,0.84452,0.78894,0.21642,0.51823,0.50000,0.03125,0.12042,0.18422,0.20392,1.00000,0.38472,0.73202,0.49289
articulation_delay,1.25,combined_hard_shift,world_model_flow_predictor,5,32,0.75647,0.72002,0.84359,0.78491,0.23245,0.56505,0.65625,0.18750,0.11468,0.17571,0.20685,1.00000,0.39541,0.73381,0.53917
articulation_delay,1.25,combined_hard_shift,world_model_flow_predictor,6,32,0.74811,0.67702,0.86592,0.84057,0.25303,0.59882,0.68750,0.15625,0.12094,0.18498,0.21210,1.00000,0.38329,0.72879,0.56586
articulation_delay,1.25,combined_hard_shift,world_model_flow_predictor,7,32,0.75643,0.71258,0.83385,0.80586,0.20387,0.61397,0.68750,0.21875,0.11517,0.18373,0.20087,1.00000,0.37809,0.72856,0.54965
articulation_delay,1.25,combined_hard_shift,world_model_flow_predictor,8,32,0.77419,0.70637,0.88115,0.82550,0.22814,0.49231,0.65625,0.15625,0.11274,0.18694,0.20576,1.00000,0.41332,0.75383,0.56054
articulation_delay,1.25,combined_hard_shift,world_model_flow_predictor,9,32,0.78238,0.73477,0.85908,0.78995,0.19225,0.51406,0.71875,0.03125,0.10766,0.18290,0.19740,1.00000,0.40900,0.75375,0.65359
articulation_delay,1.50,combined_hard_shift,action_direction_projection,0,32,0.52037,0.38552,0.85000,0.62528,0.63791,0.50498,0.53125,0.25000,0.24821,0.32890,0.32719,1.00000,0.26469,0.57830,0.32768
articulation_delay,1.50,combined_hard_shift,action_direction_projection,1,32,0.56230,0.44187,0.84129,0.65800,0.54795,0.50070,0.40625,0.12500,0.22436,0.30232,0.29987,1.00000,0.28564,0.60672,0.30635
articulation_delay,1.50,combined_hard_shift,action_direction_projection,2,32,0.57134,0.45139,0.83939,0.68645,0.46104,0.45693,0.50000,0.12500,0.21369,0.28941,0.27461,1.00000,0.29579,0.63062,0.38935
articulation_delay,1.50,combined_hard_shift,action_direction_projection,3,32,0.54860,0.42808,0.84181,0.66027,0.55660,0.50546,0.43750,0.21875,0.22985,0.31170,0.30331,1.00000,0.27280,0.59827,0.28995
articulation_delay,1.50,combined_hard_shift,action_direction_projection,4,32,0.54676,0.41295,0.85258,0.69409,0.59309,0.48147,0.40625,0.25000,0.23591,0.31465,0.31288,1.00000,0.28081,0.59721,0.25346
articulation_delay,1.50,combined_hard_shift,action_direction_projection,5,32,0.53496,0.41370,0.83067,0.62197,0.55093,0.44257,0.37500,0.25000,0.23727,0.31496,0.30312,1.00000,0.27655,0.59857,0.23726
articulation_delay,1.50,combined_hard_shift,action_direction_projection,6,32,0.53622,0.40874,0.84197,0.64088,0.54568,0.49684,0.40625,0.28125,0.22166,0.30726,0.29912,1.00000,0.29464,0.61208,0.24708
articulation_delay,1.50,combined_hard_shift,action_direction_projection,7,32,0.52238,0.39646,0.82380,0.64878,0.58726,0.52133,0.43750,0.28125,0.24680,0.31810,0.31411,1.00000,0.24844,0.57418,0.25573
articulation_delay,1.50,combined_hard_shift,action_direction_projection,8,32,0.56786,0.44993,0.82669,0.62352,0.42044,0.47433,0.56250,0.21875,0.19967,0.27857,0.26196,1.00000,0.31559,0.64655,0.40453
articulation_delay,1.50,combined_hard_shift,action_direction_projection,9,32,0.58427,0.47401,0.83293,0.66384,0.46438,0.47219,0.46875,0.21875,0.20390,0.27852,0.27348,1.00000,0.31420,0.63778,0.33533
articulation_delay,1.50,combined_hard_shift,calibrated_tree_flow_proxy,0,32,0.73978,0.64337,0.88620,0.83642,0.31989,0.36815,0.68750,0.21875,0.12517,0.20248,0.24462,1.00000,0.35191,0.70303,0.54475
articulation_delay,1.50,combined_hard_shift,calibrated_tree_flow_proxy,1,32,0.74443,0.65430,0.88696,0.85688,0.30852,0.33144,0.59375,0.25000,0.11974,0.19725,0.24162,1.00000,0.37023,0.71525,0.47365
articulation_delay,1.50,combined_hard_shift,calibrated_tree_flow_proxy,2,32,0.74653,0.66218,0.87456,0.85005,0.30135,0.36491,0.62500,0.09375,0.11759,0.19054,0.23902,1.00000,0.37319,0.71515,0.55096
articulation_delay,1.50,combined_hard_shift,calibrated_tree_flow_proxy,3,32,0.76974,0.68956,0.88935,0.87723,0.27195,0.35863,0.62500,0.06250,0.11699,0.18945,0.23118,1.00000,0.36565,0.72154,0.57059
articulation_delay,1.50,combined_hard_shift,calibrated_tree_flow_proxy,4,32,0.73928,0.65468,0.87967,0.86105,0.31384,0.34309,0.62500,0.12500,0.12277,0.19920,0.24287,1.00000,0.36486,0.70940,0.53767
articulation_delay,1.50,combined_hard_shift,calibrated_tree_flow_proxy,5,32,0.72953,0.64244,0.86729,0.79647,0.31587,0.34207,0.50000,0.18750,0.12351,0.19778,0.24400,1.00000,0.35874,0.70255,0.42510
articulation_delay,1.50,combined_hard_shift,calibrated_tree_flow_proxy,6,32,0.74865,0.66037,0.88900,0.84061,0.29477,0.37865,0.75000,0.12500,0.11791,0.19879,0.23777,1.00000,0.37185,0.71965,0.62805
articulation_delay,1.50,combined_hard_shift,calibrated_tree_flow_proxy,7,32,0.75236,0.66751,0.87856,0.84016,0.30255,0.36121,0.53125,0.09375,0.12158,0.18957,0.23938,1.00000,0.35623,0.70710,0.48538
articulation_delay,1.50,combined_hard_shift,calibrated_tree_flow_proxy,8,32,0.77736,0.69726,0.89328,0.85371,0.25567,0.39677,0.68750,0.21875,0.11098,0.18620,0.22611,1.00000,0.38548,0.73645,0.56076
articulation_delay,1.50,combined_hard_shift,calibrated_tree_flow_proxy,9,32,0.79188,0.72876,0.88728,0.85660,0.22913,0.36888,0.56250,0.03125,0.11045,0.18390,0.21930,1.00000,0.38496,0.74046,0.54843
articulation_delay,1.50,combined_hard_shift,causal_scene_flow_model_v5,0,32,0.74575,0.67374,0.85958,0.83364,0.25320,0.57235,0.68750,0.15625,0.11496,0.18810,0.22184,1.00000,0.43301,0.75295,0.56995
articulation_delay,1.50,combined_hard_shift,causal_scene_flow_model_v5,1,32,0.74921,0.65819,0.89363,0.89380,0.28622,0.48595,0.37500,0.03125,0.11430,0.19536,0.23029,1.00000,0.46281,0.77004,0.40002
articulation_delay,1.50,combined_hard_shift,causal_scene_flow_model_v5,2,32,0.75826,0.67391,0.89284,0.87580,0.27311,0.55769,0.68750,0.06250,0.11447,0.19291,0.22670,1.00000,0.47012,0.77651,0.60702
articulation_delay,1.50,combined_hard_shift,causal_scene_flow_model_v5,3,32,0.75444,0.68191,0.86533,0.85727,0.24385,0.57340,0.53125,0.03125,0.10402,0.17275,0.21748,1.00000,0.45760,0.76929,0.50998
articulation_delay,1.50,combined_hard_shift,causal_scene_flow_model_v5,4,32,0.74407,0.66435,0.88295,0.86350,0.27399,0.56856,0.62500,0.03125,0.11671,0.18946,0.22657,1.00000,0.45292,0.76481,0.57009
articulation_delay,1.50,combined_hard_shift,causal_scene_flow_model_v5,5,32,0.73293,0.65486,0.85888,0.80064,0.27208,0.53579,0.53125,0.06250,0.11473,0.18864,0.22677,1.00000,0.44490,0.75480,0.49242
articulation_delay,1.50,combined_hard_shift,causal_scene_flow_model_v5,6,32,0.73241,0.64613,0.87256,0.84809,0.27810,0.58862,0.43750,0.12500,0.10989,0.18958,0.22753,1.00000,0.46493,0.76745,0.40184
articulation_delay,1.50,combined_hard_shift,causal_scene_flow_model_v5,7,32,0.76733,0.71309,0.85906,0.83670,0.23896,0.63792,0.56250,0.12500,0.10668,0.16748,0.21609,1.00000,0.44401,0.76167,0.49597
articulation_delay,1.50,combined_hard_shift,causal_scene_flow_model_v5,8,32,0.75610,0.66698,0.90179,0.87140,0.27815,0.60667,0.71875,0.00000,0.10740,0.18622,0.22628,1.00000,0.48870,0.78739,0.64881
articulation_delay,1.50,combined_hard_shift,causal_scene_flow_model_v5,9,32,0.77224,0.69024,0.90337,0.88895,0.24140,0.50533,0.65625,0.09375,0.10414,0.18430,0.21695,1.00000,0.48896,0.79603,0.58542
articulation_delay,1.50,combined_hard_shift,contrastive_action_flow,0,32,0.69740,0.64843,0.77784,0.65261,0.30019,0.32581,0.59375,0.18750,0.13090,0.19302,0.21000,1.00000,0.31223,0.65856,0.48316
articulation_delay,1.50,combined_hard_shift,contrastive_action_flow,1,32,0.70843,0.65070,0.80665,0.70854,0.30173,0.31310,0.59375,0.12500,0.12460,0.18727,0.20921,1.00000,0.33227,0.67613,0.51012
articulation_delay,1.50,combined_hard_shift,contrastive_action_flow,2,32,0.71796,0.67540,0.79199,0.70658,0.27588,0.33312,0.68750,0.15625,0.12195,0.17935,0.20180,1.00000,0.33495,0.67940,0.56831
articulation_delay,1.50,combined_hard_shift,contrastive_action_flow,3,32,0.72881,0.69686,0.78512,0.69919,0.24848,0.31578,0.68750,0.18750,0.12191,0.17887,0.19511,1.00000,0.32712,0.67957,0.56314
articulation_delay,1.50,combined_hard_shift,contrastive_action_flow,4,32,0.70584,0.66289,0.79158,0.72004,0.29694,0.31214,0.56250,0.15625,0.12757,0.18924,0.20818,1.00000,0.32695,0.67050,0.47653
articulation_delay,1.50,combined_hard_shift,contrastive_action_flow,5,32,0.69840,0.65665,0.78238,0.66516,0.29967,0.29444,0.56250,0.06250,0.12893,0.18830,0.20952,1.00000,0.32102,0.66442,0.50910
articulation_delay,1.50,combined_hard_shift,contrastive_action_flow,6,32,0.71412,0.67166,0.79475,0.66865,0.27754,0.30525,0.56250,0.12500,0.12151,0.18838,0.20294,1.00000,0.33577,0.68018,0.49301
articulation_delay,1.50,combined_hard_shift,contrastive_action_flow,7,32,0.70640,0.66794,0.77001,0.67818,0.27787,0.34579,0.53125,0.15625,0.12759,0.17974,0.20345,1.00000,0.31586,0.66332,0.45416
articulation_delay,1.50,combined_hard_shift,contrastive_action_flow,8,32,0.76216,0.74626,0.79716,0.68227,0.19449,0.29334,0.65625,0.21875,0.11411,0.17414,0.17994,1.00000,0.34887,0.70589,0.54634
articulation_delay,1.50,combined_hard_shift,contrastive_action_flow,9,32,0.76982,0.74793,0.81592,0.75041,0.20333,0.33844,0.65625,0.00000,0.11439,0.17212,0.18126,1.00000,0.34774,0.70823,0.62283
articulation_delay,1.50,combined_hard_shift,learned_correlation_classifier,0,32,0.69476,0.59371,0.86670,0.78025,0.41163,0.38729,0.37500,0.09375,0.13864,0.21791,0.24556,1.00000,0.32203,0.66224,0.34675
articulation_delay,1.50,combined_hard_shift,learned_correlation_classifier,1,32,0.71148,0.61228,0.87870,0.82721,0.37895,0.36176,0.56250,0.18750,0.13227,0.21093,0.23619,1.00000,0.33690,0.68028,0.45454
articulation_delay,1.50,combined_hard_shift,learned_correlation_classifier,2,32,0.72615,0.64572,0.85968,0.81346,0.33719,0.37324,0.50000,0.21875,0.12936,0.20327,0.22458,1.00000,0.33860,0.68540,0.40682
articulation_delay,1.50,combined_hard_shift,learned_correlation_classifier,3,32,0.74253,0.65442,0.88356,0.85479,0.33260,0.37866,0.62500,0.25000,0.13040,0.20550,0.22292,1.00000,0.33246,0.68943,0.48640
articulation_delay,1.50,combined_hard_shift,learned_correlation_classifier,4,32,0.70067,0.60528,0.86655,0.82437,0.38769,0.36438,0.53125,0.15625,0.13613,0.21486,0.23889,1.00000,0.33171,0.67250,0.44005
articulation_delay,1.50,combined_hard_shift,learned_correlation_classifier,5,32,0.69991,0.61216,0.85526,0.76680,0.37560,0.34544,0.59375,0.21875,0.13718,0.21356,0.23642,1.00000,0.32729,0.66993,0.46345
articulation_delay,1.50,combined_hard_shift,learned_correlation_classifier,6,32,0.71791,0.62769,0.87341,0.80399,0.35278,0.37335,0.62500,0.09375,0.13031,0.21393,0.22928,1.00000,0.33983,0.68619,0.53622
articulation_delay,1.50,combined_hard_shift,learned_correlation_classifier,7,32,0.69708,0.60506,0.85139,0.78726,0.39989,0.40472,0.65625,0.12500,0.13604,0.20666,0.24210,1.00000,0.32218,0.66092,0.53295
articulation_delay,1.50,combined_hard_shift,learned_correlation_classifier,8,32,0.75585,0.67900,0.87277,0.82505,0.27548,0.37746,0.62500,0.09375,0.12255,0.20012,0.20704,1.00000,0.35023,0.70843,0.55399
articulation_delay,1.50,combined_hard_shift,learned_correlation_classifier,9,32,0.75838,0.69195,0.86495,0.82998,0.27468,0.37952,0.68750,0.25000,0.12342,0.19850,0.20687,1.00000,0.34864,0.70575,0.54155
articulation_delay,1.50,combined_hard_shift,oracle_causal_mask,0,32,1.00000,1.00000,1.00000,1.00000,0.00000,0.00000,1.00000,0.06250,0.00001,0.00177,0.02361,1.00000,0.99400,1.00000,0.95750
articulation_delay,1.50,combined_hard_shift,oracle_causal_mask,1,32,1.00000,1.00000,1.00000,1.00000,0.00000,0.00000,1.00000,0.03125,0.00001,0.00178,0.02388,1.00000,0.99400,1.00000,0.96875
articulation_delay,1.50,combined_hard_shift,oracle_causal_mask,2,32,1.00000,1.00000,1.00000,1.00000,0.00000,0.00000,0.96875,0.03125,0.00001,0.00175,0.02378,1.00000,0.99400,1.00000,0.94687
articulation_delay,1.50,combined_hard_shift,oracle_causal_mask,3,32,1.00000,1.00000,1.00000,1.00000,0.00000,0.00000,1.00000,0.00000,0.00001,0.00175,0.02379,1.00000,0.99400,1.00000,0.98000
articulation_delay,1.50,combined_hard_shift,oracle_causal_mask,4,32,1.00000,1.00000,1.00000,1.00000,0.00000,0.00000,0.93750,0.00000,0.00001,0.00177,0.02365,1.00000,0.99400,1.00000,0.93625
articulation_delay,1.50,combined_hard_shift,oracle_causal_mask,5,32,1.00000,1.00000,1.00000,1.00000,0.00000,0.00000,0.96875,0.03125,0.00001,0.00176,0.02375,1.00000,0.99400,1.00000,0.94688
articulation_delay,1.50,combined_hard_shift,oracle_causal_mask,6,32,1.00000,1.00000,1.00000,1.00000,0.00000,0.00000,0.96875,0.00000,0.00001,0.00181,0.02377,1.00000,0.99400,1.00000,0.95813
articulation_delay,1.50,combined_hard_shift,oracle_causal_mask,7,32,1.00000,1.00000,1.00000,1.00000,0.00000,0.00000,0.96875,0.00000,0.00001,0.00172,0.02375,1.00000,0.99400,1.00000,0.95813
articulation_delay,1.50,combined_hard_shift,oracle_causal_mask,8,32,1.00000,1.00000,1.00000,1.00000,0.00000,0.00000,0.96875,0.00000,0.00001,0.00178,0.02378,1.00000,0.99400,1.00000,0.95813
articulation_delay,1.50,combined_hard_shift,oracle_causal_mask,9,32,1.00000,1.00000,1.00000,1.00000,0.00000,0.00000,0.96875,0.03125,0.00001,0.00175,0.02374,1.00000,0.99400,1.00000,0.94687
articulation_delay,1.50,combined_hard_shift,world_model_flow_predictor,0,32,0.75988,0.72681,0.82437,0.77305,0.20478,0.52962,0.68750,0.09375,0.11896,0.18288,0.20339,1.00000,0.36179,0.71742,0.59882
articulation_delay,1.50,combined_hard_shift,world_model_flow_predictor,1,32,0.74671,0.68606,0.85051,0.81051,0.25452,0.45413,0.81250,0.06250,0.11745,0.19071,0.21626,1.00000,0.38972,0.72779,0.69527
articulation_delay,1.50,combined_hard_shift,world_model_flow_predictor,2,32,0.76256,0.71224,0.85296,0.81032,0.23813,0.51972,0.53125,0.18750,0.11727,0.18816,0.21164,1.00000,0.39718,0.73592,0.45494
articulation_delay,1.50,combined_hard_shift,world_model_flow_predictor,3,32,0.76615,0.73649,0.82402,0.79323,0.19244,0.53718,0.56250,0.12500,0.11003,0.17014,0.19884,1.00000,0.38259,0.73085,0.50371
articulation_delay,1.50,combined_hard_shift,world_model_flow_predictor,4,32,0.75004,0.70851,0.83848,0.78786,0.23105,0.53446,0.50000,0.06250,0.12011,0.18580,0.20990,1.00000,0.38087,0.72523,0.47474
articulation_delay,1.50,combined_hard_shift,world_model_flow_predictor,5,32,0.74498,0.70836,0.82124,0.73519,0.22190,0.49579,0.62500,0.15625,0.11804,0.18385,0.20809,1.00000,0.37399,0.71918,0.53037
articulation_delay,1.50,combined_hard_shift,world_model_flow_predictor,6,32,0.75211,0.70200,0.84740,0.79905,0.22459,0.54916,0.68750,0.21875,0.11380,0.18663,0.20794,1.00000,0.39166,0.73458,0.55109
articulation_delay,1.50,combined_hard_shift,world_model_flow_predictor,7,32,0.77930,0.77044,0.81815,0.76352,0.18077,0.58816,0.65625,0.21875,0.11249,0.16418,0.19568,1.00000,0.36975,0.72522,0.53536
articulation_delay,1.50,combined_hard_shift,world_model_flow_predictor,8,32,0.76332,0.70837,0.85943,0.80501,0.23470,0.55988,0.59375,0.25000,0.11161,0.18513,0.20976,1.00000,0.41366,0.74692,0.47563
articulation_delay,1.50,combined_hard_shift,world_model_flow_predictor,9,32,0.77847,0.72949,0.86814,0.83551,0.20647,0.47900,0.75000,0.06250,0.10937,0.18280,0.20206,1.00000,0.41371,0.75542,0.66419
combined,0.00,combined_hard_shift,action_direction_projection,0,32,0.85926,0.77998,0.99593,0.90625,0.22289,0.21190,0.87500,0.15625,0.14106,0.31542,0.16375,1.00000,0.51453,0.83746,0.75477
combined,0.00,combined_hard_shift,action_direction_projection,1,32,0.89059,0.81865,0.99794,1.00000,0.16489,0.18312,0.78125,0.03125,0.13521,0.30718,0.14706,1.00000,0.52285,0.85507,0.74996
combined,0.00,combined_hard_shift,action_direction_projection,2,32,0.84575,0.75960,0.99771,0.93750,0.25931,0.22256,0.93750,0.06250,0.14194,0.31326,0.17269,1.00000,0.50895,0.82701,0.82384
combined,0.00,combined_hard_shift,action_direction_projection,3,32,0.88491,0.81558,0.99530,0.87500,0.18377,0.18042,0.81250,0.06250,0.13406,0.30520,0.15076,1.00000,0.53497,0.85653,0.75774
combined,0.00,combined_hard_shift,action_direction_projection,4,32,0.87388,0.79649,0.99224,0.84375,0.18741,0.20174,0.78125,0.12500,0.13420,0.30307,0.15198,1.00000,0.52277,0.84859,0.70893
combined,0.00,combined_hard_shift,action_direction_projection,5,32,0.86384,0.78326,0.99478,0.93750,0.20303,0.21196,0.71875,0.09375,0.14239,0.31749,0.15864,1.00000,0.51547,0.84202,0.67155
combined,0.00,combined_hard_shift,action_direction_projection,6,32,0.91029,0.85497,0.99329,0.90625,0.13915,0.14541,0.84375,0.06250,0.13384,0.30426,0.14013,1.00000,0.52697,0.86167,0.79175
combined,0.00,combined_hard_shift,action_direction_projection,7,32,0.89657,0.83297,0.99681,0.93750,0.18134,0.17176,0.90625,0.03125,0.13715,0.30816,0.15156,1.00000,0.51771,0.84849,0.83633
combined,0.00,combined_hard_shift,action_direction_projection,8,32,0.87810,0.80820,0.99686,0.93750,0.20611,0.18476,0.87500,0.12500,0.13630,0.30739,0.15787,1.00000,0.52467,0.84667,0.77378
combined,0.00,combined_hard_shift,action_direction_projection,9,32,0.88997,0.82278,0.99784,0.96875,0.18346,0.18111,0.75000,0.12500,0.13792,0.30980,0.15195,1.00000,0.51735,0.84810,0.69129
combined,0.00,combined_hard_shift,calibrated_tree_flow_proxy,0,32,0.93427,0.88492,0.99465,1.00000,0.08424,0.13583,0.90625,0.03125,0.07542,0.18184,0.13982,1.00000,0.52395,0.87253,0.85905
combined,0.00,combined_hard_shift,calibrated_tree_flow_proxy,1,32,0.92082,0.86261,0.99456,1.00000,0.10390,0.15751,0.81250,0.09375,0.07509,0.18239,0.14460,1.00000,0.53276,0.87276,0.76514
combined,0.00,combined_hard_shift,calibrated_tree_flow_proxy,2,32,0.92252,0.86666,0.99196,0.96875,0.10042,0.15084,0.90625,0.03125,0.07866,0.18164,0.14382,1.00000,0.50871,0.86035,0.85287
combined,0.00,combined_hard_shift,calibrated_tree_flow_proxy,3,32,0.93798,0.89454,0.99132,0.93750,0.07643,0.12664,0.90625,0.00000,0.07224,0.17851,0.13625,1.00000,0.54404,0.88383,0.87374
combined,0.00,combined_hard_shift,calibrated_tree_flow_proxy,4,32,0.91969,0.85937,0.99467,1.00000,0.11177,0.16026,0.87500,0.09375,0.07485,0.18085,0.14573,1.00000,0.53505,0.87225,0.80754
combined,0.00,combined_hard_shift,calibrated_tree_flow_proxy,5,32,0.92768,0.87480,0.99246,1.00000,0.08916,0.14496,0.78125,0.06250,0.07576,0.18509,0.14114,1.00000,0.52822,0.87310,0.75818
combined,0.00,combined_hard_shift,calibrated_tree_flow_proxy,6,32,0.92424,0.86910,0.99374,0.96875,0.09992,0.14940,0.87500,0.03125,0.07426,0.18023,0.14340,1.00000,0.53642,0.87533,0.83321
combined,0.00,combined_hard_shift,calibrated_tree_flow_proxy,7,32,0.93298,0.88470,0.99159,0.96875,0.08540,0.14351,0.87500,0.03125,0.07554,0.17930,0.13974,1.00000,0.52225,0.87059,0.83614
combined,0.00,combined_hard_shift,calibrated_tree_flow_proxy,8,32,0.93527,0.88823,0.99200,0.96875,0.08735,0.12910,0.93750,0.09375,0.07327,0.17747,0.13981,1.00000,0.53256,0.87564,0.85899
combined,0.00,combined_hard_shift,calibrated_tree_flow_proxy,9,32,0.90813,0.84072,0.99334,1.00000,0.12099,0.17907,0.87500,0.00000,0.07658,0.18282,0.14855,1.00000,0.52578,0.86506,0.83634
combined,0.00,combined_hard_shift,causal_scene_flow_model_v5,0,32,0.90429,0.83537,0.99559,1.00000,0.13206,0.19862,0.87500,0.12500,0.05897,0.16466,0.13887,1.00000,0.64814,0.92683,0.79564
combined,0.00,combined_hard_shift,causal_scene_flow_model_v5,1,32,0.88162,0.80027,0.99456,1.00000,0.16567,0.22062,0.84375,0.00000,0.06056,0.17023,0.14741,1.00000,0.65947,0.92506,0.80957
combined,0.00,combined_hard_shift,causal_scene_flow_model_v5,2,32,0.88017,0.79686,0.99316,0.96875,0.16785,0.23871,0.81250,0.03125,0.06368,0.16717,0.14768,1.00000,0.62596,0.90653,0.77265
combined,0.00,combined_hard_shift,causal_scene_flow_model_v5,3,32,0.89502,0.82399,0.99129,0.96875,0.14351,0.19748,0.84375,0.03125,0.05734,0.16524,0.14048,1.00000,0.66738,0.93320,0.80549
combined,0.00,combined_hard_shift,causal_scene_flow_model_v5,4,32,0.88182,0.79808,0.99687,1.00000,0.17946,0.21168,0.84375,0.03125,0.06089,0.17122,0.15009,1.00000,0.66234,0.92412,0.79713
combined,0.00,combined_hard_shift,causal_scene_flow_model_v5,5,32,0.88753,0.80913,0.99477,1.00000,0.15026,0.22732,0.81250,0.03125,0.05977,0.16966,0.14343,1.00000,0.65350,0.92541,0.77888
combined,0.00,combined_hard_shift,causal_scene_flow_model_v5,6,32,0.88879,0.81129,0.99602,1.00000,0.15867,0.20990,0.78125,0.06250,0.06025,0.16931,0.14566,1.00000,0.66070,0.92736,0.74623
combined,0.00,combined_hard_shift,causal_scene_flow_model_v5,7,32,0.89322,0.82044,0.99179,0.96875,0.14753,0.20585,0.71875,0.09375,0.06045,0.16671,0.14274,1.00000,0.64462,0.92036,0.69268
combined,0.00,combined_hard_shift,causal_scene_flow_model_v5,8,32,0.90793,0.84241,0.99301,0.96875,0.13410,0.17789,0.87500,0.00000,0.05791,0.16398,0.13904,1.00000,0.65639,0.93001,0.84260
combined,0.00,combined_hard_shift,causal_scene_flow_model_v5,9,32,0.86420,0.76978,0.99334,1.00000,0.19055,0.25893,0.81250,0.06250,0.06246,0.17068,0.15302,1.00000,0.64792,0.91327,0.75571
combined,0.00,combined_hard_shift,contrastive_action_flow,0,32,0.95805,0.93269,0.98786,0.90625,0.04634,0.09215,1.00000,0.03125,0.07826,0.18504,0.09695,1.00000,0.50848,0.87106,0.93547
combined,0.00,combined_hard_shift,contrastive_action_flow,1,32,0.94751,0.91486,0.98794,0.93750,0.06061,0.10659,0.93750,0.06250,0.07766,0.18533,0.10041,1.00000,0.51841,0.87310,0.87645
combined,0.00,combined_hard_shift,contrastive_action_flow,2,32,0.94991,0.92216,0.98356,0.84375,0.05390,0.09591,0.96875,0.00000,0.08143,0.18451,0.09887,1.00000,0.49366,0.86057,0.92116
combined,0.00,combined_hard_shift,contrastive_action_flow,3,32,0.95987,0.93841,0.98561,0.87500,0.04196,0.08436,0.84375,0.09375,0.07471,0.18195,0.09417,1.00000,0.53277,0.88407,0.80645
combined,0.00,combined_hard_shift,contrastive_action_flow,4,32,0.94789,0.91324,0.98863,0.90625,0.06372,0.10713,0.93750,0.03125,0.07735,0.18342,0.10032,1.00000,0.52084,0.87386,0.88745
combined,0.00,combined_hard_shift,contrastive_action_flow,5,32,0.96163,0.94146,0.98518,0.87500,0.03874,0.08305,0.90625,0.00000,0.07824,0.18833,0.09515,1.00000,0.51472,0.87528,0.88364
combined,0.00,combined_hard_shift,contrastive_action_flow,6,32,0.95438,0.92758,0.98706,0.87500,0.05084,0.09229,0.90625,0.00000,0.07704,0.18357,0.09780,1.00000,0.52194,0.87686,0.88066
combined,0.00,combined_hard_shift,contrastive_action_flow,7,32,0.96244,0.93971,0.98850,0.93750,0.04276,0.09082,0.93750,0.03125,0.07853,0.18241,0.09559,1.00000,0.50652,0.87099,0.89293
combined,0.00,combined_hard_shift,contrastive_action_flow,8,32,0.95839,0.93441,0.98640,0.81250,0.04843,0.08539,0.90625,0.03125,0.07607,0.18121,0.09672,1.00000,0.51889,0.87563,0.87061
combined,0.00,combined_hard_shift,contrastive_action_flow,9,32,0.94071,0.90301,0.98609,0.87500,0.06867,0.11550,0.90625,0.00000,0.07912,0.18553,0.10216,1.00000,0.51107,0.86703,0.87376
combined,0.00,combined_hard_shift,learned_correlation_classifier,0,32,0.91628,0.85160,0.99580,1.00000,0.10840,0.16581,0.71875,0.03125,0.08717,0.20591,0.11756,1.00000,0.50183,0.85601,0.71825
combined,0.00,combined_hard_shift,learned_correlation_classifier,1,32,0.90464,0.83341,0.99442,1.00000,0.12609,0.18317,0.87500,0.06250,0.08648,0.20471,0.12194,1.00000,0.50807,0.85501,0.81122
combined,0.00,combined_hard_shift,learned_correlation_classifier,2,32,0.90607,0.83757,0.99206,0.96875,0.12377,0.17733,0.75000,0.06250,0.08931,0.20472,0.12141,1.00000,0.49056,0.84580,0.72347
combined,0.00,combined_hard_shift,learned_correlation_classifier,3,32,0.92864,0.87664,0.99257,0.93750,0.09073,0.14418,0.81250,0.18750,0.08332,0.20123,0.11112,1.00000,0.52288,0.87000,0.73469
combined,0.00,combined_hard_shift,learned_correlation_classifier,4,32,0.90528,0.83443,0.99467,1.00000,0.13414,0.18271,0.96875,0.06250,0.08610,0.20213,0.12310,1.00000,0.50969,0.85415,0.87591
combined,0.00,combined_hard_shift,learned_correlation_classifier,5,32,0.91450,0.85241,0.99130,1.00000,0.10617,0.16394,0.75000,0.03125,0.08723,0.20816,0.11705,1.00000,0.50630,0.85766,0.74041
combined,0.00,combined_hard_shift,learned_correlation_classifier,6,32,0.91798,0.85916,0.99159,0.96875,0.10806,0.15771,0.90625,0.06250,0.08544,0.20234,0.11704,1.00000,0.51194,0.86025,0.83955
combined,0.00,combined_hard_shift,learned_correlation_classifier,7,32,0.92020,0.85997,0.99371,0.96875,0.10611,0.16237,0.87500,0.06250,0.08656,0.20188,0.11635,1.00000,0.50038,0.85522,0.81738
combined,0.00,combined_hard_shift,learned_correlation_classifier,8,32,0.92925,0.87674,0.99312,0.96875,0.09706,0.13997,0.84375,0.03125,0.08452,0.20081,0.11372,1.00000,0.51091,0.86253,0.81151
combined,0.00,combined_hard_shift,learned_correlation_classifier,9,32,0.90042,0.82647,0.99349,1.00000,0.13244,0.19235,0.90625,0.09375,0.08723,0.20443,0.12318,1.00000,0.50373,0.85111,0.81939
combined,0.00,combined_hard_shift,oracle_causal_mask,0,32,1.00000,1.00000,1.00000,1.00000,0.00000,0.00000,1.00000,0.03125,0.00001,0.00182,0.01513,1.00000,0.99400,1.00000,0.96875
combined,0.00,combined_hard_shift,oracle_causal_mask,1,32,1.00000,1.00000,1.00000,1.00000,0.00000,0.00000,1.00000,0.03125,0.00001,0.00179,0.01510,1.00000,0.99400,1.00000,0.96875
combined,0.00,combined_hard_shift,oracle_causal_mask,2,32,1.00000,1.00000,1.00000,1.00000,0.00000,0.00000,0.96875,0.03125,0.00001,0.00179,0.01502,1.00000,0.99400,1.00000,0.94687
combined,0.00,combined_hard_shift,oracle_causal_mask,3,32,1.00000,1.00000,1.00000,1.00000,0.00000,0.00000,1.00000,0.00000,0.00001,0.00174,0.01480,1.00000,0.99400,1.00000,0.98000
combined,0.00,combined_hard_shift,oracle_causal_mask,4,32,1.00000,1.00000,1.00000,1.00000,0.00000,0.00000,0.93750,0.00000,0.00001,0.00176,0.01491,1.00000,0.99400,1.00000,0.93625
combined,0.00,combined_hard_shift,oracle_causal_mask,5,32,1.00000,1.00000,1.00000,1.00000,0.00000,0.00000,0.96875,0.00000,0.00001,0.00182,0.01503,1.00000,0.99400,1.00000,0.95813
combined,0.00,combined_hard_shift,oracle_causal_mask,6,32,1.00000,1.00000,1.00000,1.00000,0.00000,0.00000,0.96875,0.00000,0.00001,0.00176,0.01512,1.00000,0.99400,1.00000,0.95813
combined,0.00,combined_hard_shift,oracle_causal_mask,7,32,1.00000,1.00000,1.00000,1.00000,0.00000,0.00000,0.96875,0.00000,0.00001,0.00178,0.01506,1.00000,0.99400,1.00000,0.95813
combined,0.00,combined_hard_shift,oracle_causal_mask,8,32,1.00000,1.00000,1.00000,1.00000,0.00000,0.00000,0.96875,0.00000,0.00001,0.00176,0.01507,1.00000,0.99400,1.00000,0.95813
combined,0.00,combined_hard_shift,oracle_causal_mask,9,32,1.00000,1.00000,1.00000,1.00000,0.00000,0.00000,0.96875,0.03125,0.00001,0.00178,0.01495,1.00000,0.99400,1.00000,0.94687
combined,0.00,combined_hard_shift,world_model_flow_predictor,0,32,0.93153,0.88347,0.99251,1.00000,0.08874,0.15175,0.78125,0.00000,0.06768,0.17019,0.12820,1.00000,0.56316,0.89138,0.78313
combined,0.00,combined_hard_shift,world_model_flow_predictor,1,32,0.91772,0.86230,0.99121,0.96875,0.10797,0.16127,0.84375,0.03125,0.06829,0.17465,0.13332,1.00000,0.57585,0.89340,0.81079
combined,0.00,combined_hard_shift,world_model_flow_predictor,2,32,0.92215,0.87099,0.98792,0.90625,0.10011,0.16330,0.90625,0.09375,0.07197,0.17071,0.13120,1.00000,0.54275,0.87706,0.83160
combined,0.00,combined_hard_shift,world_model_flow_predictor,3,32,0.92964,0.88382,0.98905,0.90625,0.08824,0.13917,0.84375,0.06250,0.06546,0.17044,0.12689,1.00000,0.58586,0.90239,0.80622
combined,0.00,combined_hard_shift,world_model_flow_predictor,4,32,0.91418,0.85156,0.99530,0.96875,0.12518,0.16204,0.78125,0.00000,0.06833,0.17513,0.13681,1.00000,0.57967,0.89267,0.77552
combined,0.00,combined_hard_shift,world_model_flow_predictor,5,32,0.93053,0.88067,0.99237,0.93750,0.08706,0.15925,0.90625,0.15625,0.06789,0.17443,0.12794,1.00000,0.56900,0.89474,0.81438
combined,0.00,combined_hard_shift,world_model_flow_predictor,6,32,0.91851,0.86012,0.99494,0.96875,0.10966,0.16268,0.90625,0.09375,0.06784,0.17339,0.13351,1.00000,0.57904,0.89566,0.83215
combined,0.00,combined_hard_shift,world_model_flow_predictor,7,32,0.92572,0.87522,0.98918,0.93750,0.09521,0.15296,0.93750,0.15625,0.06899,0.17077,0.12984,1.00000,0.56098,0.88795,0.83407
combined,0.00,combined_hard_shift,world_model_flow_predictor,8,32,0.93110,0.88288,0.99103,0.93750,0.09445,0.14010,0.84375,0.09375,0.06636,0.16880,0.12916,1.00000,0.57298,0.89483,0.79349
combined,0.00,combined_hard_shift,world_model_flow_predictor,9,32,0.90557,0.84014,0.99062,0.93750,0.12365,0.19184,0.84375,0.00000,0.06982,0.17434,0.13677,1.00000,0.56545,0.88439,0.81529
combined,0.25,combined_hard_shift,action_direction_projection,0,32,0.70849,0.57862,0.95946,0.79896,0.44520,0.38357,0.71875,0.15625,0.15945,0.29815,0.23446,1.00000,0.44039,0.74052,0.57266
combined,0.25,combined_hard_shift,action_direction_projection,1,32,0.70849,0.58036,0.95500,0.82708,0.42501,0.36959,0.53125,0.03125,0.16341,0.30183,0.23012,1.00000,0.43757,0.74234,0.48989
combined,0.25,combined_hard_shift,action_direction_projection,2,32,0.68768,0.56155,0.96437,0.82969,0.48089,0.38179,0.65625,0.12500,0.17255,0.31738,0.24680,1.00000,0.42688,0.72692,0.53102
combined,0.25,combined_hard_shift,action_direction_projection,3,32,0.69481,0.56122,0.95768,0.80521,0.47324,0.39000,0.65625,0.18750,0.16386,0.30499,0.24253,1.00000,0.44467,0.73611,0.51119
combined,0.25,combined_hard_shift,action_direction_projection,4,32,0.70659,0.56937,0.96291,0.82917,0.44955,0.36179,0.53125,0.18750,0.16970,0.30821,0.23775,1.00000,0.43419,0.73723,0.43024
combined,0.25,combined_hard_shift,action_direction_projection,5,32,0.69174,0.56303,0.95187,0.77292,0.43796,0.38752,0.56250,0.09375,0.16345,0.30844,0.23411,1.00000,0.44320,0.74160,0.48386
combined,0.25,combined_hard_shift,action_direction_projection,6,32,0.69703,0.57021,0.95648,0.78646,0.42982,0.37441,0.53125,0.31250,0.16964,0.31043,0.23287,1.00000,0.42758,0.73647,0.38524
combined,0.25,combined_hard_shift,action_direction_projection,7,32,0.69020,0.56155,0.95952,0.83438,0.45861,0.37553,0.59375,0.15625,0.16756,0.30624,0.23881,1.00000,0.43802,0.73635,0.48061
combined,0.25,combined_hard_shift,action_direction_projection,8,32,0.73043,0.59924,0.96186,0.84844,0.36795,0.36620,0.71875,0.21875,0.15135,0.29102,0.21295,1.00000,0.45346,0.76493,0.56691
combined,0.25,combined_hard_shift,action_direction_projection,9,32,0.73757,0.61936,0.95701,0.84740,0.37862,0.34632,0.62500,0.09375,0.15423,0.29309,0.21616,1.00000,0.45179,0.76046,0.54680
combined,0.25,combined_hard_shift,calibrated_tree_flow_proxy,0,32,0.85783,0.78634,0.96132,0.90625,0.19582,0.25170,0.78125,0.06250,0.08881,0.18050,0.18021,1.00000,0.47771,0.81527,0.72086
combined,0.25,combined_hard_shift,calibrated_tree_flow_proxy,1,32,0.84815,0.76934,0.95827,0.92917,0.20130,0.26132,0.68750,0.12500,0.09003,0.18310,0.18204,1.00000,0.47509,0.81191,0.62955
combined,0.25,combined_hard_shift,calibrated_tree_flow_proxy,2,32,0.87722,0.81507,0.95706,0.93490,0.14300,0.24146,0.87500,0.12500,0.08884,0.18352,0.16757,1.00000,0.46379,0.81855,0.77443
combined,0.25,combined_hard_shift,calibrated_tree_flow_proxy,3,32,0.84882,0.77146,0.95870,0.94583,0.20187,0.27253,0.71875,0.06250,0.09098,0.18512,0.18203,1.00000,0.47504,0.81187,0.67328
combined,0.25,combined_hard_shift,calibrated_tree_flow_proxy,4,32,0.85767,0.78303,0.95947,0.92135,0.19541,0.25525,0.81250,0.09375,0.09079,0.18070,0.18062,1.00000,0.46854,0.81011,0.73068
combined,0.25,combined_hard_shift,calibrated_tree_flow_proxy,5,32,0.85261,0.77337,0.96260,0.91510,0.19626,0.26496,0.59375,0.12500,0.08995,0.18923,0.18112,1.00000,0.47777,0.81554,0.56546
combined,0.25,combined_hard_shift,calibrated_tree_flow_proxy,6,32,0.86592,0.80042,0.95469,0.92500,0.15897,0.24144,0.90625,0.06250,0.08925,0.17769,0.17114,1.00000,0.46593,0.81553,0.81472
combined,0.25,combined_hard_shift,calibrated_tree_flow_proxy,7,32,0.82788,0.73545,0.95915,0.95104,0.22779,0.27932,0.68750,0.09375,0.09337,0.18710,0.18851,1.00000,0.46677,0.80199,0.63210
combined,0.25,combined_hard_shift,calibrated_tree_flow_proxy,8,32,0.82394,0.72673,0.96217,0.90885,0.23322,0.30616,0.78125,0.15625,0.09074,0.18798,0.19059,1.00000,0.47691,0.80685,0.67292
combined,0.25,combined_hard_shift,calibrated_tree_flow_proxy,9,32,0.86520,0.79327,0.96433,0.94844,0.17456,0.24735,0.75000,0.03125,0.08686,0.17998,0.17464,1.00000,0.48241,0.82317,0.71518
combined,0.25,combined_hard_shift,causal_scene_flow_model_v5,0,32,0.84958,0.77096,0.96670,0.92552,0.21655,0.30964,0.78125,0.12500,0.07597,0.17054,0.17424,1.00000,0.59748,0.87439,0.69817
combined,0.25,combined_hard_shift,causal_scene_flow_model_v5,1,32,0.83588,0.74322,0.96890,0.95365,0.22854,0.32194,0.65625,0.00000,0.07876,0.17571,0.17781,1.00000,0.59220,0.86958,0.65072
combined,0.25,combined_hard_shift,causal_scene_flow_model_v5,2,32,0.86607,0.79574,0.96313,0.96615,0.17212,0.34785,0.81250,0.06250,0.07113,0.16375,0.16271,1.00000,0.57618,0.87216,0.74795
combined,0.25,combined_hard_shift,causal_scene_flow_model_v5,3,32,0.83010,0.74458,0.95976,0.92083,0.23909,0.34002,0.71875,0.03125,0.07965,0.17620,0.18021,1.00000,0.58764,0.86251,0.67910
combined,0.25,combined_hard_shift,causal_scene_flow_model_v5,4,32,0.84196,0.75743,0.96377,0.92396,0.22767,0.34258,0.78125,0.03125,0.07848,0.17080,0.17744,1.00000,0.57846,0.86129,0.72582
combined,0.25,combined_hard_shift,causal_scene_flow_model_v5,5,32,0.84121,0.75458,0.96786,0.93333,0.22050,0.33018,0.68750,0.03125,0.07777,0.17978,0.17610,1.00000,0.59255,0.87126,0.66287
combined,0.25,combined_hard_shift,causal_scene_flow_model_v5,6,32,0.85350,0.78170,0.95817,0.95156,0.18661,0.34624,0.71875,0.06250,0.07269,0.15989,0.16611,1.00000,0.58099,0.87018,0.67844
combined,0.25,combined_hard_shift,causal_scene_flow_model_v5,7,32,0.81774,0.71432,0.96846,0.94740,0.25132,0.34713,0.65625,0.09375,0.08173,0.17957,0.18307,1.00000,0.58147,0.85888,0.60854
combined,0.25,combined_hard_shift,causal_scene_flow_model_v5,8,32,0.81350,0.70874,0.97200,0.94115,0.25925,0.33701,0.78125,0.00000,0.08325,0.18693,0.18673,1.00000,0.59612,0.86567,0.72958
combined,0.25,combined_hard_shift,causal_scene_flow_model_v5,9,32,0.85136,0.76817,0.97195,0.97031,0.20668,0.29880,0.78125,0.09375,0.07447,0.17133,0.17174,1.00000,0.60305,0.88082,0.71231
combined,0.25,combined_hard_shift,contrastive_action_flow,0,32,0.86972,0.83446,0.92549,0.78021,0.14430,0.18584,0.87500,0.12500,0.09010,0.17521,0.13449,1.00000,0.45616,0.80608,0.77492
combined,0.25,combined_hard_shift,contrastive_action_flow,1,32,0.86862,0.83336,0.92312,0.81615,0.14128,0.18156,0.75000,0.06250,0.09161,0.17841,0.13429,1.00000,0.45308,0.80453,0.71017
combined,0.25,combined_hard_shift,contrastive_action_flow,2,32,0.89752,0.89326,0.90692,0.70521,0.07275,0.13776,0.96875,0.09375,0.09084,0.17938,0.11757,1.00000,0.44107,0.80915,0.86808
combined,0.25,combined_hard_shift,contrastive_action_flow,3,32,0.88265,0.85150,0.93033,0.81979,0.11893,0.18033,0.81250,0.12500,0.09198,0.18031,0.12825,1.00000,0.45567,0.81267,0.73740
combined,0.25,combined_hard_shift,contrastive_action_flow,4,32,0.87589,0.85305,0.91357,0.74167,0.12616,0.17733,0.75000,0.09375,0.09279,0.17660,0.13095,1.00000,0.44641,0.80191,0.70184
combined,0.25,combined_hard_shift,contrastive_action_flow,5,32,0.87876,0.84139,0.93315,0.79844,0.13199,0.19024,0.75000,0.03125,0.09095,0.18460,0.13205,1.00000,0.45753,0.81150,0.72448
combined,0.25,combined_hard_shift,contrastive_action_flow,6,32,0.88925,0.87528,0.91395,0.79479,0.09255,0.15379,0.81250,0.03125,0.09113,0.17312,0.12184,1.00000,0.44396,0.80812,0.77642
combined,0.25,combined_hard_shift,contrastive_action_flow,7,32,0.86475,0.82076,0.92977,0.81719,0.14508,0.18774,0.78125,0.06250,0.09419,0.18175,0.13486,1.00000,0.44698,0.80225,0.73033
combined,0.25,combined_hard_shift,contrastive_action_flow,8,32,0.85215,0.79631,0.93255,0.81094,0.16364,0.21730,0.71875,0.06250,0.09177,0.18267,0.14028,1.00000,0.45437,0.80274,0.68062
combined,0.25,combined_hard_shift,contrastive_action_flow,9,32,0.88526,0.85346,0.93281,0.85521,0.11714,0.17413,0.81250,0.00000,0.08825,0.17494,0.12726,1.00000,0.46068,0.81631,0.78385
combined,0.25,combined_hard_shift,learned_correlation_classifier,0,32,0.85996,0.78966,0.95826,0.90625,0.18757,0.24075,0.78125,0.03125,0.09891,0.19769,0.15121,1.00000,0.45000,0.80188,0.73249
combined,0.25,combined_hard_shift,learned_correlation_classifier,1,32,0.84399,0.77046,0.94571,0.90885,0.19967,0.24691,0.68750,0.09375,0.10010,0.20024,0.15517,1.00000,0.44788,0.79485,0.63915
combined,0.25,combined_hard_shift,learned_correlation_classifier,2,32,0.87089,0.80712,0.95179,0.91042,0.14800,0.23429,0.71875,0.12500,0.09946,0.20299,0.14166,1.00000,0.44103,0.80424,0.66216
combined,0.25,combined_hard_shift,learned_correlation_classifier,3,32,0.85690,0.78528,0.95595,0.93802,0.18244,0.25499,0.68750,0.18750,0.10031,0.20217,0.15011,1.00000,0.45125,0.80306,0.61003
combined,0.25,combined_hard_shift,learned_correlation_classifier,4,32,0.85652,0.78638,0.94949,0.89219,0.18867,0.24011,0.84375,0.09375,0.10066,0.19886,0.15233,1.00000,0.44508,0.79680,0.75249
combined,0.25,combined_hard_shift,learned_correlation_classifier,5,32,0.85701,0.78181,0.96040,0.90104,0.18748,0.25011,0.68750,0.09375,0.09947,0.20587,0.15184,1.00000,0.45269,0.80385,0.64358
combined,0.25,combined_hard_shift,learned_correlation_classifier,6,32,0.85732,0.79467,0.94316,0.89375,0.16363,0.23332,0.78125,0.06250,0.10013,0.19756,0.14566,1.00000,0.44114,0.79861,0.72374
combined,0.25,combined_hard_shift,learned_correlation_classifier,7,32,0.83471,0.74766,0.95788,0.90885,0.21631,0.25955,0.81250,0.06250,0.10307,0.20401,0.15900,1.00000,0.44251,0.79156,0.73326
combined,0.25,combined_hard_shift,learned_correlation_classifier,8,32,0.82987,0.73716,0.95881,0.90104,0.22134,0.28896,0.78125,0.03125,0.09973,0.20299,0.16085,1.00000,0.44861,0.79387,0.71977
combined,0.25,combined_hard_shift,learned_correlation_classifier,9,32,0.86246,0.79524,0.95512,0.93437,0.17060,0.23584,0.87500,0.15625,0.09692,0.19731,0.14667,1.00000,0.45479,0.80729,0.75650
combined,0.25,combined_hard_shift,oracle_causal_mask,0,32,1.00000,1.00000,1.00000,1.00000,0.00000,0.00000,1.00000,0.03125,0.00001,0.00173,0.01734,1.00000,0.99400,1.00000,0.96875
combined,0.25,combined_hard_shift,oracle_causal_mask,1,32,1.00000,1.00000,1.00000,1.00000,0.00000,0.00000,1.00000,0.03125,0.00001,0.00174,0.01735,1.00000,0.99400,1.00000,0.96875
combined,0.25,combined_hard_shift,oracle_causal_mask,2,32,1.00000,1.00000,1.00000,1.00000,0.00000,0.00000,0.96875,0.03125,0.00001,0.00179,0.01733,1.00000,0.99400,1.00000,0.94687
combined,0.25,combined_hard_shift,oracle_causal_mask,3,32,1.00000,1.00000,1.00000,1.00000,0.00000,0.00000,1.00000,0.00000,0.00001,0.00173,0.01721,1.00000,0.99400,1.00000,0.98000
combined,0.25,combined_hard_shift,oracle_causal_mask,4,32,1.00000,1.00000,1.00000,1.00000,0.00000,0.00000,0.93750,0.00000,0.00001,0.00171,0.01741,1.00000,0.99400,1.00000,0.93625
combined,0.25,combined_hard_shift,oracle_causal_mask,5,32,1.00000,1.00000,1.00000,1.00000,0.00000,0.00000,0.96875,0.00000,0.00001,0.00179,0.01730,1.00000,0.99400,1.00000,0.95813
combined,0.25,combined_hard_shift,oracle_causal_mask,6,32,1.00000,1.00000,1.00000,1.00000,0.00000,0.00000,0.96875,0.00000,0.00001,0.00173,0.01736,1.00000,0.99400,1.00000,0.95813
combined,0.25,combined_hard_shift,oracle_causal_mask,7,32,1.00000,1.00000,1.00000,1.00000,0.00000,0.00000,0.96875,0.00000,0.00001,0.00173,0.01711,1.00000,0.99400,1.00000,0.95813
combined,0.25,combined_hard_shift,oracle_causal_mask,8,32,1.00000,1.00000,1.00000,1.00000,0.00000,0.00000,0.96875,0.00000,0.00001,0.00179,0.01742,1.00000,0.99400,1.00000,0.95813
combined,0.25,combined_hard_shift,oracle_causal_mask,9,32,1.00000,1.00000,1.00000,1.00000,0.00000,0.00000,0.96875,0.03125,0.00001,0.00175,0.01735,1.00000,0.99400,1.00000,0.94687
combined,0.25,combined_hard_shift,world_model_flow_predictor,0,32,0.86343,0.80017,0.95840,0.88958,0.18480,0.28002,0.71875,0.06250,0.08283,0.17191,0.16463,1.00000,0.51493,0.83629,0.68015
combined,0.25,combined_hard_shift,world_model_flow_predictor,1,32,0.86014,0.79228,0.95744,0.93177,0.18116,0.27370,0.84375,0.06250,0.08499,0.17641,0.16445,1.00000,0.51095,0.83477,0.76776
combined,0.25,combined_hard_shift,world_model_flow_predictor,2,32,0.88558,0.85190,0.93267,0.81354,0.11311,0.27506,0.78125,0.12500,0.08023,0.16661,0.14712,1.00000,0.49217,0.83354,0.71352
combined,0.25,combined_hard_shift,world_model_flow_predictor,3,32,0.84970,0.78906,0.94413,0.87552,0.19006,0.29374,0.68750,0.09375,0.08606,0.17629,0.16664,1.00000,0.50806,0.82785,0.64236
combined,0.25,combined_hard_shift,world_model_flow_predictor,4,32,0.85518,0.79366,0.94426,0.83698,0.18653,0.29554,0.62500,0.06250,0.08544,0.17060,0.16581,1.00000,0.49753,0.82319,0.61050
combined,0.25,combined_hard_shift,world_model_flow_predictor,5,32,0.85586,0.78895,0.95409,0.86042,0.18525,0.29167,0.84375,0.18750,0.08420,0.18068,0.16573,1.00000,0.51243,0.83377,0.72038
combined,0.25,combined_hard_shift,world_model_flow_predictor,6,32,0.87561,0.82975,0.94247,0.86979,0.13380,0.29378,0.81250,0.15625,0.08125,0.16203,0.15163,1.00000,0.49725,0.83418,0.71902
combined,0.25,combined_hard_shift,world_model_flow_predictor,7,32,0.83633,0.75645,0.95032,0.86875,0.20574,0.29691,0.81250,0.18750,0.08764,0.17902,0.17037,1.00000,0.50072,0.82219,0.69122
combined,0.25,combined_hard_shift,world_model_flow_predictor,8,32,0.82968,0.74086,0.96194,0.91146,0.22540,0.30052,0.71875,0.18750,0.08788,0.18689,0.17663,1.00000,0.51615,0.82892,0.62276
combined,0.25,combined_hard_shift,world_model_flow_predictor,9,32,0.86344,0.79969,0.95557,0.91771,0.17048,0.25870,0.87500,0.03125,0.08153,0.17328,0.16125,1.00000,0.52049,0.84160,0.80441
combined,0.50,combined_hard_shift,action_direction_projection,0,32,0.56906,0.42969,0.89144,0.70817,0.52538,0.44492,0.56250,0.18750,0.20220,0.30970,0.27556,1.00000,0.35250,0.65949,0.40670
combined,0.50,combined_hard_shift,action_direction_projection,1,32,0.55486,0.40773,0.90701,0.72065,0.52676,0.47233,0.37500,0.09375,0.21473,0.32749,0.27924,1.00000,0.32892,0.65097,0.30409
combined,0.50,combined_hard_shift,action_direction_projection,2,32,0.60333,0.47107,0.89539,0.71482,0.45084,0.41766,0.65625,0.09375,0.19540,0.29716,0.25422,1.00000,0.36261,0.68217,0.52486
combined,0.50,combined_hard_shift,action_direction_projection,3,32,0.55459,0.41863,0.89188,0.73592,0.60252,0.45166,0.53125,0.21875,0.22054,0.32624,0.29890,1.00000,0.32468,0.62817,0.35784
combined,0.50,combined_hard_shift,action_direction_projection,4,32,0.58317,0.44441,0.90729,0.74479,0.56901,0.41432,0.43750,0.28125,0.21615,0.31737,0.28869,1.00000,0.33385,0.64432,0.28249
combined,0.50,combined_hard_shift,action_direction_projection,5,32,0.60009,0.46655,0.89721,0.76114,0.43339,0.46234,0.50000,0.18750,0.19067,0.28983,0.24788,1.00000,0.36727,0.68891,0.38144
combined,0.50,combined_hard_shift,action_direction_projection,6,32,0.59494,0.45453,0.90054,0.73950,0.50759,0.46632,0.50000,0.28125,0.19623,0.30346,0.27035,1.00000,0.35160,0.66530,0.33489
combined,0.50,combined_hard_shift,action_direction_projection,7,32,0.57259,0.43831,0.89028,0.69192,0.56476,0.40152,0.46875,0.31250,0.22186,0.32002,0.28882,1.00000,0.32218,0.63476,0.29155
combined,0.50,combined_hard_shift,action_direction_projection,8,32,0.54038,0.40327,0.89963,0.72698,0.63722,0.44508,0.56250,0.18750,0.22933,0.33805,0.30974,1.00000,0.32632,0.62340,0.38435
combined,0.50,combined_hard_shift,action_direction_projection,9,32,0.58383,0.44536,0.90098,0.71405,0.44204,0.44513,0.50000,0.15625,0.20099,0.30967,0.25444,1.00000,0.34497,0.67639,0.38858
combined,0.50,combined_hard_shift,calibrated_tree_flow_proxy,0,32,0.76115,0.65800,0.91476,0.89308,0.28051,0.36272,0.68750,0.12500,0.10976,0.19693,0.21795,1.00000,0.40714,0.74784,0.59235
combined,0.50,combined_hard_shift,calibrated_tree_flow_proxy,1,32,0.79286,0.70287,0.93207,0.90620,0.24500,0.32773,0.62500,0.15625,0.10846,0.19413,0.20909,1.00000,0.40918,0.76121,0.55039
combined,0.50,combined_hard_shift,calibrated_tree_flow_proxy,2,32,0.80626,0.73228,0.91957,0.86223,0.21883,0.32736,0.78125,0.09375,0.10721,0.19197,0.20201,1.00000,0.41008,0.76419,0.68793
combined,0.50,combined_hard_shift,calibrated_tree_flow_proxy,3,32,0.77279,0.67363,0.91641,0.91009,0.27210,0.33677,0.62500,0.12500,0.11258,0.19305,0.21547,1.00000,0.39955,0.74617,0.55283
combined,0.50,combined_hard_shift,calibrated_tree_flow_proxy,4,32,0.79271,0.70726,0.91753,0.89162,0.24812,0.32281,0.68750,0.15625,0.11093,0.19091,0.20952,1.00000,0.39813,0.75100,0.59281
combined,0.50,combined_hard_shift,calibrated_tree_flow_proxy,5,32,0.80910,0.72631,0.93248,0.90217,0.23387,0.36213,0.65625,0.12500,0.10680,0.19104,0.20469,1.00000,0.41577,0.76720,0.58610
combined,0.50,combined_hard_shift,calibrated_tree_flow_proxy,6,32,0.80123,0.72125,0.91920,0.85648,0.23136,0.32863,0.87500,0.09375,0.10844,0.18898,0.20573,1.00000,0.41039,0.76149,0.75085
combined,0.50,combined_hard_shift,calibrated_tree_flow_proxy,7,32,0.78035,0.68708,0.92130,0.90668,0.26896,0.31668,0.59375,0.09375,0.11278,0.19322,0.21480,1.00000,0.39596,0.74627,0.54501
combined,0.50,combined_hard_shift,calibrated_tree_flow_proxy,8,32,0.80200,0.73042,0.91243,0.88976,0.22183,0.31384,0.78125,0.18750,0.11142,0.19869,0.20362,1.00000,0.39700,0.75487,0.65283
combined,0.50,combined_hard_shift,calibrated_tree_flow_proxy,9,32,0.79327,0.70488,0.91895,0.91079,0.24155,0.36471,0.62500,0.03125,0.10817,0.19208,0.20864,1.00000,0.40193,0.75479,0.59288
combined,0.50,combined_hard_shift,causal_scene_flow_model_v5,0,32,0.75366,0.64073,0.93137,0.93708,0.30255,0.53010,0.68750,0.15625,0.10388,0.19045,0.21369,1.00000,0.50901,0.80028,0.57351
combined,0.50,combined_hard_shift,causal_scene_flow_model_v5,1,32,0.78617,0.69890,0.92746,0.91606,0.24888,0.49506,0.50000,0.03125,0.09627,0.17739,0.19995,1.00000,0.51521,0.81430,0.50268
combined,0.50,combined_hard_shift,causal_scene_flow_model_v5,2,32,0.80472,0.73228,0.92636,0.90061,0.21450,0.42627,0.68750,0.12500,0.09786,0.18285,0.19197,1.00000,0.51304,0.82045,0.61214
combined,0.50,combined_hard_shift,causal_scene_flow_model_v5,3,32,0.77125,0.67052,0.92705,0.92466,0.27175,0.52869,0.56250,0.03125,0.10102,0.17637,0.20463,1.00000,0.50004,0.80127,0.53772
combined,0.50,combined_hard_shift,causal_scene_flow_model_v5,4,32,0.78349,0.69984,0.91644,0.90445,0.25575,0.51219,0.68750,0.03125,0.10009,0.17639,0.20143,1.00000,0.49336,0.79855,0.62976
combined,0.50,combined_hard_shift,causal_scene_flow_model_v5,5,32,0.78822,0.69709,0.93760,0.91437,0.25859,0.47701,0.65625,0.06250,0.10062,0.18868,0.20237,1.00000,0.52457,0.81966,0.60170
combined,0.50,combined_hard_shift,causal_scene_flow_model_v5,6,32,0.79461,0.70488,0.93062,0.89195,0.24374,0.47337,0.59375,0.12500,0.09917,0.18163,0.19952,1.00000,0.51089,0.81400,0.53779
combined,0.50,combined_hard_shift,causal_scene_flow_model_v5,7,32,0.78823,0.70659,0.92135,0.89423,0.24980,0.45684,0.56250,0.09375,0.10196,0.17854,0.20014,1.00000,0.49691,0.80299,0.52509
combined,0.50,combined_hard_shift,causal_scene_flow_model_v5,8,32,0.80858,0.74907,0.90465,0.88345,0.19819,0.48625,0.81250,0.00000,0.09580,0.17454,0.18722,1.00000,0.49079,0.80682,0.74198
combined,0.50,combined_hard_shift,causal_scene_flow_model_v5,9,32,0.76937,0.67684,0.91079,0.89969,0.26044,0.52311,0.59375,0.09375,0.10020,0.18205,0.20418,1.00000,0.49862,0.79879,0.53819
combined,0.50,combined_hard_shift,contrastive_action_flow,0,32,0.76226,0.70438,0.85229,0.77409,0.22225,0.27114,0.71875,0.12500,0.11043,0.18539,0.17127,1.00000,0.37962,0.73010,0.62476
combined,0.50,combined_hard_shift,contrastive_action_flow,1,32,0.78614,0.74808,0.85356,0.72810,0.18906,0.23508,0.71875,0.12500,0.11016,0.18298,0.16346,1.00000,0.37840,0.73710,0.63557
combined,0.50,combined_hard_shift,contrastive_action_flow,2,32,0.80289,0.77180,0.85889,0.72516,0.17030,0.23717,0.87500,0.12500,0.10830,0.17997,0.15746,1.00000,0.38255,0.74477,0.75067
combined,0.50,combined_hard_shift,contrastive_action_flow,3,32,0.75680,0.70666,0.83593,0.69978,0.22785,0.24704,0.62500,0.15625,0.11428,0.18158,0.17292,1.00000,0.36959,0.71940,0.54650
combined,0.50,combined_hard_shift,contrastive_action_flow,4,32,0.77296,0.73336,0.83616,0.70604,0.20675,0.23574,0.71875,0.12500,0.11339,0.17974,0.16773,1.00000,0.36709,0.72281,0.62958
combined,0.50,combined_hard_shift,contrastive_action_flow,5,32,0.81047,0.77816,0.86340,0.76669,0.17206,0.26624,0.71875,0.03125,0.10756,0.17851,0.15702,1.00000,0.38792,0.74835,0.67473
combined,0.50,combined_hard_shift,contrastive_action_flow,6,32,0.79560,0.76984,0.84338,0.68375,0.17587,0.22998,0.71875,0.06250,0.10995,0.17721,0.16001,1.00000,0.38188,0.73917,0.66172
combined,0.50,combined_hard_shift,contrastive_action_flow,7,32,0.77750,0.72688,0.85872,0.76514,0.21714,0.22670,0.71875,0.09375,0.11516,0.18218,0.16990,1.00000,0.36388,0.72471,0.64108
combined,0.50,combined_hard_shift,contrastive_action_flow,8,32,0.78493,0.77104,0.82778,0.69479,0.17616,0.22571,0.71875,0.06250,0.11344,0.18853,0.16081,1.00000,0.36805,0.72786,0.65887
combined,0.50,combined_hard_shift,contrastive_action_flow,9,32,0.78885,0.74937,0.84711,0.72029,0.18649,0.27236,0.71875,0.00000,0.10977,0.18063,0.16298,1.00000,0.37230,0.73282,0.67856
combined,0.50,combined_hard_shift,learned_correlation_classifier,0,32,0.75002,0.64713,0.90451,0.87894,0.29021,0.34245,0.56250,0.09375,0.11929,0.21064,0.19559,1.00000,0.38038,0.72913,0.51213
combined,0.50,combined_hard_shift,learned_correlation_classifier,1,32,0.78425,0.69347,0.92518,0.89231,0.25514,0.32153,0.71875,0.09375,0.11983,0.21003,0.18655,1.00000,0.37922,0.74161,0.63394
combined,0.50,combined_hard_shift,learned_correlation_classifier,2,32,0.79136,0.71623,0.90986,0.83823,0.23651,0.30800,0.65625,0.15625,0.11763,0.20590,0.18093,1.00000,0.38200,0.74317,0.57206
combined,0.50,combined_hard_shift,learned_correlation_classifier,3,32,0.75610,0.66012,0.90105,0.88207,0.29061,0.31527,0.53125,0.18750,0.12349,0.20859,0.19578,1.00000,0.37194,0.72375,0.45841
combined,0.50,combined_hard_shift,learned_correlation_classifier,4,32,0.76953,0.68202,0.90527,0.86173,0.28217,0.30383,0.65625,0.12500,0.12219,0.20672,0.19349,1.00000,0.37106,0.72624,0.57256
combined,0.50,combined_hard_shift,learned_correlation_classifier,5,32,0.79904,0.71915,0.91812,0.86652,0.23897,0.34388,0.68750,0.21875,0.11667,0.20406,0.18049,1.00000,0.38576,0.74673,0.57065
combined,0.50,combined_hard_shift,learned_correlation_classifier,6,32,0.79117,0.71559,0.90217,0.84451,0.23702,0.31005,0.62500,0.06250,0.11788,0.20209,0.18176,1.00000,0.38405,0.74213,0.58360
combined,0.50,combined_hard_shift,learned_correlation_classifier,7,32,0.75313,0.65554,0.90681,0.87940,0.30869,0.30030,0.75000,0.06250,0.12480,0.20957,0.20073,1.00000,0.36613,0.71825,0.65413
combined,0.50,combined_hard_shift,learned_correlation_classifier,8,32,0.76813,0.68590,0.89979,0.86272,0.26768,0.30097,0.59375,0.12500,0.12345,0.21636,0.19060,1.00000,0.37193,0.72846,0.53076
combined,0.50,combined_hard_shift,learned_correlation_classifier,9,32,0.78902,0.70241,0.91525,0.89740,0.24754,0.34496,0.75000,0.18750,0.11764,0.20615,0.18455,1.00000,0.37667,0.73937,0.62207
combined,0.50,combined_hard_shift,oracle_causal_mask,0,32,1.00000,1.00000,1.00000,1.00000,0.00000,0.00000,1.00000,0.06250,0.00001,0.00181,0.01988,1.00000,0.99400,1.00000,0.95750
combined,0.50,combined_hard_shift,oracle_causal_mask,1,32,1.00000,1.00000,1.00000,1.00000,0.00000,0.00000,1.00000,0.03125,0.00001,0.00178,0.02013,1.00000,0.99400,1.00000,0.96875
combined,0.50,combined_hard_shift,oracle_causal_mask,2,32,1.00000,1.00000,1.00000,1.00000,0.00000,0.00000,0.96875,0.03125,0.00001,0.00176,0.01993,1.00000,0.99400,1.00000,0.94687
combined,0.50,combined_hard_shift,oracle_causal_mask,3,32,1.00000,1.00000,1.00000,1.00000,0.00000,0.00000,1.00000,0.00000,0.00001,0.00174,0.01981,1.00000,0.99400,1.00000,0.98000
combined,0.50,combined_hard_shift,oracle_causal_mask,4,32,1.00000,1.00000,1.00000,1.00000,0.00000,0.00000,0.93750,0.00000,0.00001,0.00174,0.01992,1.00000,0.99400,1.00000,0.93625
combined,0.50,combined_hard_shift,oracle_causal_mask,5,32,1.00000,1.00000,1.00000,1.00000,0.00000,0.00000,0.96875,0.03125,0.00001,0.00175,0.01977,1.00000,0.99400,1.00000,0.94688
combined,0.50,combined_hard_shift,oracle_causal_mask,6,32,1.00000,1.00000,1.00000,1.00000,0.00000,0.00000,0.96875,0.00000,0.00001,0.00171,0.02017,1.00000,0.99400,1.00000,0.95813
combined,0.50,combined_hard_shift,oracle_causal_mask,7,32,1.00000,1.00000,1.00000,1.00000,0.00000,0.00000,0.96875,0.00000,0.00001,0.00175,0.01987,1.00000,0.99400,1.00000,0.95813
combined,0.50,combined_hard_shift,oracle_causal_mask,8,32,1.00000,1.00000,1.00000,1.00000,0.00000,0.00000,0.96875,0.00000,0.00001,0.00179,0.01980,1.00000,0.99400,1.00000,0.95813
combined,0.50,combined_hard_shift,oracle_causal_mask,9,32,1.00000,1.00000,1.00000,1.00000,0.00000,0.00000,0.96875,0.03125,0.00001,0.00177,0.02020,1.00000,0.99400,1.00000,0.94687
combined,0.50,combined_hard_shift,world_model_flow_predictor,0,32,0.76646,0.67891,0.90241,0.87334,0.25645,0.48038,0.68750,0.09375,0.10740,0.18859,0.19925,1.00000,0.43284,0.76328,0.60213
combined,0.50,combined_hard_shift,world_model_flow_predictor,1,32,0.79988,0.74298,0.90025,0.85213,0.20526,0.44742,0.81250,0.09375,0.10160,0.17589,0.18586,1.00000,0.43443,0.77481,0.70448
combined,0.50,combined_hard_shift,world_model_flow_predictor,2,32,0.82097,0.77776,0.90324,0.82744,0.17673,0.38164,0.68750,0.18750,0.10324,0.18099,0.17888,1.00000,0.43585,0.78260,0.59491
combined,0.50,combined_hard_shift,world_model_flow_predictor,3,32,0.77186,0.70927,0.87575,0.79471,0.23077,0.46989,0.62500,0.12500,0.10567,0.17384,0.19186,1.00000,0.42289,0.75683,0.55093
combined,0.50,combined_hard_shift,world_model_flow_predictor,4,32,0.78520,0.73294,0.87484,0.81089,0.21843,0.46769,0.59375,0.06250,0.10563,0.17394,0.18927,1.00000,0.41604,0.75575,0.55517
combined,0.50,combined_hard_shift,world_model_flow_predictor,5,32,0.80004,0.73119,0.91452,0.86094,0.22041,0.43432,0.71875,0.15625,0.10491,0.18647,0.18936,1.00000,0.44738,0.78192,0.61620
combined,0.50,combined_hard_shift,world_model_flow_predictor,6,32,0.80244,0.74199,0.89518,0.81587,0.20402,0.42952,0.71875,0.18750,0.10381,0.17804,0.18628,1.00000,0.43520,0.77417,0.60666
combined,0.50,combined_hard_shift,world_model_flow_predictor,7,32,0.79201,0.74093,0.88982,0.79900,0.21910,0.41734,0.71875,0.18750,0.10688,0.17670,0.18925,1.00000,0.41954,0.76131,0.60237
combined,0.50,combined_hard_shift,world_model_flow_predictor,8,32,0.81170,0.80237,0.85424,0.73713,0.15206,0.40885,0.68750,0.15625,0.10259,0.17382,0.17303,1.00000,0.41370,0.76378,0.60375
combined,0.50,combined_hard_shift,world_model_flow_predictor,9,32,0.79482,0.74128,0.88167,0.82059,0.19744,0.45237,0.71875,0.03125,0.10503,0.17909,0.18539,1.00000,0.42215,0.76531,0.66005
combined,0.75,combined_hard_shift,action_direction_projection,0,32,0.54241,0.41697,0.83740,0.69804,0.53673,0.48973,0.53125,0.21875,0.22801,0.29835,0.29743,1.00000,0.28136,0.60595,0.35883
combined,0.75,combined_hard_shift,action_direction_projection,1,32,0.52765,0.40804,0.81827,0.66479,0.54592,0.47545,0.31250,0.15625,0.23780,0.29972,0.30076,1.00000,0.27419,0.59523,0.22431
combined,0.75,combined_hard_shift,action_direction_projection,2,32,0.51338,0.38240,0.82938,0.63477,0.51220,0.43057,0.37500,0.12500,0.24535,0.31544,0.29417,1.00000,0.27362,0.60524,0.28497
combined,0.75,combined_hard_shift,action_direction_projection,3,32,0.53551,0.41230,0.81928,0.66403,0.47115,0.46400,0.43750,0.21875,0.21751,0.28475,0.27836,1.00000,0.30133,0.62605,0.30393
combined,0.75,combined_hard_shift,action_direction_projection,4,32,0.51180,0.38404,0.82259,0.65383,0.53065,0.45071,0.37500,0.25000,0.24179,0.31801,0.29982,1.00000,0.27085,0.59797,0.23542
combined,0.75,combined_hard_shift,action_direction_projection,5,32,0.51131,0.38183,0.82059,0.64647,0.55786,0.41822,0.31250,0.21875,0.24548,0.30879,0.30583,1.00000,0.26203,0.58688,0.20020
combined,0.75,combined_hard_shift,action_direction_projection,6,32,0.53841,0.42080,0.81294,0.66015,0.50371,0.43379,0.46875,0.28125,0.22435,0.28616,0.28722,1.00000,0.29142,0.61209,0.30000
combined,0.75,combined_hard_shift,action_direction_projection,7,32,0.52215,0.39020,0.82659,0.65458,0.45219,0.48626,0.46875,0.31250,0.22446,0.29095,0.27422,1.00000,0.28727,0.62481,0.29071
combined,0.75,combined_hard_shift,action_direction_projection,8,32,0.54017,0.41804,0.82416,0.65808,0.53403,0.39859,0.53125,0.21875,0.23791,0.29595,0.29719,1.00000,0.27487,0.59973,0.36352
combined,0.75,combined_hard_shift,action_direction_projection,9,32,0.52716,0.40697,0.81898,0.64407,0.48802,0.49308,0.43750,0.15625,0.22589,0.29646,0.28490,1.00000,0.29448,0.61870,0.32044
combined,0.75,combined_hard_shift,calibrated_tree_flow_proxy,0,32,0.77123,0.69692,0.88108,0.86616,0.25467,0.39229,0.68750,0.15625,0.11999,0.18668,0.22750,1.00000,0.36451,0.72260,0.58101
combined,0.75,combined_hard_shift,calibrated_tree_flow_proxy,1,32,0.75264,0.67847,0.86488,0.83965,0.28705,0.36918,0.59375,0.18750,0.12283,0.19139,0.23589,1.00000,0.35980,0.70882,0.49701
combined,0.75,combined_hard_shift,calibrated_tree_flow_proxy,2,32,0.72495,0.62283,0.88466,0.81309,0.32415,0.35933,0.65625,0.12500,0.12957,0.20285,0.24653,1.00000,0.35837,0.70505,0.55452
combined,0.75,combined_hard_shift,calibrated_tree_flow_proxy,3,32,0.75342,0.67424,0.88027,0.86197,0.27380,0.37260,0.56250,0.09375,0.12219,0.19526,0.23316,1.00000,0.36876,0.72039,0.51178
combined,0.75,combined_hard_shift,calibrated_tree_flow_proxy,4,32,0.71875,0.62434,0.87427,0.83139,0.32562,0.39355,0.56250,0.18750,0.12681,0.20473,0.24782,1.00000,0.35659,0.70110,0.46269
combined,0.75,combined_hard_shift,calibrated_tree_flow_proxy,5,32,0.73596,0.63942,0.88521,0.84303,0.31730,0.33325,0.56250,0.18750,0.12810,0.19962,0.24447,1.00000,0.35229,0.70354,0.47036
combined,0.75,combined_hard_shift,calibrated_tree_flow_proxy,6,32,0.74079,0.64986,0.88402,0.86609,0.30299,0.37959,0.81250,0.12500,0.12368,0.19435,0.23963,1.00000,0.36724,0.71415,0.66884
combined,0.75,combined_hard_shift,calibrated_tree_flow_proxy,7,32,0.73656,0.64294,0.87544,0.83386,0.29840,0.45009,0.53125,0.06250,0.12504,0.19880,0.23974,1.00000,0.35841,0.70834,0.48941
combined,0.75,combined_hard_shift,calibrated_tree_flow_proxy,8,32,0.72209,0.62257,0.87397,0.84510,0.34402,0.37398,0.62500,0.18750,0.12916,0.19692,0.25095,1.00000,0.35608,0.69671,0.50542
combined,0.75,combined_hard_shift,calibrated_tree_flow_proxy,9,32,0.74534,0.64814,0.89027,0.86400,0.28703,0.41645,0.50000,0.03125,0.12144,0.19564,0.23621,1.00000,0.37036,0.72091,0.48508
combined,0.75,combined_hard_shift,causal_scene_flow_model_v5,0,32,0.76229,0.67577,0.89578,0.89194,0.25594,0.67234,0.65625,0.15625,0.11189,0.17692,0.21989,1.00000,0.46119,0.77641,0.54721
combined,0.75,combined_hard_shift,causal_scene_flow_model_v5,1,32,0.74222,0.65235,0.88065,0.87249,0.28813,0.60822,0.40625,0.03125,0.11392,0.18121,0.22763,1.00000,0.45574,0.76257,0.41232
combined,0.75,combined_hard_shift,causal_scene_flow_model_v5,2,32,0.71861,0.61415,0.89005,0.82202,0.31370,0.63466,0.59375,0.12500,0.12610,0.19667,0.23641,1.00000,0.44732,0.75501,0.50048
combined,0.75,combined_hard_shift,causal_scene_flow_model_v5,3,32,0.73177,0.62666,0.91258,0.91557,0.29996,0.56902,0.43750,0.03125,0.12267,0.19983,0.23301,1.00000,0.46651,0.77386,0.43481
combined,0.75,combined_hard_shift,causal_scene_flow_model_v5,4,32,0.72471,0.62576,0.88518,0.87057,0.29927,0.63423,0.62500,0.03125,0.11829,0.19495,0.23290,1.00000,0.44883,0.75770,0.55916
combined,0.75,combined_hard_shift,causal_scene_flow_model_v5,5,32,0.72510,0.63279,0.89044,0.87426,0.29341,0.59086,0.56250,0.03125,0.12694,0.19536,0.23170,1.00000,0.44280,0.75722,0.51872
combined,0.75,combined_hard_shift,causal_scene_flow_model_v5,6,32,0.72175,0.61949,0.89500,0.88790,0.31034,0.62021,0.43750,0.09375,0.12456,0.19794,0.23520,1.00000,0.47122,0.76946,0.40586
combined,0.75,combined_hard_shift,causal_scene_flow_model_v5,7,32,0.70493,0.58815,0.89255,0.87491,0.33833,0.63852,0.56250,0.12500,0.12455,0.20139,0.24259,1.00000,0.44777,0.75047,0.47268
combined,0.75,combined_hard_shift,causal_scene_flow_model_v5,8,32,0.71894,0.61194,0.88984,0.86327,0.31955,0.59331,0.62500,0.03125,0.12899,0.19819,0.23806,1.00000,0.45262,0.75642,0.55810
combined,0.75,combined_hard_shift,causal_scene_flow_model_v5,9,32,0.73616,0.63212,0.89974,0.87070,0.28972,0.63256,0.59375,0.15625,0.11721,0.19452,0.22996,1.00000,0.46797,0.77354,0.49726
combined,0.75,combined_hard_shift,contrastive_action_flow,0,32,0.73626,0.72406,0.76960,0.67091,0.20999,0.31349,0.78125,0.15625,0.12271,0.17015,0.18556,1.00000,0.32827,0.68460,0.64657
combined,0.75,combined_hard_shift,contrastive_action_flow,1,32,0.72159,0.70815,0.76192,0.65197,0.24862,0.27352,0.59375,0.15625,0.12630,0.17537,0.19553,1.00000,0.32197,0.67083,0.50908
combined,0.75,combined_hard_shift,contrastive_action_flow,2,32,0.67798,0.61404,0.77978,0.64205,0.31059,0.31061,0.59375,0.21875,0.13238,0.18768,0.21261,1.00000,0.32349,0.66263,0.46896
combined,0.75,combined_hard_shift,contrastive_action_flow,3,32,0.73454,0.70349,0.79708,0.69787,0.23383,0.28637,0.68750,0.18750,0.12415,0.17857,0.19152,1.00000,0.33332,0.68912,0.56873
combined,0.75,combined_hard_shift,contrastive_action_flow,4,32,0.69205,0.64948,0.77961,0.67765,0.28668,0.32270,0.53125,0.15625,0.12947,0.18963,0.20724,1.00000,0.32067,0.66638,0.45255
combined,0.75,combined_hard_shift,contrastive_action_flow,5,32,0.68529,0.62813,0.77271,0.65029,0.30010,0.31241,0.62500,0.06250,0.13204,0.18426,0.20993,1.00000,0.31295,0.65762,0.54880
combined,0.75,combined_hard_shift,contrastive_action_flow,6,32,0.70283,0.66001,0.77700,0.67704,0.27342,0.31351,0.53125,0.06250,0.12603,0.17769,0.20148,1.00000,0.33080,0.67389,0.49107
combined,0.75,combined_hard_shift,contrastive_action_flow,7,32,0.70875,0.68089,0.76471,0.63836,0.25245,0.34147,0.62500,0.15625,0.12705,0.18181,0.19752,1.00000,0.32204,0.67075,0.52436
combined,0.75,combined_hard_shift,contrastive_action_flow,8,32,0.68668,0.62990,0.77707,0.65058,0.31721,0.31408,0.62500,0.21875,0.13201,0.18083,0.21347,1.00000,0.31977,0.65853,0.49073
combined,0.75,combined_hard_shift,contrastive_action_flow,9,32,0.71626,0.66747,0.79182,0.69168,0.24877,0.35175,0.65625,0.00000,0.12341,0.17949,0.19556,1.00000,0.33531,0.68551,0.60528
combined,0.75,combined_hard_shift,learned_correlation_classifier,0,32,0.75341,0.68230,0.86233,0.82950,0.27104,0.36364,0.50000,0.12500,0.13136,0.19952,0.20775,1.00000,0.33273,0.69760,0.45491
combined,0.75,combined_hard_shift,learned_correlation_classifier,1,32,0.73325,0.66080,0.84867,0.79948,0.31832,0.35883,0.65625,0.15625,0.13512,0.20446,0.22059,1.00000,0.32703,0.68068,0.54240
combined,0.75,combined_hard_shift,learned_correlation_classifier,2,32,0.69232,0.58901,0.86399,0.77275,0.37549,0.36094,0.50000,0.21875,0.14084,0.21512,0.23687,1.00000,0.32798,0.67258,0.39602
combined,0.75,combined_hard_shift,learned_correlation_classifier,3,32,0.73816,0.66706,0.85342,0.81139,0.27674,0.34601,0.46875,0.25000,0.13214,0.20576,0.21008,1.00000,0.33709,0.69630,0.38582
combined,0.75,combined_hard_shift,learned_correlation_classifier,4,32,0.69375,0.60055,0.85833,0.79806,0.36914,0.38680,0.53125,0.15625,0.13907,0.21764,0.23619,1.00000,0.32523,0.67108,0.43965
combined,0.75,combined_hard_shift,learned_correlation_classifier,5,32,0.70220,0.60411,0.86024,0.80886,0.36718,0.33973,0.62500,0.21875,0.14022,0.21246,0.23461,1.00000,0.31959,0.66907,0.48695
combined,0.75,combined_hard_shift,learned_correlation_classifier,6,32,0.72328,0.63374,0.86744,0.83915,0.32674,0.36490,0.68750,0.12500,0.13472,0.20615,0.22227,1.00000,0.33337,0.68701,0.57331
combined,0.75,combined_hard_shift,learned_correlation_classifier,7,32,0.72304,0.64185,0.85107,0.78781,0.31059,0.41866,0.71875,0.06250,0.13486,0.20847,0.21926,1.00000,0.32814,0.68358,0.61595
combined,0.75,combined_hard_shift,learned_correlation_classifier,8,32,0.69972,0.60741,0.84975,0.80179,0.37590,0.35613,0.59375,0.12500,0.14043,0.20875,0.23662,1.00000,0.32426,0.66685,0.49613
combined,0.75,combined_hard_shift,learned_correlation_classifier,9,32,0.71716,0.62564,0.85981,0.80222,0.31224,0.40698,0.65625,0.18750,0.13270,0.20755,0.21947,1.00000,0.33767,0.69044,0.52759
combined,0.75,combined_hard_shift,oracle_causal_mask,0,32,1.00000,1.00000,1.00000,1.00000,0.00000,0.00000,1.00000,0.06250,0.00001,0.00170,0.02337,1.00000,0.99400,1.00000,0.95750
combined,0.75,combined_hard_shift,oracle_causal_mask,1,32,1.00000,1.00000,1.00000,1.00000,0.00000,0.00000,1.00000,0.03125,0.00001,0.00172,0.02313,1.00000,0.99400,1.00000,0.96875
combined,0.75,combined_hard_shift,oracle_causal_mask,2,32,1.00000,1.00000,1.00000,1.00000,0.00000,0.00000,0.96875,0.03125,0.00001,0.00174,0.02320,1.00000,0.99400,1.00000,0.94687
combined,0.75,combined_hard_shift,oracle_causal_mask,3,32,1.00000,1.00000,1.00000,1.00000,0.00000,0.00000,1.00000,0.00000,0.00001,0.00176,0.02333,1.00000,0.99400,1.00000,0.98000
combined,0.75,combined_hard_shift,oracle_causal_mask,4,32,1.00000,1.00000,1.00000,1.00000,0.00000,0.00000,0.93750,0.00000,0.00001,0.00179,0.02342,1.00000,0.99400,1.00000,0.93625
combined,0.75,combined_hard_shift,oracle_causal_mask,5,32,1.00000,1.00000,1.00000,1.00000,0.00000,0.00000,0.96875,0.03125,0.00001,0.00176,0.02323,1.00000,0.99400,1.00000,0.94688
combined,0.75,combined_hard_shift,oracle_causal_mask,6,32,1.00000,1.00000,1.00000,1.00000,0.00000,0.00000,0.96875,0.00000,0.00001,0.00176,0.02312,1.00000,0.99400,1.00000,0.95813
combined,0.75,combined_hard_shift,oracle_causal_mask,7,32,1.00000,1.00000,1.00000,1.00000,0.00000,0.00000,0.96875,0.00000,0.00001,0.00176,0.02325,1.00000,0.99400,1.00000,0.95813
combined,0.75,combined_hard_shift,oracle_causal_mask,8,32,1.00000,1.00000,1.00000,1.00000,0.00000,0.00000,0.96875,0.00000,0.00001,0.00172,0.02315,1.00000,0.99400,1.00000,0.95813
combined,0.75,combined_hard_shift,oracle_causal_mask,9,32,1.00000,1.00000,1.00000,1.00000,0.00000,0.00000,0.96875,0.03125,0.00001,0.00175,0.02336,1.00000,0.99400,1.00000,0.94687
combined,0.75,combined_hard_shift,world_model_flow_predictor,0,32,0.75681,0.71011,0.83887,0.80058,0.21537,0.63852,0.65625,0.09375,0.11646,0.17321,0.20516,1.00000,0.38714,0.73204,0.57040
combined,0.75,combined_hard_shift,world_model_flow_predictor,1,32,0.74990,0.69525,0.83643,0.79355,0.22968,0.55721,0.81250,0.06250,0.11803,0.17761,0.20847,1.00000,0.38350,0.72636,0.69240
combined,0.75,combined_hard_shift,world_model_flow_predictor,2,32,0.72113,0.64414,0.84713,0.75294,0.27514,0.60992,0.53125,0.18750,0.12644,0.19010,0.22155,1.00000,0.37734,0.71594,0.43606
combined,0.75,combined_hard_shift,world_model_flow_predictor,3,32,0.74130,0.65812,0.88016,0.85965,0.27074,0.53200,0.53125,0.12500,0.12385,0.19520,0.22023,1.00000,0.39577,0.73508,0.46928
combined,0.75,combined_hard_shift,world_model_flow_predictor,4,32,0.73396,0.66415,0.84531,0.80551,0.25070,0.60308,0.50000,0.06250,0.12029,0.18979,0.21573,1.00000,0.37788,0.72112,0.46520
combined,0.75,combined_hard_shift,world_model_flow_predictor,5,32,0.72266,0.66317,0.84279,0.78192,0.25694,0.55283,0.62500,0.18750,0.12882,0.19068,0.21765,1.00000,0.37129,0.71567,0.50750
combined,0.75,combined_hard_shift,world_model_flow_predictor,6,32,0.72230,0.64846,0.85341,0.81276,0.28228,0.59440,0.65625,0.25000,0.12586,0.19475,0.22325,1.00000,0.39865,0.72708,0.50266
combined,0.75,combined_hard_shift,world_model_flow_predictor,7,32,0.72396,0.64005,0.84998,0.79129,0.27913,0.57886,0.65625,0.21875,0.12503,0.19497,0.22293,1.00000,0.37814,0.71622,0.51418
combined,0.75,combined_hard_shift,world_model_flow_predictor,8,32,0.73078,0.65368,0.85619,0.80195,0.28263,0.55905,0.56250,0.25000,0.12954,0.19292,0.22354,1.00000,0.38318,0.71968,0.43958
combined,0.75,combined_hard_shift,world_model_flow_predictor,9,32,0.74690,0.67618,0.85857,0.79808,0.24316,0.57998,0.59375,0.06250,0.11946,0.19016,0.21331,1.00000,0.39539,0.73534,0.53689
combined,1.00,combined_hard_shift,action_direction_projection,0,32,0.45622,0.33905,0.74428,0.61906,0.58676,0.51785,0.31250,0.28125,0.27545,0.30498,0.33451,1.00000,0.19597,0.52633,0.15217
combined,1.00,combined_hard_shift,action_direction_projection,1,32,0.45091,0.33159,0.76153,0.61036,0.58194,0.51778,0.15625,0.15625,0.28723,0.32294,0.33530,1.00000,0.18832,0.52790,0.08772
combined,1.00,combined_hard_shift,action_direction_projection,2,32,0.45388,0.33482,0.74883,0.59934,0.55012,0.55374,0.40625,0.12500,0.26046,0.30375,0.32324,1.00000,0.21484,0.54538,0.27820
combined,1.00,combined_hard_shift,action_direction_projection,3,32,0.46695,0.36051,0.73941,0.59141,0.48532,0.54672,0.31250,0.25000,0.25619,0.29397,0.30488,1.00000,0.22306,0.56147,0.17980
combined,1.00,combined_hard_shift,action_direction_projection,4,32,0.45998,0.34605,0.72933,0.59224,0.47413,0.51326,0.25000,0.25000,0.24774,0.28365,0.30087,1.00000,0.22432,0.56196,0.13834
combined,1.00,combined_hard_shift,action_direction_projection,5,32,0.45724,0.33548,0.77259,0.61140,0.61018,0.49995,0.25000,0.25000,0.29162,0.32027,0.34229,1.00000,0.18809,0.52444,0.11787
combined,1.00,combined_hard_shift,action_direction_projection,6,32,0.48010,0.36003,0.75855,0.62545,0.49841,0.55846,0.40625,0.31250,0.24841,0.28252,0.30573,1.00000,0.23446,0.56949,0.22372
combined,1.00,combined_hard_shift,action_direction_projection,7,32,0.47569,0.36190,0.75409,0.60538,0.53385,0.55523,0.46875,0.25000,0.26295,0.29664,0.31766,1.00000,0.22553,0.55589,0.28357
combined,1.00,combined_hard_shift,action_direction_projection,8,32,0.45992,0.34629,0.74106,0.60251,0.52319,0.45037,0.46875,0.31250,0.26392,0.29543,0.31546,1.00000,0.21243,0.54804,0.26517
combined,1.00,combined_hard_shift,action_direction_projection,9,32,0.47306,0.36030,0.75695,0.62067,0.55863,0.58741,0.31250,0.18750,0.26107,0.29541,0.32407,1.00000,0.21814,0.54734,0.19034
combined,1.00,combined_hard_shift,calibrated_tree_flow_proxy,0,32,0.68712,0.58425,0.85318,0.82088,0.36561,0.45503,0.53125,0.21875,0.14308,0.20287,0.27440,1.00000,0.31720,0.66634,0.41185
combined,1.00,combined_hard_shift,calibrated_tree_flow_proxy,1,32,0.67282,0.57227,0.84510,0.80527,0.39709,0.50043,0.53125,0.28125,0.14614,0.21122,0.28318,1.00000,0.29912,0.64791,0.37835
combined,1.00,combined_hard_shift,calibrated_tree_flow_proxy,2,32,0.67488,0.57890,0.83257,0.77468,0.34410,0.49792,0.62500,0.18750,0.13808,0.20712,0.26967,1.00000,0.31788,0.66606,0.48674
combined,1.00,combined_hard_shift,calibrated_tree_flow_proxy,3,32,0.70239,0.61969,0.83383,0.78746,0.30438,0.48092,0.56250,0.12500,0.13580,0.20053,0.25858,1.00000,0.32560,0.67914,0.47725
combined,1.00,combined_hard_shift,calibrated_tree_flow_proxy,4,32,0.69591,0.60628,0.84174,0.81072,0.32320,0.50076,0.53125,0.15625,0.13810,0.20352,0.26396,1.00000,0.31932,0.67380,0.43899
combined,1.00,combined_hard_shift,calibrated_tree_flow_proxy,5,32,0.68181,0.58497,0.84686,0.80467,0.38942,0.45412,0.43750,0.25000,0.14953,0.20873,0.28116,1.00000,0.30162,0.65135,0.32952
combined,1.00,combined_hard_shift,calibrated_tree_flow_proxy,6,32,0.69796,0.62762,0.81581,0.78513,0.33281,0.50673,0.78125,0.12500,0.13752,0.19765,0.26599,1.00000,0.31527,0.66284,0.62275
combined,1.00,combined_hard_shift,calibrated_tree_flow_proxy,7,32,0.69797,0.60312,0.86078,0.83956,0.35736,0.45869,0.46875,0.09375,0.14320,0.20916,0.27214,1.00000,0.31406,0.66850,0.41587
combined,1.00,combined_hard_shift,calibrated_tree_flow_proxy,8,32,0.69557,0.60095,0.84702,0.83603,0.35136,0.43481,0.68750,0.25000,0.14388,0.20442,0.27082,1.00000,0.31424,0.66633,0.51425
combined,1.00,combined_hard_shift,calibrated_tree_flow_proxy,9,32,0.70174,0.62542,0.83518,0.80922,0.32638,0.52093,0.53125,0.03125,0.13842,0.20217,0.26441,1.00000,0.31587,0.66960,0.48283
combined,1.00,combined_hard_shift,causal_scene_flow_model_v5,0,32,0.67208,0.55976,0.86848,0.86300,0.34221,0.71542,0.65625,0.15625,0.14864,0.20969,0.26441,1.00000,0.40784,0.72259,0.51338
combined,1.00,combined_hard_shift,causal_scene_flow_model_v5,1,32,0.65154,0.54139,0.83621,0.82705,0.37576,0.91622,0.25000,0.03125,0.13949,0.19639,0.27048,1.00000,0.36833,0.68628,0.25028
combined,1.00,combined_hard_shift,causal_scene_flow_model_v5,2,32,0.64287,0.53003,0.84096,0.80001,0.35711,0.83982,0.50000,0.15625,0.14075,0.20791,0.26768,1.00000,0.40259,0.70943,0.38850
combined,1.00,combined_hard_shift,causal_scene_flow_model_v5,3,32,0.68180,0.58357,0.85914,0.81771,0.30028,0.74961,0.37500,0.03125,0.13583,0.19860,0.25210,1.00000,0.41820,0.73478,0.36750
combined,1.00,combined_hard_shift,causal_scene_flow_model_v5,4,32,0.66034,0.54547,0.86826,0.85207,0.34505,0.83317,0.53125,0.03125,0.14633,0.21552,0.26556,1.00000,0.40475,0.72030,0.46132
combined,1.00,combined_hard_shift,causal_scene_flow_model_v5,5,32,0.66918,0.57017,0.83231,0.79907,0.32934,0.78432,0.43750,0.06250,0.14343,0.19657,0.25993,1.00000,0.38093,0.70203,0.38848
combined,1.00,combined_hard_shift,causal_scene_flow_model_v5,6,32,0.67233,0.57677,0.82892,0.80414,0.31715,0.78133,0.46875,0.12500,0.13721,0.19607,0.25669,1.00000,0.39704,0.71220,0.39122
combined,1.00,combined_hard_shift,causal_scene_flow_model_v5,7,32,0.68312,0.57605,0.87442,0.86235,0.32229,0.74726,0.46875,0.12500,0.14617,0.21339,0.25907,1.00000,0.40178,0.72537,0.39596
combined,1.00,combined_hard_shift,causal_scene_flow_model_v5,8,32,0.65260,0.53581,0.85994,0.85150,0.34208,0.84839,0.56250,0.09375,0.14924,0.21119,0.26432,1.00000,0.40298,0.71788,0.45861
combined,1.00,combined_hard_shift,causal_scene_flow_model_v5,9,32,0.67564,0.57858,0.84880,0.81642,0.32727,0.79304,0.53125,0.15625,0.13636,0.19909,0.25881,1.00000,0.40300,0.71825,0.42306
combined,1.00,combined_hard_shift,contrastive_action_flow,0,32,0.61476,0.55841,0.70512,0.60688,0.35379,0.47295,0.46875,0.15625,0.14857,0.18484,0.24261,1.00000,0.27117,0.60650,0.37219
combined,1.00,combined_hard_shift,contrastive_action_flow,1,32,0.61906,0.57599,0.70219,0.59933,0.35713,0.48853,0.56250,0.18750,0.15171,0.19364,0.24438,1.00000,0.25395,0.59605,0.42466
combined,1.00,combined_hard_shift,contrastive_action_flow,2,32,0.62455,0.58547,0.70212,0.58678,0.30756,0.43992,0.59375,0.18750,0.14147,0.18849,0.23082,1.00000,0.27447,0.61761,0.45886
combined,1.00,combined_hard_shift,contrastive_action_flow,3,32,0.65963,0.64337,0.71219,0.59531,0.26673,0.39886,0.59375,0.15625,0.13880,0.18117,0.21891,1.00000,0.28519,0.63479,0.48515
combined,1.00,combined_hard_shift,contrastive_action_flow,4,32,0.64680,0.62312,0.70788,0.60808,0.27822,0.42177,0.53125,0.18750,0.14066,0.18344,0.22278,1.00000,0.27787,0.62733,0.42445
combined,1.00,combined_hard_shift,contrastive_action_flow,5,32,0.62553,0.58655,0.71565,0.62893,0.36583,0.40162,0.50000,0.06250,0.15577,0.19124,0.24615,1.00000,0.25699,0.59922,0.43149
combined,1.00,combined_hard_shift,contrastive_action_flow,6,32,0.65567,0.63737,0.71002,0.63550,0.29976,0.45266,0.40625,0.12500,0.14115,0.17772,0.22714,1.00000,0.27418,0.62123,0.35570
combined,1.00,combined_hard_shift,contrastive_action_flow,7,32,0.63026,0.59152,0.71511,0.64457,0.34049,0.46475,0.50000,0.21875,0.14703,0.19019,0.23871,1.00000,0.27336,0.61317,0.37693
combined,1.00,combined_hard_shift,contrastive_action_flow,8,32,0.63362,0.59110,0.70653,0.63644,0.31922,0.41389,0.56250,0.28125,0.14761,0.18489,0.23333,1.00000,0.27162,0.61471,0.40451
combined,1.00,combined_hard_shift,contrastive_action_flow,9,32,0.65011,0.63767,0.70344,0.60794,0.29354,0.47880,0.56250,0.00000,0.14221,0.18293,0.22644,1.00000,0.27421,0.62090,0.50832
combined,1.00,combined_hard_shift,learned_correlation_classifier,0,32,0.65773,0.55824,0.82481,0.76814,0.39925,0.47718,0.37500,0.15625,0.15661,0.21489,0.26201,1.00000,0.27964,0.63203,0.31079
combined,1.00,combined_hard_shift,learned_correlation_classifier,1,32,0.64254,0.55079,0.80931,0.74068,0.43276,0.49556,0.43750,0.15625,0.16010,0.22408,0.27219,1.00000,0.26680,0.61395,0.34481
combined,1.00,combined_hard_shift,learned_correlation_classifier,2,32,0.64398,0.55509,0.79723,0.72142,0.37244,0.47419,0.37500,0.25000,0.14997,0.21876,0.25573,1.00000,0.28377,0.63291,0.27834
combined,1.00,combined_hard_shift,learned_correlation_classifier,3,32,0.68156,0.60531,0.80742,0.74430,0.32457,0.47078,0.43750,0.25000,0.14803,0.21228,0.24169,1.00000,0.29073,0.64970,0.33607
combined,1.00,combined_hard_shift,learned_correlation_classifier,4,32,0.67356,0.59144,0.81185,0.76791,0.34320,0.48659,0.46875,0.15625,0.14822,0.21249,0.24688,1.00000,0.28686,0.64475,0.38664
combined,1.00,combined_hard_shift,learned_correlation_classifier,5,32,0.64820,0.56006,0.81162,0.75252,0.43026,0.43658,0.59375,0.21875,0.16463,0.22208,0.27154,1.00000,0.26669,0.61505,0.43657
combined,1.00,combined_hard_shift,learned_correlation_classifier,6,32,0.68038,0.61359,0.79821,0.75974,0.35005,0.48351,0.53125,0.09375,0.14954,0.20848,0.24841,1.00000,0.28278,0.63757,0.45248
combined,1.00,combined_hard_shift,learned_correlation_classifier,7,32,0.66380,0.57648,0.82310,0.79001,0.39320,0.46427,0.59375,0.12500,0.15579,0.21996,0.26027,1.00000,0.28071,0.63347,0.47781
combined,1.00,combined_hard_shift,learned_correlation_classifier,8,32,0.66817,0.58162,0.81109,0.77684,0.37289,0.42192,0.46875,0.21875,0.15543,0.21451,0.25497,1.00000,0.27990,0.63439,0.36235
combined,1.00,combined_hard_shift,learned_correlation_classifier,9,32,0.67330,0.60176,0.80365,0.75216,0.35407,0.53733,0.56250,0.31250,0.15187,0.21456,0.25014,1.00000,0.28085,0.63709,0.39070
combined,1.00,combined_hard_shift,oracle_causal_mask,0,32,1.00000,1.00000,1.00000,1.00000,0.00000,0.00000,1.00000,0.06250,0.00001,0.00176,0.02682,1.00000,0.99400,1.00000,0.95750
combined,1.00,combined_hard_shift,oracle_causal_mask,1,32,1.00000,1.00000,1.00000,1.00000,0.00000,0.00000,1.00000,0.06250,0.00001,0.00177,0.02672,1.00000,0.99400,1.00000,0.95750
combined,1.00,combined_hard_shift,oracle_causal_mask,2,32,1.00000,1.00000,1.00000,1.00000,0.00000,0.00000,0.96875,0.03125,0.00001,0.00183,0.02684,1.00000,0.99400,1.00000,0.94687
combined,1.00,combined_hard_shift,oracle_causal_mask,3,32,1.00000,1.00000,1.00000,1.00000,0.00000,0.00000,1.00000,0.00000,0.00001,0.00178,0.02673,1.00000,0.99400,1.00000,0.98000
combined,1.00,combined_hard_shift,oracle_causal_mask,4,32,1.00000,1.00000,1.00000,1.00000,0.00000,0.00000,0.93750,0.00000,0.00001,0.00179,0.02686,1.00000,0.99400,1.00000,0.93625
combined,1.00,combined_hard_shift,oracle_causal_mask,5,32,1.00000,1.00000,1.00000,1.00000,0.00000,0.00000,0.96875,0.03125,0.00001,0.00172,0.02666,1.00000,0.99400,1.00000,0.94688
combined,1.00,combined_hard_shift,oracle_causal_mask,6,32,1.00000,1.00000,1.00000,1.00000,0.00000,0.00000,0.96875,0.00000,0.00001,0.00174,0.02673,1.00000,0.99400,1.00000,0.95813
combined,1.00,combined_hard_shift,oracle_causal_mask,7,32,1.00000,1.00000,1.00000,1.00000,0.00000,0.00000,0.96875,0.00000,0.00001,0.00178,0.02663,1.00000,0.99400,1.00000,0.95813
combined,1.00,combined_hard_shift,oracle_causal_mask,8,32,1.00000,1.00000,1.00000,1.00000,0.00000,0.00000,0.96875,0.00000,0.00001,0.00175,0.02668,1.00000,0.99400,1.00000,0.95813
combined,1.00,combined_hard_shift,oracle_causal_mask,9,32,1.00000,1.00000,1.00000,1.00000,0.00000,0.00000,0.96875,0.06250,0.00001,0.00177,0.02674,1.00000,0.99400,1.00000,0.93562
combined,1.00,combined_hard_shift,world_model_flow_predictor,0,32,0.66948,0.57619,0.82994,0.80646,0.31920,0.70794,0.50000,0.12500,0.14730,0.20383,0.25134,1.00000,0.34102,0.68289,0.41328
combined,1.00,combined_hard_shift,world_model_flow_predictor,1,32,0.65713,0.58486,0.76817,0.72151,0.30196,0.84750,0.71875,0.09375,0.13931,0.18811,0.24614,1.00000,0.30461,0.65169,0.56563
combined,1.00,combined_hard_shift,world_model_flow_predictor,2,32,0.65411,0.56949,0.80204,0.73440,0.30780,0.81764,0.43750,0.18750,0.13954,0.20254,0.24849,1.00000,0.33753,0.67633,0.33857
combined,1.00,combined_hard_shift,world_model_flow_predictor,3,32,0.68080,0.61655,0.80508,0.74138,0.26707,0.71197,0.46875,0.12500,0.13609,0.19411,0.23697,1.00000,0.35129,0.69324,0.40047
combined,1.00,combined_hard_shift,world_model_flow_predictor,4,32,0.66531,0.57860,0.81964,0.78486,0.30783,0.81143,0.40625,0.03125,0.14445,0.20870,0.24920,1.00000,0.34015,0.68226,0.37582
combined,1.00,combined_hard_shift,world_model_flow_predictor,5,32,0.67578,0.61969,0.77781,0.72346,0.26560,0.72665,0.59375,0.18750,0.14391,0.18964,0.23749,1.00000,0.31678,0.66852,0.46100
combined,1.00,combined_hard_shift,world_model_flow_predictor,6,32,0.68097,0.62054,0.78326,0.73476,0.26884,0.73694,0.59375,0.28125,0.13738,0.18983,0.23770,1.00000,0.33252,0.67741,0.42814
combined,1.00,combined_hard_shift,world_model_flow_predictor,7,32,0.68187,0.61466,0.81710,0.78967,0.27981,0.70633,0.50000,0.21875,0.14508,0.20632,0.24152,1.00000,0.33647,0.68585,0.38669
combined,1.00,combined_hard_shift,world_model_flow_predictor,8,32,0.66446,0.57453,0.82050,0.80851,0.30262,0.83525,0.46875,0.25000,0.14700,0.20428,0.24712,1.00000,0.33943,0.68326,0.34000
combined,1.00,combined_hard_shift,world_model_flow_predictor,9,32,0.67982,0.61360,0.80113,0.74381,0.27961,0.75396,0.50000,0.06250,0.13688,0.19413,0.24023,1.00000,0.33730,0.68217,0.43934
combined,1.25,combined_hard_shift,action_direction_projection,0,32,0.38622,0.28068,0.66196,0.55819,0.58483,0.75989,0.28125,0.25000,0.30926,0.31835,0.35776,1.00000,0.12552,0.46872,0.10915
combined,1.25,combined_hard_shift,action_direction_projection,1,32,0.41500,0.31469,0.68137,0.57782,0.57893,0.64500,0.21875,0.18750,0.31407,0.30663,0.35420,1.00000,0.13750,0.48129,0.10161
combined,1.25,combined_hard_shift,action_direction_projection,2,32,0.39798,0.29334,0.65905,0.55218,0.60660,0.70845,0.28125,0.15625,0.31768,0.31551,0.36368,1.00000,0.13320,0.46717,0.14506
combined,1.25,combined_hard_shift,action_direction_projection,3,32,0.40041,0.30465,0.65773,0.54098,0.58405,0.70388,0.31250,0.25000,0.31554,0.30670,0.35665,1.00000,0.12717,0.46865,0.13673
combined,1.25,combined_hard_shift,action_direction_projection,4,32,0.40232,0.29141,0.69084,0.57765,0.59806,0.70619,0.25000,0.25000,0.30439,0.31321,0.35921,1.00000,0.14686,0.48441,0.09336
combined,1.25,combined_hard_shift,action_direction_projection,5,32,0.40970,0.29533,0.69967,0.61196,0.58879,0.56926,0.21875,0.31250,0.30392,0.30760,0.35535,1.00000,0.14782,0.48925,0.06008
combined,1.25,combined_hard_shift,action_direction_projection,6,32,0.39403,0.29023,0.65367,0.53748,0.50082,0.61978,0.15625,0.34375,0.28892,0.29199,0.33131,1.00000,0.14721,0.49632,0.01094
combined,1.25,combined_hard_shift,action_direction_projection,7,32,0.38659,0.27883,0.65752,0.55425,0.62997,0.77597,0.28125,0.40625,0.31605,0.31377,0.36966,1.00000,0.12328,0.45647,0.04510
combined,1.25,combined_hard_shift,action_direction_projection,8,32,0.40715,0.31037,0.64981,0.54984,0.54267,0.71909,0.37500,0.28125,0.29777,0.28550,0.34230,1.00000,0.14099,0.48288,0.17607
combined,1.25,combined_hard_shift,action_direction_projection,9,32,0.40496,0.30551,0.66640,0.56658,0.56606,0.74663,0.34375,0.28125,0.30999,0.30812,0.35178,1.00000,0.12620,0.47435,0.14837
combined,1.25,combined_hard_shift,calibrated_tree_flow_proxy,0,32,0.63167,0.53264,0.80802,0.78983,0.40526,0.74251,0.37500,0.21875,0.16045,0.22038,0.30454,1.00000,0.26321,0.61780,0.26577
combined,1.25,combined_hard_shift,calibrated_tree_flow_proxy,1,32,0.62635,0.53110,0.81432,0.79264,0.44853,0.62436,0.46875,0.25000,0.17058,0.22321,0.31564,1.00000,0.25974,0.60811,0.32003
combined,1.25,combined_hard_shift,calibrated_tree_flow_proxy,2,32,0.61330,0.50060,0.82105,0.80147,0.47481,0.67902,0.56250,0.21875,0.16910,0.22307,0.32204,1.00000,0.25639,0.60233,0.38769
combined,1.25,combined_hard_shift,calibrated_tree_flow_proxy,3,32,0.62251,0.51079,0.82020,0.79169,0.43506,0.68363,0.43750,0.12500,0.16780,0.21800,0.31152,1.00000,0.26204,0.61380,0.34128
combined,1.25,combined_hard_shift,calibrated_tree_flow_proxy,4,32,0.62250,0.51600,0.81501,0.78506,0.42185,0.64403,0.43750,0.12500,0.16410,0.22313,0.30904,1.00000,0.27002,0.61950,0.34592
combined,1.25,combined_hard_shift,calibrated_tree_flow_proxy,5,32,0.60706,0.49589,0.80040,0.77341,0.45155,0.65741,0.31250,0.28125,0.16660,0.22245,0.31643,1.00000,0.26572,0.60694,0.19383
combined,1.25,combined_hard_shift,calibrated_tree_flow_proxy,6,32,0.64535,0.56294,0.80038,0.78277,0.36524,0.65509,0.71875,0.12500,0.15546,0.21520,0.29372,1.00000,0.27103,0.62868,0.55369
combined,1.25,combined_hard_shift,calibrated_tree_flow_proxy,7,32,0.61435,0.51081,0.80253,0.79066,0.44190,0.66878,0.34375,0.12500,0.16692,0.22171,0.31427,1.00000,0.26209,0.60773,0.27369
combined,1.25,combined_hard_shift,calibrated_tree_flow_proxy,8,32,0.64021,0.54904,0.80372,0.78615,0.38794,0.77068,0.50000,0.28125,0.16244,0.21231,0.29934,1.00000,0.26631,0.62210,0.33304
combined,1.25,combined_hard_shift,calibrated_tree_flow_proxy,9,32,0.64871,0.55604,0.81925,0.82925,0.38073,0.76592,0.34375,0.06250,0.15873,0.21215,0.29718,1.00000,0.27017,0.62974,0.30584
combined,1.25,combined_hard_shift,causal_scene_flow_model_v5,0,32,0.62034,0.51011,0.82253,0.80580,0.38997,1.01816,0.56250,0.18750,0.15996,0.21363,0.29570,1.00000,0.33385,0.66167,0.39702
combined,1.25,combined_hard_shift,causal_scene_flow_model_v5,1,32,0.61447,0.49429,0.83771,0.84167,0.40196,0.97961,0.25000,0.03125,0.17140,0.22142,0.29937,1.00000,0.33920,0.66576,0.23494
combined,1.25,combined_hard_shift,causal_scene_flow_model_v5,2,32,0.61930,0.50342,0.83541,0.82378,0.41573,0.93201,0.43750,0.15625,0.17184,0.22344,0.30317,1.00000,0.32598,0.65525,0.32191
combined,1.25,combined_hard_shift,causal_scene_flow_model_v5,3,32,0.60085,0.47251,0.84706,0.82762,0.41392,1.12970,0.31250,0.09375,0.18003,0.23028,0.30386,1.00000,0.34216,0.66710,0.24373
combined,1.25,combined_hard_shift,causal_scene_flow_model_v5,4,32,0.59377,0.47804,0.83129,0.81944,0.41590,0.94190,0.40625,0.09375,0.17581,0.23442,0.30520,1.00000,0.34724,0.66520,0.31903
combined,1.25,combined_hard_shift,causal_scene_flow_model_v5,5,32,0.58062,0.45615,0.81839,0.79242,0.43821,1.00184,0.37500,0.09375,0.18301,0.23887,0.31138,1.00000,0.33451,0.65032,0.28699
combined,1.25,combined_hard_shift,causal_scene_flow_model_v5,6,32,0.61066,0.50357,0.81469,0.79763,0.34617,1.09441,0.34375,0.15625,0.16030,0.21604,0.28574,1.00000,0.34429,0.67469,0.25584
combined,1.25,combined_hard_shift,causal_scene_flow_model_v5,7,32,0.59781,0.47917,0.82198,0.80771,0.41020,0.92182,0.46875,0.12500,0.17326,0.22558,0.30273,1.00000,0.34016,0.66036,0.35348
combined,1.25,combined_hard_shift,causal_scene_flow_model_v5,8,32,0.61363,0.50022,0.83709,0.82004,0.37670,0.98310,0.53125,0.06250,0.17497,0.22905,0.29482,1.00000,0.34575,0.67456,0.42431
combined,1.25,combined_hard_shift,causal_scene_flow_model_v5,9,32,0.63512,0.52958,0.82112,0.82824,0.34792,1.18329,0.40625,0.15625,0.15230,0.20041,0.28379,1.00000,0.35208,0.68003,0.29860
combined,1.25,combined_hard_shift,contrastive_action_flow,0,32,0.54131,0.51334,0.61241,0.54722,0.36817,0.76642,0.43750,0.31250,0.16596,0.19927,0.26797,1.00000,0.21325,0.54912,0.25609
combined,1.25,combined_hard_shift,contrastive_action_flow,1,32,0.54400,0.50557,0.64010,0.56416,0.41995,0.71606,0.43750,0.18750,0.17798,0.20263,0.28097,1.00000,0.21013,0.54331,0.29763
combined,1.25,combined_hard_shift,contrastive_action_flow,2,32,0.51502,0.46203,0.62131,0.53680,0.44699,0.80070,0.31250,0.21875,0.17573,0.20277,0.28837,1.00000,0.20868,0.53172,0.18453
combined,1.25,combined_hard_shift,contrastive_action_flow,3,32,0.53432,0.47556,0.63597,0.55751,0.40786,0.78022,0.37500,0.21875,0.17428,0.19702,0.27730,1.00000,0.21196,0.54584,0.23899
combined,1.25,combined_hard_shift,contrastive_action_flow,4,32,0.53953,0.48185,0.65079,0.57113,0.40952,0.72148,0.34375,0.25000,0.16923,0.20252,0.27780,1.00000,0.22266,0.55489,0.21111
combined,1.25,combined_hard_shift,contrastive_action_flow,5,32,0.53751,0.46689,0.65527,0.59545,0.43521,0.71467,0.40625,0.06250,0.17167,0.20098,0.28365,1.00000,0.21906,0.54854,0.31859
combined,1.25,combined_hard_shift,contrastive_action_flow,6,32,0.56619,0.54842,0.62746,0.55575,0.32505,0.63041,0.34375,0.12500,0.15971,0.19276,0.25527,1.00000,0.22416,0.56819,0.27757
combined,1.25,combined_hard_shift,contrastive_action_flow,7,32,0.51625,0.46743,0.60914,0.54084,0.42240,0.77953,0.40625,0.28125,0.17322,0.20143,0.28235,1.00000,0.21356,0.53650,0.23265
combined,1.25,combined_hard_shift,contrastive_action_flow,8,32,0.56240,0.54153,0.62908,0.56751,0.34845,0.73264,0.43750,0.31250,0.16828,0.18933,0.26131,1.00000,0.21771,0.56011,0.26517
combined,1.25,combined_hard_shift,contrastive_action_flow,9,32,0.56307,0.54663,0.63729,0.58610,0.34978,0.72727,0.43750,0.06250,0.16423,0.19047,0.26156,1.00000,0.22227,0.56432,0.35595
combined,1.25,combined_hard_shift,learned_correlation_classifier,0,32,0.59589,0.51085,0.75232,0.72277,0.42083,0.75570,0.31250,0.18750,0.17460,0.23123,0.28978,1.00000,0.22823,0.58170,0.22056
combined,1.25,combined_hard_shift,learned_correlation_classifier,1,32,0.59211,0.50816,0.76371,0.72202,0.46504,0.67735,0.37500,0.15625,0.18708,0.23475,0.30184,1.00000,0.22114,0.57125,0.27309
combined,1.25,combined_hard_shift,learned_correlation_classifier,2,32,0.56908,0.47034,0.75828,0.72110,0.50465,0.73067,0.28125,0.34375,0.18456,0.23445,0.31234,1.00000,0.22131,0.56121,0.12712
combined,1.25,combined_hard_shift,learned_correlation_classifier,3,32,0.58672,0.48593,0.76906,0.72975,0.45732,0.72859,0.28125,0.31250,0.18256,0.22905,0.29880,1.00000,0.22384,0.57574,0.14875
combined,1.25,combined_hard_shift,learned_correlation_classifier,4,32,0.58433,0.48397,0.76991,0.72502,0.45476,0.68526,0.28125,0.28125,0.17812,0.23411,0.29865,1.00000,0.23310,0.58134,0.16319
combined,1.25,combined_hard_shift,learned_correlation_classifier,5,32,0.57667,0.47370,0.76201,0.72324,0.48414,0.67882,0.43750,0.21875,0.17931,0.23135,0.30588,1.00000,0.23158,0.57204,0.28959
combined,1.25,combined_hard_shift,learned_correlation_classifier,6,32,0.61232,0.54590,0.74320,0.70506,0.36837,0.63843,0.43750,0.12500,0.16782,0.22479,0.27493,1.00000,0.23657,0.59521,0.34814
combined,1.25,combined_hard_shift,learned_correlation_classifier,7,32,0.57001,0.47265,0.74923,0.71364,0.47768,0.74234,0.53125,0.18750,0.18251,0.23356,0.30548,1.00000,0.22418,0.56628,0.36167
combined,1.25,combined_hard_shift,learned_correlation_classifier,8,32,0.59889,0.52178,0.74737,0.71208,0.41580,0.77112,0.46875,0.18750,0.17624,0.22130,0.28736,1.00000,0.22880,0.58182,0.33010
combined,1.25,combined_hard_shift,learned_correlation_classifier,9,32,0.61430,0.53759,0.77184,0.75580,0.40919,0.75452,0.46875,0.31250,0.17419,0.22433,0.28537,1.00000,0.23207,0.59133,0.29050
combined,1.25,combined_hard_shift,oracle_causal_mask,0,32,1.00000,1.00000,1.00000,1.00000,0.00000,0.00000,1.00000,0.06250,0.00001,0.00180,0.03050,1.00000,0.99400,1.00000,0.95750
combined,1.25,combined_hard_shift,oracle_causal_mask,1,32,1.00000,1.00000,1.00000,1.00000,0.00000,0.00000,1.00000,0.06250,0.00001,0.00175,0.03030,1.00000,0.99400,1.00000,0.95750
combined,1.25,combined_hard_shift,oracle_causal_mask,2,32,1.00000,1.00000,1.00000,1.00000,0.00000,0.00000,0.96875,0.03125,0.00001,0.00175,0.03038,1.00000,0.99400,1.00000,0.94687
combined,1.25,combined_hard_shift,oracle_causal_mask,3,32,1.00000,1.00000,1.00000,1.00000,0.00000,0.00000,1.00000,0.00000,0.00001,0.00175,0.03035,1.00000,0.99400,1.00000,0.98000
combined,1.25,combined_hard_shift,oracle_causal_mask,4,32,1.00000,1.00000,1.00000,1.00000,0.00000,0.00000,0.93750,0.00000,0.00001,0.00181,0.03049,1.00000,0.99400,1.00000,0.93625
combined,1.25,combined_hard_shift,oracle_causal_mask,5,32,1.00000,1.00000,1.00000,1.00000,0.00000,0.00000,0.96875,0.03125,0.00001,0.00177,0.03033,1.00000,0.99400,1.00000,0.94688
combined,1.25,combined_hard_shift,oracle_causal_mask,6,32,1.00000,1.00000,1.00000,1.00000,0.00000,0.00000,0.96875,0.00000,0.00001,0.00181,0.03046,1.00000,0.99400,1.00000,0.95813
combined,1.25,combined_hard_shift,oracle_causal_mask,7,32,1.00000,1.00000,1.00000,1.00000,0.00000,0.00000,0.96875,0.00000,0.00001,0.00178,0.03043,1.00000,0.99400,1.00000,0.95813
combined,1.25,combined_hard_shift,oracle_causal_mask,8,32,1.00000,1.00000,1.00000,1.00000,0.00000,0.00000,0.96875,0.00000,0.00001,0.00172,0.03037,1.00000,0.99400,1.00000,0.95813
combined,1.25,combined_hard_shift,oracle_causal_mask,9,32,1.00000,1.00000,1.00000,1.00000,0.00000,0.00000,0.96875,0.06250,0.00001,0.00175,0.03050,1.00000,0.99400,1.00000,0.93562
combined,1.25,combined_hard_shift,world_model_flow_predictor,0,32,0.61410,0.53360,0.75442,0.71668,0.33494,0.96718,0.53125,0.12500,0.15670,0.20425,0.27359,1.00000,0.27602,0.62599,0.40203
combined,1.25,combined_hard_shift,world_model_flow_predictor,1,32,0.59202,0.50110,0.75566,0.73467,0.35795,0.96919,0.56250,0.12500,0.16677,0.21112,0.28015,1.00000,0.28136,0.62403,0.41725
combined,1.25,combined_hard_shift,world_model_flow_predictor,2,32,0.60403,0.52257,0.75758,0.73100,0.36250,0.91688,0.25000,0.18750,0.16730,0.21280,0.28169,1.00000,0.27043,0.61785,0.17977
combined,1.25,combined_hard_shift,world_model_flow_predictor,3,32,0.59227,0.48826,0.78232,0.74529,0.37483,1.12220,0.25000,0.21875,0.17407,0.22096,0.28540,1.00000,0.28572,0.62951,0.15424
combined,1.25,combined_hard_shift,world_model_flow_predictor,4,32,0.59563,0.50395,0.78116,0.75605,0.36726,0.94430,0.40625,0.06250,0.17038,0.22573,0.28418,1.00000,0.28950,0.63284,0.33239
combined,1.25,combined_hard_shift,world_model_flow_predictor,5,32,0.59140,0.48979,0.78015,0.74260,0.38502,0.99717,0.43750,0.25000,0.17618,0.22818,0.28881,1.00000,0.28030,0.62389,0.27971
combined,1.25,combined_hard_shift,world_model_flow_predictor,6,32,0.62381,0.55328,0.76289,0.74030,0.28555,1.05822,0.50000,0.31250,0.15686,0.20794,0.26161,1.00000,0.28621,0.64436,0.31687
combined,1.25,combined_hard_shift,world_model_flow_predictor,7,32,0.60108,0.50444,0.77678,0.75878,0.36767,0.91844,0.46875,0.21875,0.16847,0.21619,0.28304,1.00000,0.28301,0.62824,0.32171
combined,1.25,combined_hard_shift,world_model_flow_predictor,8,32,0.61147,0.52684,0.78017,0.76324,0.33592,0.98019,0.53125,0.28125,0.17011,0.21853,0.27544,1.00000,0.28874,0.63909,0.34603
combined,1.25,combined_hard_shift,world_model_flow_predictor,9,32,0.63855,0.57000,0.76135,0.75281,0.28581,1.15734,0.50000,0.06250,0.15079,0.19213,0.25968,1.00000,0.29042,0.64609,0.40346
combined,1.50,combined_hard_shift,action_direction_projection,0,32,0.38167,0.29809,0.58896,0.51387,0.50420,0.84588,0.21875,0.25000,0.30141,0.27195,0.34992,1.00000,0.12303,0.46618,0.06888
combined,1.50,combined_hard_shift,action_direction_projection,1,32,0.37180,0.27810,0.60960,0.53796,0.56240,0.87990,0.09375,0.18750,0.32857,0.29845,0.36911,1.00000,0.09421,0.44376,-0.00942
combined,1.50,combined_hard_shift,action_direction_projection,2,32,0.37434,0.28518,0.57891,0.49523,0.54928,0.91450,0.21875,0.21875,0.31635,0.28208,0.36503,1.00000,0.09659,0.43990,0.06627
combined,1.50,combined_hard_shift,action_direction_projection,3,32,0.36216,0.25654,0.66191,0.59640,0.63080,0.89694,0.25000,0.28125,0.36097,0.34747,0.39412,1.00000,0.06572,0.42749,0.05348
combined,1.50,combined_hard_shift,action_direction_projection,4,32,0.37014,0.28333,0.60272,0.52637,0.49083,0.87389,0.21875,0.21875,0.32140,0.28848,0.34924,1.00000,0.10236,0.46195,0.07770
combined,1.50,combined_hard_shift,action_direction_projection,5,32,0.35744,0.25854,0.62671,0.55157,0.61415,0.90802,0.18750,0.31250,0.34717,0.32820,0.38752,1.00000,0.07992,0.42939,-0.00071
combined,1.50,combined_hard_shift,action_direction_projection,6,32,0.37985,0.29138,0.59885,0.53397,0.55768,0.91814,0.21875,0.40625,0.32320,0.28588,0.36691,1.00000,0.09555,0.44270,-0.00123
combined,1.50,combined_hard_shift,action_direction_projection,7,32,0.36506,0.26383,0.62778,0.57170,0.57843,0.86491,0.28125,0.37500,0.33874,0.31797,0.37659,1.00000,0.08015,0.43765,0.05150
combined,1.50,combined_hard_shift,action_direction_projection,8,32,0.37019,0.27962,0.60289,0.54144,0.56287,0.85425,0.31250,0.34375,0.32542,0.28939,0.36844,1.00000,0.10202,0.44597,0.08895
combined,1.50,combined_hard_shift,action_direction_projection,9,32,0.37764,0.28723,0.60053,0.54409,0.51631,0.93884,0.21875,0.28125,0.31626,0.27641,0.35381,1.00000,0.10849,0.45897,0.04909
combined,1.50,combined_hard_shift,calibrated_tree_flow_proxy,0,32,0.61442,0.52798,0.76528,0.75290,0.36563,0.82795,0.40625,0.21875,0.16861,0.21389,0.31161,1.00000,0.24960,0.60833,0.28338
combined,1.50,combined_hard_shift,calibrated_tree_flow_proxy,1,32,0.55554,0.44920,0.75938,0.73912,0.49089,1.00353,0.28125,0.31250,0.18947,0.23652,0.34638,1.00000,0.22097,0.56435,0.12186
combined,1.50,combined_hard_shift,calibrated_tree_flow_proxy,2,32,0.61506,0.52195,0.77922,0.77171,0.40522,0.87190,0.59375,0.21875,0.17493,0.21527,0.32226,1.00000,0.23730,0.59685,0.40597
combined,1.50,combined_hard_shift,calibrated_tree_flow_proxy,3,32,0.59207,0.48821,0.79399,0.75902,0.46752,0.91230,0.34375,0.21875,0.18159,0.23173,0.33914,1.00000,0.22830,0.58230,0.21564
combined,1.50,combined_hard_shift,calibrated_tree_flow_proxy,4,32,0.60295,0.50757,0.78130,0.76569,0.40038,0.90175,0.31250,0.21875,0.17721,0.22369,0.32119,1.00000,0.23455,0.59702,0.20596
combined,1.50,combined_hard_shift,calibrated_tree_flow_proxy,5,32,0.58171,0.48242,0.77034,0.75583,0.45929,0.92338,0.28125,0.28125,0.17872,0.23059,0.33726,1.00000,0.23257,0.58018,0.14780
combined,1.50,combined_hard_shift,calibrated_tree_flow_proxy,6,32,0.59025,0.48861,0.77412,0.77140,0.45591,1.01556,0.59375,0.18750,0.17947,0.22043,0.33518,1.00000,0.23023,0.58069,0.39661
combined,1.50,combined_hard_shift,calibrated_tree_flow_proxy,7,32,0.59142,0.50071,0.76585,0.75731,0.44742,0.95369,0.37500,0.21875,0.17793,0.22411,0.33401,1.00000,0.23580,0.58331,0.23746
combined,1.50,combined_hard_shift,calibrated_tree_flow_proxy,8,32,0.58133,0.48328,0.76888,0.76118,0.45485,0.86407,0.37500,0.25000,0.18285,0.22437,0.33553,1.00000,0.23087,0.57990,0.22868
combined,1.50,combined_hard_shift,calibrated_tree_flow_proxy,9,32,0.60396,0.50743,0.78688,0.79209,0.42895,0.91977,0.28125,0.09375,0.17639,0.21846,0.32704,1.00000,0.23843,0.59420,0.22440
combined,1.50,combined_hard_shift,causal_scene_flow_model_v5,0,32,0.58835,0.46792,0.82241,0.82231,0.38139,1.30798,0.46875,0.15625,0.18367,0.23464,0.31546,1.00000,0.33490,0.66407,0.32145
combined,1.50,combined_hard_shift,causal_scene_flow_model_v5,1,32,0.53459,0.40646,0.80759,0.78962,0.48212,1.35093,0.15625,0.03125,0.21023,0.25667,0.34366,1.00000,0.29152,0.61550,0.11861
combined,1.50,combined_hard_shift,causal_scene_flow_model_v5,2,32,0.58596,0.46432,0.82735,0.82938,0.41812,1.27514,0.40625,0.15625,0.19272,0.23785,0.32569,1.00000,0.31305,0.64591,0.27270
combined,1.50,combined_hard_shift,causal_scene_flow_model_v5,3,32,0.57479,0.47675,0.75484,0.73709,0.39925,1.21961,0.37500,0.09375,0.17107,0.20801,0.31754,1.00000,0.29578,0.62223,0.27430
combined,1.50,combined_hard_shift,causal_scene_flow_model_v5,4,32,0.55329,0.43131,0.79915,0.79961,0.40295,1.28725,0.40625,0.09375,0.19120,0.23640,0.32165,1.00000,0.30407,0.63724,0.29003
combined,1.50,combined_hard_shift,causal_scene_flow_model_v5,5,32,0.58483,0.47133,0.79457,0.78267,0.39909,1.20474,0.34375,0.09375,0.17831,0.22407,0.31871,1.00000,0.30011,0.63485,0.25645
combined,1.50,combined_hard_shift,causal_scene_flow_model_v5,6,32,0.55622,0.43013,0.80513,0.81073,0.45202,1.26248,0.18750,0.25000,0.19429,0.23842,0.33370,1.00000,0.30384,0.62788,0.07560
combined,1.50,combined_hard_shift,causal_scene_flow_model_v5,7,32,0.57200,0.45448,0.79296,0.79145,0.42534,1.23595,0.40625,0.15625,0.17907,0.21867,0.32473,1.00000,0.30237,0.62983,0.27003
combined,1.50,combined_hard_shift,causal_scene_flow_model_v5,8,32,0.56104,0.43813,0.81497,0.81335,0.45292,1.18359,0.34375,0.09375,0.20398,0.25069,0.33560,1.00000,0.30096,0.62875,0.24672
combined,1.50,combined_hard_shift,causal_scene_flow_model_v5,9,32,0.58238,0.45557,0.83575,0.84833,0.41080,1.27097,0.40625,0.15625,0.18897,0.23677,0.32196,1.00000,0.32222,0.65448,0.27429
combined,1.50,combined_hard_shift,contrastive_action_flow,0,32,0.51889,0.50352,0.57465,0.51829,0.32977,0.94547,0.50000,0.21875,0.17352,0.18911,0.27487,1.00000,0.20147,0.54162,0.32297
combined,1.50,combined_hard_shift,contrastive_action_flow,1,32,0.46712,0.40909,0.57981,0.52820,0.45688,1.13058,0.25000,0.31250,0.19628,0.21349,0.31065,1.00000,0.17048,0.49888,0.07444
combined,1.50,combined_hard_shift,contrastive_action_flow,2,32,0.50658,0.47821,0.57157,0.52044,0.37881,0.98716,0.25000,0.21875,0.18171,0.19080,0.28876,1.00000,0.18647,0.52224,0.13528
combined,1.50,combined_hard_shift,contrastive_action_flow,3,32,0.49783,0.45179,0.59746,0.54580,0.42914,1.07659,0.28125,0.21875,0.18973,0.21084,0.30302,1.00000,0.17671,0.51282,0.14322
combined,1.50,combined_hard_shift,contrastive_action_flow,4,32,0.49945,0.47116,0.56683,0.52541,0.36102,1.01911,0.37500,0.25000,0.18353,0.20008,0.28467,1.00000,0.18445,0.52387,0.21081
combined,1.50,combined_hard_shift,contrastive_action_flow,5,32,0.48954,0.44225,0.58584,0.54230,0.42585,1.08027,0.31250,0.06250,0.18510,0.20857,0.30173,1.00000,0.18374,0.51418,0.22036
combined,1.50,combined_hard_shift,contrastive_action_flow,6,32,0.48787,0.45073,0.56997,0.54170,0.42770,1.05934,0.15625,0.15625,0.18721,0.19664,0.30150,1.00000,0.17736,0.50632,0.07706
combined,1.50,combined_hard_shift,contrastive_action_flow,7,32,0.49777,0.46997,0.57289,0.53899,0.40869,1.04401,0.37500,0.25000,0.18587,0.20187,0.29751,1.00000,0.18376,0.51460,0.20221
combined,1.50,combined_hard_shift,contrastive_action_flow,8,32,0.49441,0.45145,0.58964,0.55968,0.42677,0.98448,0.34375,0.34375,0.18983,0.20053,0.30105,1.00000,0.18069,0.51338,0.14730
combined,1.50,combined_hard_shift,contrastive_action_flow,9,32,0.49379,0.45714,0.57719,0.55318,0.39309,1.03706,0.31250,0.03125,0.18395,0.19439,0.29143,1.00000,0.18679,0.52072,0.23960
combined,1.50,combined_hard_shift,learned_correlation_classifier,0,32,0.56711,0.50066,0.69582,0.66453,0.38826,0.88683,0.18750,0.18750,0.18211,0.22320,0.29928,1.00000,0.21246,0.56598,0.12260
combined,1.50,combined_hard_shift,learned_correlation_classifier,1,32,0.52582,0.42902,0.70990,0.67685,0.49263,1.05539,0.34375,0.18750,0.20398,0.24574,0.32982,1.00000,0.18508,0.53243,0.19871
combined,1.50,combined_hard_shift,learned_correlation_classifier,2,32,0.56945,0.49249,0.70790,0.68485,0.42130,0.94006,0.28125,0.40625,0.18888,0.22374,0.30873,1.00000,0.19990,0.55532,0.10142
combined,1.50,combined_hard_shift,learned_correlation_classifier,3,32,0.55099,0.45981,0.73756,0.69956,0.49181,0.99205,0.18750,0.34375,0.19978,0.24538,0.32901,1.00000,0.19019,0.54246,0.04221
combined,1.50,combined_hard_shift,learned_correlation_classifier,4,32,0.56337,0.48419,0.71629,0.68629,0.41206,0.95504,0.34375,0.21875,0.19165,0.23343,0.30640,1.00000,0.19754,0.55830,0.21226
combined,1.50,combined_hard_shift,learned_correlation_classifier,5,32,0.53698,0.44862,0.71405,0.68837,0.49945,1.00153,0.40625,0.25000,0.19550,0.24231,0.33092,1.00000,0.19512,0.53723,0.22473
combined,1.50,combined_hard_shift,learned_correlation_classifier,6,32,0.54758,0.45990,0.71514,0.70292,0.47979,1.02493,0.31250,0.25000,0.19493,0.23044,0.32432,1.00000,0.19191,0.54018,0.16211
combined,1.50,combined_hard_shift,learned_correlation_classifier,7,32,0.55547,0.46966,0.71969,0.70079,0.46917,0.98745,0.43750,0.18750,0.19514,0.23632,0.32248,1.00000,0.19707,0.54638,0.27764
combined,1.50,combined_hard_shift,learned_correlation_classifier,8,32,0.54857,0.46245,0.72243,0.70315,0.47329,0.91431,0.37500,0.28125,0.19721,0.23300,0.32260,1.00000,0.19429,0.54474,0.20274
combined,1.50,combined_hard_shift,learned_correlation_classifier,9,32,0.55704,0.47567,0.71060,0.70800,0.43413,0.97092,0.37500,0.37500,0.19156,0.22746,0.31131,1.00000,0.19878,0.55261,0.17259
combined,1.50,combined_hard_shift,oracle_causal_mask,0,32,1.00000,1.00000,1.00000,1.00000,0.00000,0.00000,1.00000,0.09375,0.00001,0.00177,0.03414,1.00000,0.99400,1.00000,0.94625
combined,1.50,combined_hard_shift,oracle_causal_mask,1,32,1.00000,1.00000,1.00000,1.00000,0.00000,0.00000,1.00000,0.06250,0.00001,0.00181,0.03395,1.00000,0.99400,1.00000,0.95750
combined,1.50,combined_hard_shift,oracle_causal_mask,2,32,1.00000,1.00000,1.00000,1.00000,0.00000,0.00000,0.90625,0.03125,0.00001,0.00172,0.03430,1.00000,0.99400,1.00000,0.90312
combined,1.50,combined_hard_shift,oracle_causal_mask,3,32,1.00000,1.00000,1.00000,1.00000,0.00000,0.00000,0.96875,0.00000,0.00001,0.00176,0.03418,1.00000,0.99400,1.00000,0.95813
combined,1.50,combined_hard_shift,oracle_causal_mask,4,32,1.00000,1.00000,1.00000,1.00000,0.00000,0.00000,0.93750,0.00000,0.00001,0.00177,0.03403,1.00000,0.99400,1.00000,0.93625
combined,1.50,combined_hard_shift,oracle_causal_mask,5,32,1.00000,1.00000,1.00000,1.00000,0.00000,0.00000,0.93750,0.03125,0.00001,0.00177,0.03415,1.00000,0.99400,1.00000,0.92500
combined,1.50,combined_hard_shift,oracle_causal_mask,6,32,1.00000,1.00000,1.00000,1.00000,0.00000,0.00000,0.96875,0.00000,0.00001,0.00174,0.03409,1.00000,0.99400,1.00000,0.95813
combined,1.50,combined_hard_shift,oracle_causal_mask,7,32,1.00000,1.00000,1.00000,1.00000,0.00000,0.00000,0.96875,0.00000,0.00001,0.00174,0.03423,1.00000,0.99400,1.00000,0.95813
combined,1.50,combined_hard_shift,oracle_causal_mask,8,32,1.00000,1.00000,1.00000,1.00000,0.00000,0.00000,0.87500,0.00000,0.00001,0.00174,0.03401,1.00000,0.99400,1.00000,0.89250
combined,1.50,combined_hard_shift,oracle_causal_mask,9,32,1.00000,1.00000,1.00000,1.00000,0.00000,0.00000,0.96875,0.06250,0.00001,0.00175,0.03390,1.00000,0.99400,1.00000,0.93562
combined,1.50,combined_hard_shift,world_model_flow_predictor,0,32,0.59315,0.49566,0.77755,0.76739,0.33636,1.27396,0.40625,0.12500,0.17834,0.22682,0.29297,1.00000,0.28089,0.63423,0.29359
combined,1.50,combined_hard_shift,world_model_flow_predictor,1,32,0.52211,0.41651,0.73903,0.71080,0.42909,1.30496,0.43750,0.12500,0.20090,0.24575,0.32003,1.00000,0.24224,0.58371,0.28504
combined,1.50,combined_hard_shift,world_model_flow_predictor,2,32,0.58051,0.48358,0.76851,0.76190,0.37704,1.26449,0.31250,0.18750,0.18626,0.22692,0.30440,1.00000,0.25995,0.61204,0.19646
combined,1.50,combined_hard_shift,world_model_flow_predictor,3,32,0.57552,0.50886,0.69258,0.67875,0.33067,1.20708,0.21875,0.21875,0.16594,0.19675,0.28982,1.00000,0.24322,0.59380,0.12561
combined,1.50,combined_hard_shift,world_model_flow_predictor,4,32,0.54647,0.44299,0.74058,0.73327,0.36315,1.28055,0.34375,0.06250,0.18271,0.22551,0.30042,1.00000,0.25302,0.60423,0.25766
combined,1.50,combined_hard_shift,world_model_flow_predictor,5,32,0.57641,0.49522,0.71558,0.69246,0.33719,1.19622,0.40625,0.21875,0.17279,0.21264,0.29290,1.00000,0.24716,0.60040,0.25766
combined,1.50,combined_hard_shift,world_model_flow_predictor,6,32,0.54226,0.43766,0.74005,0.74048,0.41045,1.26791,0.37500,0.34375,0.18621,0.22750,0.31264,1.00000,0.25378,0.59408,0.17147
combined,1.50,combined_hard_shift,world_model_flow_predictor,7,32,0.56910,0.48593,0.72155,0.71355,0.35577,1.21174,0.43750,0.25000,0.17296,0.20755,0.29704,1.00000,0.25108,0.59990,0.26390
combined,1.50,combined_hard_shift,world_model_flow_predictor,8,32,0.55176,0.45016,0.75371,0.74512,0.40683,1.17363,0.37500,0.31250,0.19447,0.23854,0.31305,1.00000,0.25157,0.59728,0.19072
combined,1.50,combined_hard_shift,world_model_flow_predictor,9,32,0.57661,0.47352,0.77139,0.77980,0.35914,1.23239,0.43750,0.06250,0.18292,0.22670,0.29830,1.00000,0.26790,0.62086,0.33347
distractor_contact,0.00,combined_hard_shift,action_direction_projection,0,32,0.62346,0.51593,0.86669,0.69609,0.43461,0.41129,0.62500,0.18750,0.20352,0.29203,0.24598,1.00000,0.34039,0.66673,0.47293
distractor_contact,0.00,combined_hard_shift,action_direction_projection,1,32,0.61603,0.49381,0.87202,0.73820,0.39372,0.51086,0.56250,0.09375,0.19849,0.28799,0.23487,1.00000,0.33415,0.67386,0.46153
distractor_contact,0.00,combined_hard_shift,action_direction_projection,2,32,0.65325,0.53571,0.87195,0.71447,0.26746,0.46794,0.62500,0.06250,0.17488,0.27116,0.19850,1.00000,0.36191,0.71606,0.54528
distractor_contact,0.00,combined_hard_shift,action_direction_projection,3,32,0.58861,0.46687,0.86223,0.68855,0.42902,0.49716,0.50000,0.15625,0.20400,0.29672,0.24567,1.00000,0.32815,0.66043,0.38587
distractor_contact,0.00,combined_hard_shift,action_direction_projection,4,32,0.62649,0.51015,0.84984,0.65472,0.29151,0.43518,0.53125,0.12500,0.18362,0.27696,0.20703,1.00000,0.35333,0.70056,0.45009
distractor_contact,0.00,combined_hard_shift,action_direction_projection,5,32,0.58484,0.45707,0.87295,0.73368,0.43196,0.52000,0.34375,0.09375,0.20218,0.29309,0.24566,1.00000,0.32896,0.66300,0.29697
distractor_contact,0.00,combined_hard_shift,action_direction_projection,6,32,0.62029,0.49513,0.87943,0.73361,0.42903,0.47627,0.56250,0.18750,0.20686,0.30393,0.24723,1.00000,0.31515,0.65814,0.42441
distractor_contact,0.00,combined_hard_shift,action_direction_projection,7,32,0.63589,0.53218,0.85861,0.67388,0.34134,0.44055,0.56250,0.18750,0.18575,0.27535,0.21958,1.00000,0.34792,0.68906,0.44329
distractor_contact,0.00,combined_hard_shift,action_direction_projection,8,32,0.62284,0.50773,0.87047,0.72190,0.42801,0.48565,0.65625,0.12500,0.19507,0.28367,0.24243,1.00000,0.34647,0.67232,0.51421
distractor_contact,0.00,combined_hard_shift,action_direction_projection,9,32,0.61663,0.49205,0.87852,0.71267,0.44013,0.52741,0.53125,0.15625,0.19813,0.29315,0.24750,1.00000,0.33234,0.66440,0.40955
distractor_contact,0.00,combined_hard_shift,calibrated_tree_flow_proxy,0,32,0.83312,0.78492,0.90416,0.86653,0.18418,0.29393,0.65625,0.09375,0.10472,0.18168,0.18823,1.00000,0.39624,0.76060,0.61046
distractor_contact,0.00,combined_hard_shift,calibrated_tree_flow_proxy,1,32,0.85534,0.81089,0.91355,0.88961,0.14732,0.30619,0.68750,0.09375,0.10073,0.17867,0.17880,1.00000,0.40900,0.77779,0.64164
distractor_contact,0.00,combined_hard_shift,calibrated_tree_flow_proxy,2,32,0.85607,0.82754,0.89305,0.84639,0.12690,0.31041,0.84375,0.09375,0.09626,0.17697,0.17434,1.00000,0.42286,0.78416,0.75409
distractor_contact,0.00,combined_hard_shift,calibrated_tree_flow_proxy,3,32,0.83771,0.78590,0.90324,0.86262,0.16595,0.31630,0.68750,0.03125,0.10311,0.18491,0.18440,1.00000,0.39847,0.76554,0.65701
distractor_contact,0.00,combined_hard_shift,calibrated_tree_flow_proxy,4,32,0.84952,0.80055,0.91109,0.88680,0.15354,0.31148,0.71875,0.09375,0.09771,0.18024,0.18092,1.00000,0.42204,0.78256,0.66209
distractor_contact,0.00,combined_hard_shift,calibrated_tree_flow_proxy,5,32,0.84624,0.80888,0.89488,0.85779,0.14737,0.30824,0.56250,0.09375,0.10306,0.18136,0.17982,1.00000,0.39933,0.76790,0.55137
distractor_contact,0.00,combined_hard_shift,calibrated_tree_flow_proxy,6,32,0.83987,0.78841,0.90782,0.90018,0.17233,0.32716,0.87500,0.09375,0.10285,0.17779,0.18623,1.00000,0.39816,0.76516,0.76464
distractor_contact,0.00,combined_hard_shift,calibrated_tree_flow_proxy,7,32,0.85601,0.81360,0.91023,0.87363,0.14537,0.31531,0.62500,0.06250,0.09717,0.17162,0.17781,1.00000,0.41384,0.77987,0.60918
distractor_contact,0.00,combined_hard_shift,calibrated_tree_flow_proxy,8,32,0.84331,0.79629,0.90456,0.87209,0.15313,0.32547,0.75000,0.12500,0.10127,0.18193,0.18021,1.00000,0.40822,0.77377,0.66988
distractor_contact,0.00,combined_hard_shift,calibrated_tree_flow_proxy,9,32,0.84712,0.79580,0.91014,0.86374,0.15725,0.33460,0.59375,0.03125,0.10172,0.17890,0.18173,1.00000,0.40063,0.77037,0.59341
distractor_contact,0.00,combined_hard_shift,causal_scene_flow_model_v5,0,32,0.80385,0.74464,0.88841,0.86504,0.19434,0.45835,0.68750,0.12500,0.09347,0.16924,0.18342,1.00000,0.48811,0.80205,0.61029
distractor_contact,0.00,combined_hard_shift,causal_scene_flow_model_v5,1,32,0.82115,0.75477,0.90732,0.88197,0.17197,0.51248,0.65625,0.00000,0.09067,0.17118,0.17825,1.00000,0.50708,0.82175,0.63798
distractor_contact,0.00,combined_hard_shift,causal_scene_flow_model_v5,2,32,0.81959,0.75072,0.91153,0.85970,0.18147,0.46709,0.78125,0.06250,0.08813,0.17619,0.18123,1.00000,0.53029,0.83283,0.70565
distractor_contact,0.00,combined_hard_shift,causal_scene_flow_model_v5,3,32,0.80767,0.73821,0.90433,0.84779,0.18762,0.48893,0.59375,0.03125,0.09338,0.17645,0.18264,1.00000,0.49284,0.81013,0.57897
distractor_contact,0.00,combined_hard_shift,causal_scene_flow_model_v5,4,32,0.83050,0.75187,0.93505,0.92366,0.18791,0.46925,0.68750,0.03125,0.08942,0.18023,0.18274,1.00000,0.53000,0.83737,0.65266
distractor_contact,0.00,combined_hard_shift,causal_scene_flow_model_v5,5,32,0.80212,0.73745,0.89269,0.86517,0.17738,0.52847,0.65625,0.03125,0.09256,0.17153,0.18008,1.00000,0.49544,0.81071,0.62076
distractor_contact,0.00,combined_hard_shift,causal_scene_flow_model_v5,6,32,0.80957,0.74476,0.89627,0.88727,0.20033,0.59768,0.50000,0.12500,0.08764,0.15793,0.18453,1.00000,0.49382,0.80574,0.47132
distractor_contact,0.00,combined_hard_shift,causal_scene_flow_model_v5,7,32,0.82113,0.74788,0.91879,0.90376,0.18723,0.48832,0.62500,0.06250,0.08767,0.16622,0.18121,1.00000,0.51841,0.82727,0.59389
distractor_contact,0.00,combined_hard_shift,causal_scene_flow_model_v5,8,32,0.82132,0.75532,0.91631,0.88687,0.17727,0.48314,0.78125,0.00000,0.09170,0.17744,0.17934,1.00000,0.51230,0.82564,0.72710
distractor_contact,0.00,combined_hard_shift,causal_scene_flow_model_v5,9,32,0.82277,0.76599,0.90543,0.88098,0.17669,0.51676,0.68750,0.09375,0.09034,0.16711,0.17923,1.00000,0.49592,0.81442,0.62466
distractor_contact,0.00,combined_hard_shift,contrastive_action_flow,0,32,0.80019,0.80393,0.81839,0.70622,0.16626,0.26043,0.71875,0.12500,0.11031,0.17316,0.15254,1.00000,0.36101,0.72393,0.63745
distractor_contact,0.00,combined_hard_shift,contrastive_action_flow,1,32,0.83268,0.83642,0.83928,0.75393,0.11634,0.26701,0.78125,0.09375,0.10595,0.16954,0.13923,1.00000,0.37239,0.74626,0.70592
distractor_contact,0.00,combined_hard_shift,contrastive_action_flow,2,32,0.85236,0.87909,0.83633,0.73277,0.08515,0.25131,0.84375,0.09375,0.10048,0.16708,0.13131,1.00000,0.38820,0.76058,0.75922
distractor_contact,0.00,combined_hard_shift,contrastive_action_flow,3,32,0.82089,0.81540,0.83630,0.73721,0.13992,0.28388,0.81250,0.15625,0.10774,0.17585,0.14589,1.00000,0.36305,0.73544,0.69827
distractor_contact,0.00,combined_hard_shift,contrastive_action_flow,4,32,0.84173,0.84129,0.85148,0.75871,0.12009,0.26021,0.71875,0.06250,0.10194,0.17078,0.14018,1.00000,0.38703,0.75622,0.67602
distractor_contact,0.00,combined_hard_shift,contrastive_action_flow,5,32,0.82957,0.84218,0.82858,0.72166,0.12041,0.25599,0.68750,0.03125,0.10806,0.17211,0.14101,1.00000,0.36303,0.73771,0.66145
distractor_contact,0.00,combined_hard_shift,contrastive_action_flow,6,32,0.81154,0.82223,0.81301,0.70998,0.13359,0.26057,0.65625,0.06250,0.10843,0.16893,0.14551,1.00000,0.36000,0.72919,0.62256
distractor_contact,0.00,combined_hard_shift,contrastive_action_flow,7,32,0.84366,0.85794,0.83717,0.71955,0.10698,0.25779,0.75000,0.09375,0.10215,0.16221,0.13629,1.00000,0.37809,0.75073,0.68802
distractor_contact,0.00,combined_hard_shift,contrastive_action_flow,8,32,0.82232,0.82335,0.82955,0.71995,0.12406,0.26788,0.78125,0.06250,0.10573,0.17210,0.14104,1.00000,0.37384,0.74279,0.71412
distractor_contact,0.00,combined_hard_shift,contrastive_action_flow,9,32,0.82948,0.83957,0.82641,0.69945,0.11606,0.27899,0.75000,0.00000,0.10694,0.16952,0.13991,1.00000,0.36344,0.73832,0.71565
distractor_contact,0.00,combined_hard_shift,learned_correlation_classifier,0,32,0.79179,0.73664,0.88244,0.82403,0.25214,0.30709,0.59375,0.09375,0.11783,0.19854,0.17995,1.00000,0.36728,0.72495,0.54687
distractor_contact,0.00,combined_hard_shift,learned_correlation_classifier,1,32,0.82770,0.78041,0.89982,0.86300,0.18834,0.32195,0.78125,0.12500,0.11317,0.19410,0.16245,1.00000,0.37628,0.74818,0.68217
distractor_contact,0.00,combined_hard_shift,learned_correlation_classifier,2,32,0.84387,0.81334,0.88934,0.82815,0.15211,0.31997,0.62500,0.12500,0.10751,0.19058,0.15304,1.00000,0.38881,0.75995,0.58126
distractor_contact,0.00,combined_hard_shift,learned_correlation_classifier,3,32,0.79744,0.74083,0.88548,0.83204,0.23958,0.34381,0.65625,0.21875,0.11575,0.20092,0.17708,1.00000,0.36755,0.72864,0.54627
distractor_contact,0.00,combined_hard_shift,learned_correlation_classifier,4,32,0.81919,0.76570,0.89547,0.84267,0.19955,0.31992,0.78125,0.09375,0.10976,0.19448,0.16587,1.00000,0.38658,0.74994,0.69105
distractor_contact,0.00,combined_hard_shift,learned_correlation_classifier,5,32,0.81404,0.76766,0.88406,0.83017,0.20169,0.32274,0.62500,0.06250,0.11578,0.19743,0.16703,1.00000,0.36720,0.73643,0.59005
distractor_contact,0.00,combined_hard_shift,learned_correlation_classifier,6,32,0.80806,0.75088,0.89337,0.85832,0.22972,0.33563,0.62500,0.09375,0.11593,0.19524,0.17482,1.00000,0.36620,0.73216,0.57319
distractor_contact,0.00,combined_hard_shift,learned_correlation_classifier,7,32,0.83650,0.79105,0.90066,0.84334,0.17862,0.32515,0.78125,0.06250,0.10930,0.18715,0.15926,1.00000,0.38066,0.75282,0.70761
distractor_contact,0.00,combined_hard_shift,learned_correlation_classifier,8,32,0.80582,0.74828,0.88916,0.83740,0.21245,0.33853,0.68750,0.09375,0.11389,0.19721,0.16882,1.00000,0.37550,0.73970,0.61939
distractor_contact,0.00,combined_hard_shift,learned_correlation_classifier,9,32,0.81690,0.76049,0.89431,0.83356,0.20733,0.35654,0.78125,0.15625,0.11381,0.19461,0.16796,1.00000,0.37006,0.73934,0.66378
distractor_contact,0.00,combined_hard_shift,oracle_causal_mask,0,32,1.00000,1.00000,1.00000,1.00000,0.00000,0.00000,1.00000,0.03125,0.00001,0.00174,0.01983,1.00000,0.99400,1.00000,0.96875
distractor_contact,0.00,combined_hard_shift,oracle_causal_mask,1,32,1.00000,1.00000,1.00000,1.00000,0.00000,0.00000,1.00000,0.03125,0.00001,0.00174,0.02002,1.00000,0.99400,1.00000,0.96875
distractor_contact,0.00,combined_hard_shift,oracle_causal_mask,2,32,1.00000,1.00000,1.00000,1.00000,0.00000,0.00000,0.96875,0.03125,0.00001,0.00177,0.02020,1.00000,0.99400,1.00000,0.94687
distractor_contact,0.00,combined_hard_shift,oracle_causal_mask,3,32,1.00000,1.00000,1.00000,1.00000,0.00000,0.00000,1.00000,0.00000,0.00001,0.00178,0.01998,1.00000,0.99400,1.00000,0.98000
distractor_contact,0.00,combined_hard_shift,oracle_causal_mask,4,32,1.00000,1.00000,1.00000,1.00000,0.00000,0.00000,0.93750,0.00000,0.00001,0.00178,0.02022,1.00000,0.99400,1.00000,0.93625
distractor_contact,0.00,combined_hard_shift,oracle_causal_mask,5,32,1.00000,1.00000,1.00000,1.00000,0.00000,0.00000,0.96875,0.00000,0.00001,0.00175,0.02001,1.00000,0.99400,1.00000,0.95813
distractor_contact,0.00,combined_hard_shift,oracle_causal_mask,6,32,1.00000,1.00000,1.00000,1.00000,0.00000,0.00000,0.96875,0.00000,0.00001,0.00175,0.02032,1.00000,0.99400,1.00000,0.95813
distractor_contact,0.00,combined_hard_shift,oracle_causal_mask,7,32,1.00000,1.00000,1.00000,1.00000,0.00000,0.00000,0.96875,0.00000,0.00001,0.00173,0.02016,1.00000,0.99400,1.00000,0.95813
distractor_contact,0.00,combined_hard_shift,oracle_causal_mask,8,32,1.00000,1.00000,1.00000,1.00000,0.00000,0.00000,0.96875,0.00000,0.00001,0.00176,0.01983,1.00000,0.99400,1.00000,0.95813
distractor_contact,0.00,combined_hard_shift,oracle_causal_mask,9,32,1.00000,1.00000,1.00000,1.00000,0.00000,0.00000,0.96875,0.03125,0.00001,0.00174,0.02010,1.00000,0.99400,1.00000,0.94687
distractor_contact,0.00,combined_hard_shift,world_model_flow_predictor,0,32,0.81541,0.79951,0.84988,0.77580,0.14321,0.41499,0.71875,0.06250,0.10103,0.16828,0.16657,1.00000,0.41216,0.76379,0.66066
distractor_contact,0.00,combined_hard_shift,world_model_flow_predictor,1,32,0.83772,0.81660,0.87334,0.81146,0.12391,0.46207,0.87500,0.09375,0.09811,0.17038,0.16179,1.00000,0.42958,0.78319,0.76417
distractor_contact,0.00,combined_hard_shift,world_model_flow_predictor,2,32,0.83577,0.80125,0.88235,0.79989,0.13628,0.42653,0.71875,0.18750,0.09504,0.17578,0.16538,1.00000,0.45159,0.79426,0.62271
distractor_contact,0.00,combined_hard_shift,world_model_flow_predictor,3,32,0.82614,0.80287,0.87129,0.78082,0.13597,0.42343,0.56250,0.06250,0.10056,0.17561,0.16539,1.00000,0.41597,0.77293,0.55446
distractor_contact,0.00,combined_hard_shift,world_model_flow_predictor,4,32,0.83970,0.79177,0.90428,0.86344,0.15042,0.43179,0.59375,0.03125,0.09626,0.17953,0.16876,1.00000,0.45063,0.79635,0.59033
distractor_contact,0.00,combined_hard_shift,world_model_flow_predictor,5,32,0.82245,0.80861,0.85302,0.76471,0.12459,0.47230,0.78125,0.15625,0.09996,0.17058,0.16269,1.00000,0.41796,0.77171,0.67153
distractor_contact,0.00,combined_hard_shift,world_model_flow_predictor,6,32,0.82204,0.80956,0.84832,0.77851,0.13530,0.53051,0.78125,0.12500,0.09641,0.15785,0.16480,1.00000,0.41312,0.76562,0.67721
distractor_contact,0.00,combined_hard_shift,world_model_flow_predictor,7,32,0.83773,0.80998,0.88227,0.80689,0.13597,0.43018,0.71875,0.21875,0.09567,0.16617,0.16427,1.00000,0.43823,0.78736,0.61077
distractor_contact,0.00,combined_hard_shift,world_model_flow_predictor,8,32,0.83779,0.80848,0.88715,0.81850,0.13649,0.44033,0.81250,0.12500,0.09949,0.17674,0.16458,1.00000,0.43332,0.78595,0.70931
distractor_contact,0.00,combined_hard_shift,world_model_flow_predictor,9,32,0.83225,0.81702,0.86782,0.81510,0.13463,0.47415,0.78125,0.00000,0.09852,0.16634,0.16445,1.00000,0.41830,0.77353,0.72825
distractor_contact,0.25,combined_hard_shift,action_direction_projection,0,32,0.58219,0.45535,0.87279,0.71217,0.46843,0.49811,0.50000,0.15625,0.20980,0.29869,0.26108,1.00000,0.32065,0.65061,0.37887
distractor_contact,0.25,combined_hard_shift,action_direction_projection,1,32,0.59353,0.48101,0.85282,0.68502,0.46527,0.45734,0.31250,0.09375,0.20626,0.28201,0.25841,1.00000,0.32599,0.64889,0.27456
distractor_contact,0.25,combined_hard_shift,action_direction_projection,2,32,0.62889,0.51209,0.87323,0.71681,0.37403,0.48840,0.68750,0.09375,0.17545,0.26575,0.22991,1.00000,0.36600,0.69507,0.55734
distractor_contact,0.25,combined_hard_shift,action_direction_projection,3,32,0.58346,0.44488,0.90037,0.77085,0.54738,0.54100,0.53125,0.18750,0.20817,0.30470,0.28134,1.00000,0.32801,0.64423,0.37689
distractor_contact,0.25,combined_hard_shift,action_direction_projection,4,32,0.57639,0.45622,0.84817,0.63863,0.50666,0.48784,0.40625,0.21875,0.21340,0.29690,0.27207,1.00000,0.31189,0.63124,0.28353
distractor_contact,0.25,combined_hard_shift,action_direction_projection,5,32,0.59880,0.47139,0.87477,0.73103,0.46364,0.47221,0.43750,0.18750,0.19245,0.28672,0.25706,1.00000,0.34862,0.66672,0.33060
distractor_contact,0.25,combined_hard_shift,action_direction_projection,6,32,0.58168,0.44808,0.88581,0.73938,0.48160,0.52029,0.46875,0.25000,0.20593,0.30217,0.26411,1.00000,0.33164,0.65681,0.32100
distractor_contact,0.25,combined_hard_shift,action_direction_projection,7,32,0.57155,0.44540,0.86171,0.68099,0.50070,0.49347,0.46875,0.21875,0.21129,0.30002,0.27023,1.00000,0.31533,0.63786,0.32768
distractor_contact,0.25,combined_hard_shift,action_direction_projection,8,32,0.57860,0.46425,0.84654,0.65011,0.44497,0.46152,0.62500,0.15625,0.21033,0.29151,0.25522,1.00000,0.31906,0.64812,0.47051
distractor_contact,0.25,combined_hard_shift,action_direction_projection,9,32,0.56796,0.43980,0.86875,0.72020,0.50463,0.50427,0.43750,0.15625,0.21203,0.30332,0.27108,1.00000,0.32427,0.64347,0.32728
distractor_contact,0.25,combined_hard_shift,calibrated_tree_flow_proxy,0,32,0.79127,0.71335,0.90709,0.87046,0.25633,0.36090,0.68750,0.12500,0.10888,0.18575,0.21150,1.00000,0.39671,0.74574,0.59993
distractor_contact,0.25,combined_hard_shift,calibrated_tree_flow_proxy,1,32,0.80610,0.74299,0.90427,0.88243,0.23238,0.34265,0.56250,0.12500,0.11011,0.18312,0.20504,1.00000,0.38772,0.74560,0.51875
distractor_contact,0.25,combined_hard_shift,calibrated_tree_flow_proxy,2,32,0.82201,0.75088,0.92288,0.88043,0.20870,0.37814,0.75000,0.09375,0.10094,0.18130,0.19825,1.00000,0.41838,0.77159,0.66763
distractor_contact,0.25,combined_hard_shift,calibrated_tree_flow_proxy,3,32,0.81870,0.76048,0.90222,0.85425,0.19377,0.32029,0.65625,0.03125,0.10433,0.18463,0.19580,1.00000,0.40499,0.76254,0.62815
distractor_contact,0.25,combined_hard_shift,calibrated_tree_flow_proxy,4,32,0.80646,0.73716,0.90337,0.83988,0.22733,0.31955,0.62500,0.09375,0.10927,0.18359,0.20429,1.00000,0.39034,0.74784,0.57607
distractor_contact,0.25,combined_hard_shift,calibrated_tree_flow_proxy,5,32,0.79157,0.70681,0.91408,0.86921,0.24595,0.34928,0.53125,0.18750,0.10631,0.19325,0.20946,1.00000,0.40909,0.75628,0.47131
distractor_contact,0.25,combined_hard_shift,calibrated_tree_flow_proxy,6,32,0.80064,0.73375,0.89390,0.85731,0.21872,0.36212,0.81250,0.12500,0.10733,0.18879,0.20282,1.00000,0.40088,0.75276,0.69421
distractor_contact,0.25,combined_hard_shift,calibrated_tree_flow_proxy,7,32,0.78571,0.71333,0.88926,0.85827,0.22937,0.32965,0.59375,0.06250,0.10910,0.18873,0.20577,1.00000,0.39345,0.74534,0.56098
distractor_contact,0.25,combined_hard_shift,calibrated_tree_flow_proxy,8,32,0.81519,0.76108,0.89671,0.87617,0.20474,0.34767,0.75000,0.09375,0.10779,0.18234,0.19866,1.00000,0.39012,0.75096,0.66637
distractor_contact,0.25,combined_hard_shift,calibrated_tree_flow_proxy,9,32,0.80642,0.72982,0.91302,0.90009,0.22309,0.35652,0.62500,0.03125,0.10939,0.19207,0.20355,1.00000,0.39260,0.75246,0.59741
distractor_contact,0.25,combined_hard_shift,causal_scene_flow_model_v5,0,32,0.78461,0.70040,0.90901,0.87689,0.25064,0.58200,0.71875,0.15625,0.09883,0.17721,0.20179,1.00000,0.49570,0.79896,0.60329
distractor_contact,0.25,combined_hard_shift,causal_scene_flow_model_v5,1,32,0.79504,0.73177,0.89743,0.88182,0.20608,0.47310,0.53125,0.00000,0.10233,0.17951,0.19171,1.00000,0.48638,0.80092,0.54207
distractor_contact,0.25,combined_hard_shift,causal_scene_flow_model_v5,2,32,0.79278,0.70509,0.93467,0.91814,0.23409,0.49940,0.68750,0.06250,0.09823,0.18919,0.19860,1.00000,0.53006,0.82715,0.62680
distractor_contact,0.25,combined_hard_shift,causal_scene_flow_model_v5,3,32,0.81527,0.76016,0.90107,0.87117,0.17345,0.50696,0.62500,0.03125,0.09058,0.17043,0.18254,1.00000,0.50737,0.81995,0.60385
distractor_contact,0.25,combined_hard_shift,causal_scene_flow_model_v5,4,32,0.80798,0.74192,0.90717,0.87141,0.21388,0.53975,0.71875,0.03125,0.09778,0.17297,0.19270,1.00000,0.48811,0.80263,0.65942
distractor_contact,0.25,combined_hard_shift,causal_scene_flow_model_v5,5,32,0.79781,0.70665,0.93415,0.90308,0.23711,0.45409,0.59375,0.03125,0.10179,0.19709,0.20051,1.00000,0.51269,0.81731,0.57440
distractor_contact,0.25,combined_hard_shift,causal_scene_flow_model_v5,6,32,0.79482,0.73084,0.89570,0.87442,0.22245,0.50612,0.59375,0.09375,0.09778,0.18004,0.19576,1.00000,0.49988,0.80388,0.54845
distractor_contact,0.25,combined_hard_shift,causal_scene_flow_model_v5,7,32,0.78919,0.71423,0.90008,0.89420,0.22104,0.58174,0.56250,0.09375,0.09846,0.17888,0.19528,1.00000,0.49232,0.80140,0.52101
distractor_contact,0.25,combined_hard_shift,causal_scene_flow_model_v5,8,32,0.81360,0.75588,0.90263,0.87757,0.18238,0.50055,0.75000,0.00000,0.09588,0.17361,0.18532,1.00000,0.48611,0.80734,0.70014
distractor_contact,0.25,combined_hard_shift,causal_scene_flow_model_v5,9,32,0.78600,0.71053,0.90430,0.88554,0.22227,0.53477,0.71875,0.06250,0.10144,0.18258,0.19579,1.00000,0.48621,0.79905,0.64351
distractor_contact,0.25,combined_hard_shift,contrastive_action_flow,0,32,0.77383,0.75222,0.82324,0.70169,0.20578,0.28782,0.75000,0.12500,0.11325,0.17519,0.16766,1.00000,0.36026,0.71610,0.64778
distractor_contact,0.25,combined_hard_shift,contrastive_action_flow,1,32,0.77426,0.76357,0.81124,0.69169,0.20507,0.30163,0.71875,0.12500,0.11534,0.17232,0.16728,1.00000,0.35041,0.70802,0.62426
distractor_contact,0.25,combined_hard_shift,contrastive_action_flow,2,32,0.80764,0.78528,0.84897,0.75161,0.17042,0.31591,0.81250,0.15625,0.10344,0.16934,0.15665,1.00000,0.38476,0.74331,0.69151
distractor_contact,0.25,combined_hard_shift,contrastive_action_flow,3,32,0.79835,0.79121,0.82309,0.70075,0.15817,0.26668,0.71875,0.12500,0.10872,0.17485,0.15541,1.00000,0.36929,0.73123,0.63863
distractor_contact,0.25,combined_hard_shift,contrastive_action_flow,4,32,0.77254,0.74758,0.81234,0.64505,0.19927,0.28508,0.68750,0.12500,0.11403,0.17320,0.16625,1.00000,0.35405,0.71148,0.60422
distractor_contact,0.25,combined_hard_shift,contrastive_action_flow,5,32,0.77987,0.74090,0.84506,0.74066,0.20670,0.30239,0.68750,0.03125,0.10966,0.18291,0.16788,1.00000,0.37531,0.72940,0.63936
distractor_contact,0.25,combined_hard_shift,contrastive_action_flow,6,32,0.79527,0.78507,0.82154,0.71340,0.16399,0.29220,0.65625,0.03125,0.11051,0.17853,0.15737,1.00000,0.36757,0.72866,0.62560
distractor_contact,0.25,combined_hard_shift,contrastive_action_flow,7,32,0.77529,0.74194,0.83257,0.75265,0.19897,0.28565,0.68750,0.09375,0.11271,0.17841,0.16603,1.00000,0.35948,0.71962,0.61689
distractor_contact,0.25,combined_hard_shift,contrastive_action_flow,8,32,0.78944,0.78939,0.81107,0.69432,0.17162,0.30169,0.75000,0.09375,0.11296,0.17198,0.15915,1.00000,0.35327,0.71682,0.66488
distractor_contact,0.25,combined_hard_shift,contrastive_action_flow,9,32,0.77839,0.74975,0.82947,0.74891,0.19554,0.31868,0.65625,0.00000,0.11357,0.18236,0.16539,1.00000,0.35690,0.71823,0.62752
distractor_contact,0.25,combined_hard_shift,learned_correlation_classifier,0,32,0.76949,0.69293,0.89403,0.83879,0.29247,0.35440,0.53125,0.09375,0.12123,0.20064,0.19581,1.00000,0.36370,0.71723,0.49095
distractor_contact,0.25,combined_hard_shift,learned_correlation_classifier,1,32,0.77530,0.70602,0.89142,0.87413,0.29125,0.35876,0.68750,0.06250,0.12312,0.19794,0.19501,1.00000,0.35476,0.71217,0.61178
distractor_contact,0.25,combined_hard_shift,learned_correlation_classifier,2,32,0.80877,0.74207,0.90505,0.84956,0.22053,0.37292,0.68750,0.18750,0.11167,0.19392,0.17525,1.00000,0.38305,0.74598,0.58383
distractor_contact,0.25,combined_hard_shift,learned_correlation_classifier,3,32,0.79418,0.72870,0.89459,0.82615,0.23707,0.33336,0.56250,0.18750,0.11700,0.20087,0.18111,1.00000,0.37274,0.73426,0.49298
distractor_contact,0.25,combined_hard_shift,learned_correlation_classifier,4,32,0.77025,0.69253,0.89118,0.81098,0.29585,0.34516,0.65625,0.15625,0.12194,0.19904,0.19671,1.00000,0.35888,0.71323,0.55574
distractor_contact,0.25,combined_hard_shift,learned_correlation_classifier,5,32,0.76976,0.68258,0.90528,0.85665,0.28902,0.35772,0.65625,0.15625,0.11762,0.20621,0.19496,1.00000,0.37661,0.72762,0.55746
distractor_contact,0.25,combined_hard_shift,learned_correlation_classifier,6,32,0.77236,0.69937,0.88156,0.83382,0.26224,0.37402,0.62500,0.06250,0.11897,0.20367,0.18850,1.00000,0.36988,0.72385,0.57153
distractor_contact,0.25,combined_hard_shift,learned_correlation_classifier,7,32,0.74990,0.66741,0.88414,0.84642,0.29671,0.35386,0.75000,0.09375,0.12177,0.20432,0.19776,1.00000,0.36063,0.71212,0.63985
distractor_contact,0.25,combined_hard_shift,learned_correlation_classifier,8,32,0.78518,0.72816,0.88927,0.85573,0.26275,0.34546,0.62500,0.15625,0.12104,0.19796,0.18797,1.00000,0.35788,0.71950,0.54096
distractor_contact,0.25,combined_hard_shift,learned_correlation_classifier,9,32,0.77457,0.69786,0.89507,0.86850,0.27138,0.36912,0.71875,0.15625,0.12136,0.20741,0.19071,1.00000,0.36211,0.72131,0.60265
distractor_contact,0.25,combined_hard_shift,oracle_causal_mask,0,32,1.00000,1.00000,1.00000,1.00000,0.00000,0.00000,1.00000,0.06250,0.00001,0.00173,0.02061,1.00000,0.99400,1.00000,0.95750
distractor_contact,0.25,combined_hard_shift,oracle_causal_mask,1,32,1.00000,1.00000,1.00000,1.00000,0.00000,0.00000,1.00000,0.03125,0.00001,0.00171,0.02046,1.00000,0.99400,1.00000,0.96875
distractor_contact,0.25,combined_hard_shift,oracle_causal_mask,2,32,1.00000,1.00000,1.00000,1.00000,0.00000,0.00000,0.96875,0.03125,0.00001,0.00176,0.02067,1.00000,0.99400,1.00000,0.94687
distractor_contact,0.25,combined_hard_shift,oracle_causal_mask,3,32,1.00000,1.00000,1.00000,1.00000,0.00000,0.00000,1.00000,0.00000,0.00001,0.00175,0.02066,1.00000,0.99400,1.00000,0.98000
distractor_contact,0.25,combined_hard_shift,oracle_causal_mask,4,32,1.00000,1.00000,1.00000,1.00000,0.00000,0.00000,0.93750,0.00000,0.00001,0.00171,0.02061,1.00000,0.99400,1.00000,0.93625
distractor_contact,0.25,combined_hard_shift,oracle_causal_mask,5,32,1.00000,1.00000,1.00000,1.00000,0.00000,0.00000,0.96875,0.03125,0.00001,0.00180,0.02068,1.00000,0.99400,1.00000,0.94688
distractor_contact,0.25,combined_hard_shift,oracle_causal_mask,6,32,1.00000,1.00000,1.00000,1.00000,0.00000,0.00000,0.96875,0.00000,0.00001,0.00176,0.02063,1.00000,0.99400,1.00000,0.95813
distractor_contact,0.25,combined_hard_shift,oracle_causal_mask,7,32,1.00000,1.00000,1.00000,1.00000,0.00000,0.00000,0.96875,0.00000,0.00001,0.00177,0.02064,1.00000,0.99400,1.00000,0.95813
distractor_contact,0.25,combined_hard_shift,oracle_causal_mask,8,32,1.00000,1.00000,1.00000,1.00000,0.00000,0.00000,0.96875,0.00000,0.00001,0.00172,0.02062,1.00000,0.99400,1.00000,0.95813
distractor_contact,0.25,combined_hard_shift,oracle_causal_mask,9,32,1.00000,1.00000,1.00000,1.00000,0.00000,0.00000,0.96875,0.03125,0.00001,0.00178,0.02053,1.00000,0.99400,1.00000,0.94687
distractor_contact,0.25,combined_hard_shift,world_model_flow_predictor,0,32,0.79373,0.74615,0.86997,0.80521,0.20289,0.54354,0.68750,0.06250,0.10443,0.17451,0.18606,1.00000,0.41803,0.75893,0.61986
distractor_contact,0.25,combined_hard_shift,world_model_flow_predictor,1,32,0.80790,0.77699,0.87214,0.81931,0.16903,0.44836,0.81250,0.09375,0.10794,0.17651,0.17785,1.00000,0.41094,0.76326,0.70867
distractor_contact,0.25,combined_hard_shift,world_model_flow_predictor,2,32,0.80960,0.74139,0.91888,0.89607,0.20670,0.47346,0.62500,0.18750,0.10311,0.18793,0.18704,1.00000,0.45296,0.78898,0.54100
distractor_contact,0.25,combined_hard_shift,world_model_flow_predictor,3,32,0.82286,0.80013,0.86647,0.80227,0.13617,0.47557,0.59375,0.06250,0.09843,0.16954,0.16903,1.00000,0.42746,0.77761,0.57322
distractor_contact,0.25,combined_hard_shift,world_model_flow_predictor,4,32,0.80658,0.77290,0.86571,0.76578,0.17885,0.49885,0.56250,0.03125,0.10454,0.17026,0.17994,1.00000,0.41005,0.75897,0.55124
distractor_contact,0.25,combined_hard_shift,world_model_flow_predictor,5,32,0.80111,0.73514,0.90243,0.84689,0.20784,0.42567,0.75000,0.15625,0.10616,0.19435,0.18876,1.00000,0.43727,0.77629,0.63960
distractor_contact,0.25,combined_hard_shift,world_model_flow_predictor,6,32,0.80221,0.77391,0.86347,0.79120,0.18336,0.45934,0.81250,0.15625,0.10339,0.17847,0.18187,1.00000,0.42389,0.76459,0.68304
distractor_contact,0.25,combined_hard_shift,world_model_flow_predictor,7,32,0.79960,0.76303,0.86251,0.82627,0.17841,0.54076,0.71875,0.21875,0.10435,0.17718,0.18067,1.00000,0.41463,0.76061,0.58973
distractor_contact,0.25,combined_hard_shift,world_model_flow_predictor,8,32,0.82722,0.81372,0.86579,0.78694,0.13759,0.45728,0.71875,0.12500,0.10310,0.17163,0.16995,1.00000,0.40897,0.76750,0.63863
distractor_contact,0.25,combined_hard_shift,world_model_flow_predictor,9,32,0.78580,0.74937,0.85673,0.80071,0.18518,0.48495,0.75000,0.03125,0.10705,0.18024,0.18271,1.00000,0.41091,0.75568,0.67884
distractor_contact,0.50,combined_hard_shift,action_direction_projection,0,32,0.57935,0.46326,0.84790,0.67755,0.50946,0.47324,0.56250,0.18750,0.20977,0.28916,0.27670,1.00000,0.33038,0.64017,0.40624
distractor_contact,0.50,combined_hard_shift,action_direction_projection,1,32,0.56814,0.44474,0.84687,0.64995,0.51214,0.50750,0.43750,0.12500,0.21123,0.29508,0.27843,1.00000,0.32559,0.63682,0.33666
distractor_contact,0.50,combined_hard_shift,action_direction_projection,2,32,0.52412,0.38108,0.88433,0.71882,0.67937,0.49645,0.40625,0.15625,0.25030,0.34420,0.32920,1.00000,0.29271,0.59267,0.27179
distractor_contact,0.50,combined_hard_shift,action_direction_projection,3,32,0.58850,0.46924,0.85917,0.69406,0.47457,0.44615,0.46875,0.21875,0.20297,0.28673,0.26618,1.00000,0.33876,0.65513,0.33843
distractor_contact,0.50,combined_hard_shift,action_direction_projection,4,32,0.55228,0.42313,0.84699,0.68282,0.54150,0.52882,0.46875,0.18750,0.21995,0.30419,0.28782,1.00000,0.31027,0.62243,0.32697
distractor_contact,0.50,combined_hard_shift,action_direction_projection,5,32,0.54560,0.41702,0.86796,0.71237,0.57167,0.47885,0.37500,0.21875,0.23165,0.32379,0.29829,1.00000,0.30448,0.61823,0.24790
distractor_contact,0.50,combined_hard_shift,action_direction_projection,6,32,0.55723,0.42567,0.86583,0.68783,0.61921,0.48177,0.34375,0.25000,0.23230,0.31567,0.30964,1.00000,0.30778,0.60893,0.20964
distractor_contact,0.50,combined_hard_shift,action_direction_projection,7,32,0.58323,0.44668,0.88074,0.74409,0.51634,0.44522,0.53125,0.25000,0.22319,0.30016,0.28008,1.00000,0.30881,0.63598,0.36284
distractor_contact,0.50,combined_hard_shift,action_direction_projection,8,32,0.58465,0.45919,0.86823,0.70908,0.48875,0.52318,0.62500,0.28125,0.20490,0.29063,0.27077,1.00000,0.33679,0.65335,0.41815
distractor_contact,0.50,combined_hard_shift,action_direction_projection,9,32,0.57439,0.44932,0.85843,0.70391,0.47664,0.48766,0.46875,0.25000,0.21082,0.29548,0.26862,1.00000,0.32154,0.64553,0.32103
distractor_contact,0.50,combined_hard_shift,calibrated_tree_flow_proxy,0,32,0.77608,0.70275,0.89471,0.82337,0.26043,0.34821,0.62500,0.18750,0.11208,0.19169,0.21836,1.00000,0.39254,0.73945,0.53076
distractor_contact,0.50,combined_hard_shift,calibrated_tree_flow_proxy,1,32,0.78025,0.70066,0.90717,0.85899,0.26947,0.35638,0.65625,0.21875,0.11260,0.19355,0.22073,1.00000,0.39208,0.74046,0.54060
distractor_contact,0.50,combined_hard_shift,calibrated_tree_flow_proxy,2,32,0.72718,0.62551,0.89867,0.84102,0.35718,0.35935,0.65625,0.12500,0.12278,0.20764,0.24464,1.00000,0.36949,0.70721,0.55117
distractor_contact,0.50,combined_hard_shift,calibrated_tree_flow_proxy,3,32,0.76390,0.67585,0.89994,0.88969,0.29624,0.37909,0.62500,0.06250,0.11360,0.19591,0.22751,1.00000,0.39034,0.73179,0.56675
distractor_contact,0.50,combined_hard_shift,calibrated_tree_flow_proxy,4,32,0.78803,0.71912,0.89475,0.87549,0.26119,0.34233,0.59375,0.12500,0.11266,0.18957,0.21861,1.00000,0.38710,0.73646,0.53320
distractor_contact,0.50,combined_hard_shift,calibrated_tree_flow_proxy,5,32,0.75525,0.66834,0.89741,0.87183,0.30023,0.35077,0.50000,0.12500,0.11840,0.20092,0.23005,1.00000,0.37913,0.72442,0.45570
distractor_contact,0.50,combined_hard_shift,calibrated_tree_flow_proxy,6,32,0.73632,0.62784,0.90437,0.85777,0.34126,0.35377,0.78125,0.09375,0.12157,0.20169,0.23999,1.00000,0.37952,0.71741,0.65485
distractor_contact,0.50,combined_hard_shift,calibrated_tree_flow_proxy,7,32,0.75728,0.65923,0.90668,0.89560,0.31863,0.35046,0.59375,0.12500,0.11995,0.19258,0.23350,1.00000,0.37660,0.72147,0.51910
distractor_contact,0.50,combined_hard_shift,calibrated_tree_flow_proxy,8,32,0.78458,0.69549,0.91932,0.89924,0.26820,0.40000,0.81250,0.15625,0.11195,0.19026,0.21990,1.00000,0.39834,0.74716,0.67151
distractor_contact,0.50,combined_hard_shift,calibrated_tree_flow_proxy,9,32,0.77064,0.68394,0.90159,0.88955,0.28770,0.38001,0.56250,0.03125,0.11443,0.19400,0.22546,1.00000,0.38850,0.73314,0.53645
distractor_contact,0.50,combined_hard_shift,causal_scene_flow_model_v5,0,32,0.77974,0.70512,0.91478,0.87957,0.23236,0.50366,0.71875,0.15625,0.10938,0.19372,0.20426,1.00000,0.49430,0.80376,0.60998
distractor_contact,0.50,combined_hard_shift,causal_scene_flow_model_v5,1,32,0.77748,0.69206,0.91804,0.89950,0.24563,0.53180,0.56250,0.00000,0.10948,0.19592,0.20778,1.00000,0.49445,0.80176,0.55297
distractor_contact,0.50,combined_hard_shift,causal_scene_flow_model_v5,2,32,0.73897,0.64715,0.88361,0.82678,0.28514,0.56512,0.62500,0.12500,0.11134,0.18838,0.21694,1.00000,0.44917,0.76058,0.53388
distractor_contact,0.50,combined_hard_shift,causal_scene_flow_model_v5,3,32,0.74598,0.63882,0.91496,0.91459,0.30089,0.54130,0.50000,0.03125,0.11165,0.20037,0.22111,1.00000,0.48536,0.78408,0.48361
distractor_contact,0.50,combined_hard_shift,causal_scene_flow_model_v5,4,32,0.78452,0.71481,0.89673,0.86628,0.23116,0.53671,0.65625,0.00000,0.10466,0.17968,0.20276,1.00000,0.48164,0.79275,0.62009
distractor_contact,0.50,combined_hard_shift,causal_scene_flow_model_v5,5,32,0.77003,0.70526,0.88463,0.86191,0.22921,0.52261,0.65625,0.03125,0.10799,0.18785,0.20393,1.00000,0.46874,0.78332,0.60647
distractor_contact,0.50,combined_hard_shift,causal_scene_flow_model_v5,6,32,0.72633,0.61767,0.90189,0.86775,0.32869,0.55573,0.50000,0.12500,0.11778,0.19861,0.22852,1.00000,0.46749,0.76527,0.44026
distractor_contact,0.50,combined_hard_shift,causal_scene_flow_model_v5,7,32,0.73578,0.63442,0.89063,0.86029,0.30380,0.61259,0.56250,0.09375,0.11743,0.19086,0.22239,1.00000,0.46247,0.76521,0.49634
distractor_contact,0.50,combined_hard_shift,causal_scene_flow_model_v5,8,32,0.77141,0.67295,0.92544,0.92501,0.28023,0.58402,0.71875,0.06250,0.10715,0.19093,0.21521,1.00000,0.49999,0.79896,0.63126
distractor_contact,0.50,combined_hard_shift,causal_scene_flow_model_v5,9,32,0.76267,0.67359,0.89929,0.86095,0.26299,0.52191,0.62500,0.09375,0.10976,0.19342,0.21194,1.00000,0.48489,0.78810,0.55748
distractor_contact,0.50,combined_hard_shift,contrastive_action_flow,0,32,0.74203,0.70093,0.81519,0.68002,0.24823,0.31768,0.68750,0.15625,0.11598,0.18133,0.18415,1.00000,0.35787,0.70343,0.57929
distractor_contact,0.50,combined_hard_shift,contrastive_action_flow,1,32,0.75064,0.70708,0.82723,0.69051,0.24835,0.30670,0.68750,0.18750,0.11660,0.18287,0.18429,1.00000,0.35607,0.70560,0.57032
distractor_contact,0.50,combined_hard_shift,contrastive_action_flow,2,32,0.69505,0.63028,0.81116,0.67513,0.33799,0.32930,0.62500,0.15625,0.12771,0.19989,0.20966,1.00000,0.33546,0.67098,0.51266
distractor_contact,0.50,combined_hard_shift,contrastive_action_flow,3,32,0.74980,0.70634,0.82992,0.75215,0.26549,0.30935,0.62500,0.18750,0.11705,0.18525,0.18841,1.00000,0.35661,0.70281,0.52389
distractor_contact,0.50,combined_hard_shift,contrastive_action_flow,4,32,0.75855,0.74688,0.80375,0.67613,0.23222,0.26300,0.62500,0.18750,0.11752,0.17960,0.18068,1.00000,0.35064,0.70022,0.53175
distractor_contact,0.50,combined_hard_shift,contrastive_action_flow,5,32,0.73452,0.68135,0.83083,0.74497,0.28112,0.31137,0.53125,0.03125,0.12242,0.19186,0.19401,1.00000,0.34566,0.69391,0.50900
distractor_contact,0.50,combined_hard_shift,contrastive_action_flow,6,32,0.70317,0.62175,0.82880,0.70744,0.33407,0.35358,0.53125,0.09375,0.12644,0.19241,0.20743,1.00000,0.34312,0.68041,0.47098
distractor_contact,0.50,combined_hard_shift,contrastive_action_flow,7,32,0.72193,0.66909,0.81108,0.72067,0.29306,0.28093,0.62500,0.12500,0.12501,0.18205,0.19674,1.00000,0.33927,0.68283,0.53792
distractor_contact,0.50,combined_hard_shift,contrastive_action_flow,8,32,0.77631,0.74088,0.84283,0.73028,0.21729,0.31332,0.71875,0.18750,0.11525,0.17947,0.17579,1.00000,0.36498,0.72113,0.60150
distractor_contact,0.50,combined_hard_shift,contrastive_action_flow,9,32,0.76514,0.73010,0.83016,0.72668,0.23780,0.29717,0.65625,0.00000,0.11763,0.18313,0.18153,1.00000,0.35504,0.70815,0.62041
distractor_contact,0.50,combined_hard_shift,learned_correlation_classifier,0,32,0.74141,0.65594,0.88491,0.80181,0.32737,0.37238,0.50000,0.15625,0.12483,0.20718,0.21127,1.00000,0.35914,0.70481,0.43532
distractor_contact,0.50,combined_hard_shift,learned_correlation_classifier,1,32,0.73873,0.65204,0.88015,0.79982,0.32455,0.36727,0.62500,0.09375,0.12512,0.20838,0.21111,1.00000,0.35842,0.70382,0.54542
distractor_contact,0.50,combined_hard_shift,learned_correlation_classifier,2,32,0.69683,0.59472,0.89031,0.81760,0.43056,0.35846,0.46875,0.31250,0.13689,0.22605,0.24096,1.00000,0.34306,0.67515,0.33496
distractor_contact,0.50,combined_hard_shift,learned_correlation_classifier,3,32,0.74329,0.65797,0.88831,0.85705,0.33774,0.36654,0.50000,0.28125,0.12467,0.20880,0.21390,1.00000,0.35969,0.70370,0.38960
distractor_contact,0.50,combined_hard_shift,learned_correlation_classifier,4,32,0.76812,0.70295,0.88143,0.83924,0.29997,0.33290,0.65625,0.15625,0.12567,0.20594,0.20442,1.00000,0.35524,0.70791,0.55500
distractor_contact,0.50,combined_hard_shift,learned_correlation_classifier,5,32,0.71615,0.61758,0.89510,0.85614,0.38806,0.37420,0.59375,0.21875,0.13151,0.21753,0.22885,1.00000,0.35030,0.68951,0.46518
distractor_contact,0.50,combined_hard_shift,learned_correlation_classifier,6,32,0.70888,0.59612,0.89594,0.84636,0.40201,0.38294,0.53125,0.15625,0.13421,0.21671,0.23227,1.00000,0.34923,0.68610,0.44016
distractor_contact,0.50,combined_hard_shift,learned_correlation_classifier,7,32,0.73021,0.63739,0.88679,0.86784,0.36734,0.33709,0.71875,0.12500,0.13214,0.20698,0.22260,1.00000,0.34592,0.68963,0.59341
distractor_contact,0.50,combined_hard_shift,learned_correlation_classifier,8,32,0.75760,0.66876,0.89727,0.85036,0.30404,0.39460,0.65625,0.09375,0.12374,0.20448,0.20489,1.00000,0.36606,0.71675,0.57269
distractor_contact,0.50,combined_hard_shift,learned_correlation_classifier,9,32,0.75377,0.67217,0.89189,0.85209,0.32530,0.36853,0.62500,0.21875,0.12609,0.20794,0.21080,1.00000,0.35723,0.70609,0.50294
distractor_contact,0.50,combined_hard_shift,oracle_causal_mask,0,32,1.00000,1.00000,1.00000,1.00000,0.00000,0.00000,1.00000,0.06250,0.00001,0.00177,0.02134,1.00000,0.99400,1.00000,0.95750
distractor_contact,0.50,combined_hard_shift,oracle_causal_mask,1,32,1.00000,1.00000,1.00000,1.00000,0.00000,0.00000,1.00000,0.03125,0.00001,0.00178,0.02142,1.00000,0.99400,1.00000,0.96875
distractor_contact,0.50,combined_hard_shift,oracle_causal_mask,2,32,1.00000,1.00000,1.00000,1.00000,0.00000,0.00000,0.96875,0.03125,0.00001,0.00179,0.02130,1.00000,0.99400,1.00000,0.94687
distractor_contact,0.50,combined_hard_shift,oracle_causal_mask,3,32,1.00000,1.00000,1.00000,1.00000,0.00000,0.00000,1.00000,0.00000,0.00001,0.00178,0.02131,1.00000,0.99400,1.00000,0.98000
distractor_contact,0.50,combined_hard_shift,oracle_causal_mask,4,32,1.00000,1.00000,1.00000,1.00000,0.00000,0.00000,0.93750,0.00000,0.00001,0.00175,0.02140,1.00000,0.99400,1.00000,0.93625
distractor_contact,0.50,combined_hard_shift,oracle_causal_mask,5,32,1.00000,1.00000,1.00000,1.00000,0.00000,0.00000,0.96875,0.03125,0.00001,0.00177,0.02146,1.00000,0.99400,1.00000,0.94688
distractor_contact,0.50,combined_hard_shift,oracle_causal_mask,6,32,1.00000,1.00000,1.00000,1.00000,0.00000,0.00000,0.96875,0.00000,0.00001,0.00174,0.02134,1.00000,0.99400,1.00000,0.95813
distractor_contact,0.50,combined_hard_shift,oracle_causal_mask,7,32,1.00000,1.00000,1.00000,1.00000,0.00000,0.00000,0.96875,0.00000,0.00001,0.00170,0.02141,1.00000,0.99400,1.00000,0.95813
distractor_contact,0.50,combined_hard_shift,oracle_causal_mask,8,32,1.00000,1.00000,1.00000,1.00000,0.00000,0.00000,0.96875,0.00000,0.00001,0.00172,0.02148,1.00000,0.99400,1.00000,0.95813
distractor_contact,0.50,combined_hard_shift,oracle_causal_mask,9,32,1.00000,1.00000,1.00000,1.00000,0.00000,0.00000,0.96875,0.03125,0.00001,0.00176,0.02137,1.00000,0.99400,1.00000,0.94687
distractor_contact,0.50,combined_hard_shift,world_model_flow_predictor,0,32,0.78466,0.73700,0.88021,0.80576,0.20362,0.48140,0.68750,0.06250,0.11340,0.19148,0.19300,1.00000,0.42013,0.76253,0.62248
distractor_contact,0.50,combined_hard_shift,world_model_flow_predictor,1,32,0.78399,0.73338,0.87935,0.81124,0.21510,0.50221,0.78125,0.03125,0.11317,0.19320,0.19622,1.00000,0.41865,0.75901,0.69620
distractor_contact,0.50,combined_hard_shift,world_model_flow_predictor,2,32,0.75315,0.70669,0.83215,0.70792,0.21662,0.52240,0.62500,0.18750,0.11550,0.18448,0.19685,1.00000,0.37700,0.72474,0.52014
distractor_contact,0.50,combined_hard_shift,world_model_flow_predictor,3,32,0.76914,0.68949,0.89117,0.86176,0.24930,0.49609,0.56250,0.12500,0.11424,0.19582,0.20419,1.00000,0.41329,0.75177,0.50234
distractor_contact,0.50,combined_hard_shift,world_model_flow_predictor,4,32,0.79396,0.76162,0.85974,0.78994,0.18508,0.50420,0.53125,0.06250,0.11002,0.17740,0.18754,1.00000,0.40557,0.75371,0.51439
distractor_contact,0.50,combined_hard_shift,world_model_flow_predictor,5,32,0.77676,0.75004,0.84323,0.76747,0.18623,0.48356,0.75000,0.15625,0.11216,0.18422,0.18934,1.00000,0.39625,0.74432,0.63099
distractor_contact,0.50,combined_hard_shift,world_model_flow_predictor,6,32,0.74152,0.66480,0.86832,0.79326,0.27595,0.51497,0.68750,0.25000,0.11981,0.19289,0.21168,1.00000,0.39619,0.73107,0.53361
distractor_contact,0.50,combined_hard_shift,world_model_flow_predictor,7,32,0.74746,0.68394,0.84702,0.78141,0.24909,0.57230,0.65625,0.21875,0.11994,0.18479,0.20519,1.00000,0.39071,0.72860,0.52342
distractor_contact,0.50,combined_hard_shift,world_model_flow_predictor,8,32,0.78064,0.71724,0.88442,0.82715,0.23218,0.53462,0.65625,0.15625,0.11083,0.18705,0.19961,1.00000,0.42436,0.75954,0.55923
distractor_contact,0.50,combined_hard_shift,world_model_flow_predictor,9,32,0.77715,0.71632,0.87262,0.80535,0.22594,0.48865,0.59375,0.03125,0.11320,0.18937,0.19850,1.00000,0.41123,0.75101,0.56241
distractor_contact,0.75,combined_hard_shift,action_direction_projection,0,32,0.54699,0.40938,0.87335,0.70112,0.51905,0.47348,0.40625,0.21875,0.23828,0.32110,0.28989,1.00000,0.30244,0.63015,0.27807
distractor_contact,0.75,combined_hard_shift,action_direction_projection,1,32,0.57683,0.45877,0.85361,0.67289,0.46771,0.42395,0.34375,0.15625,0.21907,0.28709,0.27166,1.00000,0.32355,0.64728,0.27278
distractor_contact,0.75,combined_hard_shift,action_direction_projection,2,32,0.55833,0.42442,0.86635,0.71054,0.49126,0.45229,0.50000,0.12500,0.22694,0.30782,0.28036,1.00000,0.31714,0.64209,0.38530
distractor_contact,0.75,combined_hard_shift,action_direction_projection,3,32,0.57385,0.44685,0.87060,0.69740,0.53100,0.49024,0.46875,0.25000,0.23063,0.31357,0.29197,1.00000,0.30804,0.62972,0.31237
distractor_contact,0.75,combined_hard_shift,action_direction_projection,4,32,0.54983,0.42125,0.87069,0.71939,0.55080,0.46927,0.40625,0.15625,0.23675,0.31627,0.29713,1.00000,0.30758,0.62515,0.29686
distractor_contact,0.75,combined_hard_shift,action_direction_projection,5,32,0.58602,0.46495,0.86643,0.71359,0.49959,0.44995,0.43750,0.09375,0.22286,0.30469,0.28239,1.00000,0.31931,0.64141,0.35629
distractor_contact,0.75,combined_hard_shift,action_direction_projection,6,32,0.58989,0.47376,0.87110,0.75666,0.50358,0.44435,0.56250,0.31250,0.22191,0.30105,0.28274,1.00000,0.31774,0.64092,0.36545
distractor_contact,0.75,combined_hard_shift,action_direction_projection,7,32,0.56258,0.43779,0.86326,0.70317,0.49849,0.47972,0.50000,0.15625,0.21862,0.30007,0.28070,1.00000,0.32600,0.64430,0.37248
distractor_contact,0.75,combined_hard_shift,action_direction_projection,8,32,0.56822,0.44223,0.86887,0.71765,0.52908,0.49845,0.56250,0.25000,0.22519,0.30181,0.28913,1.00000,0.32444,0.63822,0.37785
distractor_contact,0.75,combined_hard_shift,action_direction_projection,9,32,0.61010,0.48890,0.86203,0.70098,0.40229,0.46314,0.56250,0.12500,0.19711,0.27616,0.25194,1.00000,0.34602,0.67555,0.45137
distractor_contact,0.75,combined_hard_shift,calibrated_tree_flow_proxy,0,32,0.75733,0.66950,0.91039,0.88675,0.30739,0.36478,0.68750,0.18750,0.12600,0.21152,0.23792,1.00000,0.36666,0.71974,0.56252
distractor_contact,0.75,combined_hard_shift,calibrated_tree_flow_proxy,1,32,0.74398,0.64961,0.89873,0.83843,0.32909,0.39072,0.53125,0.15625,0.12372,0.19390,0.24143,1.00000,0.37269,0.71507,0.45754
distractor_contact,0.75,combined_hard_shift,calibrated_tree_flow_proxy,2,32,0.72866,0.62405,0.90646,0.86636,0.34479,0.37147,0.59375,0.12500,0.12459,0.20673,0.24658,1.00000,0.38061,0.71774,0.50968
distractor_contact,0.75,combined_hard_shift,calibrated_tree_flow_proxy,3,32,0.74890,0.64816,0.90642,0.87418,0.31542,0.41919,0.62500,0.09375,0.12407,0.20369,0.23942,1.00000,0.37204,0.71974,0.54694
distractor_contact,0.75,combined_hard_shift,calibrated_tree_flow_proxy,4,32,0.72916,0.61574,0.91416,0.89570,0.34560,0.39535,0.50000,0.15625,0.12660,0.21015,0.24666,1.00000,0.37315,0.71569,0.43111
distractor_contact,0.75,combined_hard_shift,calibrated_tree_flow_proxy,5,32,0.74164,0.64161,0.90221,0.88248,0.32540,0.41879,0.56250,0.15625,0.11834,0.19734,0.24094,1.00000,0.38662,0.72403,0.47887
distractor_contact,0.75,combined_hard_shift,calibrated_tree_flow_proxy,6,32,0.72075,0.61896,0.89514,0.90093,0.36844,0.41139,0.81250,0.09375,0.12427,0.19841,0.25238,1.00000,0.37234,0.70530,0.66606
distractor_contact,0.75,combined_hard_shift,calibrated_tree_flow_proxy,7,32,0.76320,0.67764,0.90846,0.88521,0.30191,0.37903,0.56250,0.06250,0.11914,0.20137,0.23482,1.00000,0.38212,0.72848,0.52181
distractor_contact,0.75,combined_hard_shift,calibrated_tree_flow_proxy,8,32,0.75126,0.65681,0.89913,0.90825,0.29959,0.40019,0.68750,0.21875,0.12160,0.20232,0.23466,1.00000,0.37701,0.72391,0.54961
distractor_contact,0.75,combined_hard_shift,calibrated_tree_flow_proxy,9,32,0.77827,0.69801,0.90081,0.84371,0.27178,0.38052,0.59375,0.03125,0.11288,0.18654,0.22633,1.00000,0.39876,0.74177,0.56247
distractor_contact,0.75,combined_hard_shift,causal_scene_flow_model_v5,0,32,0.73487,0.63738,0.90033,0.86063,0.28157,0.57422,0.68750,0.15625,0.12378,0.20961,0.22384,1.00000,0.45285,0.76762,0.56645
distractor_contact,0.75,combined_hard_shift,causal_scene_flow_model_v5,1,32,0.73271,0.63705,0.89710,0.87319,0.29631,0.60793,0.40625,0.03125,0.12378,0.19703,0.22594,1.00000,0.46384,0.76926,0.41064
distractor_contact,0.75,combined_hard_shift,causal_scene_flow_model_v5,2,32,0.72922,0.61899,0.91780,0.88589,0.31935,0.58351,0.62500,0.12500,0.12536,0.21031,0.23245,1.00000,0.47592,0.77585,0.52894
distractor_contact,0.75,combined_hard_shift,causal_scene_flow_model_v5,3,32,0.73245,0.63269,0.90368,0.87475,0.31857,0.67809,0.40625,0.03125,0.12114,0.20152,0.23175,1.00000,0.45782,0.76294,0.40296
distractor_contact,0.75,combined_hard_shift,causal_scene_flow_model_v5,4,32,0.71744,0.59985,0.91043,0.88526,0.33875,0.64142,0.65625,0.06250,0.12654,0.21090,0.23692,1.00000,0.46018,0.76148,0.56391
distractor_contact,0.75,combined_hard_shift,causal_scene_flow_model_v5,5,32,0.73969,0.64230,0.89606,0.87369,0.29354,0.57668,0.50000,0.06250,0.11172,0.19175,0.22429,1.00000,0.48557,0.78089,0.46973
distractor_contact,0.75,combined_hard_shift,causal_scene_flow_model_v5,6,32,0.71888,0.61199,0.89784,0.89659,0.32016,0.58768,0.50000,0.12500,0.12358,0.19964,0.23239,1.00000,0.46209,0.76329,0.43794
distractor_contact,0.75,combined_hard_shift,causal_scene_flow_model_v5,7,32,0.75000,0.65208,0.91449,0.89911,0.27965,0.57872,0.59375,0.09375,0.11546,0.20102,0.22125,1.00000,0.48198,0.78688,0.52802
distractor_contact,0.75,combined_hard_shift,causal_scene_flow_model_v5,8,32,0.73052,0.63506,0.88782,0.87219,0.27978,0.65648,0.65625,0.03125,0.11986,0.20266,0.22235,1.00000,0.46354,0.77032,0.58448
distractor_contact,0.75,combined_hard_shift,causal_scene_flow_model_v5,9,32,0.76691,0.66612,0.92113,0.89100,0.28144,0.56062,0.59375,0.09375,0.11262,0.19337,0.22129,1.00000,0.50172,0.79847,0.53299
distractor_contact,0.75,combined_hard_shift,contrastive_action_flow,0,32,0.71426,0.66337,0.81694,0.69774,0.30484,0.32887,0.59375,0.12500,0.13082,0.20229,0.20705,1.00000,0.33002,0.67695,0.50983
distractor_contact,0.75,combined_hard_shift,contrastive_action_flow,1,32,0.71845,0.66927,0.81740,0.68592,0.30988,0.32076,0.65625,0.18750,0.12848,0.18323,0.20597,1.00000,0.33726,0.67973,0.53196
distractor_contact,0.75,combined_hard_shift,contrastive_action_flow,2,32,0.70103,0.62672,0.83188,0.73457,0.32996,0.33587,0.68750,0.18750,0.12886,0.19727,0.21214,1.00000,0.34567,0.68345,0.54818
distractor_contact,0.75,combined_hard_shift,contrastive_action_flow,3,32,0.73737,0.67254,0.84659,0.75864,0.28691,0.34655,0.65625,0.15625,0.12807,0.19405,0.20094,1.00000,0.33771,0.69260,0.54899
distractor_contact,0.75,combined_hard_shift,contrastive_action_flow,4,32,0.70541,0.63413,0.82728,0.74580,0.31432,0.31859,0.68750,0.18750,0.13114,0.20068,0.20849,1.00000,0.33702,0.68119,0.55152
distractor_contact,0.75,combined_hard_shift,contrastive_action_flow,5,32,0.72120,0.66132,0.82767,0.73790,0.30567,0.35141,0.59375,0.03125,0.12317,0.18800,0.20526,1.00000,0.35043,0.69017,0.54482
distractor_contact,0.75,combined_hard_shift,contrastive_action_flow,6,32,0.70111,0.64009,0.81284,0.73534,0.33374,0.36428,0.50000,0.09375,0.12911,0.18844,0.21331,1.00000,0.33638,0.67283,0.44726
distractor_contact,0.75,combined_hard_shift,contrastive_action_flow,7,32,0.73348,0.69312,0.82026,0.73477,0.28172,0.30766,0.62500,0.12500,0.12328,0.19137,0.19920,1.00000,0.34673,0.69159,0.54058
distractor_contact,0.75,combined_hard_shift,contrastive_action_flow,8,32,0.73648,0.68354,0.82446,0.75352,0.26926,0.33579,0.65625,0.18750,0.12589,0.19243,0.19612,1.00000,0.34335,0.69366,0.54049
distractor_contact,0.75,combined_hard_shift,contrastive_action_flow,9,32,0.75396,0.72469,0.81324,0.66941,0.23524,0.30523,0.65625,0.00000,0.11671,0.17568,0.18637,1.00000,0.36450,0.70923,0.61857
distractor_contact,0.75,combined_hard_shift,learned_correlation_classifier,0,32,0.72568,0.64090,0.88960,0.84957,0.36286,0.35869,0.53125,0.15625,0.13930,0.22700,0.22930,1.00000,0.33601,0.68619,0.44901
distractor_contact,0.75,combined_hard_shift,learned_correlation_classifier,1,32,0.72440,0.63326,0.88658,0.81067,0.37244,0.37882,0.62500,0.15625,0.13593,0.20827,0.22951,1.00000,0.34160,0.68621,0.51208
distractor_contact,0.75,combined_hard_shift,learned_correlation_classifier,2,32,0.70624,0.60558,0.88813,0.83286,0.37941,0.36912,0.40625,0.18750,0.13706,0.22139,0.23283,1.00000,0.34883,0.68884,0.34486
distractor_contact,0.75,combined_hard_shift,learned_correlation_classifier,3,32,0.72128,0.61599,0.90087,0.85458,0.37234,0.41308,0.46875,0.18750,0.13606,0.21817,0.23057,1.00000,0.34330,0.69083,0.38946
distractor_contact,0.75,combined_hard_shift,learned_correlation_classifier,4,32,0.70948,0.60192,0.89975,0.85836,0.38423,0.37719,0.50000,0.09375,0.13900,0.22449,0.23376,1.00000,0.34290,0.68771,0.44355
distractor_contact,0.75,combined_hard_shift,learned_correlation_classifier,5,32,0.70470,0.60287,0.88832,0.84790,0.40227,0.42273,0.56250,0.18750,0.13227,0.21410,0.23816,1.00000,0.35263,0.68583,0.44767
distractor_contact,0.75,combined_hard_shift,learned_correlation_classifier,6,32,0.69745,0.59646,0.87715,0.86039,0.40714,0.41897,0.62500,0.18750,0.13702,0.21370,0.24016,1.00000,0.34153,0.67609,0.48873
distractor_contact,0.75,combined_hard_shift,learned_correlation_classifier,7,32,0.73631,0.64952,0.89075,0.86208,0.34469,0.38140,0.65625,0.09375,0.13205,0.21668,0.22267,1.00000,0.34935,0.69743,0.56288
distractor_contact,0.75,combined_hard_shift,learned_correlation_classifier,8,32,0.72579,0.62675,0.89253,0.88930,0.35528,0.39812,0.65625,0.12500,0.13428,0.21745,0.22548,1.00000,0.34750,0.69460,0.54733
distractor_contact,0.75,combined_hard_shift,learned_correlation_classifier,9,32,0.75920,0.68224,0.88283,0.81743,0.29519,0.37395,0.56250,0.18750,0.12445,0.20050,0.20848,1.00000,0.36542,0.71461,0.47562
distractor_contact,0.75,combined_hard_shift,oracle_causal_mask,0,32,1.00000,1.00000,1.00000,1.00000,0.00000,0.00000,1.00000,0.06250,0.00001,0.00182,0.02221,1.00000,0.99400,1.00000,0.95750
distractor_contact,0.75,combined_hard_shift,oracle_causal_mask,1,32,1.00000,1.00000,1.00000,1.00000,0.00000,0.00000,1.00000,0.03125,0.00001,0.00169,0.02215,1.00000,0.99400,1.00000,0.96875
distractor_contact,0.75,combined_hard_shift,oracle_causal_mask,2,32,1.00000,1.00000,1.00000,1.00000,0.00000,0.00000,0.96875,0.03125,0.00001,0.00179,0.02219,1.00000,0.99400,1.00000,0.94687
distractor_contact,0.75,combined_hard_shift,oracle_causal_mask,3,32,1.00000,1.00000,1.00000,1.00000,0.00000,0.00000,1.00000,0.00000,0.00001,0.00174,0.02232,1.00000,0.99400,1.00000,0.98000
distractor_contact,0.75,combined_hard_shift,oracle_causal_mask,4,32,1.00000,1.00000,1.00000,1.00000,0.00000,0.00000,0.93750,0.00000,0.00001,0.00178,0.02206,1.00000,0.99400,1.00000,0.93625
distractor_contact,0.75,combined_hard_shift,oracle_causal_mask,5,32,1.00000,1.00000,1.00000,1.00000,0.00000,0.00000,0.96875,0.03125,0.00001,0.00177,0.02237,1.00000,0.99400,1.00000,0.94688
distractor_contact,0.75,combined_hard_shift,oracle_causal_mask,6,32,1.00000,1.00000,1.00000,1.00000,0.00000,0.00000,0.96875,0.00000,0.00001,0.00174,0.02234,1.00000,0.99400,1.00000,0.95813
distractor_contact,0.75,combined_hard_shift,oracle_causal_mask,7,32,1.00000,1.00000,1.00000,1.00000,0.00000,0.00000,0.96875,0.00000,0.00001,0.00180,0.02218,1.00000,0.99400,1.00000,0.95813
distractor_contact,0.75,combined_hard_shift,oracle_causal_mask,8,32,1.00000,1.00000,1.00000,1.00000,0.00000,0.00000,0.96875,0.00000,0.00001,0.00175,0.02212,1.00000,0.99400,1.00000,0.95813
distractor_contact,0.75,combined_hard_shift,oracle_causal_mask,9,32,1.00000,1.00000,1.00000,1.00000,0.00000,0.00000,0.96875,0.03125,0.00001,0.00172,0.02243,1.00000,0.99400,1.00000,0.94687
distractor_contact,0.75,combined_hard_shift,world_model_flow_predictor,0,32,0.74685,0.68034,0.86105,0.76901,0.23858,0.53536,0.62500,0.06250,0.12560,0.20437,0.20944,1.00000,0.38161,0.72982,0.56132
distractor_contact,0.75,combined_hard_shift,world_model_flow_predictor,1,32,0.74938,0.68555,0.86743,0.80500,0.25137,0.57104,0.78125,0.09375,0.12538,0.19115,0.21084,1.00000,0.39407,0.73514,0.65682
distractor_contact,0.75,combined_hard_shift,world_model_flow_predictor,2,32,0.73424,0.64893,0.88163,0.81149,0.28549,0.54779,0.56250,0.18750,0.12575,0.20517,0.22030,1.00000,0.40375,0.73636,0.46497
distractor_contact,0.75,combined_hard_shift,world_model_flow_predictor,3,32,0.75128,0.67879,0.87520,0.82089,0.26657,0.62418,0.50000,0.15625,0.12297,0.19521,0.21505,1.00000,0.38662,0.72995,0.43211
distractor_contact,0.75,combined_hard_shift,world_model_flow_predictor,4,32,0.72829,0.63781,0.87271,0.82096,0.29327,0.59339,0.50000,0.03125,0.12711,0.20459,0.22207,1.00000,0.38958,0.72497,0.47148
distractor_contact,0.75,combined_hard_shift,world_model_flow_predictor,5,32,0.75021,0.68738,0.85845,0.79681,0.23944,0.54152,0.68750,0.18750,0.11491,0.18874,0.20761,1.00000,0.41072,0.74410,0.56185
distractor_contact,0.75,combined_hard_shift,world_model_flow_predictor,6,32,0.72916,0.65981,0.85594,0.81148,0.26826,0.54900,0.62500,0.28125,0.12507,0.19454,0.21620,1.00000,0.39219,0.72747,0.47508
distractor_contact,0.75,combined_hard_shift,world_model_flow_predictor,7,32,0.76351,0.69798,0.88049,0.82562,0.23551,0.53801,0.68750,0.21875,0.11834,0.19805,0.20670,1.00000,0.40864,0.74961,0.55407
distractor_contact,0.75,combined_hard_shift,world_model_flow_predictor,8,32,0.75573,0.69349,0.86125,0.81341,0.22390,0.61521,0.56250,0.18750,0.12189,0.19742,0.20451,1.00000,0.39332,0.73919,0.47209
distractor_contact,0.75,combined_hard_shift,world_model_flow_predictor,9,32,0.76963,0.69277,0.88786,0.81224,0.25596,0.53423,0.59375,0.03125,0.11536,0.19039,0.21123,1.00000,0.42796,0.75707,0.55559
distractor_contact,1.00,combined_hard_shift,action_direction_projection,0,32,0.55819,0.43109,0.85514,0.66988,0.50083,0.49620,0.56250,0.25000,0.24078,0.31009,0.28977,1.00000,0.31191,0.63435,0.37931
distractor_contact,1.00,combined_hard_shift,action_direction_projection,1,32,0.52150,0.38727,0.86686,0.70976,0.62757,0.48259,0.31250,0.15625,0.26760,0.34624,0.32975,1.00000,0.26984,0.58763,0.21219
distractor_contact,1.00,combined_hard_shift,action_direction_projection,2,32,0.58218,0.46273,0.85436,0.68340,0.49355,0.48993,0.46875,0.09375,0.22969,0.29211,0.28552,1.00000,0.31088,0.63521,0.37513
distractor_contact,1.00,combined_hard_shift,action_direction_projection,3,32,0.54758,0.42010,0.86994,0.72289,0.53346,0.50541,0.46875,0.21875,0.23926,0.32040,0.29927,1.00000,0.29712,0.62333,0.31745
distractor_contact,1.00,combined_hard_shift,action_direction_projection,4,32,0.55526,0.42245,0.87794,0.73653,0.50399,0.51648,0.40625,0.18750,0.23235,0.31341,0.28974,1.00000,0.31492,0.64115,0.29119
distractor_contact,1.00,combined_hard_shift,action_direction_projection,5,32,0.54898,0.42041,0.86759,0.72018,0.61164,0.50840,0.40625,0.21875,0.25732,0.33007,0.32200,1.00000,0.28518,0.59931,0.26148
distractor_contact,1.00,combined_hard_shift,action_direction_projection,6,32,0.57376,0.46067,0.85578,0.69547,0.53176,0.48760,0.46875,0.28125,0.23684,0.30363,0.29692,1.00000,0.30779,0.62557,0.30068
distractor_contact,1.00,combined_hard_shift,action_direction_projection,7,32,0.54281,0.41412,0.86888,0.71236,0.62932,0.51787,0.43750,0.28125,0.26249,0.33405,0.32741,1.00000,0.27263,0.58922,0.25597
distractor_contact,1.00,combined_hard_shift,action_direction_projection,8,32,0.55890,0.42670,0.86508,0.71556,0.56306,0.56977,0.56250,0.31250,0.22920,0.30410,0.30451,1.00000,0.31814,0.62648,0.34410
distractor_contact,1.00,combined_hard_shift,action_direction_projection,9,32,0.58589,0.46702,0.86525,0.70836,0.47831,0.48070,0.46875,0.18750,0.22444,0.30004,0.28187,1.00000,0.31383,0.64293,0.34528
distractor_contact,1.00,combined_hard_shift,calibrated_tree_flow_proxy,0,32,0.72144,0.62653,0.89353,0.85047,0.35609,0.45122,0.59375,0.21875,0.13031,0.21101,0.25521,1.00000,0.37248,0.70767,0.46742
distractor_contact,1.00,combined_hard_shift,calibrated_tree_flow_proxy,1,32,0.68661,0.56188,0.90294,0.87913,0.41796,0.43702,0.50000,0.25000,0.14337,0.22271,0.27370,1.00000,0.34936,0.68448,0.37562
distractor_contact,1.00,combined_hard_shift,calibrated_tree_flow_proxy,2,32,0.73858,0.64324,0.90362,0.86135,0.34332,0.44649,0.62500,0.12500,0.13138,0.19993,0.25130,1.00000,0.36575,0.70961,0.52784
distractor_contact,1.00,combined_hard_shift,calibrated_tree_flow_proxy,3,32,0.72980,0.62545,0.89953,0.88534,0.33136,0.45316,0.53125,0.12500,0.13097,0.21025,0.24953,1.00000,0.36996,0.71336,0.46229
distractor_contact,1.00,combined_hard_shift,calibrated_tree_flow_proxy,4,32,0.73168,0.62749,0.91278,0.88682,0.33531,0.47136,0.50000,0.15625,0.13015,0.21507,0.25034,1.00000,0.37096,0.71645,0.42827
distractor_contact,1.00,combined_hard_shift,calibrated_tree_flow_proxy,5,32,0.72155,0.62330,0.89509,0.87994,0.37190,0.43097,0.53125,0.18750,0.13483,0.21119,0.25964,1.00000,0.35656,0.69632,0.43290
distractor_contact,1.00,combined_hard_shift,calibrated_tree_flow_proxy,6,32,0.72162,0.62829,0.88335,0.84453,0.35414,0.46759,0.71875,0.09375,0.13340,0.20815,0.25519,1.00000,0.35881,0.69834,0.59808
distractor_contact,1.00,combined_hard_shift,calibrated_tree_flow_proxy,7,32,0.71965,0.61533,0.89852,0.90058,0.38835,0.49406,0.53125,0.12500,0.13495,0.21040,0.26345,1.00000,0.34993,0.69014,0.44859
distractor_contact,1.00,combined_hard_shift,calibrated_tree_flow_proxy,8,32,0.75762,0.66959,0.89801,0.85798,0.29511,0.43023,0.68750,0.15625,0.12479,0.20180,0.23917,1.00000,0.37750,0.72486,0.57197
distractor_contact,1.00,combined_hard_shift,calibrated_tree_flow_proxy,9,32,0.74864,0.65601,0.91554,0.90283,0.32056,0.44891,0.56250,0.03125,0.12685,0.20456,0.24577,1.00000,0.37864,0.72441,0.52381
distractor_contact,1.00,combined_hard_shift,causal_scene_flow_model_v5,0,32,0.72650,0.62627,0.89657,0.88316,0.28723,0.49100,0.65625,0.15625,0.13037,0.21492,0.23048,1.00000,0.46412,0.77126,0.54799
distractor_contact,1.00,combined_hard_shift,causal_scene_flow_model_v5,1,32,0.67494,0.54603,0.90175,0.87063,0.39892,0.63867,0.28125,0.03125,0.14446,0.22087,0.25957,1.00000,0.42971,0.73014,0.29504
distractor_contact,1.00,combined_hard_shift,causal_scene_flow_model_v5,2,32,0.71684,0.60717,0.90120,0.85296,0.32750,0.68485,0.59375,0.12500,0.13246,0.20725,0.23978,1.00000,0.45806,0.76046,0.49618
distractor_contact,1.00,combined_hard_shift,causal_scene_flow_model_v5,3,32,0.71634,0.60713,0.90540,0.88718,0.34270,0.70975,0.40625,0.09375,0.13161,0.20993,0.24350,1.00000,0.46383,0.76120,0.37288
distractor_contact,1.00,combined_hard_shift,causal_scene_flow_model_v5,4,32,0.73001,0.62391,0.91483,0.88801,0.30419,0.68947,0.53125,0.03125,0.13113,0.21851,0.23487,1.00000,0.46439,0.77241,0.49225
distractor_contact,1.00,combined_hard_shift,causal_scene_flow_model_v5,5,32,0.73205,0.64476,0.88733,0.85226,0.29803,0.66945,0.56250,0.06250,0.12900,0.19976,0.23169,1.00000,0.44347,0.75574,0.50313
distractor_contact,1.00,combined_hard_shift,causal_scene_flow_model_v5,6,32,0.72051,0.62106,0.89019,0.87108,0.31544,0.62695,0.43750,0.12500,0.13061,0.20701,0.23663,1.00000,0.44637,0.75417,0.39156
distractor_contact,1.00,combined_hard_shift,causal_scene_flow_model_v5,7,32,0.72514,0.63394,0.88103,0.86402,0.31231,0.68896,0.56250,0.12500,0.12614,0.19475,0.23433,1.00000,0.43399,0.74604,0.47548
distractor_contact,1.00,combined_hard_shift,causal_scene_flow_model_v5,8,32,0.72890,0.62856,0.90578,0.86492,0.31849,0.64387,0.56250,0.06250,0.12510,0.20347,0.23651,1.00000,0.47011,0.76989,0.50341
distractor_contact,1.00,combined_hard_shift,causal_scene_flow_model_v5,9,32,0.74635,0.65421,0.91479,0.91534,0.30102,0.63329,0.46875,0.15625,0.12626,0.20531,0.23284,1.00000,0.48232,0.78243,0.41106
distractor_contact,1.00,combined_hard_shift,contrastive_action_flow,0,32,0.69038,0.61633,0.82670,0.71440,0.36097,0.44244,0.56250,0.15625,0.13590,0.20207,0.22586,1.00000,0.33803,0.67130,0.45866
distractor_contact,1.00,combined_hard_shift,contrastive_action_flow,1,32,0.66492,0.56999,0.82978,0.73358,0.40234,0.40582,0.53125,0.15625,0.14976,0.21507,0.23984,1.00000,0.31107,0.64899,0.42726
distractor_contact,1.00,combined_hard_shift,contrastive_action_flow,2,32,0.71607,0.66332,0.82114,0.68834,0.31159,0.37155,0.78125,0.18750,0.13695,0.18931,0.21300,1.00000,0.32927,0.67617,0.61540
distractor_contact,1.00,combined_hard_shift,contrastive_action_flow,3,32,0.70035,0.63808,0.80845,0.69100,0.30199,0.40375,0.62500,0.18750,0.13533,0.20054,0.21202,1.00000,0.33360,0.67723,0.50286
distractor_contact,1.00,combined_hard_shift,contrastive_action_flow,4,32,0.71164,0.64659,0.83339,0.74417,0.30703,0.39323,0.62500,0.18750,0.13432,0.20514,0.21270,1.00000,0.33562,0.68366,0.50546
distractor_contact,1.00,combined_hard_shift,contrastive_action_flow,5,32,0.68751,0.61539,0.81888,0.73061,0.36664,0.39922,0.53125,0.06250,0.14108,0.20284,0.22821,1.00000,0.31920,0.65823,0.47042
distractor_contact,1.00,combined_hard_shift,contrastive_action_flow,6,32,0.70321,0.65147,0.80612,0.68770,0.32528,0.39732,0.56250,0.06250,0.13833,0.19806,0.21751,1.00000,0.32354,0.66627,0.50084
distractor_contact,1.00,combined_hard_shift,contrastive_action_flow,7,32,0.68367,0.62330,0.79956,0.69403,0.37351,0.43491,0.56250,0.18750,0.14117,0.20183,0.23034,1.00000,0.31299,0.64847,0.44254
distractor_contact,1.00,combined_hard_shift,contrastive_action_flow,8,32,0.74475,0.68112,0.84891,0.76231,0.27224,0.38660,0.65625,0.18750,0.12888,0.19201,0.20183,1.00000,0.34455,0.69999,0.53917
distractor_contact,1.00,combined_hard_shift,contrastive_action_flow,9,32,0.72215,0.66368,0.84071,0.75241,0.30762,0.39784,0.56250,0.00000,0.13119,0.19425,0.21175,1.00000,0.34264,0.68908,0.53120
distractor_contact,1.00,combined_hard_shift,learned_correlation_classifier,0,32,0.68677,0.58333,0.88513,0.82960,0.42547,0.48538,0.53125,0.09375,0.14534,0.22734,0.25129,1.00000,0.33964,0.67314,0.44860
distractor_contact,1.00,combined_hard_shift,learned_correlation_classifier,1,32,0.66858,0.54580,0.89005,0.84470,0.45431,0.44252,0.53125,0.15625,0.15731,0.23866,0.26199,1.00000,0.31898,0.65733,0.42041
distractor_contact,1.00,combined_hard_shift,learned_correlation_classifier,2,32,0.71025,0.61355,0.88245,0.81614,0.38580,0.45606,0.50000,0.25000,0.14512,0.21462,0.24027,1.00000,0.33229,0.67735,0.38126
distractor_contact,1.00,combined_hard_shift,learned_correlation_classifier,3,32,0.71635,0.61639,0.88623,0.85219,0.34757,0.44920,0.46875,0.25000,0.14264,0.22434,0.23097,1.00000,0.33854,0.69000,0.36688
distractor_contact,1.00,combined_hard_shift,learned_correlation_classifier,4,32,0.70855,0.61093,0.88885,0.84805,0.36497,0.45274,0.50000,0.18750,0.14237,0.22889,0.23567,1.00000,0.33929,0.68724,0.40738
distractor_contact,1.00,combined_hard_shift,learned_correlation_classifier,5,32,0.68417,0.57820,0.88025,0.85999,0.43824,0.44257,0.50000,0.18750,0.14993,0.22894,0.25550,1.00000,0.32487,0.66138,0.39219
distractor_contact,1.00,combined_hard_shift,learned_correlation_classifier,6,32,0.70781,0.61812,0.87687,0.81969,0.38693,0.44335,0.50000,0.06250,0.14631,0.22286,0.24131,1.00000,0.32925,0.67407,0.44860
distractor_contact,1.00,combined_hard_shift,learned_correlation_classifier,7,32,0.69004,0.58198,0.88847,0.87177,0.45647,0.51074,0.59375,0.12500,0.15008,0.22834,0.25986,1.00000,0.31992,0.65694,0.47444
distractor_contact,1.00,combined_hard_shift,learned_correlation_classifier,8,32,0.72814,0.62897,0.88972,0.84393,0.34142,0.45002,0.62500,0.12500,0.13796,0.21755,0.22810,1.00000,0.34538,0.69581,0.52453
distractor_contact,1.00,combined_hard_shift,learned_correlation_classifier,9,32,0.73818,0.64627,0.91329,0.89061,0.35108,0.43173,0.68750,0.25000,0.13937,0.21940,0.23050,1.00000,0.34428,0.69924,0.52523
distractor_contact,1.00,combined_hard_shift,oracle_causal_mask,0,32,1.00000,1.00000,1.00000,1.00000,0.00000,0.00000,1.00000,0.06250,0.00001,0.00175,0.02289,1.00000,0.99400,1.00000,0.95750
distractor_contact,1.00,combined_hard_shift,oracle_causal_mask,1,32,1.00000,1.00000,1.00000,1.00000,0.00000,0.00000,1.00000,0.06250,0.00001,0.00178,0.02319,1.00000,0.99400,1.00000,0.95750
distractor_contact,1.00,combined_hard_shift,oracle_causal_mask,2,32,1.00000,1.00000,1.00000,1.00000,0.00000,0.00000,0.96875,0.03125,0.00001,0.00166,0.02304,1.00000,0.99400,1.00000,0.94687
distractor_contact,1.00,combined_hard_shift,oracle_causal_mask,3,32,1.00000,1.00000,1.00000,1.00000,0.00000,0.00000,1.00000,0.00000,0.00001,0.00178,0.02307,1.00000,0.99400,1.00000,0.98000
distractor_contact,1.00,combined_hard_shift,oracle_causal_mask,4,32,1.00000,1.00000,1.00000,1.00000,0.00000,0.00000,0.93750,0.00000,0.00001,0.00181,0.02302,1.00000,0.99400,1.00000,0.93625
distractor_contact,1.00,combined_hard_shift,oracle_causal_mask,5,32,1.00000,1.00000,1.00000,1.00000,0.00000,0.00000,0.96875,0.03125,0.00001,0.00174,0.02292,1.00000,0.99400,1.00000,0.94688
distractor_contact,1.00,combined_hard_shift,oracle_causal_mask,6,32,1.00000,1.00000,1.00000,1.00000,0.00000,0.00000,0.96875,0.00000,0.00001,0.00173,0.02293,1.00000,0.99400,1.00000,0.95813
distractor_contact,1.00,combined_hard_shift,oracle_causal_mask,7,32,1.00000,1.00000,1.00000,1.00000,0.00000,0.00000,0.96875,0.00000,0.00001,0.00174,0.02289,1.00000,0.99400,1.00000,0.95813
distractor_contact,1.00,combined_hard_shift,oracle_causal_mask,8,32,1.00000,1.00000,1.00000,1.00000,0.00000,0.00000,0.96875,0.00000,0.00001,0.00173,0.02307,1.00000,0.99400,1.00000,0.95813
distractor_contact,1.00,combined_hard_shift,oracle_causal_mask,9,32,1.00000,1.00000,1.00000,1.00000,0.00000,0.00000,0.96875,0.03125,0.00001,0.00176,0.02317,1.00000,0.99400,1.00000,0.94687
distractor_contact,1.00,combined_hard_shift,world_model_flow_predictor,0,32,0.74012,0.66828,0.86569,0.80250,0.25071,0.47691,0.59375,0.12500,0.13058,0.20860,0.21746,1.00000,0.39573,0.73570,0.51863
distractor_contact,1.00,combined_hard_shift,world_model_flow_predictor,1,32,0.68127,0.57500,0.86343,0.79866,0.35461,0.60602,0.71875,0.09375,0.14220,0.21136,0.24519,1.00000,0.36061,0.69400,0.58274
distractor_contact,1.00,combined_hard_shift,world_model_flow_predictor,2,32,0.73598,0.65568,0.87053,0.77490,0.27389,0.64088,0.46875,0.18750,0.13288,0.20002,0.22285,1.00000,0.38873,0.72822,0.39445
distractor_contact,1.00,combined_hard_shift,world_model_flow_predictor,3,32,0.73189,0.64566,0.87676,0.82376,0.29954,0.65774,0.43750,0.12500,0.13132,0.20423,0.22925,1.00000,0.39215,0.72598,0.39006
distractor_contact,1.00,combined_hard_shift,world_model_flow_predictor,4,32,0.73863,0.65467,0.88377,0.83507,0.27262,0.66895,0.43750,0.06250,0.13096,0.21219,0.22310,1.00000,0.39289,0.73411,0.41717
distractor_contact,1.00,combined_hard_shift,world_model_flow_predictor,5,32,0.73996,0.67856,0.85386,0.78645,0.26213,0.64338,0.65625,0.18750,0.13064,0.19416,0.21922,1.00000,0.37304,0.71831,0.52641
distractor_contact,1.00,combined_hard_shift,world_model_flow_predictor,6,32,0.73156,0.66198,0.85013,0.78238,0.26697,0.57917,0.68750,0.25000,0.13082,0.19974,0.22112,1.00000,0.37755,0.71863,0.52775
distractor_contact,1.00,combined_hard_shift,world_model_flow_predictor,7,32,0.73260,0.67480,0.83891,0.77061,0.26188,0.63386,0.62500,0.21875,0.12865,0.18874,0.21875,1.00000,0.36323,0.70938,0.49163
distractor_contact,1.00,combined_hard_shift,world_model_flow_predictor,8,32,0.74114,0.66851,0.86969,0.78402,0.27489,0.59431,0.56250,0.21875,0.12656,0.19795,0.22235,1.00000,0.39780,0.73250,0.45284
distractor_contact,1.00,combined_hard_shift,world_model_flow_predictor,9,32,0.74798,0.67789,0.88217,0.83638,0.27373,0.61125,0.62500,0.06250,0.12686,0.20041,0.22235,1.00000,0.40764,0.74112,0.55409
distractor_contact,1.25,combined_hard_shift,action_direction_projection,0,32,0.57849,0.46051,0.85387,0.65941,0.47966,0.50623,0.59375,0.21875,0.22977,0.30226,0.28864,1.00000,0.32320,0.64455,0.41885
distractor_contact,1.25,combined_hard_shift,action_direction_projection,1,32,0.52631,0.39112,0.88666,0.73546,0.65600,0.54513,0.25000,0.15625,0.27904,0.35604,0.34349,1.00000,0.27092,0.58709,0.16198
distractor_contact,1.25,combined_hard_shift,action_direction_projection,2,32,0.51408,0.37960,0.85320,0.69615,0.57258,0.51297,0.43750,0.15625,0.27255,0.33791,0.31995,1.00000,0.27951,0.60121,0.30491
distractor_contact,1.25,combined_hard_shift,action_direction_projection,3,32,0.52323,0.39004,0.87409,0.68563,0.62777,0.50047,0.40625,0.25000,0.27664,0.35606,0.33644,1.00000,0.28094,0.59524,0.24416
distractor_contact,1.25,combined_hard_shift,action_direction_projection,4,32,0.52446,0.38848,0.86337,0.69457,0.60792,0.54765,0.28125,0.25000,0.25796,0.33541,0.32849,1.00000,0.27921,0.59592,0.15649
distractor_contact,1.25,combined_hard_shift,action_direction_projection,5,32,0.52841,0.40205,0.86022,0.67659,0.63209,0.53698,0.25000,0.25000,0.26712,0.34294,0.33607,1.00000,0.27302,0.58657,0.13187
distractor_contact,1.25,combined_hard_shift,action_direction_projection,6,32,0.53441,0.39369,0.86904,0.68043,0.60994,0.61329,0.34375,0.37500,0.26368,0.33535,0.32910,1.00000,0.28062,0.59769,0.15286
distractor_contact,1.25,combined_hard_shift,action_direction_projection,7,32,0.55304,0.43110,0.86308,0.69998,0.55417,0.54558,0.43750,0.25000,0.25092,0.32273,0.31165,1.00000,0.29134,0.61398,0.27918
distractor_contact,1.25,combined_hard_shift,action_direction_projection,8,32,0.54303,0.40897,0.86398,0.73874,0.51573,0.49262,0.53125,0.25000,0.25122,0.31817,0.30091,1.00000,0.29834,0.62631,0.35247
distractor_contact,1.25,combined_hard_shift,action_direction_projection,9,32,0.53776,0.41057,0.85383,0.71578,0.53274,0.46661,0.43750,0.25000,0.25608,0.32920,0.30780,1.00000,0.29203,0.61665,0.28436
distractor_contact,1.25,combined_hard_shift,calibrated_tree_flow_proxy,0,32,0.71965,0.62095,0.88444,0.84002,0.33074,0.51506,0.62500,0.21875,0.13469,0.21314,0.25565,1.00000,0.36996,0.70957,0.48845
distractor_contact,1.25,combined_hard_shift,calibrated_tree_flow_proxy,1,32,0.70027,0.58432,0.91399,0.89446,0.38884,0.49488,0.50000,0.25000,0.14620,0.23125,0.27174,1.00000,0.34377,0.69085,0.37859
distractor_contact,1.25,combined_hard_shift,calibrated_tree_flow_proxy,2,32,0.67132,0.54263,0.91196,0.88805,0.44354,0.52912,0.59375,0.21875,0.15178,0.23337,0.28562,1.00000,0.34499,0.67892,0.44079
distractor_contact,1.25,combined_hard_shift,calibrated_tree_flow_proxy,3,32,0.66621,0.53749,0.90943,0.84775,0.44263,0.51052,0.50000,0.12500,0.14793,0.23232,0.28556,1.00000,0.35960,0.68607,0.41018
distractor_contact,1.25,combined_hard_shift,calibrated_tree_flow_proxy,4,32,0.69258,0.57634,0.88831,0.85099,0.38739,0.62853,0.43750,0.21875,0.14217,0.21955,0.27149,1.00000,0.35071,0.68810,0.33669
distractor_contact,1.25,combined_hard_shift,calibrated_tree_flow_proxy,5,32,0.71257,0.60708,0.89437,0.85722,0.35576,0.53125,0.50000,0.21875,0.14542,0.22208,0.26358,1.00000,0.34416,0.69323,0.39388
distractor_contact,1.25,combined_hard_shift,calibrated_tree_flow_proxy,6,32,0.69979,0.57802,0.90655,0.86253,0.38737,0.57851,0.75000,0.12500,0.14427,0.21862,0.27078,1.00000,0.35553,0.69536,0.59421
distractor_contact,1.25,combined_hard_shift,calibrated_tree_flow_proxy,7,32,0.70880,0.60035,0.89278,0.86830,0.36011,0.54731,0.43750,0.09375,0.13942,0.21652,0.26319,1.00000,0.35781,0.69896,0.39373
distractor_contact,1.25,combined_hard_shift,calibrated_tree_flow_proxy,8,32,0.69979,0.57936,0.90064,0.89523,0.36858,0.53338,0.71875,0.21875,0.14471,0.22332,0.26600,1.00000,0.35881,0.69966,0.54407
distractor_contact,1.25,combined_hard_shift,calibrated_tree_flow_proxy,9,32,0.70628,0.59248,0.91615,0.89826,0.40192,0.46837,0.43750,0.09375,0.14276,0.22193,0.27397,1.00000,0.35850,0.69620,0.39272
distractor_contact,1.25,combined_hard_shift,causal_scene_flow_model_v5,0,32,0.72287,0.61426,0.91341,0.88800,0.32620,0.74010,0.62500,0.15625,0.13459,0.21371,0.24489,1.00000,0.46993,0.77009,0.50577
distractor_contact,1.25,combined_hard_shift,causal_scene_flow_model_v5,1,32,0.69263,0.57699,0.89302,0.87548,0.35650,0.66083,0.28125,0.03125,0.14241,0.22453,0.25402,1.00000,0.42096,0.73265,0.30194
distractor_contact,1.25,combined_hard_shift,causal_scene_flow_model_v5,2,32,0.65577,0.52112,0.90988,0.88239,0.41365,0.78192,0.53125,0.15625,0.16227,0.24227,0.27033,1.00000,0.42285,0.72545,0.41105
distractor_contact,1.25,combined_hard_shift,causal_scene_flow_model_v5,3,32,0.67455,0.55435,0.89740,0.84057,0.38569,0.79199,0.37500,0.09375,0.14749,0.22557,0.26151,1.00000,0.44597,0.74038,0.33172
distractor_contact,1.25,combined_hard_shift,causal_scene_flow_model_v5,4,32,0.66555,0.54084,0.88059,0.87499,0.38969,0.92805,0.46875,0.06250,0.14453,0.21681,0.26249,1.00000,0.42938,0.72650,0.39685
distractor_contact,1.25,combined_hard_shift,causal_scene_flow_model_v5,5,32,0.70751,0.60281,0.88737,0.83745,0.33714,0.73553,0.50000,0.06250,0.14322,0.21586,0.24927,1.00000,0.42323,0.73662,0.44451
distractor_contact,1.25,combined_hard_shift,causal_scene_flow_model_v5,6,32,0.68465,0.55946,0.90013,0.86589,0.37951,0.78918,0.43750,0.15625,0.14863,0.22225,0.26028,1.00000,0.43883,0.73873,0.35530
distractor_contact,1.25,combined_hard_shift,causal_scene_flow_model_v5,7,32,0.70802,0.59460,0.90361,0.88545,0.34465,0.75014,0.53125,0.12500,0.13968,0.21377,0.24970,1.00000,0.45212,0.75422,0.44430
distractor_contact,1.25,combined_hard_shift,causal_scene_flow_model_v5,8,32,0.67796,0.54839,0.91783,0.93200,0.38564,0.71065,0.59375,0.09375,0.15470,0.23655,0.26248,1.00000,0.44803,0.74677,0.49104
distractor_contact,1.25,combined_hard_shift,causal_scene_flow_model_v5,9,32,0.68185,0.56626,0.89684,0.86596,0.38402,0.65448,0.46875,0.15625,0.14657,0.22397,0.26108,1.00000,0.44189,0.73848,0.38424
distractor_contact,1.25,combined_hard_shift,contrastive_action_flow,0,32,0.71080,0.65339,0.82374,0.70720,0.30348,0.42656,0.62500,0.15625,0.13943,0.20380,0.21796,1.00000,0.33510,0.68166,0.51477
distractor_contact,1.25,combined_hard_shift,contrastive_action_flow,1,32,0.67148,0.58612,0.83864,0.74744,0.38808,0.45257,0.50000,0.25000,0.15380,0.22475,0.24191,1.00000,0.30527,0.65141,0.37188
distractor_contact,1.25,combined_hard_shift,contrastive_action_flow,2,32,0.63520,0.53397,0.81805,0.69929,0.42613,0.51940,0.53125,0.25000,0.15809,0.22553,0.25213,1.00000,0.30820,0.63921,0.37791
distractor_contact,1.25,combined_hard_shift,contrastive_action_flow,3,32,0.63749,0.53909,0.83104,0.68392,0.43858,0.47550,0.53125,0.18750,0.15469,0.22625,0.25518,1.00000,0.32415,0.64814,0.40299
distractor_contact,1.25,combined_hard_shift,contrastive_action_flow,4,32,0.68039,0.60954,0.80911,0.71838,0.34841,0.50515,0.53125,0.21875,0.14806,0.21159,0.23189,1.00000,0.31319,0.65658,0.40866
distractor_contact,1.25,combined_hard_shift,contrastive_action_flow,5,32,0.68410,0.60973,0.82304,0.69978,0.34917,0.48955,0.50000,0.06250,0.15119,0.21391,0.23171,1.00000,0.30886,0.65778,0.44462
distractor_contact,1.25,combined_hard_shift,contrastive_action_flow,6,32,0.68282,0.59536,0.83556,0.72368,0.36294,0.52132,0.46875,0.12500,0.15082,0.21080,0.23465,1.00000,0.31832,0.66292,0.39709
distractor_contact,1.25,combined_hard_shift,contrastive_action_flow,7,32,0.67916,0.60754,0.81148,0.70061,0.34385,0.51044,0.53125,0.25000,0.14511,0.20789,0.22915,1.00000,0.32084,0.66217,0.39811
distractor_contact,1.25,combined_hard_shift,contrastive_action_flow,8,32,0.68856,0.60210,0.83582,0.77790,0.34046,0.46301,0.65625,0.21875,0.15039,0.21435,0.22848,1.00000,0.32222,0.66997,0.50256
distractor_contact,1.25,combined_hard_shift,contrastive_action_flow,9,32,0.67408,0.60077,0.82258,0.71407,0.37711,0.42316,0.53125,0.03125,0.14974,0.21446,0.23855,1.00000,0.32101,0.65784,0.47677
distractor_contact,1.25,combined_hard_shift,learned_correlation_classifier,0,32,0.70006,0.60581,0.86856,0.80331,0.36126,0.49962,0.50000,0.12500,0.14785,0.22845,0.24170,1.00000,0.33683,0.68150,0.42546
distractor_contact,1.25,combined_hard_shift,learned_correlation_classifier,1,32,0.67373,0.55642,0.90803,0.86108,0.45182,0.50039,0.56250,0.15625,0.16222,0.24861,0.26709,1.00000,0.31416,0.66005,0.44026
distractor_contact,1.25,combined_hard_shift,learned_correlation_classifier,2,32,0.65188,0.52425,0.89846,0.86187,0.47517,0.52718,0.43750,0.25000,0.16590,0.24871,0.27344,1.00000,0.31379,0.65223,0.31017
distractor_contact,1.25,combined_hard_shift,learned_correlation_classifier,3,32,0.64756,0.52297,0.89854,0.81680,0.48578,0.49524,0.37500,0.31250,0.16303,0.25006,0.27663,1.00000,0.32817,0.65740,0.24449
distractor_contact,1.25,combined_hard_shift,learned_correlation_classifier,4,32,0.68703,0.57346,0.88369,0.82557,0.40348,0.59131,0.46875,0.18750,0.15508,0.23537,0.25420,1.00000,0.32110,0.66797,0.36681
distractor_contact,1.25,combined_hard_shift,learned_correlation_classifier,5,32,0.69799,0.59241,0.89362,0.83684,0.39827,0.51613,0.56250,0.21875,0.15870,0.23788,0.25262,1.00000,0.31644,0.66927,0.42823
distractor_contact,1.25,combined_hard_shift,learned_correlation_classifier,6,32,0.68017,0.55817,0.89383,0.83121,0.42104,0.58107,0.53125,0.18750,0.15831,0.23433,0.25837,1.00000,0.32340,0.66793,0.40796
distractor_contact,1.25,combined_hard_shift,learned_correlation_classifier,7,32,0.68521,0.57673,0.87794,0.82684,0.39414,0.55744,0.62500,0.15625,0.15336,0.23271,0.25065,1.00000,0.32439,0.67023,0.49057
distractor_contact,1.25,combined_hard_shift,learned_correlation_classifier,8,32,0.68483,0.56796,0.88805,0.86514,0.39687,0.51861,0.59375,0.18750,0.15783,0.23695,0.25164,1.00000,0.32536,0.67277,0.45969
distractor_contact,1.25,combined_hard_shift,learned_correlation_classifier,9,32,0.68694,0.57584,0.89997,0.86790,0.43285,0.46502,0.53125,0.28125,0.15714,0.23801,0.26119,1.00000,0.32726,0.66894,0.38096
distractor_contact,1.25,combined_hard_shift,oracle_causal_mask,0,32,1.00000,1.00000,1.00000,1.00000,0.00000,0.00000,1.00000,0.06250,0.00001,0.00179,0.02398,1.00000,0.99400,1.00000,0.95750
distractor_contact,1.25,combined_hard_shift,oracle_causal_mask,1,32,1.00000,1.00000,1.00000,1.00000,0.00000,0.00000,1.00000,0.06250,0.00001,0.00182,0.02387,1.00000,0.99400,1.00000,0.95750
distractor_contact,1.25,combined_hard_shift,oracle_causal_mask,2,32,1.00000,1.00000,1.00000,1.00000,0.00000,0.00000,0.96875,0.03125,0.00001,0.00180,0.02374,1.00000,0.99400,1.00000,0.94687
distractor_contact,1.25,combined_hard_shift,oracle_causal_mask,3,32,1.00000,1.00000,1.00000,1.00000,0.00000,0.00000,1.00000,0.00000,0.00001,0.00181,0.02392,1.00000,0.99400,1.00000,0.98000
distractor_contact,1.25,combined_hard_shift,oracle_causal_mask,4,32,1.00000,1.00000,1.00000,1.00000,0.00000,0.00000,0.93750,0.00000,0.00001,0.00177,0.02415,1.00000,0.99400,1.00000,0.93625
distractor_contact,1.25,combined_hard_shift,oracle_causal_mask,5,32,1.00000,1.00000,1.00000,1.00000,0.00000,0.00000,0.96875,0.03125,0.00001,0.00174,0.02400,1.00000,0.99400,1.00000,0.94688
distractor_contact,1.25,combined_hard_shift,oracle_causal_mask,6,32,1.00000,1.00000,1.00000,1.00000,0.00000,0.00000,0.96875,0.00000,0.00001,0.00172,0.02406,1.00000,0.99400,1.00000,0.95813
distractor_contact,1.25,combined_hard_shift,oracle_causal_mask,7,32,1.00000,1.00000,1.00000,1.00000,0.00000,0.00000,0.96875,0.00000,0.00001,0.00178,0.02389,1.00000,0.99400,1.00000,0.95813
distractor_contact,1.25,combined_hard_shift,oracle_causal_mask,8,32,1.00000,1.00000,1.00000,1.00000,0.00000,0.00000,0.96875,0.00000,0.00001,0.00177,0.02381,1.00000,0.99400,1.00000,0.95813
distractor_contact,1.25,combined_hard_shift,oracle_causal_mask,9,32,1.00000,1.00000,1.00000,1.00000,0.00000,0.00000,0.96875,0.06250,0.00001,0.00178,0.02398,1.00000,0.99400,1.00000,0.93562
distractor_contact,1.25,combined_hard_shift,world_model_flow_predictor,0,32,0.74072,0.65908,0.88852,0.82974,0.28262,0.67905,0.62500,0.12500,0.13512,0.20976,0.23079,1.00000,0.39814,0.73587,0.52466
distractor_contact,1.25,combined_hard_shift,world_model_flow_predictor,1,32,0.69083,0.59771,0.84885,0.78219,0.32287,0.63516,0.71875,0.12500,0.14153,0.21632,0.24260,1.00000,0.35290,0.69317,0.57498
distractor_contact,1.25,combined_hard_shift,world_model_flow_predictor,2,32,0.67011,0.55944,0.87117,0.80239,0.36956,0.74828,0.50000,0.18750,0.15723,0.23260,0.25607,1.00000,0.35795,0.69133,0.38343
distractor_contact,1.25,combined_hard_shift,world_model_flow_predictor,3,32,0.68128,0.58161,0.86708,0.77301,0.34653,0.76375,0.40625,0.21875,0.14449,0.21863,0.24850,1.00000,0.37876,0.70616,0.31196
distractor_contact,1.25,combined_hard_shift,world_model_flow_predictor,4,32,0.67669,0.57617,0.84133,0.78535,0.33870,0.87297,0.37500,0.06250,0.14249,0.20884,0.24693,1.00000,0.36161,0.69227,0.33832
distractor_contact,1.25,combined_hard_shift,world_model_flow_predictor,5,32,0.70536,0.62318,0.84379,0.77065,0.30741,0.72017,0.62500,0.18750,0.14172,0.20697,0.23850,1.00000,0.35627,0.69701,0.48640
distractor_contact,1.25,combined_hard_shift,world_model_flow_predictor,6,32,0.69258,0.58916,0.86595,0.79463,0.33950,0.75427,0.59375,0.28125,0.14565,0.21300,0.24689,1.00000,0.37114,0.70345,0.42361
distractor_contact,1.25,combined_hard_shift,world_model_flow_predictor,7,32,0.71562,0.62749,0.87322,0.81060,0.31077,0.71838,0.59375,0.21875,0.13906,0.20817,0.23800,1.00000,0.38028,0.71641,0.45695
distractor_contact,1.25,combined_hard_shift,world_model_flow_predictor,8,32,0.68764,0.57445,0.89141,0.87620,0.35501,0.67193,0.53125,0.28125,0.15110,0.22784,0.25114,1.00000,0.38042,0.71148,0.38311
distractor_contact,1.25,combined_hard_shift,world_model_flow_predictor,9,32,0.68095,0.59119,0.84575,0.74209,0.34292,0.61353,0.53125,0.06250,0.14447,0.21678,0.24823,1.00000,0.37426,0.69907,0.46425
distractor_contact,1.50,combined_hard_shift,action_direction_projection,0,32,0.55779,0.43125,0.87338,0.72697,0.52588,0.57071,0.53125,0.21875,0.25371,0.32111,0.30957,1.00000,0.30491,0.62994,0.36062
distractor_contact,1.50,combined_hard_shift,action_direction_projection,1,32,0.53671,0.40161,0.88156,0.71771,0.60196,0.57769,0.25000,0.18750,0.27766,0.34872,0.33393,1.00000,0.27845,0.60157,0.15867
distractor_contact,1.50,combined_hard_shift,action_direction_projection,2,32,0.50760,0.37227,0.85400,0.67368,0.64844,0.57478,0.37500,0.21875,0.30323,0.36274,0.35075,1.00000,0.23950,0.56392,0.22034
distractor_contact,1.50,combined_hard_shift,action_direction_projection,3,32,0.52769,0.39085,0.86797,0.70063,0.63226,0.52971,0.50000,0.28125,0.29549,0.36026,0.34530,1.00000,0.25337,0.57833,0.29493
distractor_contact,1.50,combined_hard_shift,action_direction_projection,4,32,0.56420,0.43216,0.85748,0.69297,0.52142,0.68287,0.40625,0.28125,0.24513,0.30150,0.30616,1.00000,0.30086,0.62468,0.24482
distractor_contact,1.50,combined_hard_shift,action_direction_projection,5,32,0.50659,0.37177,0.86761,0.73408,0.63978,0.55834,0.37500,0.25000,0.28552,0.35166,0.34500,1.00000,0.27095,0.58572,0.21357
distractor_contact,1.50,combined_hard_shift,action_direction_projection,6,32,0.50815,0.37049,0.86461,0.69906,0.65605,0.54887,0.40625,0.37500,0.30847,0.36833,0.35296,1.00000,0.24691,0.56886,0.18728
distractor_contact,1.50,combined_hard_shift,action_direction_projection,7,32,0.55228,0.42315,0.87240,0.71537,0.59090,0.60032,0.40625,0.28125,0.27357,0.33452,0.32939,1.00000,0.27976,0.60230,0.23684
distractor_contact,1.50,combined_hard_shift,action_direction_projection,8,32,0.50865,0.36807,0.86452,0.71612,0.64143,0.61950,0.43750,0.31250,0.29069,0.34996,0.34587,1.00000,0.25771,0.57767,0.23031
distractor_contact,1.50,combined_hard_shift,action_direction_projection,9,32,0.56096,0.42971,0.86044,0.69821,0.52866,0.54960,0.37500,0.25000,0.25643,0.31446,0.31032,1.00000,0.29559,0.62111,0.24037
distractor_contact,1.50,combined_hard_shift,calibrated_tree_flow_proxy,0,32,0.69482,0.58491,0.90367,0.84970,0.40149,0.65160,0.56250,0.21875,0.14395,0.21916,0.27887,1.00000,0.35754,0.69255,0.42200
distractor_contact,1.50,combined_hard_shift,calibrated_tree_flow_proxy,1,32,0.68462,0.56868,0.90510,0.87538,0.42240,0.66190,0.40625,0.28125,0.15303,0.23264,0.28588,1.00000,0.34312,0.68082,0.28396
distractor_contact,1.50,combined_hard_shift,calibrated_tree_flow_proxy,2,32,0.64474,0.50982,0.89475,0.86206,0.48710,0.70794,0.53125,0.18750,0.16579,0.23656,0.30362,1.00000,0.32384,0.65387,0.38507
distractor_contact,1.50,combined_hard_shift,calibrated_tree_flow_proxy,3,32,0.66264,0.53824,0.90656,0.87909,0.45886,0.58086,0.43750,0.12500,0.16440,0.23973,0.29675,1.00000,0.32642,0.66449,0.35710
distractor_contact,1.50,combined_hard_shift,calibrated_tree_flow_proxy,4,32,0.70482,0.59381,0.90571,0.88879,0.38755,0.68968,0.46875,0.18750,0.14465,0.21633,0.27519,1.00000,0.35759,0.69617,0.36905
distractor_contact,1.50,combined_hard_shift,calibrated_tree_flow_proxy,5,32,0.65275,0.51547,0.90561,0.89211,0.44622,0.65454,0.40625,0.31250,0.16332,0.24276,0.29344,1.00000,0.34045,0.67433,0.26442
distractor_contact,1.50,combined_hard_shift,calibrated_tree_flow_proxy,6,32,0.64519,0.51262,0.89361,0.86997,0.48716,0.63963,0.62500,0.18750,0.16543,0.24295,0.30377,1.00000,0.32378,0.65353,0.45482
distractor_contact,1.50,combined_hard_shift,calibrated_tree_flow_proxy,7,32,0.69133,0.58129,0.90462,0.88677,0.41954,0.63730,0.46875,0.18750,0.15299,0.22636,0.28443,1.00000,0.33868,0.67902,0.36414
distractor_contact,1.50,combined_hard_shift,calibrated_tree_flow_proxy,8,32,0.66155,0.53737,0.89690,0.89466,0.44588,0.66779,0.59375,0.25000,0.16466,0.23837,0.29329,1.00000,0.32670,0.66498,0.41770
distractor_contact,1.50,combined_hard_shift,calibrated_tree_flow_proxy,9,32,0.70671,0.60417,0.89174,0.86416,0.37866,0.58544,0.46875,0.06250,0.15314,0.22069,0.27464,1.00000,0.34898,0.69002,0.42094
distractor_contact,1.50,combined_hard_shift,causal_scene_flow_model_v5,0,32,0.67945,0.55388,0.91047,0.87549,0.38381,0.88058,0.62500,0.15625,0.14532,0.22200,0.26478,1.00000,0.44409,0.74321,0.48026
distractor_contact,1.50,combined_hard_shift,causal_scene_flow_model_v5,1,32,0.67947,0.56942,0.88551,0.83679,0.36417,0.82069,0.25000,0.03125,0.15396,0.22715,0.26182,1.00000,0.42150,0.72929,0.26704
distractor_contact,1.50,combined_hard_shift,causal_scene_flow_model_v5,2,32,0.65761,0.52737,0.88603,0.86463,0.42900,0.86664,0.46875,0.15625,0.16703,0.23086,0.27850,1.00000,0.39650,0.70217,0.35787
distractor_contact,1.50,combined_hard_shift,causal_scene_flow_model_v5,3,32,0.67021,0.55535,0.88756,0.85492,0.39159,0.68778,0.40625,0.09375,0.16565,0.23249,0.26998,1.00000,0.40449,0.71495,0.35540
distractor_contact,1.50,combined_hard_shift,causal_scene_flow_model_v5,4,32,0.71600,0.59686,0.93323,0.92512,0.34672,0.77639,0.50000,0.03125,0.15056,0.22661,0.25654,1.00000,0.45846,0.76476,0.45689
distractor_contact,1.50,combined_hard_shift,causal_scene_flow_model_v5,5,32,0.63376,0.49685,0.89997,0.87840,0.43555,0.83719,0.37500,0.06250,0.17593,0.25232,0.28258,1.00000,0.42804,0.72075,0.32540
distractor_contact,1.50,combined_hard_shift,causal_scene_flow_model_v5,6,32,0.65839,0.53917,0.87702,0.84543,0.39132,0.85034,0.40625,0.21875,0.16548,0.23639,0.26978,1.00000,0.39469,0.70717,0.29785
distractor_contact,1.50,combined_hard_shift,causal_scene_flow_model_v5,7,32,0.69638,0.57854,0.90936,0.89225,0.37898,0.87875,0.46875,0.15625,0.14914,0.21885,0.26326,1.00000,0.42034,0.73163,0.37289
distractor_contact,1.50,combined_hard_shift,causal_scene_flow_model_v5,8,32,0.65410,0.52967,0.89105,0.86218,0.40826,0.86984,0.53125,0.06250,0.17403,0.24299,0.27526,1.00000,0.40414,0.71201,0.43829
distractor_contact,1.50,combined_hard_shift,causal_scene_flow_model_v5,9,32,0.71143,0.60778,0.90710,0.88056,0.35287,0.77364,0.53125,0.12500,0.16267,0.23167,0.26030,1.00000,0.43563,0.74474,0.44131
distractor_contact,1.50,combined_hard_shift,contrastive_action_flow,0,32,0.67201,0.59306,0.82717,0.69935,0.38126,0.61033,0.50000,0.15625,0.15061,0.21102,0.24413,1.00000,0.32132,0.65827,0.39789
distractor_contact,1.50,combined_hard_shift,contrastive_action_flow,1,32,0.66279,0.57564,0.83387,0.73911,0.40829,0.61887,0.50000,0.31250,0.15989,0.22563,0.25273,1.00000,0.30667,0.64645,0.33499
distractor_contact,1.50,combined_hard_shift,contrastive_action_flow,2,32,0.61198,0.50295,0.81186,0.68751,0.48252,0.69726,0.43750,0.28125,0.17498,0.23061,0.27382,1.00000,0.28377,0.61249,0.27668
distractor_contact,1.50,combined_hard_shift,contrastive_action_flow,3,32,0.61076,0.51462,0.80036,0.65302,0.46722,0.59534,0.43750,0.18750,0.17376,0.23415,0.27083,1.00000,0.28639,0.61423,0.31839
distractor_contact,1.50,combined_hard_shift,contrastive_action_flow,4,32,0.68137,0.59968,0.83264,0.74960,0.37584,0.64724,0.53125,0.15625,0.15102,0.20680,0.24226,1.00000,0.31887,0.65962,0.41986
distractor_contact,1.50,combined_hard_shift,contrastive_action_flow,5,32,0.62598,0.51443,0.83000,0.75755,0.44050,0.60413,0.56250,0.06250,0.17041,0.23596,0.26267,1.00000,0.30290,0.63640,0.45867
distractor_contact,1.50,combined_hard_shift,contrastive_action_flow,6,32,0.61660,0.50570,0.83227,0.73963,0.50320,0.60278,0.34375,0.09375,0.17445,0.23755,0.27853,1.00000,0.28566,0.61423,0.28269
distractor_contact,1.50,combined_hard_shift,contrastive_action_flow,7,32,0.66141,0.59101,0.81444,0.69798,0.40407,0.56798,0.50000,0.25000,0.16041,0.21854,0.25147,1.00000,0.30188,0.63983,0.36004
distractor_contact,1.50,combined_hard_shift,contrastive_action_flow,8,32,0.63868,0.54132,0.82905,0.75315,0.43773,0.61690,0.56250,0.28125,0.17300,0.23181,0.26183,1.00000,0.28789,0.62895,0.38062
distractor_contact,1.50,combined_hard_shift,contrastive_action_flow,9,32,0.67878,0.60179,0.82252,0.71451,0.37060,0.55061,0.53125,0.06250,0.15953,0.21192,0.24256,1.00000,0.31390,0.65555,0.45914
distractor_contact,1.50,combined_hard_shift,learned_correlation_classifier,0,32,0.67095,0.56312,0.88050,0.80640,0.43318,0.65745,0.40625,0.21875,0.15889,0.23535,0.26709,1.00000,0.32530,0.66278,0.30108
distractor_contact,1.50,combined_hard_shift,learned_correlation_classifier,1,32,0.67389,0.56195,0.89930,0.85267,0.45286,0.63883,0.56250,0.15625,0.16802,0.24961,0.27357,1.00000,0.31275,0.65682,0.43147
distractor_contact,1.50,combined_hard_shift,learned_correlation_classifier,2,32,0.63153,0.50053,0.89090,0.84268,0.53144,0.68118,0.46875,0.34375,0.18203,0.25387,0.29599,1.00000,0.29281,0.62698,0.27601
distractor_contact,1.50,combined_hard_shift,learned_correlation_classifier,3,32,0.63566,0.51171,0.88877,0.84000,0.51043,0.58288,0.34375,0.31250,0.18164,0.25873,0.29129,1.00000,0.29443,0.63189,0.20943
distractor_contact,1.50,combined_hard_shift,learned_correlation_classifier,4,32,0.68874,0.57919,0.89413,0.85953,0.42067,0.68317,0.43750,0.25000,0.15985,0.23207,0.26318,1.00000,0.31975,0.66620,0.31492
distractor_contact,1.50,combined_hard_shift,learned_correlation_classifier,5,32,0.63336,0.49979,0.88822,0.85794,0.47903,0.62930,0.50000,0.21875,0.17749,0.25875,0.28229,1.00000,0.30780,0.64561,0.35482
distractor_contact,1.50,combined_hard_shift,learned_correlation_classifier,6,32,0.62199,0.49041,0.89382,0.84939,0.56346,0.62249,0.34375,0.18750,0.18253,0.26100,0.30450,1.00000,0.29388,0.62125,0.24223
distractor_contact,1.50,combined_hard_shift,learned_correlation_classifier,7,32,0.67222,0.56616,0.89176,0.85419,0.46276,0.60196,0.59375,0.25000,0.16895,0.24354,0.27577,1.00000,0.30735,0.64987,0.41952
distractor_contact,1.50,combined_hard_shift,learned_correlation_classifier,8,32,0.64622,0.52361,0.88369,0.85946,0.47082,0.64238,0.50000,0.18750,0.17980,0.25500,0.28015,1.00000,0.29545,0.63982,0.36763
distractor_contact,1.50,combined_hard_shift,learned_correlation_classifier,9,32,0.68702,0.58187,0.88694,0.85259,0.42555,0.59096,0.53125,0.28125,0.16618,0.23510,0.26558,1.00000,0.31789,0.66228,0.37350
distractor_contact,1.50,combined_hard_shift,oracle_causal_mask,0,32,1.00000,1.00000,1.00000,1.00000,0.00000,0.00000,1.00000,0.06250,0.00001,0.00173,0.02477,1.00000,0.99400,1.00000,0.95750
distractor_contact,1.50,combined_hard_shift,oracle_causal_mask,1,32,1.00000,1.00000,1.00000,1.00000,0.00000,0.00000,1.00000,0.06250,0.00001,0.00178,0.02466,1.00000,0.99400,1.00000,0.95750
distractor_contact,1.50,combined_hard_shift,oracle_causal_mask,2,32,1.00000,1.00000,1.00000,1.00000,0.00000,0.00000,0.96875,0.03125,0.00001,0.00172,0.02460,1.00000,0.99400,1.00000,0.94687
distractor_contact,1.50,combined_hard_shift,oracle_causal_mask,3,32,1.00000,1.00000,1.00000,1.00000,0.00000,0.00000,1.00000,0.00000,0.00001,0.00179,0.02469,1.00000,0.99400,1.00000,0.98000
distractor_contact,1.50,combined_hard_shift,oracle_causal_mask,4,32,1.00000,1.00000,1.00000,1.00000,0.00000,0.00000,0.93750,0.00000,0.00001,0.00173,0.02478,1.00000,0.99400,1.00000,0.93625
distractor_contact,1.50,combined_hard_shift,oracle_causal_mask,5,32,1.00000,1.00000,1.00000,1.00000,0.00000,0.00000,0.96875,0.03125,0.00001,0.00183,0.02456,1.00000,0.99400,1.00000,0.94688
distractor_contact,1.50,combined_hard_shift,oracle_causal_mask,6,32,1.00000,1.00000,1.00000,1.00000,0.00000,0.00000,0.96875,0.00000,0.00001,0.00174,0.02446,1.00000,0.99400,1.00000,0.95813
distractor_contact,1.50,combined_hard_shift,oracle_causal_mask,7,32,1.00000,1.00000,1.00000,1.00000,0.00000,0.00000,0.96875,0.00000,0.00001,0.00172,0.02462,1.00000,0.99400,1.00000,0.95813
distractor_contact,1.50,combined_hard_shift,oracle_causal_mask,8,32,1.00000,1.00000,1.00000,1.00000,0.00000,0.00000,0.96875,0.00000,0.00001,0.00178,0.02456,1.00000,0.99400,1.00000,0.95813
distractor_contact,1.50,combined_hard_shift,oracle_causal_mask,9,32,1.00000,1.00000,1.00000,1.00000,0.00000,0.00000,0.96875,0.06250,0.00001,0.00168,0.02476,1.00000,0.99400,1.00000,0.93562
distractor_contact,1.50,combined_hard_shift,world_model_flow_predictor,0,32,0.68881,0.57978,0.87278,0.79757,0.34517,0.85491,0.50000,0.12500,0.14254,0.21422,0.25225,1.00000,0.37678,0.70691,0.40732
distractor_contact,1.50,combined_hard_shift,world_model_flow_predictor,1,32,0.68682,0.60865,0.84410,0.75795,0.32140,0.78325,0.71875,0.12500,0.15112,0.21925,0.24828,1.00000,0.35612,0.69394,0.56573
distractor_contact,1.50,combined_hard_shift,world_model_flow_predictor,2,32,0.65715,0.55204,0.83903,0.76488,0.38886,0.84137,0.37500,0.21875,0.16244,0.22018,0.26582,1.00000,0.33303,0.66577,0.27164
distractor_contact,1.50,combined_hard_shift,world_model_flow_predictor,3,32,0.66662,0.57857,0.84219,0.74755,0.35872,0.68073,0.43750,0.18750,0.16214,0.22430,0.25907,1.00000,0.33886,0.67626,0.34267
distractor_contact,1.50,combined_hard_shift,world_model_flow_predictor,4,32,0.72451,0.62552,0.90207,0.87073,0.31556,0.74993,0.40625,0.06250,0.14922,0.22030,0.24558,1.00000,0.38730,0.72651,0.38212
distractor_contact,1.50,combined_hard_shift,world_model_flow_predictor,5,32,0.63502,0.51119,0.86687,0.79903,0.41551,0.83652,0.40625,0.21875,0.17057,0.24531,0.27470,1.00000,0.36165,0.68203,0.28902
distractor_contact,1.50,combined_hard_shift,world_model_flow_predictor,6,32,0.67518,0.57860,0.84652,0.76307,0.34468,0.82140,0.59375,0.31250,0.16064,0.22437,0.25463,1.00000,0.33219,0.67701,0.40175
distractor_contact,1.50,combined_hard_shift,world_model_flow_predictor,7,32,0.69584,0.60739,0.85502,0.77156,0.33497,0.83586,0.59375,0.21875,0.14707,0.20913,0.24972,1.00000,0.35194,0.69162,0.44086
distractor_contact,1.50,combined_hard_shift,world_model_flow_predictor,8,32,0.66282,0.55571,0.86542,0.80444,0.37652,0.84065,0.43750,0.31250,0.16943,0.23428,0.26405,1.00000,0.33908,0.67850,0.28560
distractor_contact,1.50,combined_hard_shift,world_model_flow_predictor,9,32,0.71527,0.63401,0.87594,0.80622,0.32395,0.76847,0.56250,0.06250,0.16011,0.22349,0.24969,1.00000,0.36923,0.70848,0.48573
ego_motion,0.00,combined_hard_shift,action_direction_projection,0,32,0.57767,0.45502,0.85923,0.67144,0.53921,0.47032,0.53125,0.25000,0.22081,0.30918,0.28907,1.00000,0.30576,0.62377,0.35623
ego_motion,0.00,combined_hard_shift,action_direction_projection,1,32,0.59208,0.46119,0.86836,0.71721,0.52521,0.44735,0.40625,0.15625,0.22139,0.30666,0.28483,1.00000,0.31033,0.63160,0.30878
ego_motion,0.00,combined_hard_shift,action_direction_projection,2,32,0.57653,0.44972,0.85295,0.67896,0.55904,0.42531,0.62500,0.12500,0.22788,0.31108,0.29539,1.00000,0.30208,0.61586,0.46604
ego_motion,0.00,combined_hard_shift,action_direction_projection,3,32,0.58230,0.45419,0.86609,0.69909,0.57054,0.46260,0.46875,0.25000,0.22842,0.30985,0.29732,1.00000,0.30190,0.61665,0.30907
ego_motion,0.00,combined_hard_shift,action_direction_projection,4,32,0.59919,0.47149,0.87667,0.72962,0.51170,0.47540,0.37500,0.18750,0.20392,0.29731,0.27828,1.00000,0.33404,0.64906,0.27883
ego_motion,0.00,combined_hard_shift,action_direction_projection,5,32,0.60008,0.47132,0.87579,0.72800,0.50855,0.48796,0.37500,0.21875,0.21133,0.29874,0.27830,1.00000,0.32376,0.64418,0.26676
ego_motion,0.00,combined_hard_shift,action_direction_projection,6,32,0.58613,0.45426,0.85999,0.68155,0.50487,0.48263,0.43750,0.31250,0.20774,0.29639,0.27783,1.00000,0.32149,0.63970,0.27475
ego_motion,0.00,combined_hard_shift,action_direction_projection,7,32,0.57331,0.44114,0.87881,0.72698,0.56996,0.50131,0.56250,0.25000,0.22083,0.31128,0.29617,1.00000,0.31503,0.62691,0.37224
ego_motion,0.00,combined_hard_shift,action_direction_projection,8,32,0.59533,0.47302,0.88049,0.72035,0.51667,0.43567,0.62500,0.18750,0.22107,0.30882,0.28192,1.00000,0.32191,0.64265,0.45423
ego_motion,0.00,combined_hard_shift,action_direction_projection,9,32,0.58848,0.46089,0.85801,0.70993,0.51173,0.50934,0.46875,0.18750,0.21123,0.30109,0.28028,1.00000,0.32266,0.63829,0.33941
ego_motion,0.00,combined_hard_shift,calibrated_tree_flow_proxy,0,32,0.77436,0.68970,0.90539,0.87322,0.27759,0.34248,0.68750,0.12500,0.11431,0.19281,0.22440,1.00000,0.38864,0.73642,0.59466
ego_motion,0.00,combined_hard_shift,calibrated_tree_flow_proxy,1,32,0.77058,0.67677,0.91289,0.90917,0.29243,0.35632,0.59375,0.15625,0.11713,0.19612,0.22836,1.00000,0.38559,0.73352,0.51422
ego_motion,0.00,combined_hard_shift,calibrated_tree_flow_proxy,2,32,0.75910,0.67217,0.89871,0.86089,0.31808,0.35079,0.65625,0.15625,0.11828,0.19416,0.23514,1.00000,0.37898,0.72076,0.55185
ego_motion,0.00,combined_hard_shift,calibrated_tree_flow_proxy,3,32,0.77860,0.69320,0.90779,0.89467,0.28875,0.32539,0.62500,0.12500,0.11755,0.19054,0.22665,1.00000,0.37987,0.73003,0.55051
ego_motion,0.00,combined_hard_shift,calibrated_tree_flow_proxy,4,32,0.77628,0.68987,0.91380,0.88174,0.27839,0.37815,0.62500,0.12500,0.11185,0.19416,0.22408,1.00000,0.39642,0.74248,0.54971
ego_motion,0.00,combined_hard_shift,calibrated_tree_flow_proxy,5,32,0.77777,0.69089,0.90723,0.87814,0.26331,0.39046,0.56250,0.15625,0.11323,0.19303,0.22051,1.00000,0.39069,0.74111,0.49585
ego_motion,0.00,combined_hard_shift,calibrated_tree_flow_proxy,6,32,0.75682,0.66623,0.89271,0.84644,0.29238,0.36180,0.81250,0.09375,0.11316,0.19151,0.22849,1.00000,0.39455,0.73294,0.68725
ego_motion,0.00,combined_hard_shift,calibrated_tree_flow_proxy,7,32,0.77816,0.69485,0.91185,0.90572,0.26502,0.37117,0.50000,0.09375,0.11641,0.19778,0.22134,1.00000,0.38241,0.73763,0.47520
ego_motion,0.00,combined_hard_shift,calibrated_tree_flow_proxy,8,32,0.76184,0.67681,0.89994,0.86648,0.28255,0.35901,0.65625,0.18750,0.11448,0.19812,0.22577,1.00000,0.38822,0.73370,0.54637
ego_motion,0.00,combined_hard_shift,calibrated_tree_flow_proxy,9,32,0.79263,0.72059,0.90668,0.88381,0.23738,0.34918,0.56250,0.03125,0.11296,0.19401,0.21453,1.00000,0.38797,0.74526,0.54931
ego_motion,0.00,combined_hard_shift,causal_scene_flow_model_v5,0,32,0.77365,0.68217,0.91723,0.90529,0.26575,0.50405,0.68750,0.15625,0.10711,0.18951,0.21305,1.00000,0.48846,0.79402,0.58193
ego_motion,0.00,combined_hard_shift,causal_scene_flow_model_v5,1,32,0.77279,0.68951,0.90380,0.89923,0.24959,0.54116,0.50000,0.03125,0.10987,0.19149,0.20997,1.00000,0.47553,0.78735,0.49446
ego_motion,0.00,combined_hard_shift,causal_scene_flow_model_v5,2,32,0.76088,0.68355,0.88512,0.85317,0.27372,0.51095,0.68750,0.06250,0.11252,0.19037,0.21639,1.00000,0.46701,0.77276,0.60972
ego_motion,0.00,combined_hard_shift,causal_scene_flow_model_v5,3,32,0.77660,0.70242,0.89342,0.88262,0.25028,0.54277,0.59375,0.03125,0.11020,0.18230,0.20908,1.00000,0.46682,0.77998,0.55963
ego_motion,0.00,combined_hard_shift,causal_scene_flow_model_v5,4,32,0.77152,0.67857,0.92197,0.90046,0.27537,0.54065,0.59375,0.00000,0.10813,0.19437,0.21563,1.00000,0.49557,0.79683,0.56920
ego_motion,0.00,combined_hard_shift,causal_scene_flow_model_v5,5,32,0.77399,0.68584,0.91596,0.89686,0.25427,0.50907,0.59375,0.03125,0.11090,0.19467,0.21106,1.00000,0.48381,0.79379,0.56241
ego_motion,0.00,combined_hard_shift,causal_scene_flow_model_v5,6,32,0.75480,0.66193,0.90862,0.86754,0.28010,0.45976,0.53125,0.09375,0.11334,0.19635,0.21826,1.00000,0.49120,0.79005,0.49250
ego_motion,0.00,combined_hard_shift,causal_scene_flow_model_v5,7,32,0.78331,0.70928,0.90915,0.89026,0.23793,0.51714,0.56250,0.09375,0.10738,0.19061,0.20638,1.00000,0.47722,0.79219,0.52081
ego_motion,0.00,combined_hard_shift,causal_scene_flow_model_v5,8,32,0.76038,0.68500,0.87927,0.84837,0.23617,0.54462,0.78125,0.03125,0.10626,0.19128,0.20660,1.00000,0.47859,0.78552,0.69053
ego_motion,0.00,combined_hard_shift,causal_scene_flow_model_v5,9,32,0.78688,0.72045,0.89802,0.86744,0.21940,0.53263,0.75000,0.09375,0.10580,0.18623,0.20230,1.00000,0.48080,0.79524,0.65429
ego_motion,0.00,combined_hard_shift,contrastive_action_flow,0,32,0.73453,0.68512,0.81986,0.68566,0.26955,0.29002,0.65625,0.12500,0.11927,0.18356,0.19171,1.00000,0.34986,0.69579,0.56565
ego_motion,0.00,combined_hard_shift,contrastive_action_flow,1,32,0.74741,0.70253,0.82417,0.73287,0.26418,0.27931,0.59375,0.18750,0.12210,0.18721,0.19079,1.00000,0.34897,0.69763,0.50297
ego_motion,0.00,combined_hard_shift,contrastive_action_flow,2,32,0.73198,0.68778,0.81433,0.69461,0.29882,0.28265,0.71875,0.15625,0.12399,0.18577,0.19995,1.00000,0.34107,0.68334,0.59318
ego_motion,0.00,combined_hard_shift,contrastive_action_flow,3,32,0.74814,0.70310,0.82603,0.74389,0.27556,0.27810,0.65625,0.15625,0.12320,0.18179,0.19272,1.00000,0.34218,0.69208,0.55612
ego_motion,0.00,combined_hard_shift,contrastive_action_flow,4,32,0.75692,0.71332,0.83915,0.74895,0.24753,0.29999,0.65625,0.12500,0.11547,0.18444,0.18516,1.00000,0.36001,0.71093,0.57309
ego_motion,0.00,combined_hard_shift,contrastive_action_flow,5,32,0.75149,0.70197,0.83310,0.75910,0.24903,0.33053,0.65625,0.03125,0.11749,0.18398,0.18580,1.00000,0.35514,0.70649,0.60343
ego_motion,0.00,combined_hard_shift,contrastive_action_flow,6,32,0.73603,0.67547,0.82798,0.70413,0.26808,0.31977,0.62500,0.09375,0.11726,0.18222,0.19108,1.00000,0.35764,0.70227,0.55443
ego_motion,0.00,combined_hard_shift,contrastive_action_flow,7,32,0.75058,0.70736,0.83180,0.73669,0.24918,0.30418,0.62500,0.18750,0.12047,0.18850,0.18638,1.00000,0.34694,0.70186,0.52616
ego_motion,0.00,combined_hard_shift,contrastive_action_flow,8,32,0.72805,0.67749,0.81763,0.68150,0.27234,0.30104,0.62500,0.18750,0.11968,0.19006,0.19261,1.00000,0.35171,0.69556,0.51921
ego_motion,0.00,combined_hard_shift,contrastive_action_flow,9,32,0.76328,0.73272,0.82369,0.72326,0.21051,0.29444,0.65625,0.00000,0.11742,0.18524,0.17688,1.00000,0.35207,0.71092,0.62388
ego_motion,0.00,combined_hard_shift,learned_correlation_classifier,0,32,0.73494,0.64897,0.87896,0.81567,0.33169,0.35164,0.46875,0.09375,0.12751,0.20883,0.21493,1.00000,0.35434,0.69981,0.43504
ego_motion,0.00,combined_hard_shift,learned_correlation_classifier,1,32,0.74230,0.64624,0.90093,0.88113,0.34802,0.34898,0.65625,0.12500,0.13020,0.21152,0.21889,1.00000,0.35381,0.70166,0.55464
ego_motion,0.00,combined_hard_shift,learned_correlation_classifier,2,32,0.72465,0.63290,0.88216,0.82405,0.38962,0.34859,0.53125,0.28125,0.13164,0.21047,0.23054,1.00000,0.34791,0.68456,0.40105
ego_motion,0.00,combined_hard_shift,learned_correlation_classifier,3,32,0.73726,0.64192,0.89284,0.86650,0.37159,0.34622,0.53125,0.25000,0.13082,0.20694,0.22448,1.00000,0.34855,0.69163,0.41747
ego_motion,0.00,combined_hard_shift,learned_correlation_classifier,4,32,0.75972,0.67473,0.90042,0.85398,0.30671,0.35639,0.62500,0.21875,0.12342,0.20866,0.20711,1.00000,0.36352,0.71566,0.50800
ego_motion,0.00,combined_hard_shift,learned_correlation_classifier,5,32,0.75025,0.65646,0.90024,0.86181,0.31546,0.38509,0.56250,0.18750,0.12540,0.20834,0.20949,1.00000,0.35876,0.71121,0.47068
ego_motion,0.00,combined_hard_shift,learned_correlation_classifier,6,32,0.73315,0.64062,0.87772,0.81089,0.33269,0.36066,0.59375,0.12500,0.12486,0.20619,0.21501,1.00000,0.36077,0.70262,0.51068
ego_motion,0.00,combined_hard_shift,learned_correlation_classifier,7,32,0.73934,0.65239,0.89595,0.86698,0.34090,0.37013,0.68750,0.09375,0.12943,0.21396,0.21698,1.00000,0.35125,0.70060,0.58675
ego_motion,0.00,combined_hard_shift,learned_correlation_classifier,8,32,0.72906,0.63469,0.90100,0.84365,0.36339,0.35983,0.56250,0.09375,0.12785,0.21469,0.22252,1.00000,0.35704,0.69997,0.49545
ego_motion,0.00,combined_hard_shift,learned_correlation_classifier,9,32,0.75596,0.67001,0.89655,0.85252,0.29902,0.37263,0.71875,0.18750,0.12569,0.21025,0.20587,1.00000,0.35633,0.71261,0.58385
ego_motion,0.00,combined_hard_shift,oracle_causal_mask,0,32,1.00000,1.00000,1.00000,1.00000,0.00000,0.00000,1.00000,0.06250,0.00001,0.00176,0.02170,1.00000,0.99400,1.00000,0.95750
ego_motion,0.00,combined_hard_shift,oracle_causal_mask,1,32,1.00000,1.00000,1.00000,1.00000,0.00000,0.00000,1.00000,0.03125,0.00001,0.00173,0.02167,1.00000,0.99400,1.00000,0.96875
ego_motion,0.00,combined_hard_shift,oracle_causal_mask,2,32,1.00000,1.00000,1.00000,1.00000,0.00000,0.00000,0.96875,0.03125,0.00001,0.00173,0.02171,1.00000,0.99400,1.00000,0.94687
ego_motion,0.00,combined_hard_shift,oracle_causal_mask,3,32,1.00000,1.00000,1.00000,1.00000,0.00000,0.00000,1.00000,0.00000,0.00001,0.00169,0.02154,1.00000,0.99400,1.00000,0.98000
ego_motion,0.00,combined_hard_shift,oracle_causal_mask,4,32,1.00000,1.00000,1.00000,1.00000,0.00000,0.00000,0.93750,0.00000,0.00001,0.00179,0.02166,1.00000,0.99400,1.00000,0.93625
ego_motion,0.00,combined_hard_shift,oracle_causal_mask,5,32,1.00000,1.00000,1.00000,1.00000,0.00000,0.00000,0.96875,0.03125,0.00001,0.00177,0.02164,1.00000,0.99400,1.00000,0.94688
ego_motion,0.00,combined_hard_shift,oracle_causal_mask,6,32,1.00000,1.00000,1.00000,1.00000,0.00000,0.00000,0.96875,0.00000,0.00001,0.00176,0.02180,1.00000,0.99400,1.00000,0.95813
ego_motion,0.00,combined_hard_shift,oracle_causal_mask,7,32,1.00000,1.00000,1.00000,1.00000,0.00000,0.00000,0.96875,0.00000,0.00001,0.00177,0.02156,1.00000,0.99400,1.00000,0.95813
ego_motion,0.00,combined_hard_shift,oracle_causal_mask,8,32,1.00000,1.00000,1.00000,1.00000,0.00000,0.00000,0.96875,0.00000,0.00001,0.00180,0.02154,1.00000,0.99400,1.00000,0.95813
ego_motion,0.00,combined_hard_shift,oracle_causal_mask,9,32,1.00000,1.00000,1.00000,1.00000,0.00000,0.00000,0.96875,0.03125,0.00001,0.00179,0.02173,1.00000,0.99400,1.00000,0.94687
ego_motion,0.00,combined_hard_shift,world_model_flow_predictor,0,32,0.77603,0.70905,0.87936,0.82834,0.23727,0.48091,0.65625,0.06250,0.11126,0.18587,0.20216,1.00000,0.41219,0.75077,0.59381
ego_motion,0.00,combined_hard_shift,world_model_flow_predictor,1,32,0.78641,0.73609,0.87310,0.84296,0.20975,0.50455,0.81250,0.06250,0.11361,0.18627,0.19583,1.00000,0.40278,0.75031,0.70667
ego_motion,0.00,combined_hard_shift,world_model_flow_predictor,2,32,0.77604,0.72940,0.85824,0.78262,0.22787,0.47297,0.62500,0.18750,0.11606,0.18514,0.20090,1.00000,0.39430,0.73805,0.52701
ego_motion,0.00,combined_hard_shift,world_model_flow_predictor,3,32,0.77726,0.74201,0.84910,0.78353,0.21010,0.50045,0.59375,0.09375,0.11463,0.17719,0.19534,1.00000,0.39345,0.73914,0.53970
ego_motion,0.00,combined_hard_shift,world_model_flow_predictor,4,32,0.77893,0.71207,0.89162,0.83748,0.23891,0.51029,0.53125,0.06250,0.11152,0.19079,0.20258,1.00000,0.41990,0.75761,0.50563
ego_motion,0.00,combined_hard_shift,world_model_flow_predictor,5,32,0.78330,0.72295,0.88423,0.84062,0.21917,0.47653,0.71875,0.15625,0.11404,0.19088,0.19818,1.00000,0.41086,0.75533,0.60795
ego_motion,0.00,combined_hard_shift,world_model_flow_predictor,6,32,0.76291,0.69656,0.87799,0.79323,0.25068,0.44167,0.71875,0.21875,0.11578,0.19197,0.20683,1.00000,0.41706,0.75000,0.57986
ego_motion,0.00,combined_hard_shift,world_model_flow_predictor,7,32,0.78336,0.74141,0.86800,0.80838,0.20474,0.47440,0.71875,0.21875,0.11192,0.18679,0.19425,1.00000,0.40191,0.74963,0.58664
ego_motion,0.00,combined_hard_shift,world_model_flow_predictor,8,32,0.76174,0.72138,0.83820,0.74397,0.20384,0.50719,0.56250,0.21875,0.11020,0.18824,0.19475,1.00000,0.40605,0.74423,0.47129
ego_motion,0.00,combined_hard_shift,world_model_flow_predictor,9,32,0.80064,0.76464,0.87399,0.81317,0.18278,0.50045,0.71875,0.00000,0.11076,0.18377,0.18892,1.00000,0.40607,0.75818,0.67025
ego_motion,0.25,combined_hard_shift,action_direction_projection,0,32,0.56641,0.44302,0.86057,0.67533,0.60128,0.47540,0.53125,0.21875,0.23231,0.31459,0.30555,1.00000,0.29734,0.60608,0.35580
ego_motion,0.25,combined_hard_shift,action_direction_projection,1,32,0.57669,0.45239,0.87469,0.70283,0.52206,0.48102,0.37500,0.12500,0.21845,0.30955,0.28277,1.00000,0.31995,0.63894,0.29494
ego_motion,0.25,combined_hard_shift,action_direction_projection,2,32,0.58369,0.45614,0.84025,0.63953,0.44721,0.45111,0.53125,0.09375,0.20264,0.28055,0.26047,1.00000,0.32360,0.64835,0.42859
ego_motion,0.25,combined_hard_shift,action_direction_projection,3,32,0.59952,0.47621,0.87396,0.70776,0.48793,0.41677,0.50000,0.25000,0.21824,0.29688,0.27290,1.00000,0.32548,0.64914,0.35026
ego_motion,0.25,combined_hard_shift,action_direction_projection,4,32,0.54127,0.40986,0.86078,0.66979,0.58328,0.43775,0.40625,0.21875,0.24338,0.32835,0.30356,1.00000,0.29236,0.60751,0.26887
ego_motion,0.25,combined_hard_shift,action_direction_projection,5,32,0.57310,0.45035,0.84229,0.62853,0.51703,0.43939,0.34375,0.18750,0.21658,0.29645,0.28098,1.00000,0.31306,0.62804,0.25178
ego_motion,0.25,combined_hard_shift,action_direction_projection,6,32,0.59907,0.46543,0.88489,0.74015,0.50811,0.47809,0.53125,0.25000,0.21058,0.29312,0.27629,1.00000,0.33266,0.65127,0.36622
ego_motion,0.25,combined_hard_shift,action_direction_projection,7,32,0.60009,0.48217,0.86442,0.68507,0.42238,0.46131,0.53125,0.18750,0.19723,0.28148,0.25235,1.00000,0.34502,0.67124,0.40257
ego_motion,0.25,combined_hard_shift,action_direction_projection,8,32,0.58398,0.45740,0.86765,0.69849,0.48983,0.44769,0.56250,0.25000,0.21877,0.30835,0.27565,1.00000,0.31067,0.63937,0.38827
ego_motion,0.25,combined_hard_shift,action_direction_projection,9,32,0.58130,0.45644,0.85418,0.67300,0.50117,0.49659,0.40625,0.18750,0.20603,0.29523,0.27622,1.00000,0.32364,0.64013,0.29676
ego_motion,0.25,combined_hard_shift,calibrated_tree_flow_proxy,0,32,0.75805,0.66059,0.90936,0.88523,0.31486,0.35614,0.68750,0.15625,0.12023,0.19721,0.23316,1.00000,0.37761,0.72352,0.57396
ego_motion,0.25,combined_hard_shift,calibrated_tree_flow_proxy,1,32,0.79267,0.71610,0.90826,0.89423,0.24708,0.36134,0.53125,0.15625,0.11386,0.19582,0.21593,1.00000,0.38477,0.74187,0.48015
ego_motion,0.25,combined_hard_shift,calibrated_tree_flow_proxy,2,32,0.76595,0.66969,0.91263,0.88667,0.29931,0.34884,0.65625,0.12500,0.11754,0.19237,0.22926,1.00000,0.38533,0.73181,0.56790
ego_motion,0.25,combined_hard_shift,calibrated_tree_flow_proxy,3,32,0.74401,0.65095,0.89836,0.85281,0.32902,0.35182,0.59375,0.09375,0.11997,0.19736,0.23749,1.00000,0.38173,0.71969,0.52669
ego_motion,0.25,combined_hard_shift,calibrated_tree_flow_proxy,4,32,0.75111,0.64791,0.91153,0.88629,0.30706,0.35157,0.62500,0.12500,0.12311,0.20460,0.23241,1.00000,0.36798,0.72079,0.54123
ego_motion,0.25,combined_hard_shift,calibrated_tree_flow_proxy,5,32,0.75390,0.65717,0.89999,0.87967,0.31245,0.35329,0.59375,0.18750,0.11797,0.19677,0.23273,1.00000,0.38037,0.72305,0.49682
ego_motion,0.25,combined_hard_shift,calibrated_tree_flow_proxy,6,32,0.78880,0.71140,0.90956,0.89180,0.25760,0.35024,0.84375,0.12500,0.11460,0.19113,0.21802,1.00000,0.38742,0.74127,0.70886
ego_motion,0.25,combined_hard_shift,calibrated_tree_flow_proxy,7,32,0.78183,0.69683,0.91510,0.84758,0.24846,0.35938,0.59375,0.12500,0.11308,0.19725,0.21630,1.00000,0.39676,0.74958,0.53429
ego_motion,0.25,combined_hard_shift,calibrated_tree_flow_proxy,8,32,0.77480,0.69983,0.89307,0.84837,0.25661,0.31231,0.65625,0.12500,0.11529,0.19328,0.21974,1.00000,0.38678,0.73687,0.57724
ego_motion,0.25,combined_hard_shift,calibrated_tree_flow_proxy,9,32,0.79225,0.72160,0.90048,0.87050,0.23827,0.34629,0.65625,0.03125,0.11215,0.18917,0.21403,1.00000,0.39074,0.74489,0.61490
ego_motion,0.25,combined_hard_shift,causal_scene_flow_model_v5,0,32,0.77961,0.70200,0.90395,0.88960,0.25848,0.50848,0.71875,0.12500,0.11189,0.18872,0.21072,1.00000,0.47081,0.78298,0.61529
ego_motion,0.25,combined_hard_shift,causal_scene_flow_model_v5,1,32,0.78880,0.72067,0.90129,0.89191,0.23580,0.62714,0.50000,0.00000,0.10183,0.18274,0.20411,1.00000,0.47858,0.79132,0.50524
ego_motion,0.25,combined_hard_shift,causal_scene_flow_model_v5,2,32,0.74864,0.64144,0.92122,0.89270,0.30774,0.52060,0.71875,0.12500,0.12268,0.20588,0.22543,1.00000,0.48047,0.78166,0.60354
ego_motion,0.25,combined_hard_shift,causal_scene_flow_model_v5,3,32,0.74613,0.65815,0.88901,0.82364,0.27244,0.51219,0.53125,0.06250,0.11516,0.19538,0.21590,1.00000,0.47037,0.77580,0.49843
ego_motion,0.25,combined_hard_shift,causal_scene_flow_model_v5,4,32,0.76005,0.68342,0.88959,0.84369,0.24644,0.56717,0.71875,0.00000,0.11486,0.19221,0.20912,1.00000,0.44776,0.76991,0.65352
ego_motion,0.25,combined_hard_shift,causal_scene_flow_model_v5,5,32,0.74675,0.64708,0.89729,0.88733,0.29812,0.54409,0.56250,0.06250,0.11335,0.19694,0.22132,1.00000,0.47398,0.77418,0.51521
ego_motion,0.25,combined_hard_shift,causal_scene_flow_model_v5,6,32,0.77971,0.69330,0.91122,0.88809,0.24795,0.56970,0.46875,0.12500,0.10715,0.18713,0.20761,1.00000,0.48085,0.79241,0.43903
ego_motion,0.25,combined_hard_shift,causal_scene_flow_model_v5,7,32,0.76388,0.66329,0.92780,0.89144,0.25909,0.52593,0.59375,0.06250,0.11489,0.20742,0.21285,1.00000,0.49681,0.80257,0.54901
ego_motion,0.25,combined_hard_shift,causal_scene_flow_model_v5,8,32,0.75310,0.66423,0.89134,0.86546,0.27392,0.63349,0.65625,0.00000,0.10716,0.18296,0.21498,1.00000,0.48207,0.78216,0.60285
ego_motion,0.25,combined_hard_shift,causal_scene_flow_model_v5,9,32,0.78474,0.70449,0.91334,0.91450,0.24167,0.51423,0.71875,0.09375,0.10700,0.18730,0.20704,1.00000,0.49089,0.79957,0.63103
ego_motion,0.25,combined_hard_shift,contrastive_action_flow,0,32,0.72773,0.66525,0.82694,0.71939,0.29422,0.32329,0.68750,0.15625,0.12483,0.18744,0.19727,1.00000,0.34184,0.68803,0.56930
ego_motion,0.25,combined_hard_shift,contrastive_action_flow,1,32,0.77902,0.75794,0.82375,0.71620,0.19570,0.27711,0.71875,0.21875,0.11751,0.18571,0.17201,1.00000,0.35079,0.71353,0.59453
ego_motion,0.25,combined_hard_shift,contrastive_action_flow,2,32,0.73521,0.67670,0.82929,0.72634,0.28079,0.29076,0.68750,0.18750,0.12148,0.18129,0.19367,1.00000,0.34891,0.69528,0.56368
ego_motion,0.25,combined_hard_shift,contrastive_action_flow,3,32,0.72869,0.67862,0.82881,0.70908,0.30553,0.28596,0.62500,0.15625,0.12472,0.18780,0.20062,1.00000,0.34692,0.68867,0.52666
ego_motion,0.25,combined_hard_shift,contrastive_action_flow,4,32,0.70674,0.63409,0.82200,0.70027,0.30402,0.33342,0.59375,0.18750,0.12813,0.19609,0.20129,1.00000,0.33298,0.67999,0.48632
ego_motion,0.25,combined_hard_shift,contrastive_action_flow,5,32,0.73010,0.67704,0.81615,0.69067,0.27933,0.28537,0.56250,0.06250,0.12176,0.18618,0.19360,1.00000,0.34524,0.69027,0.52026
ego_motion,0.25,combined_hard_shift,contrastive_action_flow,6,32,0.76400,0.73199,0.82770,0.71467,0.23186,0.27625,0.59375,0.06250,0.11849,0.18080,0.18049,1.00000,0.35406,0.70830,0.55596
ego_motion,0.25,combined_hard_shift,contrastive_action_flow,7,32,0.75662,0.71483,0.83334,0.70715,0.21976,0.28548,0.59375,0.12500,0.11606,0.18625,0.17782,1.00000,0.36220,0.71666,0.53418
ego_motion,0.25,combined_hard_shift,contrastive_action_flow,8,32,0.75172,0.71352,0.82416,0.72882,0.23741,0.26154,0.75000,0.18750,0.11944,0.18374,0.18358,1.00000,0.35078,0.70445,0.61813
ego_motion,0.25,combined_hard_shift,contrastive_action_flow,9,32,0.76769,0.73867,0.82022,0.69992,0.20696,0.27742,0.65625,0.00000,0.11558,0.17892,0.17494,1.00000,0.35682,0.71327,0.62632
ego_motion,0.25,combined_hard_shift,learned_correlation_classifier,0,32,0.73285,0.63188,0.90336,0.86572,0.36783,0.36734,0.37500,0.06250,0.13330,0.21289,0.22316,1.00000,0.34654,0.69415,0.37438
ego_motion,0.25,combined_hard_shift,learned_correlation_classifier,1,32,0.76271,0.68618,0.89338,0.85754,0.29039,0.36277,0.59375,0.09375,0.12621,0.21140,0.20269,1.00000,0.35524,0.71312,0.53287
ego_motion,0.25,combined_hard_shift,learned_correlation_classifier,2,32,0.74319,0.64776,0.89337,0.85232,0.33169,0.34469,0.59375,0.18750,0.12788,0.20411,0.21344,1.00000,0.35291,0.70282,0.49089
ego_motion,0.25,combined_hard_shift,learned_correlation_classifier,3,32,0.72164,0.62984,0.88872,0.82813,0.38447,0.34872,0.59375,0.28125,0.13296,0.21244,0.22845,1.00000,0.35097,0.68899,0.44546
ego_motion,0.25,combined_hard_shift,learned_correlation_classifier,4,32,0.70325,0.58816,0.90431,0.87054,0.40498,0.38092,0.50000,0.18750,0.13680,0.22133,0.23423,1.00000,0.33980,0.68272,0.40549
ego_motion,0.25,combined_hard_shift,learned_correlation_classifier,5,32,0.73350,0.63965,0.88740,0.83043,0.35047,0.33824,0.59375,0.21875,0.12963,0.21041,0.21872,1.00000,0.34974,0.69548,0.47534
ego_motion,0.25,combined_hard_shift,learned_correlation_classifier,6,32,0.76871,0.68767,0.90778,0.87009,0.30684,0.34331,0.68750,0.12500,0.12641,0.20562,0.20586,1.00000,0.35818,0.71477,0.58760
ego_motion,0.25,combined_hard_shift,learned_correlation_classifier,7,32,0.75877,0.67928,0.89077,0.80416,0.27213,0.34740,0.84375,0.06250,0.12405,0.20991,0.19781,1.00000,0.36340,0.72070,0.72251
ego_motion,0.25,combined_hard_shift,learned_correlation_classifier,8,32,0.75008,0.66844,0.88577,0.83687,0.30217,0.31331,0.62500,0.12500,0.12774,0.20935,0.20709,1.00000,0.35428,0.70805,0.54242
ego_motion,0.25,combined_hard_shift,learned_correlation_classifier,9,32,0.76581,0.68985,0.88270,0.83019,0.27595,0.34475,0.68750,0.18750,0.12367,0.20395,0.19916,1.00000,0.35965,0.71581,0.56838
ego_motion,0.25,combined_hard_shift,oracle_causal_mask,0,32,1.00000,1.00000,1.00000,1.00000,0.00000,0.00000,1.00000,0.06250,0.00001,0.00173,0.02130,1.00000,0.99400,1.00000,0.95750
ego_motion,0.25,combined_hard_shift,oracle_causal_mask,1,32,1.00000,1.00000,1.00000,1.00000,0.00000,0.00000,1.00000,0.03125,0.00001,0.00177,0.02137,1.00000,0.99400,1.00000,0.96875
ego_motion,0.25,combined_hard_shift,oracle_causal_mask,2,32,1.00000,1.00000,1.00000,1.00000,0.00000,0.00000,0.96875,0.03125,0.00001,0.00173,0.02153,1.00000,0.99400,1.00000,0.94687
ego_motion,0.25,combined_hard_shift,oracle_causal_mask,3,32,1.00000,1.00000,1.00000,1.00000,0.00000,0.00000,1.00000,0.00000,0.00001,0.00173,0.02146,1.00000,0.99400,1.00000,0.98000
ego_motion,0.25,combined_hard_shift,oracle_causal_mask,4,32,1.00000,1.00000,1.00000,1.00000,0.00000,0.00000,0.93750,0.00000,0.00001,0.00176,0.02136,1.00000,0.99400,1.00000,0.93625
ego_motion,0.25,combined_hard_shift,oracle_causal_mask,5,32,1.00000,1.00000,1.00000,1.00000,0.00000,0.00000,0.96875,0.03125,0.00001,0.00175,0.02135,1.00000,0.99400,1.00000,0.94688
ego_motion,0.25,combined_hard_shift,oracle_causal_mask,6,32,1.00000,1.00000,1.00000,1.00000,0.00000,0.00000,0.96875,0.00000,0.00001,0.00171,0.02135,1.00000,0.99400,1.00000,0.95813
ego_motion,0.25,combined_hard_shift,oracle_causal_mask,7,32,1.00000,1.00000,1.00000,1.00000,0.00000,0.00000,0.96875,0.00000,0.00001,0.00179,0.02142,1.00000,0.99400,1.00000,0.95813
ego_motion,0.25,combined_hard_shift,oracle_causal_mask,8,32,1.00000,1.00000,1.00000,1.00000,0.00000,0.00000,0.96875,0.00000,0.00001,0.00176,0.02171,1.00000,0.99400,1.00000,0.95813
ego_motion,0.25,combined_hard_shift,oracle_causal_mask,9,32,1.00000,1.00000,1.00000,1.00000,0.00000,0.00000,0.96875,0.03125,0.00001,0.00175,0.02164,1.00000,0.99400,1.00000,0.94687
ego_motion,0.25,combined_hard_shift,world_model_flow_predictor,0,32,0.77675,0.73078,0.86144,0.79394,0.22546,0.48097,0.59375,0.12500,0.11574,0.18427,0.19872,1.00000,0.39703,0.74083,0.52789
ego_motion,0.25,combined_hard_shift,world_model_flow_predictor,1,32,0.79344,0.75919,0.85553,0.78564,0.18391,0.57331,0.75000,0.09375,0.10752,0.17970,0.18776,1.00000,0.40290,0.75149,0.65191
ego_motion,0.25,combined_hard_shift,world_model_flow_predictor,2,32,0.76063,0.67439,0.90156,0.84770,0.27499,0.48288,0.56250,0.18750,0.12329,0.19925,0.21267,1.00000,0.40951,0.74685,0.47560
ego_motion,0.25,combined_hard_shift,world_model_flow_predictor,3,32,0.75789,0.70102,0.85730,0.76142,0.23186,0.48348,0.53125,0.12500,0.11761,0.19018,0.20170,1.00000,0.40066,0.74023,0.48013
ego_motion,0.25,combined_hard_shift,world_model_flow_predictor,4,32,0.76892,0.73196,0.85034,0.75938,0.20302,0.51138,0.53125,0.03125,0.11847,0.18718,0.19437,1.00000,0.37695,0.73244,0.51650
ego_motion,0.25,combined_hard_shift,world_model_flow_predictor,5,32,0.76686,0.69535,0.87359,0.82772,0.24323,0.50365,0.68750,0.15625,0.11618,0.19150,0.20363,1.00000,0.40160,0.74245,0.57738
ego_motion,0.25,combined_hard_shift,world_model_flow_predictor,6,32,0.78899,0.73031,0.87763,0.82515,0.20291,0.52178,0.62500,0.18750,0.11162,0.18238,0.19237,1.00000,0.40722,0.75530,0.53122
ego_motion,0.25,combined_hard_shift,world_model_flow_predictor,7,32,0.77578,0.69844,0.90278,0.84210,0.23199,0.49865,0.78125,0.18750,0.11687,0.20333,0.20159,1.00000,0.42407,0.76420,0.63745
ego_motion,0.25,combined_hard_shift,world_model_flow_predictor,8,32,0.76242,0.70524,0.85634,0.79595,0.22515,0.58146,0.62500,0.18750,0.11090,0.17965,0.19921,1.00000,0.40585,0.74416,0.51938
ego_motion,0.25,combined_hard_shift,world_model_flow_predictor,9,32,0.77921,0.72254,0.87836,0.82925,0.22223,0.48690,0.71875,0.06250,0.11123,0.18440,0.19815,1.00000,0.41604,0.75582,0.64012
ego_motion,0.50,combined_hard_shift,action_direction_projection,0,32,0.50322,0.36991,0.85380,0.68182,0.65491,0.50318,0.56250,0.18750,0.24685,0.33254,0.32248,1.00000,0.28778,0.58755,0.36849
ego_motion,0.50,combined_hard_shift,action_direction_projection,1,32,0.53613,0.40373,0.85097,0.65610,0.54916,0.47797,0.43750,0.12500,0.23296,0.31394,0.29222,1.00000,0.29465,0.61365,0.32609
ego_motion,0.50,combined_hard_shift,action_direction_projection,2,32,0.56005,0.42918,0.86131,0.70618,0.44652,0.44727,0.43750,0.12500,0.20705,0.29153,0.26011,1.00000,0.33822,0.66158,0.34983
ego_motion,0.50,combined_hard_shift,action_direction_projection,3,32,0.54195,0.40325,0.87177,0.72954,0.57264,0.47257,0.46875,0.28125,0.23409,0.31603,0.29776,1.00000,0.30004,0.61670,0.29052
ego_motion,0.50,combined_hard_shift,action_direction_projection,4,32,0.54217,0.40236,0.86352,0.72767,0.53995,0.49973,0.40625,0.15625,0.22188,0.31134,0.28848,1.00000,0.30513,0.62440,0.29502
ego_motion,0.50,combined_hard_shift,action_direction_projection,5,32,0.55525,0.42432,0.85580,0.66907,0.51335,0.47354,0.37500,0.15625,0.22120,0.30317,0.28053,1.00000,0.31254,0.63209,0.28093
ego_motion,0.50,combined_hard_shift,action_direction_projection,6,32,0.50687,0.36727,0.85475,0.68365,0.60303,0.47545,0.37500,0.31250,0.24937,0.33458,0.30981,1.00000,0.27216,0.59109,0.20114
ego_motion,0.50,combined_hard_shift,action_direction_projection,7,32,0.52093,0.38620,0.85410,0.69318,0.50242,0.47836,0.40625,0.25000,0.22574,0.30919,0.27853,1.00000,0.29865,0.62684,0.26395
ego_motion,0.50,combined_hard_shift,action_direction_projection,8,32,0.55380,0.41908,0.86402,0.68649,0.48529,0.43400,0.59375,0.25000,0.22225,0.31081,0.27424,1.00000,0.32637,0.64760,0.40767
ego_motion,0.50,combined_hard_shift,action_direction_projection,9,32,0.54510,0.41510,0.86433,0.72291,0.50894,0.43186,0.50000,0.18750,0.22512,0.30601,0.27883,1.00000,0.31418,0.63613,0.35907
ego_motion,0.50,combined_hard_shift,calibrated_tree_flow_proxy,0,32,0.74235,0.63890,0.90342,0.87716,0.31387,0.35024,0.59375,0.21875,0.12079,0.20604,0.23349,1.00000,0.37486,0.72076,0.48346
ego_motion,0.50,combined_hard_shift,calibrated_tree_flow_proxy,1,32,0.76542,0.67551,0.90189,0.86932,0.28221,0.37593,0.62500,0.21875,0.12036,0.19884,0.22543,1.00000,0.37060,0.72511,0.51181
ego_motion,0.50,combined_hard_shift,calibrated_tree_flow_proxy,2,32,0.76419,0.66999,0.90924,0.90307,0.28401,0.35644,0.68750,0.12500,0.11382,0.19613,0.22457,1.00000,0.39761,0.74068,0.59194
ego_motion,0.50,combined_hard_shift,calibrated_tree_flow_proxy,3,32,0.75974,0.66734,0.90353,0.88401,0.29851,0.34576,0.62500,0.09375,0.12113,0.19902,0.22929,1.00000,0.37356,0.72349,0.55556
ego_motion,0.50,combined_hard_shift,calibrated_tree_flow_proxy,4,32,0.76681,0.67596,0.90342,0.89038,0.28851,0.37354,0.56250,0.12500,0.11817,0.19750,0.22704,1.00000,0.38102,0.72955,0.50195
ego_motion,0.50,combined_hard_shift,calibrated_tree_flow_proxy,5,32,0.78848,0.71248,0.90092,0.85821,0.24793,0.34939,0.62500,0.18750,0.11439,0.19376,0.21596,1.00000,0.38552,0.74016,0.53426
ego_motion,0.50,combined_hard_shift,calibrated_tree_flow_proxy,6,32,0.75299,0.66703,0.89148,0.87132,0.28552,0.33227,0.81250,0.06250,0.12249,0.20295,0.22713,1.00000,0.36604,0.71931,0.69885
ego_motion,0.50,combined_hard_shift,calibrated_tree_flow_proxy,7,32,0.74753,0.64922,0.89443,0.87118,0.28719,0.37150,0.53125,0.06250,0.12102,0.20054,0.22692,1.00000,0.37412,0.72391,0.49910
ego_motion,0.50,combined_hard_shift,calibrated_tree_flow_proxy,8,32,0.74328,0.63652,0.91522,0.88192,0.33991,0.37372,0.68750,0.18750,0.11947,0.20657,0.24046,1.00000,0.38709,0.72447,0.55640
ego_motion,0.50,combined_hard_shift,calibrated_tree_flow_proxy,9,32,0.76248,0.66853,0.90661,0.88433,0.29218,0.34259,0.59375,0.03125,0.11795,0.19485,0.22624,1.00000,0.38150,0.72982,0.55833
ego_motion,0.50,combined_hard_shift,causal_scene_flow_model_v5,0,32,0.74420,0.64792,0.90122,0.87546,0.27892,0.54474,0.65625,0.15625,0.11297,0.19429,0.21572,1.00000,0.46590,0.77522,0.54907
ego_motion,0.50,combined_hard_shift,causal_scene_flow_model_v5,1,32,0.76861,0.68098,0.90965,0.88804,0.24872,0.55862,0.50000,0.00000,0.11244,0.19108,0.20852,1.00000,0.46241,0.78225,0.50348
ego_motion,0.50,combined_hard_shift,causal_scene_flow_model_v5,2,32,0.73673,0.63042,0.91871,0.90496,0.28981,0.49669,0.59375,0.09375,0.11455,0.20045,0.21892,1.00000,0.49658,0.79333,0.53037
ego_motion,0.50,combined_hard_shift,causal_scene_flow_model_v5,3,32,0.76168,0.67466,0.91031,0.89365,0.27057,0.54491,0.50000,0.03125,0.11392,0.19196,0.21365,1.00000,0.46035,0.77653,0.48864
ego_motion,0.50,combined_hard_shift,causal_scene_flow_model_v5,4,32,0.75148,0.64980,0.91080,0.89235,0.29798,0.58278,0.65625,0.03125,0.11368,0.19296,0.22081,1.00000,0.47195,0.77667,0.59084
ego_motion,0.50,combined_hard_shift,causal_scene_flow_model_v5,5,32,0.79077,0.71839,0.90569,0.85963,0.22257,0.56778,0.62500,0.03125,0.10503,0.18483,0.20119,1.00000,0.48123,0.79675,0.58761
ego_motion,0.50,combined_hard_shift,causal_scene_flow_model_v5,6,32,0.77427,0.70347,0.88760,0.88534,0.22224,0.59330,0.53125,0.09375,0.10992,0.18294,0.20175,1.00000,0.45021,0.77599,0.49286
ego_motion,0.50,combined_hard_shift,causal_scene_flow_model_v5,7,32,0.73796,0.63247,0.90855,0.90064,0.28897,0.60140,0.56250,0.09375,0.11795,0.19638,0.21888,1.00000,0.46617,0.77506,0.50032
ego_motion,0.50,combined_hard_shift,causal_scene_flow_model_v5,8,32,0.72853,0.61549,0.91202,0.87224,0.31239,0.54141,0.71875,0.06250,0.11610,0.20520,0.22567,1.00000,0.47453,0.77516,0.62024
ego_motion,0.50,combined_hard_shift,causal_scene_flow_model_v5,9,32,0.75841,0.67819,0.89201,0.84830,0.25256,0.55075,0.65625,0.09375,0.11204,0.18600,0.20844,1.00000,0.47603,0.78390,0.57769
ego_motion,0.50,combined_hard_shift,contrastive_action_flow,0,32,0.70785,0.63647,0.82382,0.70731,0.30856,0.30284,0.59375,0.21875,0.12538,0.19743,0.20149,1.00000,0.34017,0.68320,0.47692
ego_motion,0.50,combined_hard_shift,contrastive_action_flow,1,32,0.73523,0.69457,0.81163,0.68876,0.25587,0.30131,0.65625,0.09375,0.12461,0.18849,0.18814,1.00000,0.33497,0.68891,0.57715
ego_motion,0.50,combined_hard_shift,contrastive_action_flow,2,32,0.73866,0.68333,0.82924,0.74172,0.26070,0.30631,0.68750,0.15625,0.11708,0.18542,0.18760,1.00000,0.36383,0.70744,0.57841
ego_motion,0.50,combined_hard_shift,contrastive_action_flow,3,32,0.73518,0.67918,0.83035,0.71851,0.27197,0.30047,0.68750,0.15625,0.12604,0.18926,0.19162,1.00000,0.33855,0.69211,0.57502
ego_motion,0.50,combined_hard_shift,contrastive_action_flow,4,32,0.74241,0.69719,0.81399,0.68480,0.24905,0.30297,0.65625,0.15625,0.12186,0.18706,0.18639,1.00000,0.34676,0.69716,0.55751
ego_motion,0.50,combined_hard_shift,contrastive_action_flow,5,32,0.75639,0.72523,0.81001,0.66595,0.22177,0.28698,0.68750,0.03125,0.11838,0.18350,0.17858,1.00000,0.35148,0.70458,0.63174
ego_motion,0.50,combined_hard_shift,contrastive_action_flow,6,32,0.71662,0.67868,0.79961,0.70918,0.26587,0.28468,0.62500,0.09375,0.12754,0.19376,0.19179,1.00000,0.32944,0.68071,0.55111
ego_motion,0.50,combined_hard_shift,contrastive_action_flow,7,32,0.72645,0.67797,0.80600,0.71149,0.24678,0.28499,0.62500,0.12500,0.12424,0.18932,0.18589,1.00000,0.33933,0.69172,0.54502
ego_motion,0.50,combined_hard_shift,contrastive_action_flow,8,32,0.72421,0.65659,0.83915,0.69822,0.31701,0.29880,0.65625,0.28125,0.12370,0.19747,0.20394,1.00000,0.35227,0.69162,0.50102
ego_motion,0.50,combined_hard_shift,contrastive_action_flow,9,32,0.72880,0.67129,0.82334,0.70104,0.27919,0.29924,0.59375,0.00000,0.12179,0.18422,0.19205,1.00000,0.34758,0.69339,0.56398
ego_motion,0.50,combined_hard_shift,learned_correlation_classifier,0,32,0.70922,0.60729,0.88309,0.82295,0.37298,0.34449,0.46875,0.12500,0.13421,0.22280,0.22573,1.00000,0.34496,0.68693,0.41360
ego_motion,0.50,combined_hard_shift,learned_correlation_classifier,1,32,0.73183,0.63562,0.89104,0.83491,0.34634,0.38636,0.53125,0.12500,0.13320,0.21402,0.21801,1.00000,0.34065,0.69261,0.46234
ego_motion,0.50,combined_hard_shift,learned_correlation_classifier,2,32,0.74531,0.64722,0.90280,0.88554,0.32385,0.36145,0.53125,0.21875,0.12531,0.21021,0.21042,1.00000,0.36503,0.71330,0.43742
ego_motion,0.50,combined_hard_shift,learned_correlation_classifier,3,32,0.73204,0.63180,0.90109,0.88123,0.36267,0.35657,0.50000,0.25000,0.13325,0.21320,0.22164,1.00000,0.34567,0.69424,0.39552
ego_motion,0.50,combined_hard_shift,learned_correlation_classifier,4,32,0.74904,0.65320,0.89729,0.86816,0.32280,0.37464,0.65625,0.12500,0.12919,0.21125,0.21144,1.00000,0.35198,0.70531,0.55764
ego_motion,0.50,combined_hard_shift,learned_correlation_classifier,5,32,0.74855,0.66439,0.88070,0.80353,0.30953,0.35401,0.65625,0.21875,0.12693,0.20904,0.20770,1.00000,0.35514,0.70556,0.52668
ego_motion,0.50,combined_hard_shift,learned_correlation_classifier,6,32,0.70838,0.61419,0.87512,0.85394,0.36680,0.35217,0.53125,0.15625,0.13611,0.21973,0.22470,1.00000,0.33679,0.68196,0.44566
ego_motion,0.50,combined_hard_shift,learned_correlation_classifier,7,32,0.73230,0.63357,0.88658,0.84853,0.31733,0.36054,0.71875,0.12500,0.13180,0.21372,0.21023,1.00000,0.34455,0.69987,0.59957
ego_motion,0.50,combined_hard_shift,learned_correlation_classifier,8,32,0.71723,0.61335,0.90166,0.85232,0.39417,0.35821,0.53125,0.12500,0.13139,0.22082,0.23112,1.00000,0.35851,0.69414,0.45614
ego_motion,0.50,combined_hard_shift,learned_correlation_classifier,9,32,0.72898,0.63067,0.89259,0.84593,0.35567,0.35086,0.65625,0.18750,0.13030,0.21021,0.21884,1.00000,0.35090,0.69629,0.52834
ego_motion,0.50,combined_hard_shift,oracle_causal_mask,0,32,1.00000,1.00000,1.00000,1.00000,0.00000,0.00000,1.00000,0.06250,0.00001,0.00181,0.02114,1.00000,0.99400,1.00000,0.95750
ego_motion,0.50,combined_hard_shift,oracle_causal_mask,1,32,1.00000,1.00000,1.00000,1.00000,0.00000,0.00000,1.00000,0.03125,0.00001,0.00174,0.02128,1.00000,0.99400,1.00000,0.96875
ego_motion,0.50,combined_hard_shift,oracle_causal_mask,2,32,1.00000,1.00000,1.00000,1.00000,0.00000,0.00000,0.96875,0.03125,0.00001,0.00179,0.02123,1.00000,0.99400,1.00000,0.94687
ego_motion,0.50,combined_hard_shift,oracle_causal_mask,3,32,1.00000,1.00000,1.00000,1.00000,0.00000,0.00000,1.00000,0.00000,0.00001,0.00171,0.02121,1.00000,0.99400,1.00000,0.98000
ego_motion,0.50,combined_hard_shift,oracle_causal_mask,4,32,1.00000,1.00000,1.00000,1.00000,0.00000,0.00000,0.93750,0.00000,0.00001,0.00174,0.02141,1.00000,0.99400,1.00000,0.93625
ego_motion,0.50,combined_hard_shift,oracle_causal_mask,5,32,1.00000,1.00000,1.00000,1.00000,0.00000,0.00000,0.96875,0.03125,0.00001,0.00175,0.02130,1.00000,0.99400,1.00000,0.94688
ego_motion,0.50,combined_hard_shift,oracle_causal_mask,6,32,1.00000,1.00000,1.00000,1.00000,0.00000,0.00000,0.96875,0.00000,0.00001,0.00176,0.02127,1.00000,0.99400,1.00000,0.95813
ego_motion,0.50,combined_hard_shift,oracle_causal_mask,7,32,1.00000,1.00000,1.00000,1.00000,0.00000,0.00000,0.96875,0.00000,0.00001,0.00176,0.02122,1.00000,0.99400,1.00000,0.95813
ego_motion,0.50,combined_hard_shift,oracle_causal_mask,8,32,1.00000,1.00000,1.00000,1.00000,0.00000,0.00000,0.96875,0.00000,0.00001,0.00180,0.02143,1.00000,0.99400,1.00000,0.95813
ego_motion,0.50,combined_hard_shift,oracle_causal_mask,9,32,1.00000,1.00000,1.00000,1.00000,0.00000,0.00000,0.96875,0.03125,0.00001,0.00174,0.02102,1.00000,0.99400,1.00000,0.94687
ego_motion,0.50,combined_hard_shift,world_model_flow_predictor,0,32,0.75729,0.69034,0.86541,0.80995,0.23641,0.50358,0.62500,0.09375,0.11609,0.19058,0.20140,1.00000,0.39225,0.73697,0.55477
ego_motion,0.50,combined_hard_shift,world_model_flow_predictor,1,32,0.77533,0.73287,0.85746,0.78712,0.20214,0.50297,0.81250,0.06250,0.11647,0.18643,0.19339,1.00000,0.38932,0.74091,0.70478
ego_motion,0.50,combined_hard_shift,world_model_flow_predictor,2,32,0.75358,0.67163,0.89475,0.85742,0.25410,0.47150,0.56250,0.18750,0.11651,0.19759,0.20593,1.00000,0.42443,0.75744,0.47893
ego_motion,0.50,combined_hard_shift,world_model_flow_predictor,3,32,0.77372,0.72265,0.86650,0.79906,0.21783,0.50554,0.56250,0.12500,0.11723,0.18524,0.19670,1.00000,0.38889,0.73959,0.50482
ego_motion,0.50,combined_hard_shift,world_model_flow_predictor,4,32,0.76243,0.69611,0.86858,0.80308,0.24721,0.53628,0.53125,0.03125,0.11631,0.18772,0.20459,1.00000,0.40003,0.73946,0.50951
ego_motion,0.50,combined_hard_shift,world_model_flow_predictor,5,32,0.80078,0.76078,0.87057,0.78981,0.18455,0.52238,0.68750,0.15625,0.11015,0.18143,0.18770,1.00000,0.40577,0.75675,0.59044
ego_motion,0.50,combined_hard_shift,world_model_flow_predictor,6,32,0.77964,0.74789,0.84251,0.79381,0.18055,0.55001,0.68750,0.21875,0.11440,0.17861,0.18754,1.00000,0.37728,0.73552,0.56084
ego_motion,0.50,combined_hard_shift,world_model_flow_predictor,7,32,0.73954,0.66792,0.85729,0.80208,0.24675,0.55428,0.68750,0.21875,0.12011,0.19062,0.20482,1.00000,0.39338,0.73317,0.54594
ego_motion,0.50,combined_hard_shift,world_model_flow_predictor,8,32,0.76054,0.68412,0.87999,0.80034,0.24632,0.49055,0.68750,0.21875,0.11770,0.19959,0.20543,1.00000,0.40417,0.74477,0.55457
ego_motion,0.50,combined_hard_shift,world_model_flow_predictor,9,32,0.76335,0.71673,0.85277,0.76056,0.21772,0.51538,0.65625,0.00000,0.11538,0.18279,0.19596,1.00000,0.40314,0.74346,0.61368
ego_motion,0.75,combined_hard_shift,action_direction_projection,0,32,0.51575,0.39039,0.85827,0.67385,0.57483,0.47089,0.53125,0.21875,0.23913,0.32061,0.29948,1.00000,0.30171,0.61358,0.35204
ego_motion,0.75,combined_hard_shift,action_direction_projection,1,32,0.55168,0.43215,0.83926,0.63710,0.50390,0.44713,0.37500,0.06250,0.21190,0.29330,0.27681,1.00000,0.32882,0.63833,0.31757
ego_motion,0.75,combined_hard_shift,action_direction_projection,2,32,0.51486,0.38105,0.86616,0.70530,0.60828,0.46353,0.37500,0.25000,0.24492,0.32790,0.30963,1.00000,0.28287,0.59847,0.22589
ego_motion,0.75,combined_hard_shift,action_direction_projection,3,32,0.53676,0.40589,0.85450,0.66691,0.48497,0.48305,0.46875,0.21875,0.21719,0.29838,0.27166,1.00000,0.32523,0.64460,0.32543
ego_motion,0.75,combined_hard_shift,action_direction_projection,4,32,0.53542,0.40398,0.84274,0.69872,0.53542,0.44610,0.46875,0.25000,0.23034,0.29752,0.28636,1.00000,0.30170,0.61821,0.30696
ego_motion,0.75,combined_hard_shift,action_direction_projection,5,32,0.59725,0.48455,0.84967,0.67566,0.47999,0.43219,0.40625,0.18750,0.20409,0.27142,0.26663,1.00000,0.34343,0.65390,0.30737
ego_motion,0.75,combined_hard_shift,action_direction_projection,6,32,0.53821,0.41087,0.85838,0.66946,0.52475,0.41761,0.37500,0.28125,0.24182,0.32144,0.28666,1.00000,0.30299,0.62529,0.23437
ego_motion,0.75,combined_hard_shift,action_direction_projection,7,32,0.55628,0.42987,0.85861,0.69240,0.44992,0.45405,0.43750,0.18750,0.21608,0.29592,0.26264,1.00000,0.31660,0.64889,0.32439
ego_motion,0.75,combined_hard_shift,action_direction_projection,8,32,0.53416,0.41125,0.82649,0.60240,0.48140,0.44412,0.59375,0.25000,0.21579,0.29445,0.27176,1.00000,0.31755,0.63410,0.40277
ego_motion,0.75,combined_hard_shift,action_direction_projection,9,32,0.53910,0.41368,0.84366,0.66900,0.46902,0.49347,0.43750,0.15625,0.21202,0.29168,0.26665,1.00000,0.32760,0.64652,0.32795
ego_motion,0.75,combined_hard_shift,calibrated_tree_flow_proxy,0,32,0.75597,0.66525,0.89794,0.87204,0.29347,0.33738,0.65625,0.18750,0.11860,0.19945,0.22773,1.00000,0.38068,0.72685,0.54459
ego_motion,0.75,combined_hard_shift,calibrated_tree_flow_proxy,1,32,0.79034,0.71397,0.90900,0.84706,0.24258,0.31321,0.75000,0.18750,0.11255,0.19251,0.21420,1.00000,0.39637,0.74908,0.62594
ego_motion,0.75,combined_hard_shift,calibrated_tree_flow_proxy,2,32,0.74386,0.63453,0.91440,0.88903,0.32951,0.35828,0.62500,0.12500,0.12290,0.20093,0.23711,1.00000,0.36982,0.71756,0.53659
ego_motion,0.75,combined_hard_shift,calibrated_tree_flow_proxy,3,32,0.75473,0.64893,0.91823,0.86021,0.30333,0.39271,0.68750,0.12500,0.11829,0.20235,0.22975,1.00000,0.38623,0.73285,0.58499
ego_motion,0.75,combined_hard_shift,calibrated_tree_flow_proxy,4,32,0.74670,0.64478,0.90805,0.89579,0.33971,0.36211,0.62500,0.15625,0.12136,0.19710,0.23871,1.00000,0.37571,0.71673,0.52424
ego_motion,0.75,combined_hard_shift,calibrated_tree_flow_proxy,5,32,0.78467,0.69356,0.91726,0.89567,0.29580,0.34825,0.53125,0.15625,0.11537,0.18712,0.22621,1.00000,0.39363,0.73810,0.47335
ego_motion,0.75,combined_hard_shift,calibrated_tree_flow_proxy,6,32,0.76040,0.66658,0.90676,0.85854,0.30761,0.32006,0.84375,0.12500,0.11794,0.19849,0.23069,1.00000,0.38165,0.72654,0.69836
ego_motion,0.75,combined_hard_shift,calibrated_tree_flow_proxy,7,32,0.77363,0.68782,0.90289,0.87387,0.25885,0.35301,0.59375,0.09375,0.11577,0.19440,0.21878,1.00000,0.38852,0.73983,0.54219
ego_motion,0.75,combined_hard_shift,calibrated_tree_flow_proxy,8,32,0.74399,0.63975,0.90928,0.88014,0.31315,0.34885,0.65625,0.21875,0.12042,0.20152,0.23318,1.00000,0.38216,0.72624,0.52830
ego_motion,0.75,combined_hard_shift,calibrated_tree_flow_proxy,9,32,0.77460,0.68801,0.90213,0.88195,0.25791,0.38160,0.53125,0.03125,0.11403,0.19988,0.21830,1.00000,0.39143,0.74136,0.51968
ego_motion,0.75,combined_hard_shift,causal_scene_flow_model_v5,0,32,0.76584,0.68013,0.90330,0.87603,0.24598,0.54736,0.65625,0.15625,0.10830,0.18620,0.20666,1.00000,0.47457,0.78752,0.55780
ego_motion,0.75,combined_hard_shift,causal_scene_flow_model_v5,1,32,0.77161,0.67710,0.91783,0.89845,0.26017,0.55405,0.56250,0.00000,0.10678,0.18629,0.21013,1.00000,0.49990,0.80135,0.54891
ego_motion,0.75,combined_hard_shift,causal_scene_flow_model_v5,2,32,0.73703,0.63402,0.90271,0.89465,0.30469,0.64930,0.59375,0.09375,0.11152,0.18454,0.22099,1.00000,0.46261,0.76823,0.51647
ego_motion,0.75,combined_hard_shift,causal_scene_flow_model_v5,3,32,0.73505,0.62367,0.92431,0.88588,0.29935,0.56971,0.50000,0.06250,0.11600,0.20140,0.22086,1.00000,0.48302,0.78564,0.46928
ego_motion,0.75,combined_hard_shift,causal_scene_flow_model_v5,4,32,0.74013,0.63545,0.90745,0.88679,0.29795,0.53924,0.65625,0.03125,0.11903,0.19446,0.22047,1.00000,0.47098,0.77530,0.59147
ego_motion,0.75,combined_hard_shift,causal_scene_flow_model_v5,5,32,0.75926,0.64704,0.93454,0.92615,0.31388,0.47398,0.56250,0.06250,0.11638,0.19730,0.22375,1.00000,0.49866,0.79323,0.52181
ego_motion,0.75,combined_hard_shift,causal_scene_flow_model_v5,6,32,0.76009,0.67549,0.88902,0.83819,0.24490,0.59629,0.59375,0.12500,0.10438,0.17520,0.20516,1.00000,0.47418,0.78384,0.52114
ego_motion,0.75,combined_hard_shift,causal_scene_flow_model_v5,7,32,0.76789,0.67849,0.91278,0.89795,0.25440,0.59682,0.56250,0.12500,0.10897,0.18808,0.20917,1.00000,0.49005,0.79618,0.50082
ego_motion,0.75,combined_hard_shift,causal_scene_flow_model_v5,8,32,0.72611,0.61445,0.91450,0.89270,0.30591,0.56668,0.65625,0.03125,0.12039,0.20383,0.22394,1.00000,0.47599,0.77799,0.58695
ego_motion,0.75,combined_hard_shift,causal_scene_flow_model_v5,9,32,0.76993,0.67346,0.91832,0.89360,0.24446,0.51517,0.65625,0.09375,0.10671,0.19630,0.20666,1.00000,0.49306,0.80138,0.58473
ego_motion,0.75,combined_hard_shift,contrastive_action_flow,0,32,0.73692,0.68176,0.83604,0.73526,0.28172,0.28701,0.62500,0.15625,0.12283,0.19024,0.19340,1.00000,0.34805,0.69638,0.53170
ego_motion,0.75,combined_hard_shift,contrastive_action_flow,1,32,0.75574,0.72530,0.81835,0.67049,0.22424,0.24997,0.75000,0.15625,0.11602,0.18234,0.17870,1.00000,0.36378,0.71261,0.63328
ego_motion,0.75,combined_hard_shift,contrastive_action_flow,2,32,0.72194,0.65784,0.82344,0.72803,0.28805,0.28365,0.68750,0.18750,0.12711,0.19069,0.19623,1.00000,0.33405,0.68443,0.55981
ego_motion,0.75,combined_hard_shift,contrastive_action_flow,3,32,0.73379,0.67476,0.83256,0.70379,0.27502,0.31336,0.62500,0.15625,0.12122,0.19121,0.19168,1.00000,0.35358,0.69983,0.53083
ego_motion,0.75,combined_hard_shift,contrastive_action_flow,4,32,0.70663,0.64078,0.81850,0.73115,0.33787,0.31467,0.65625,0.18750,0.12635,0.18628,0.20780,1.00000,0.33929,0.67491,0.52650
ego_motion,0.75,combined_hard_shift,contrastive_action_flow,5,32,0.75729,0.70023,0.84480,0.74349,0.27893,0.30234,0.62500,0.03125,0.11884,0.17545,0.19059,1.00000,0.36148,0.70625,0.58055
ego_motion,0.75,combined_hard_shift,contrastive_action_flow,6,32,0.73421,0.68040,0.82856,0.69266,0.28510,0.27831,0.56250,0.09375,0.12284,0.18983,0.19433,1.00000,0.34863,0.69399,0.50984
ego_motion,0.75,combined_hard_shift,contrastive_action_flow,7,32,0.74935,0.71360,0.81758,0.70388,0.22678,0.27986,0.62500,0.09375,0.11923,0.18318,0.17965,1.00000,0.35477,0.70716,0.56450
ego_motion,0.75,combined_hard_shift,contrastive_action_flow,8,32,0.72137,0.65804,0.82595,0.70861,0.28290,0.27435,0.68750,0.15625,0.12378,0.19059,0.19467,1.00000,0.34905,0.69402,0.57329
ego_motion,0.75,combined_hard_shift,contrastive_action_flow,9,32,0.75688,0.71467,0.82684,0.72684,0.23033,0.30275,0.62500,0.00000,0.11735,0.18870,0.17997,1.00000,0.35852,0.71074,0.59808
ego_motion,0.75,combined_hard_shift,learned_correlation_classifier,0,32,0.72551,0.63347,0.88742,0.84784,0.35922,0.34645,0.46875,0.12500,0.13215,0.21620,0.22113,1.00000,0.35075,0.69409,0.41860
ego_motion,0.75,combined_hard_shift,learned_correlation_classifier,1,32,0.76093,0.68377,0.89030,0.82004,0.28474,0.31143,0.68750,0.15625,0.12427,0.20782,0.20062,1.00000,0.36559,0.71894,0.58017
ego_motion,0.75,combined_hard_shift,learned_correlation_classifier,2,32,0.71839,0.61200,0.89715,0.86485,0.37428,0.34741,0.50000,0.21875,0.13575,0.21673,0.22553,1.00000,0.33941,0.68741,0.40292
ego_motion,0.75,combined_hard_shift,learned_correlation_classifier,3,32,0.73527,0.63288,0.90224,0.83537,0.33625,0.37259,0.50000,0.25000,0.12969,0.21606,0.21429,1.00000,0.35632,0.70589,0.39964
ego_motion,0.75,combined_hard_shift,learned_correlation_classifier,4,32,0.71567,0.61033,0.89433,0.87451,0.40589,0.36719,0.53125,0.18750,0.13457,0.21195,0.23271,1.00000,0.34271,0.68144,0.42992
ego_motion,0.75,combined_hard_shift,learned_correlation_classifier,5,32,0.76200,0.66941,0.90390,0.85988,0.33191,0.35282,0.62500,0.18750,0.12680,0.20026,0.21135,1.00000,0.36163,0.71004,0.51613
ego_motion,0.75,combined_hard_shift,learned_correlation_classifier,6,32,0.73056,0.63537,0.89857,0.83419,0.37384,0.32729,0.59375,0.15625,0.13286,0.21748,0.22466,1.00000,0.35125,0.69404,0.49505
ego_motion,0.75,combined_hard_shift,learned_correlation_classifier,7,32,0.75575,0.66701,0.89311,0.84174,0.28737,0.35613,0.71875,0.06250,0.12755,0.20850,0.20149,1.00000,0.35666,0.71445,0.63143
ego_motion,0.75,combined_hard_shift,learned_correlation_classifier,8,32,0.72932,0.62836,0.89665,0.85325,0.33887,0.33769,0.59375,0.15625,0.13082,0.21414,0.21570,1.00000,0.35287,0.70207,0.49939
ego_motion,0.75,combined_hard_shift,learned_correlation_classifier,9,32,0.74653,0.65781,0.89109,0.86220,0.31309,0.37652,0.62500,0.15625,0.12575,0.21307,0.20790,1.00000,0.36049,0.71026,0.52576
ego_motion,0.75,combined_hard_shift,oracle_causal_mask,0,32,1.00000,1.00000,1.00000,1.00000,0.00000,0.00000,1.00000,0.06250,0.00001,0.00177,0.02114,1.00000,0.99400,1.00000,0.95750
ego_motion,0.75,combined_hard_shift,oracle_causal_mask,1,32,1.00000,1.00000,1.00000,1.00000,0.00000,0.00000,1.00000,0.03125,0.00001,0.00178,0.02133,1.00000,0.99400,1.00000,0.96875
ego_motion,0.75,combined_hard_shift,oracle_causal_mask,2,32,1.00000,1.00000,1.00000,1.00000,0.00000,0.00000,0.96875,0.03125,0.00001,0.00174,0.02125,1.00000,0.99400,1.00000,0.94687
ego_motion,0.75,combined_hard_shift,oracle_causal_mask,3,32,1.00000,1.00000,1.00000,1.00000,0.00000,0.00000,1.00000,0.00000,0.00001,0.00178,0.02111,1.00000,0.99400,1.00000,0.98000
ego_motion,0.75,combined_hard_shift,oracle_causal_mask,4,32,1.00000,1.00000,1.00000,1.00000,0.00000,0.00000,0.93750,0.00000,0.00001,0.00173,0.02108,1.00000,0.99400,1.00000,0.93625
ego_motion,0.75,combined_hard_shift,oracle_causal_mask,5,32,1.00000,1.00000,1.00000,1.00000,0.00000,0.00000,0.96875,0.03125,0.00001,0.00168,0.02114,1.00000,0.99400,1.00000,0.94688
ego_motion,0.75,combined_hard_shift,oracle_causal_mask,6,32,1.00000,1.00000,1.00000,1.00000,0.00000,0.00000,0.96875,0.00000,0.00001,0.00177,0.02110,1.00000,0.99400,1.00000,0.95813
ego_motion,0.75,combined_hard_shift,oracle_causal_mask,7,32,1.00000,1.00000,1.00000,1.00000,0.00000,0.00000,0.96875,0.00000,0.00001,0.00174,0.02129,1.00000,0.99400,1.00000,0.95813
ego_motion,0.75,combined_hard_shift,oracle_causal_mask,8,32,1.00000,1.00000,1.00000,1.00000,0.00000,0.00000,0.96875,0.00000,0.00001,0.00178,0.02130,1.00000,0.99400,1.00000,0.95813
ego_motion,0.75,combined_hard_shift,oracle_causal_mask,9,32,1.00000,1.00000,1.00000,1.00000,0.00000,0.00000,0.96875,0.03125,0.00001,0.00180,0.02110,1.00000,0.99400,1.00000,0.94687
ego_motion,0.75,combined_hard_shift,world_model_flow_predictor,0,32,0.77002,0.72023,0.86161,0.77626,0.21139,0.51920,0.59375,0.09375,0.11230,0.18423,0.19441,1.00000,0.40214,0.74663,0.53816
ego_motion,0.75,combined_hard_shift,world_model_flow_predictor,1,32,0.77942,0.71396,0.88315,0.83165,0.22164,0.51033,0.81250,0.09375,0.11074,0.18617,0.19699,1.00000,0.42588,0.76232,0.69397
ego_motion,0.75,combined_hard_shift,world_model_flow_predictor,2,32,0.74782,0.67899,0.86088,0.80990,0.25409,0.60822,0.59375,0.18750,0.11502,0.17959,0.20499,1.00000,0.38801,0.72969,0.48836
ego_motion,0.75,combined_hard_shift,world_model_flow_predictor,3,32,0.75431,0.67678,0.88730,0.80447,0.25249,0.53126,0.46875,0.09375,0.11763,0.19690,0.20539,1.00000,0.41197,0.74937,0.44282
ego_motion,0.75,combined_hard_shift,world_model_flow_predictor,4,32,0.74379,0.67312,0.86323,0.80367,0.25891,0.50329,0.50000,0.03125,0.12134,0.18988,0.20720,1.00000,0.39834,0.73462,0.48464
ego_motion,0.75,combined_hard_shift,world_model_flow_predictor,5,32,0.77293,0.68711,0.90812,0.86725,0.27621,0.44499,0.68750,0.18750,0.11864,0.19361,0.21046,1.00000,0.42718,0.75748,0.56847
ego_motion,0.75,combined_hard_shift,world_model_flow_predictor,6,32,0.77442,0.73413,0.84128,0.72587,0.18035,0.55318,0.78125,0.12500,0.11001,0.17434,0.18612,1.00000,0.40049,0.74731,0.66063
ego_motion,0.75,combined_hard_shift,world_model_flow_predictor,7,32,0.77951,0.72410,0.87635,0.82822,0.20966,0.54590,0.65625,0.21875,0.11260,0.18485,0.19420,1.00000,0.41585,0.75797,0.53839
ego_motion,0.75,combined_hard_shift,world_model_flow_predictor,8,32,0.74207,0.65374,0.88103,0.82344,0.26827,0.54274,0.56250,0.15625,0.12116,0.19903,0.21058,1.00000,0.40564,0.74098,0.48039
ego_motion,0.75,combined_hard_shift,world_model_flow_predictor,9,32,0.78497,0.71889,0.88771,0.83349,0.20853,0.47173,0.68750,0.03125,0.11080,0.19336,0.19364,1.00000,0.41864,0.76262,0.63378
ego_motion,1.00,combined_hard_shift,action_direction_projection,0,32,0.51403,0.39322,0.81724,0.59785,0.44075,0.43849,0.56250,0.28125,0.22175,0.30506,0.26343,1.00000,0.31794,0.64085,0.37245
ego_motion,1.00,combined_hard_shift,action_direction_projection,1,32,0.46258,0.32396,0.86206,0.68319,0.71119,0.47414,0.15625,0.12500,0.28397,0.36248,0.34364,1.00000,0.24214,0.55359,0.09103
ego_motion,1.00,combined_hard_shift,action_direction_projection,2,32,0.48573,0.35111,0.84235,0.65466,0.55237,0.52389,0.37500,0.12500,0.24606,0.32425,0.29521,1.00000,0.28335,0.60483,0.27008
ego_motion,1.00,combined_hard_shift,action_direction_projection,3,32,0.54448,0.42467,0.82995,0.65445,0.40327,0.44695,0.53125,0.21875,0.20882,0.27883,0.24890,1.00000,0.32543,0.65629,0.38379
ego_motion,1.00,combined_hard_shift,action_direction_projection,4,32,0.52544,0.40305,0.85463,0.71152,0.49342,0.44816,0.46875,0.15625,0.23070,0.30901,0.27658,1.00000,0.30379,0.63162,0.34564
ego_motion,1.00,combined_hard_shift,action_direction_projection,5,32,0.51770,0.37999,0.85803,0.69377,0.47742,0.46447,0.37500,0.28125,0.22793,0.30645,0.27166,1.00000,0.31266,0.64064,0.23580
ego_motion,1.00,combined_hard_shift,action_direction_projection,6,32,0.52270,0.38676,0.85586,0.65682,0.51526,0.45968,0.43750,0.21875,0.23155,0.31325,0.28354,1.00000,0.30839,0.62953,0.29726
ego_motion,1.00,combined_hard_shift,action_direction_projection,7,32,0.51970,0.39205,0.83280,0.64280,0.41894,0.52730,0.53125,0.25000,0.21695,0.29409,0.25530,1.00000,0.31979,0.65065,0.36119
ego_motion,1.00,combined_hard_shift,action_direction_projection,8,32,0.51863,0.40521,0.82470,0.63804,0.49954,0.48610,0.53125,0.28125,0.21969,0.29828,0.27714,1.00000,0.31825,0.63001,0.34010
ego_motion,1.00,combined_hard_shift,action_direction_projection,9,32,0.57355,0.44055,0.86204,0.72860,0.46590,0.43546,0.37500,0.25000,0.20702,0.27675,0.26339,1.00000,0.34310,0.66004,0.26144
ego_motion,1.00,combined_hard_shift,calibrated_tree_flow_proxy,0,32,0.75833,0.66638,0.89991,0.83745,0.27444,0.36934,0.65625,0.18750,0.11544,0.20328,0.22388,1.00000,0.39009,0.73645,0.54649
ego_motion,1.00,combined_hard_shift,calibrated_tree_flow_proxy,1,32,0.73684,0.63700,0.89969,0.88862,0.34468,0.31017,0.50000,0.18750,0.12923,0.20903,0.24239,1.00000,0.35322,0.70177,0.42464
ego_motion,1.00,combined_hard_shift,calibrated_tree_flow_proxy,2,32,0.78084,0.69303,0.91706,0.89791,0.26401,0.36562,0.65625,0.15625,0.11840,0.20177,0.22012,1.00000,0.37921,0.73754,0.56294
ego_motion,1.00,combined_hard_shift,calibrated_tree_flow_proxy,3,32,0.77268,0.68310,0.90793,0.89203,0.27078,0.37752,0.62500,0.03125,0.11565,0.19652,0.22167,1.00000,0.38708,0.73777,0.58327
ego_motion,1.00,combined_hard_shift,calibrated_tree_flow_proxy,4,32,0.74630,0.64772,0.90093,0.88130,0.30532,0.36759,0.59375,0.18750,0.12217,0.20500,0.23169,1.00000,0.37382,0.72146,0.49541
ego_motion,1.00,combined_hard_shift,calibrated_tree_flow_proxy,5,32,0.76478,0.67221,0.90763,0.86454,0.28594,0.34425,0.56250,0.15625,0.11966,0.20244,0.22611,1.00000,0.38205,0.73175,0.49271
ego_motion,1.00,combined_hard_shift,calibrated_tree_flow_proxy,6,32,0.74887,0.64673,0.90457,0.84916,0.31373,0.34691,0.78125,0.09375,0.12295,0.20156,0.23419,1.00000,0.37868,0.72308,0.66125
ego_motion,1.00,combined_hard_shift,calibrated_tree_flow_proxy,7,32,0.80486,0.73594,0.89680,0.85908,0.20204,0.36195,0.59375,0.06250,0.11269,0.19328,0.20449,1.00000,0.38781,0.75038,0.56599
ego_motion,1.00,combined_hard_shift,calibrated_tree_flow_proxy,8,32,0.76749,0.68026,0.90615,0.85454,0.27056,0.35891,0.71875,0.15625,0.11382,0.19760,0.22152,1.00000,0.39314,0.74051,0.60453
ego_motion,1.00,combined_hard_shift,calibrated_tree_flow_proxy,9,32,0.74756,0.64050,0.91117,0.89330,0.32699,0.35674,0.53125,0.03125,0.11850,0.19506,0.23521,1.00000,0.39169,0.72864,0.50703
ego_motion,1.00,combined_hard_shift,causal_scene_flow_model_v5,0,32,0.74474,0.63897,0.92045,0.87940,0.28268,0.55265,0.68750,0.15625,0.10980,0.19765,0.21697,1.00000,0.49156,0.79274,0.57221
ego_motion,1.00,combined_hard_shift,causal_scene_flow_model_v5,1,32,0.75893,0.69331,0.87066,0.84283,0.24579,0.59053,0.53125,0.00000,0.11136,0.17637,0.20681,1.00000,0.43569,0.75885,0.51944
ego_motion,1.00,combined_hard_shift,causal_scene_flow_model_v5,2,32,0.76717,0.68898,0.90655,0.88434,0.24141,0.56678,0.65625,0.09375,0.10859,0.18766,0.20568,1.00000,0.47756,0.79092,0.58031
ego_motion,1.00,combined_hard_shift,causal_scene_flow_model_v5,3,32,0.75879,0.65093,0.93362,0.92487,0.27535,0.54943,0.43750,0.03125,0.11404,0.20214,0.21538,1.00000,0.49164,0.79782,0.44614
ego_motion,1.00,combined_hard_shift,causal_scene_flow_model_v5,4,32,0.72240,0.61678,0.90028,0.87698,0.31723,0.63138,0.59375,0.03125,0.11597,0.19738,0.22554,1.00000,0.46824,0.76777,0.53614
ego_motion,1.00,combined_hard_shift,causal_scene_flow_model_v5,5,32,0.73987,0.63327,0.91352,0.86859,0.29341,0.57754,0.50000,0.06250,0.11288,0.19694,0.21917,1.00000,0.48085,0.78300,0.46998
ego_motion,1.00,combined_hard_shift,causal_scene_flow_model_v5,6,32,0.71998,0.60555,0.90471,0.86218,0.33140,0.61715,0.46875,0.12500,0.12028,0.19753,0.23000,1.00000,0.46710,0.76521,0.41335
ego_motion,1.00,combined_hard_shift,causal_scene_flow_model_v5,7,32,0.76364,0.67135,0.90273,0.87333,0.22754,0.58459,0.62500,0.12500,0.10379,0.18414,0.20218,1.00000,0.48651,0.79764,0.54802
ego_motion,1.00,combined_hard_shift,causal_scene_flow_model_v5,8,32,0.75541,0.66218,0.91666,0.88960,0.26047,0.54415,0.71875,0.03125,0.10824,0.18994,0.21044,1.00000,0.50016,0.80111,0.64497
ego_motion,1.00,combined_hard_shift,causal_scene_flow_model_v5,9,32,0.71879,0.59817,0.91431,0.87978,0.34269,0.57141,0.65625,0.09375,0.12157,0.20300,0.23212,1.00000,0.49564,0.78006,0.55883
ego_motion,1.00,combined_hard_shift,contrastive_action_flow,0,32,0.73501,0.67881,0.82097,0.66347,0.24695,0.31474,0.68750,0.12500,0.11845,0.19333,0.18585,1.00000,0.35903,0.70582,0.59003
ego_motion,1.00,combined_hard_shift,contrastive_action_flow,1,32,0.69635,0.62588,0.81749,0.73612,0.34601,0.28827,0.62500,0.18750,0.13545,0.20107,0.21249,1.00000,0.31709,0.66131,0.50196
ego_motion,1.00,combined_hard_shift,contrastive_action_flow,2,32,0.75926,0.71816,0.83445,0.74889,0.23026,0.30602,0.78125,0.15625,0.12271,0.19196,0.18071,1.00000,0.34494,0.70567,0.65080
ego_motion,1.00,combined_hard_shift,contrastive_action_flow,3,32,0.75771,0.71190,0.83557,0.72846,0.23580,0.30941,0.68750,0.15625,0.11901,0.18489,0.18141,1.00000,0.35396,0.70943,0.58450
ego_motion,1.00,combined_hard_shift,contrastive_action_flow,4,32,0.71688,0.66075,0.81406,0.71325,0.28431,0.31625,0.62500,0.18750,0.12567,0.19437,0.19563,1.00000,0.34068,0.68626,0.51396
ego_motion,1.00,combined_hard_shift,contrastive_action_flow,5,32,0.74966,0.69441,0.84157,0.74281,0.25996,0.27577,0.68750,0.06250,0.12287,0.19172,0.18804,1.00000,0.34979,0.70351,0.61537
ego_motion,1.00,combined_hard_shift,contrastive_action_flow,6,32,0.72429,0.65656,0.82913,0.68461,0.28815,0.29872,0.62500,0.06250,0.12645,0.19163,0.19673,1.00000,0.34712,0.69268,0.56151
ego_motion,1.00,combined_hard_shift,contrastive_action_flow,7,32,0.78280,0.76143,0.81864,0.71113,0.17154,0.31280,0.65625,0.15625,0.11608,0.18248,0.16534,1.00000,0.35495,0.71968,0.57538
ego_motion,1.00,combined_hard_shift,contrastive_action_flow,8,32,0.74934,0.69977,0.83543,0.73817,0.24146,0.30632,0.68750,0.21875,0.11653,0.18671,0.18269,1.00000,0.36153,0.71209,0.56049
ego_motion,1.00,combined_hard_shift,contrastive_action_flow,9,32,0.72820,0.65189,0.84265,0.76284,0.30356,0.30135,0.62500,0.03125,0.12133,0.18351,0.19790,1.00000,0.36068,0.69986,0.57224
ego_motion,1.00,combined_hard_shift,learned_correlation_classifier,0,32,0.73592,0.63841,0.89180,0.82146,0.30913,0.36610,0.56250,0.12500,0.12749,0.21828,0.20849,1.00000,0.36021,0.71117,0.49278
ego_motion,1.00,combined_hard_shift,learned_correlation_classifier,1,32,0.69080,0.58055,0.89016,0.85545,0.44662,0.33998,0.53125,0.15625,0.14506,0.22828,0.24639,1.00000,0.32385,0.66158,0.43155
ego_motion,1.00,combined_hard_shift,learned_correlation_classifier,2,32,0.75136,0.66161,0.90240,0.87178,0.31478,0.37258,0.53125,0.21875,0.13175,0.21757,0.20913,1.00000,0.34736,0.70600,0.43793
ego_motion,1.00,combined_hard_shift,learned_correlation_classifier,3,32,0.75575,0.66760,0.89611,0.86451,0.29394,0.36869,0.56250,0.25000,0.12720,0.20928,0.20304,1.00000,0.35424,0.71253,0.45278
ego_motion,1.00,combined_hard_shift,learned_correlation_classifier,4,32,0.71982,0.61985,0.88465,0.85117,0.35126,0.37659,0.59375,0.12500,0.13374,0.21877,0.21977,1.00000,0.34443,0.69183,0.50407
ego_motion,1.00,combined_hard_shift,learned_correlation_classifier,5,32,0.74243,0.64914,0.89509,0.85458,0.32783,0.34133,0.53125,0.15625,0.13139,0.21624,0.21272,1.00000,0.35159,0.70343,0.45901
ego_motion,1.00,combined_hard_shift,learned_correlation_classifier,6,32,0.73638,0.63488,0.89698,0.83170,0.33397,0.33996,0.62500,0.09375,0.13352,0.21509,0.21526,1.00000,0.35155,0.70255,0.54540
ego_motion,1.00,combined_hard_shift,learned_correlation_classifier,7,32,0.77287,0.69586,0.88576,0.84424,0.25071,0.38984,0.78125,0.06250,0.12446,0.20794,0.19178,1.00000,0.35720,0.72089,0.68107
ego_motion,1.00,combined_hard_shift,learned_correlation_classifier,8,32,0.75516,0.66717,0.89745,0.84305,0.28939,0.35912,0.65625,0.12500,0.12612,0.21333,0.20203,1.00000,0.36101,0.71740,0.56502
ego_motion,1.00,combined_hard_shift,learned_correlation_classifier,9,32,0.72502,0.61867,0.89377,0.85349,0.36037,0.35290,0.59375,0.31250,0.12935,0.20806,0.22017,1.00000,0.36018,0.70039,0.43876
ego_motion,1.00,combined_hard_shift,oracle_causal_mask,0,32,1.00000,1.00000,1.00000,1.00000,0.00000,0.00000,1.00000,0.06250,0.00001,0.00182,0.02139,1.00000,0.99400,1.00000,0.95750
ego_motion,1.00,combined_hard_shift,oracle_causal_mask,1,32,1.00000,1.00000,1.00000,1.00000,0.00000,0.00000,1.00000,0.03125,0.00001,0.00174,0.02115,1.00000,0.99400,1.00000,0.96875
ego_motion,1.00,combined_hard_shift,oracle_causal_mask,2,32,1.00000,1.00000,1.00000,1.00000,0.00000,0.00000,0.96875,0.03125,0.00001,0.00177,0.02114,1.00000,0.99400,1.00000,0.94687
ego_motion,1.00,combined_hard_shift,oracle_causal_mask,3,32,1.00000,1.00000,1.00000,1.00000,0.00000,0.00000,1.00000,0.00000,0.00001,0.00177,0.02126,1.00000,0.99400,1.00000,0.98000
ego_motion,1.00,combined_hard_shift,oracle_causal_mask,4,32,1.00000,1.00000,1.00000,1.00000,0.00000,0.00000,0.93750,0.00000,0.00001,0.00179,0.02120,1.00000,0.99400,1.00000,0.93625
ego_motion,1.00,combined_hard_shift,oracle_causal_mask,5,32,1.00000,1.00000,1.00000,1.00000,0.00000,0.00000,0.96875,0.03125,0.00001,0.00176,0.02117,1.00000,0.99400,1.00000,0.94688
ego_motion,1.00,combined_hard_shift,oracle_causal_mask,6,32,1.00000,1.00000,1.00000,1.00000,0.00000,0.00000,0.96875,0.00000,0.00001,0.00173,0.02144,1.00000,0.99400,1.00000,0.95813
ego_motion,1.00,combined_hard_shift,oracle_causal_mask,7,32,1.00000,1.00000,1.00000,1.00000,0.00000,0.00000,0.96875,0.00000,0.00001,0.00176,0.02128,1.00000,0.99400,1.00000,0.95813
ego_motion,1.00,combined_hard_shift,oracle_causal_mask,8,32,1.00000,1.00000,1.00000,1.00000,0.00000,0.00000,0.96875,0.00000,0.00001,0.00181,0.02124,1.00000,0.99400,1.00000,0.95813
ego_motion,1.00,combined_hard_shift,oracle_causal_mask,9,32,1.00000,1.00000,1.00000,1.00000,0.00000,0.00000,0.96875,0.03125,0.00001,0.00174,0.02115,1.00000,0.99400,1.00000,0.94687
ego_motion,1.00,combined_hard_shift,world_model_flow_predictor,0,32,0.75958,0.68630,0.88281,0.79439,0.23818,0.50422,0.62500,0.03125,0.11281,0.19560,0.20235,1.00000,0.41852,0.75476,0.57952
ego_motion,1.00,combined_hard_shift,world_model_flow_predictor,1,32,0.76634,0.73976,0.82927,0.74785,0.19822,0.56516,0.78125,0.06250,0.11626,0.17162,0.19130,1.00000,0.36228,0.72039,0.67574
ego_motion,1.00,combined_hard_shift,world_model_flow_predictor,2,32,0.78019,0.73645,0.86924,0.81169,0.19623,0.52982,0.59375,0.18750,0.11281,0.18423,0.19058,1.00000,0.40300,0.75239,0.50791
ego_motion,1.00,combined_hard_shift,world_model_flow_predictor,3,32,0.77137,0.69420,0.89694,0.86536,0.23209,0.50982,0.56250,0.12500,0.11645,0.19883,0.20076,1.00000,0.41906,0.76006,0.50494
ego_motion,1.00,combined_hard_shift,world_model_flow_predictor,4,32,0.74491,0.67404,0.86649,0.82140,0.25903,0.60471,0.46875,0.06250,0.11807,0.19306,0.20751,1.00000,0.39794,0.73523,0.44567
ego_motion,1.00,combined_hard_shift,world_model_flow_predictor,5,32,0.76260,0.68562,0.88043,0.80565,0.23657,0.53732,0.71875,0.18750,0.11542,0.19196,0.20120,1.00000,0.40747,0.74875,0.58687
ego_motion,1.00,combined_hard_shift,world_model_flow_predictor,6,32,0.73400,0.64455,0.87136,0.78674,0.27889,0.56984,0.71875,0.28125,0.12113,0.19120,0.21311,1.00000,0.39626,0.73125,0.53941
ego_motion,1.00,combined_hard_shift,world_model_flow_predictor,7,32,0.79086,0.74129,0.86641,0.79471,0.17647,0.53021,0.71875,0.21875,0.10842,0.18153,0.18564,1.00000,0.41242,0.76090,0.58923
ego_motion,1.00,combined_hard_shift,world_model_flow_predictor,8,32,0.76675,0.69580,0.89230,0.85042,0.23372,0.52278,0.56250,0.18750,0.11189,0.18981,0.19985,1.00000,0.42562,0.76190,0.48094
ego_motion,1.00,combined_hard_shift,world_model_flow_predictor,9,32,0.72875,0.63584,0.87865,0.81685,0.30382,0.54018,0.65625,0.03125,0.12202,0.19951,0.21892,1.00000,0.42542,0.74283,0.58499
ego_motion,1.25,combined_hard_shift,action_direction_projection,0,32,0.49315,0.36376,0.84030,0.66113,0.48368,0.44655,0.50000,0.25000,0.24413,0.31805,0.27712,1.00000,0.29587,0.62592,0.32918
ego_motion,1.25,combined_hard_shift,action_direction_projection,1,32,0.53237,0.41222,0.84247,0.67362,0.47931,0.45624,0.46875,0.12500,0.22213,0.29744,0.27187,1.00000,0.32237,0.64122,0.36036
ego_motion,1.25,combined_hard_shift,action_direction_projection,2,32,0.49384,0.36817,0.84139,0.64482,0.53914,0.45463,0.50000,0.15625,0.24415,0.31869,0.29184,1.00000,0.29694,0.61456,0.35454
ego_motion,1.25,combined_hard_shift,action_direction_projection,3,32,0.51975,0.39041,0.83655,0.64113,0.57774,0.50238,0.40625,0.28125,0.24345,0.30842,0.30091,1.00000,0.28735,0.59982,0.23879
ego_motion,1.25,combined_hard_shift,action_direction_projection,4,32,0.53679,0.41751,0.85364,0.67151,0.56653,0.45339,0.40625,0.28125,0.23078,0.30051,0.29530,1.00000,0.31689,0.62209,0.24848
ego_motion,1.25,combined_hard_shift,action_direction_projection,5,32,0.53221,0.40811,0.84533,0.67166,0.44252,0.44054,0.34375,0.18750,0.21930,0.29709,0.26211,1.00000,0.32758,0.65277,0.25707
ego_motion,1.25,combined_hard_shift,action_direction_projection,6,32,0.54398,0.42045,0.85367,0.68300,0.45417,0.47641,0.40625,0.25000,0.21125,0.28426,0.26273,1.00000,0.33814,0.65787,0.27727
ego_motion,1.25,combined_hard_shift,action_direction_projection,7,32,0.52846,0.39942,0.83884,0.66453,0.47168,0.43638,0.53125,0.25000,0.23411,0.30196,0.27193,1.00000,0.30445,0.63264,0.35956
ego_motion,1.25,combined_hard_shift,action_direction_projection,8,32,0.52534,0.39206,0.86024,0.70515,0.55555,0.46103,0.43750,0.21875,0.23873,0.30798,0.29388,1.00000,0.30021,0.61755,0.29133
ego_motion,1.25,combined_hard_shift,action_direction_projection,9,32,0.52689,0.40567,0.83466,0.63804,0.45801,0.45541,0.43750,0.12500,0.22567,0.30111,0.26741,1.00000,0.31436,0.63972,0.34003
ego_motion,1.25,combined_hard_shift,calibrated_tree_flow_proxy,0,32,0.75669,0.65715,0.91111,0.87704,0.28970,0.36715,0.65625,0.15625,0.12273,0.20554,0.22801,1.00000,0.37012,0.72562,0.55448
ego_motion,1.25,combined_hard_shift,calibrated_tree_flow_proxy,1,32,0.75105,0.65027,0.91650,0.88115,0.31015,0.35521,0.65625,0.21875,0.11807,0.20351,0.23245,1.00000,0.38291,0.72917,0.52976
ego_motion,1.25,combined_hard_shift,calibrated_tree_flow_proxy,2,32,0.75697,0.66256,0.91169,0.87622,0.29278,0.31809,0.65625,0.12500,0.12080,0.20689,0.22892,1.00000,0.37656,0.72844,0.56868
ego_motion,1.25,combined_hard_shift,calibrated_tree_flow_proxy,3,32,0.77651,0.68117,0.92124,0.88863,0.28630,0.34893,0.62500,0.06250,0.12027,0.19442,0.22568,1.00000,0.38038,0.73433,0.57207
ego_motion,1.25,combined_hard_shift,calibrated_tree_flow_proxy,4,32,0.74542,0.64654,0.91363,0.88663,0.33132,0.34051,0.59375,0.09375,0.12089,0.20312,0.23789,1.00000,0.38606,0.72540,0.52800
ego_motion,1.25,combined_hard_shift,calibrated_tree_flow_proxy,5,32,0.76534,0.66693,0.91793,0.89593,0.27896,0.38766,0.53125,0.12500,0.11876,0.20265,0.22495,1.00000,0.38528,0.73764,0.48111
ego_motion,1.25,combined_hard_shift,calibrated_tree_flow_proxy,6,32,0.75494,0.65242,0.91933,0.86728,0.31728,0.40664,0.78125,0.06250,0.11521,0.19477,0.23317,1.00000,0.39592,0.73510,0.67091
ego_motion,1.25,combined_hard_shift,calibrated_tree_flow_proxy,7,32,0.74921,0.64862,0.90381,0.87853,0.29737,0.37088,0.53125,0.09375,0.12242,0.20290,0.23032,1.00000,0.37559,0.72488,0.48705
ego_motion,1.25,combined_hard_shift,calibrated_tree_flow_proxy,8,32,0.75477,0.65722,0.90716,0.87633,0.31654,0.34892,0.68750,0.15625,0.12314,0.19883,0.23434,1.00000,0.37693,0.72222,0.57351
ego_motion,1.25,combined_hard_shift,calibrated_tree_flow_proxy,9,32,0.78564,0.70463,0.91558,0.89405,0.25472,0.33709,0.50000,0.03125,0.11596,0.19646,0.21800,1.00000,0.38458,0.74199,0.50270
ego_motion,1.25,combined_hard_shift,causal_scene_flow_model_v5,0,32,0.72738,0.62501,0.89353,0.84528,0.28651,0.63429,0.65625,0.15625,0.11444,0.19264,0.21824,1.00000,0.46088,0.76894,0.53934
ego_motion,1.25,combined_hard_shift,causal_scene_flow_model_v5,1,32,0.72806,0.61967,0.90582,0.87076,0.30469,0.63397,0.50000,0.00000,0.11118,0.19423,0.22225,1.00000,0.48820,0.78234,0.48577
ego_motion,1.25,combined_hard_shift,causal_scene_flow_model_v5,2,32,0.73906,0.64708,0.89336,0.85187,0.26556,0.64970,0.65625,0.12500,0.11106,0.19163,0.21311,1.00000,0.47115,0.77885,0.55524
ego_motion,1.25,combined_hard_shift,causal_scene_flow_model_v5,3,32,0.77802,0.68961,0.91953,0.88592,0.26089,0.58078,0.59375,0.03125,0.10993,0.18269,0.21029,1.00000,0.48275,0.79271,0.55783
ego_motion,1.25,combined_hard_shift,causal_scene_flow_model_v5,4,32,0.72994,0.62532,0.91176,0.89239,0.32775,0.61205,0.62500,0.03125,0.11617,0.19663,0.22814,1.00000,0.48687,0.77813,0.56036
ego_motion,1.25,combined_hard_shift,causal_scene_flow_model_v5,5,32,0.73349,0.62814,0.91273,0.87946,0.30809,0.66523,0.56250,0.03125,0.11067,0.19231,0.22288,1.00000,0.48239,0.78037,0.51662
ego_motion,1.25,combined_hard_shift,causal_scene_flow_model_v5,6,32,0.72441,0.60844,0.92537,0.87900,0.35574,0.63010,0.37500,0.15625,0.11299,0.19482,0.23418,1.00000,0.50174,0.78324,0.33565
ego_motion,1.25,combined_hard_shift,causal_scene_flow_model_v5,7,32,0.73183,0.62958,0.90800,0.88249,0.30194,0.63320,0.59375,0.12500,0.11659,0.19456,0.22240,1.00000,0.47093,0.77454,0.50644
ego_motion,1.25,combined_hard_shift,causal_scene_flow_model_v5,8,32,0.72931,0.62344,0.89916,0.87472,0.32476,0.68286,0.65625,0.06250,0.11791,0.19267,0.22765,1.00000,0.47390,0.76876,0.56587
ego_motion,1.25,combined_hard_shift,causal_scene_flow_model_v5,9,32,0.76920,0.68289,0.91162,0.87392,0.24359,0.62121,0.65625,0.09375,0.10438,0.18132,0.20591,1.00000,0.48691,0.79662,0.57779
ego_motion,1.25,combined_hard_shift,contrastive_action_flow,0,32,0.72152,0.66891,0.80876,0.68538,0.25647,0.28747,0.59375,0.12500,0.12687,0.19597,0.18945,1.00000,0.33775,0.68948,0.52078
ego_motion,1.25,combined_hard_shift,contrastive_action_flow,1,32,0.73235,0.67497,0.84010,0.74390,0.27982,0.30572,0.68750,0.18750,0.12143,0.19336,0.19377,1.00000,0.35024,0.69899,0.56288
ego_motion,1.25,combined_hard_shift,contrastive_action_flow,2,32,0.72451,0.66772,0.82970,0.73882,0.28091,0.28784,0.68750,0.15625,0.12502,0.19755,0.19514,1.00000,0.34296,0.69226,0.57301
ego_motion,1.25,combined_hard_shift,contrastive_action_flow,3,32,0.74275,0.69806,0.82117,0.69889,0.25630,0.27528,0.65625,0.15625,0.12499,0.18447,0.18785,1.00000,0.34687,0.69749,0.55839
ego_motion,1.25,combined_hard_shift,contrastive_action_flow,4,32,0.72502,0.66256,0.84204,0.73944,0.30366,0.28721,0.59375,0.21875,0.12543,0.19325,0.19997,1.00000,0.35143,0.69487,0.48259
ego_motion,1.25,combined_hard_shift,contrastive_action_flow,5,32,0.75372,0.70256,0.83878,0.73907,0.23245,0.27956,0.68750,0.03125,0.12161,0.19207,0.18207,1.00000,0.35548,0.71179,0.63134
ego_motion,1.25,combined_hard_shift,contrastive_action_flow,6,32,0.74184,0.67964,0.84719,0.72362,0.28153,0.33043,0.53125,0.06250,0.11804,0.18364,0.19287,1.00000,0.36428,0.70776,0.49939
ego_motion,1.25,combined_hard_shift,contrastive_action_flow,7,32,0.73794,0.68361,0.82698,0.72445,0.24991,0.29394,0.68750,0.09375,0.12629,0.19247,0.18734,1.00000,0.34306,0.69842,0.60176
ego_motion,1.25,combined_hard_shift,contrastive_action_flow,8,32,0.72948,0.66891,0.82673,0.72532,0.29135,0.28824,0.71875,0.21875,0.12708,0.18856,0.19716,1.00000,0.34455,0.69002,0.57164
ego_motion,1.25,combined_hard_shift,contrastive_action_flow,9,32,0.75231,0.71874,0.81911,0.70711,0.22770,0.27285,0.68750,0.03125,0.11954,0.18637,0.18056,1.00000,0.35328,0.70658,0.63146
ego_motion,1.25,combined_hard_shift,learned_correlation_classifier,0,32,0.72965,0.62774,0.89854,0.84992,0.33294,0.36415,0.34375,0.09375,0.13536,0.22139,0.21531,1.00000,0.34217,0.69830,0.34561
ego_motion,1.25,combined_hard_shift,learned_correlation_classifier,1,32,0.73093,0.63288,0.89927,0.85788,0.33519,0.35106,0.65625,0.12500,0.13092,0.21972,0.21548,1.00000,0.35093,0.70255,0.55434
ego_motion,1.25,combined_hard_shift,learned_correlation_classifier,2,32,0.72197,0.62251,0.89501,0.83581,0.34948,0.33384,0.50000,0.15625,0.13435,0.22379,0.22010,1.00000,0.34622,0.69585,0.43080
ego_motion,1.25,combined_hard_shift,learned_correlation_classifier,3,32,0.74105,0.64774,0.89261,0.83633,0.33363,0.35038,0.46875,0.25000,0.13440,0.21113,0.21472,1.00000,0.34714,0.69919,0.37954
ego_motion,1.25,combined_hard_shift,learned_correlation_classifier,4,32,0.72618,0.62490,0.90732,0.86911,0.37210,0.34583,0.62500,0.21875,0.13420,0.21856,0.22494,1.00000,0.35247,0.69733,0.49322
ego_motion,1.25,combined_hard_shift,learned_correlation_classifier,5,32,0.74265,0.64238,0.90658,0.86548,0.31674,0.35987,0.59375,0.18750,0.12991,0.21693,0.21030,1.00000,0.35767,0.71202,0.49279
ego_motion,1.25,combined_hard_shift,learned_correlation_classifier,6,32,0.73822,0.63786,0.90255,0.84100,0.33514,0.40088,0.65625,0.09375,0.12673,0.20918,0.21409,1.00000,0.36368,0.71005,0.56468
ego_motion,1.25,combined_hard_shift,learned_correlation_classifier,7,32,0.72641,0.62546,0.89510,0.85396,0.33606,0.36176,0.71875,0.09375,0.13537,0.21822,0.21642,1.00000,0.34468,0.69802,0.60733
ego_motion,1.25,combined_hard_shift,learned_correlation_classifier,8,32,0.73460,0.63321,0.89991,0.86134,0.35398,0.33986,0.59375,0.06250,0.13546,0.21386,0.22023,1.00000,0.34659,0.69633,0.53135
ego_motion,1.25,combined_hard_shift,learned_correlation_classifier,9,32,0.75195,0.67274,0.88762,0.84223,0.29845,0.33856,0.68750,0.18750,0.12878,0.21281,0.20550,1.00000,0.35428,0.70935,0.56306
ego_motion,1.25,combined_hard_shift,oracle_causal_mask,0,32,1.00000,1.00000,1.00000,1.00000,0.00000,0.00000,1.00000,0.06250,0.00001,0.00177,0.02131,1.00000,0.99400,1.00000,0.95750
ego_motion,1.25,combined_hard_shift,oracle_causal_mask,1,32,1.00000,1.00000,1.00000,1.00000,0.00000,0.00000,1.00000,0.03125,0.00001,0.00184,0.02138,1.00000,0.99400,1.00000,0.96875
ego_motion,1.25,combined_hard_shift,oracle_causal_mask,2,32,1.00000,1.00000,1.00000,1.00000,0.00000,0.00000,0.96875,0.03125,0.00001,0.00182,0.02138,1.00000,0.99400,1.00000,0.94687
ego_motion,1.25,combined_hard_shift,oracle_causal_mask,3,32,1.00000,1.00000,1.00000,1.00000,0.00000,0.00000,1.00000,0.00000,0.00001,0.00169,0.02135,1.00000,0.99400,1.00000,0.98000
ego_motion,1.25,combined_hard_shift,oracle_causal_mask,4,32,1.00000,1.00000,1.00000,1.00000,0.00000,0.00000,0.93750,0.00000,0.00001,0.00177,0.02134,1.00000,0.99400,1.00000,0.93625
ego_motion,1.25,combined_hard_shift,oracle_causal_mask,5,32,1.00000,1.00000,1.00000,1.00000,0.00000,0.00000,0.96875,0.03125,0.00001,0.00177,0.02145,1.00000,0.99400,1.00000,0.94688
ego_motion,1.25,combined_hard_shift,oracle_causal_mask,6,32,1.00000,1.00000,1.00000,1.00000,0.00000,0.00000,0.96875,0.00000,0.00001,0.00176,0.02143,1.00000,0.99400,1.00000,0.95813
ego_motion,1.25,combined_hard_shift,oracle_causal_mask,7,32,1.00000,1.00000,1.00000,1.00000,0.00000,0.00000,0.96875,0.00000,0.00001,0.00175,0.02146,1.00000,0.99400,1.00000,0.95813
ego_motion,1.25,combined_hard_shift,oracle_causal_mask,8,32,1.00000,1.00000,1.00000,1.00000,0.00000,0.00000,0.96875,0.00000,0.00001,0.00170,0.02137,1.00000,0.99400,1.00000,0.95813
ego_motion,1.25,combined_hard_shift,oracle_causal_mask,9,32,1.00000,1.00000,1.00000,1.00000,0.00000,0.00000,0.96875,0.03125,0.00001,0.00177,0.02141,1.00000,0.99400,1.00000,0.94687
ego_motion,1.25,combined_hard_shift,world_model_flow_predictor,0,32,0.74840,0.67863,0.85930,0.79045,0.23259,0.59345,0.62500,0.03125,0.11749,0.18873,0.20116,1.00000,0.38964,0.73486,0.57066
ego_motion,1.25,combined_hard_shift,world_model_flow_predictor,1,32,0.74670,0.66541,0.88120,0.82368,0.25810,0.61081,0.75000,0.09375,0.11395,0.19394,0.20714,1.00000,0.41561,0.74844,0.63291
ego_motion,1.25,combined_hard_shift,world_model_flow_predictor,2,32,0.75243,0.69034,0.86067,0.80932,0.22120,0.61259,0.59375,0.18750,0.11470,0.18968,0.19840,1.00000,0.39832,0.74224,0.49428
ego_motion,1.25,combined_hard_shift,world_model_flow_predictor,3,32,0.78410,0.72275,0.88960,0.81560,0.22709,0.55981,0.59375,0.09375,0.11452,0.17948,0.19793,1.00000,0.40815,0.75358,0.53692
ego_motion,1.25,combined_hard_shift,world_model_flow_predictor,4,32,0.73302,0.64945,0.88261,0.83116,0.29567,0.59209,0.46875,0.06250,0.11758,0.19323,0.21639,1.00000,0.41560,0.74054,0.44077
ego_motion,1.25,combined_hard_shift,world_model_flow_predictor,5,32,0.75581,0.68326,0.88330,0.81950,0.25130,0.62602,0.62500,0.15625,0.11336,0.18857,0.20508,1.00000,0.41152,0.74836,0.52426
ego_motion,1.25,combined_hard_shift,world_model_flow_predictor,6,32,0.74514,0.64789,0.90580,0.82762,0.30585,0.60785,0.65625,0.25000,0.11476,0.19219,0.21815,1.00000,0.42824,0.75091,0.50553
ego_motion,1.25,combined_hard_shift,world_model_flow_predictor,7,32,0.75096,0.67969,0.87715,0.81064,0.24553,0.59102,0.62500,0.21875,0.11923,0.19037,0.20465,1.00000,0.40006,0.74208,0.50303
ego_motion,1.25,combined_hard_shift,world_model_flow_predictor,8,32,0.73906,0.66758,0.85405,0.77186,0.27157,0.62452,0.53125,0.15625,0.12006,0.18754,0.21113,1.00000,0.40195,0.73132,0.45157
ego_motion,1.25,combined_hard_shift,world_model_flow_predictor,9,32,0.78055,0.72971,0.87257,0.80774,0.19955,0.57975,0.68750,0.03125,0.10907,0.17971,0.19137,1.00000,0.41269,0.75757,0.62707
ego_motion,1.50,combined_hard_shift,action_direction_projection,0,32,0.51852,0.39783,0.83165,0.63581,0.50810,0.46904,0.46875,0.21875,0.23493,0.30171,0.28203,1.00000,0.30439,0.62273,0.31795
ego_motion,1.50,combined_hard_shift,action_direction_projection,1,32,0.51385,0.38526,0.82623,0.63562,0.46727,0.50339,0.43750,0.12500,0.22137,0.28816,0.26900,1.00000,0.32031,0.63858,0.33382
ego_motion,1.50,combined_hard_shift,action_direction_projection,2,32,0.49481,0.36584,0.85729,0.67468,0.58601,0.46448,0.37500,0.15625,0.25710,0.32666,0.30568,1.00000,0.28518,0.60227,0.25950
ego_motion,1.50,combined_hard_shift,action_direction_projection,3,32,0.50249,0.37633,0.84101,0.65006,0.52459,0.44348,0.40625,0.28125,0.24540,0.31806,0.28867,1.00000,0.29394,0.61610,0.24790
ego_motion,1.50,combined_hard_shift,action_direction_projection,4,32,0.48877,0.35837,0.83371,0.66860,0.53254,0.50519,0.34375,0.31250,0.24739,0.31619,0.29064,1.00000,0.29553,0.61328,0.18570
ego_motion,1.50,combined_hard_shift,action_direction_projection,5,32,0.51412,0.38914,0.85229,0.67798,0.51636,0.44003,0.34375,0.21875,0.24096,0.31237,0.28468,1.00000,0.31248,0.63048,0.23143
ego_motion,1.50,combined_hard_shift,action_direction_projection,6,32,0.54942,0.42522,0.83600,0.65265,0.42241,0.47012,0.40625,0.25000,0.20759,0.27577,0.25426,1.00000,0.34335,0.66297,0.28294
ego_motion,1.50,combined_hard_shift,action_direction_projection,7,32,0.51102,0.39073,0.81213,0.60138,0.48620,0.46400,0.43750,0.25000,0.23056,0.28839,0.27487,1.00000,0.30299,0.62175,0.28644
ego_motion,1.50,combined_hard_shift,action_direction_projection,8,32,0.48435,0.35737,0.82275,0.62595,0.50788,0.48884,0.59375,0.25000,0.24224,0.31483,0.28429,1.00000,0.29058,0.61328,0.38644
ego_motion,1.50,combined_hard_shift,action_direction_projection,9,32,0.45874,0.32745,0.82441,0.63479,0.59910,0.50069,0.31250,0.18750,0.27784,0.34377,0.31391,1.00000,0.24827,0.57165,0.19131
ego_motion,1.50,combined_hard_shift,calibrated_tree_flow_proxy,0,32,0.76921,0.67734,0.90898,0.86418,0.27343,0.35266,0.65625,0.18750,0.11833,0.19831,0.22369,1.00000,0.38459,0.73617,0.54932
ego_motion,1.50,combined_hard_shift,calibrated_tree_flow_proxy,1,32,0.76112,0.66085,0.92091,0.87006,0.29792,0.38311,0.56250,0.15625,0.11871,0.20097,0.22984,1.00000,0.38913,0.73625,0.48889
ego_motion,1.50,combined_hard_shift,calibrated_tree_flow_proxy,2,32,0.73256,0.62002,0.90846,0.89166,0.33806,0.35870,0.59375,0.15625,0.12626,0.20641,0.24074,1.00000,0.37075,0.71462,0.50025
ego_motion,1.50,combined_hard_shift,calibrated_tree_flow_proxy,3,32,0.75919,0.65991,0.91773,0.91443,0.29829,0.37640,0.65625,0.09375,0.12188,0.20490,0.23056,1.00000,0.37258,0.72673,0.57592
ego_motion,1.50,combined_hard_shift,calibrated_tree_flow_proxy,4,32,0.74869,0.64411,0.91417,0.88575,0.30412,0.35315,0.62500,0.15625,0.12418,0.20694,0.23218,1.00000,0.37323,0.72486,0.53034
ego_motion,1.50,combined_hard_shift,calibrated_tree_flow_proxy,5,32,0.71851,0.59879,0.92097,0.87714,0.37086,0.38675,0.50000,0.12500,0.12647,0.21229,0.24912,1.00000,0.37478,0.71274,0.43778
ego_motion,1.50,combined_hard_shift,calibrated_tree_flow_proxy,6,32,0.77751,0.67577,0.93816,0.94023,0.27960,0.37745,0.81250,0.12500,0.11428,0.19593,0.22379,1.00000,0.40004,0.75043,0.68200
ego_motion,1.50,combined_hard_shift,calibrated_tree_flow_proxy,7,32,0.75990,0.65874,0.91685,0.87464,0.30533,0.40663,0.50000,0.06250,0.11879,0.19573,0.23079,1.00000,0.37744,0.72748,0.47535
ego_motion,1.50,combined_hard_shift,calibrated_tree_flow_proxy,8,32,0.73687,0.63336,0.91160,0.89092,0.31682,0.37596,0.68750,0.18750,0.12333,0.21210,0.23618,1.00000,0.37504,0.72233,0.55775
ego_motion,1.50,combined_hard_shift,calibrated_tree_flow_proxy,9,32,0.73313,0.62306,0.90456,0.86302,0.31051,0.36331,0.43750,0.03125,0.13031,0.21055,0.23480,1.00000,0.35299,0.71043,0.43849
ego_motion,1.50,combined_hard_shift,causal_scene_flow_model_v5,0,32,0.75320,0.65033,0.92229,0.89159,0.28283,0.63237,0.65625,0.15625,0.10955,0.18939,0.21664,1.00000,0.48962,0.79218,0.54682
ego_motion,1.50,combined_hard_shift,causal_scene_flow_model_v5,1,32,0.73573,0.62344,0.93646,0.90506,0.31365,0.56541,0.40625,0.03125,0.11993,0.20633,0.22640,1.00000,0.49253,0.79059,0.41415
ego_motion,1.50,combined_hard_shift,causal_scene_flow_model_v5,2,32,0.73022,0.62861,0.90117,0.88091,0.30937,0.67709,0.59375,0.09375,0.11698,0.18821,0.22350,1.00000,0.46640,0.76877,0.51321
ego_motion,1.50,combined_hard_shift,causal_scene_flow_model_v5,3,32,0.73911,0.64724,0.90980,0.88564,0.30279,0.64592,0.56250,0.06250,0.11273,0.18845,0.22183,1.00000,0.47371,0.77627,0.50757
ego_motion,1.50,combined_hard_shift,causal_scene_flow_model_v5,4,32,0.73274,0.62862,0.91195,0.87242,0.29250,0.64361,0.62500,0.03125,0.11886,0.19734,0.22051,1.00000,0.46988,0.77709,0.56302
ego_motion,1.50,combined_hard_shift,causal_scene_flow_model_v5,5,32,0.70116,0.57553,0.92251,0.86446,0.37631,0.69667,0.59375,0.06250,0.12302,0.20526,0.24103,1.00000,0.47073,0.76184,0.50977
ego_motion,1.50,combined_hard_shift,causal_scene_flow_model_v5,6,32,0.74257,0.61996,0.94881,0.95690,0.31390,0.63471,0.43750,0.12500,0.11297,0.19992,0.22472,1.00000,0.51293,0.80435,0.40083
ego_motion,1.50,combined_hard_shift,causal_scene_flow_model_v5,7,32,0.72862,0.62284,0.90494,0.87045,0.31836,0.72783,0.53125,0.12500,0.11462,0.19040,0.22568,1.00000,0.48141,0.77558,0.45465
ego_motion,1.50,combined_hard_shift,causal_scene_flow_model_v5,8,32,0.71138,0.60038,0.90605,0.88700,0.33481,0.66482,0.62500,0.03125,0.11702,0.20280,0.23130,1.00000,0.47240,0.76757,0.55211
ego_motion,1.50,combined_hard_shift,causal_scene_flow_model_v5,9,32,0.72543,0.63933,0.88057,0.83184,0.28002,0.73039,0.56250,0.12500,0.11787,0.18505,0.21683,1.00000,0.44088,0.75660,0.47818
ego_motion,1.50,combined_hard_shift,contrastive_action_flow,0,32,0.75126,0.70014,0.83694,0.73686,0.24276,0.28325,0.75000,0.18750,0.12204,0.18803,0.18468,1.00000,0.35226,0.70737,0.61646
ego_motion,1.50,combined_hard_shift,contrastive_action_flow,1,32,0.73257,0.66972,0.83764,0.71554,0.26863,0.33015,0.62500,0.21875,0.12189,0.19005,0.19148,1.00000,0.35648,0.70406,0.50840
ego_motion,1.50,combined_hard_shift,contrastive_action_flow,2,32,0.70961,0.62685,0.83592,0.73503,0.31727,0.31472,0.62500,0.18750,0.13120,0.19767,0.20476,1.00000,0.33722,0.68289,0.50853
ego_motion,1.50,combined_hard_shift,contrastive_action_flow,3,32,0.73413,0.67544,0.83247,0.75381,0.26360,0.30657,0.62500,0.18750,0.12624,0.19582,0.19121,1.00000,0.33855,0.69449,0.52077
ego_motion,1.50,combined_hard_shift,contrastive_action_flow,4,32,0.72085,0.66050,0.82426,0.71174,0.27637,0.27624,0.68750,0.15625,0.12828,0.19770,0.19469,1.00000,0.34021,0.69041,0.57345
ego_motion,1.50,combined_hard_shift,contrastive_action_flow,5,32,0.70851,0.61709,0.86075,0.76752,0.32838,0.34296,0.65625,0.03125,0.12981,0.20257,0.20719,1.00000,0.34324,0.69004,0.58431
ego_motion,1.50,combined_hard_shift,contrastive_action_flow,6,32,0.76389,0.70519,0.86114,0.79079,0.23458,0.30520,0.56250,0.06250,0.11699,0.18497,0.18114,1.00000,0.36977,0.72457,0.53396
ego_motion,1.50,combined_hard_shift,contrastive_action_flow,7,32,0.72635,0.67681,0.80835,0.68862,0.26685,0.32357,0.65625,0.18750,0.12308,0.18535,0.19108,1.00000,0.34256,0.68960,0.53941
ego_motion,1.50,combined_hard_shift,contrastive_action_flow,8,32,0.71640,0.65112,0.83342,0.74443,0.28947,0.32492,0.62500,0.15625,0.12740,0.20269,0.19847,1.00000,0.34077,0.69021,0.52447
ego_motion,1.50,combined_hard_shift,contrastive_action_flow,9,32,0.70349,0.62689,0.82065,0.70807,0.29249,0.32155,0.56250,0.00000,0.13508,0.20208,0.19976,1.00000,0.31966,0.67525,0.53295
ego_motion,1.50,combined_hard_shift,learned_correlation_classifier,0,32,0.74456,0.64968,0.89900,0.83719,0.31622,0.35515,0.53125,0.12500,0.13172,0.21425,0.21066,1.00000,0.35177,0.70709,0.47160
ego_motion,1.50,combined_hard_shift,learned_correlation_classifier,1,32,0.73988,0.63874,0.90251,0.84223,0.31913,0.38412,0.65625,0.09375,0.13069,0.21481,0.21140,1.00000,0.35600,0.70956,0.56781
ego_motion,1.50,combined_hard_shift,learned_correlation_classifier,2,32,0.70339,0.58716,0.89881,0.85227,0.39528,0.35108,0.53125,0.28125,0.14023,0.22368,0.23256,1.00000,0.34018,0.68362,0.39670
ego_motion,1.50,combined_hard_shift,learned_correlation_classifier,3,32,0.74233,0.64279,0.90736,0.88908,0.31704,0.35972,0.50000,0.21875,0.13548,0.22209,0.21172,1.00000,0.34137,0.70368,0.41484
ego_motion,1.50,combined_hard_shift,learned_correlation_classifier,4,32,0.73150,0.63098,0.90059,0.86355,0.33053,0.33419,0.56250,0.18750,0.13703,0.22288,0.21534,1.00000,0.34248,0.69953,0.46752
ego_motion,1.50,combined_hard_shift,learned_correlation_classifier,5,32,0.70377,0.58797,0.90398,0.85593,0.38429,0.36992,0.53125,0.21875,0.13836,0.22723,0.22973,1.00000,0.34591,0.69037,0.42026
ego_motion,1.50,combined_hard_shift,learned_correlation_classifier,6,32,0.75809,0.66201,0.91396,0.90497,0.29401,0.36397,0.59375,0.09375,0.12631,0.21028,0.20348,1.00000,0.36600,0.72326,0.53284
ego_motion,1.50,combined_hard_shift,learned_correlation_classifier,7,32,0.73477,0.63704,0.89181,0.82580,0.33470,0.38525,0.65625,0.09375,0.13167,0.21146,0.21510,1.00000,0.34408,0.69716,0.56357
ego_motion,1.50,combined_hard_shift,learned_correlation_classifier,8,32,0.71870,0.61135,0.90690,0.88432,0.35380,0.37647,0.50000,0.18750,0.13636,0.22757,0.22197,1.00000,0.34275,0.69619,0.41599
ego_motion,1.50,combined_hard_shift,learned_correlation_classifier,9,32,0.69310,0.57928,0.88353,0.83591,0.37317,0.37567,0.53125,0.21875,0.14507,0.22928,0.22828,1.00000,0.32325,0.67571,0.41779
ego_motion,1.50,combined_hard_shift,oracle_causal_mask,0,32,1.00000,1.00000,1.00000,1.00000,0.00000,0.00000,1.00000,0.06250,0.00001,0.00174,0.02155,1.00000,0.99400,1.00000,0.95750
ego_motion,1.50,combined_hard_shift,oracle_causal_mask,1,32,1.00000,1.00000,1.00000,1.00000,0.00000,0.00000,1.00000,0.03125,0.00001,0.00176,0.02159,1.00000,0.99400,1.00000,0.96875
ego_motion,1.50,combined_hard_shift,oracle_causal_mask,2,32,1.00000,1.00000,1.00000,1.00000,0.00000,0.00000,0.96875,0.03125,0.00001,0.00174,0.02139,1.00000,0.99400,1.00000,0.94687
ego_motion,1.50,combined_hard_shift,oracle_causal_mask,3,32,1.00000,1.00000,1.00000,1.00000,0.00000,0.00000,1.00000,0.00000,0.00001,0.00180,0.02154,1.00000,0.99400,1.00000,0.98000
ego_motion,1.50,combined_hard_shift,oracle_causal_mask,4,32,1.00000,1.00000,1.00000,1.00000,0.00000,0.00000,0.93750,0.00000,0.00001,0.00177,0.02143,1.00000,0.99400,1.00000,0.93625
ego_motion,1.50,combined_hard_shift,oracle_causal_mask,5,32,1.00000,1.00000,1.00000,1.00000,0.00000,0.00000,0.96875,0.03125,0.00001,0.00179,0.02141,1.00000,0.99400,1.00000,0.94688
ego_motion,1.50,combined_hard_shift,oracle_causal_mask,6,32,1.00000,1.00000,1.00000,1.00000,0.00000,0.00000,0.96875,0.00000,0.00001,0.00177,0.02156,1.00000,0.99400,1.00000,0.95813
ego_motion,1.50,combined_hard_shift,oracle_causal_mask,7,32,1.00000,1.00000,1.00000,1.00000,0.00000,0.00000,0.96875,0.00000,0.00001,0.00176,0.02145,1.00000,0.99400,1.00000,0.95813
ego_motion,1.50,combined_hard_shift,oracle_causal_mask,8,32,1.00000,1.00000,1.00000,1.00000,0.00000,0.00000,0.96875,0.00000,0.00001,0.00183,0.02154,1.00000,0.99400,1.00000,0.95813
ego_motion,1.50,combined_hard_shift,oracle_causal_mask,9,32,1.00000,1.00000,1.00000,1.00000,0.00000,0.00000,0.96875,0.03125,0.00001,0.00175,0.02137,1.00000,0.99400,1.00000,0.94687
ego_motion,1.50,combined_hard_shift,world_model_flow_predictor,0,32,0.76748,0.69844,0.88469,0.82775,0.23416,0.59883,0.62500,0.09375,0.11304,0.18678,0.20100,1.00000,0.41665,0.75516,0.55314
ego_motion,1.50,combined_hard_shift,world_model_flow_predictor,1,32,0.74010,0.64880,0.90640,0.85194,0.29235,0.54503,0.78125,0.09375,0.12114,0.20257,0.21706,1.00000,0.42116,0.75035,0.65380
ego_motion,1.50,combined_hard_shift,world_model_flow_predictor,2,32,0.74088,0.67758,0.85922,0.81122,0.25487,0.63487,0.46875,0.18750,0.11938,0.18427,0.20660,1.00000,0.39603,0.73326,0.39848
ego_motion,1.50,combined_hard_shift,world_model_flow_predictor,3,32,0.74616,0.68159,0.87722,0.83662,0.26240,0.62294,0.50000,0.09375,0.11596,0.18682,0.20833,1.00000,0.40055,0.73864,0.45541
ego_motion,1.50,combined_hard_shift,world_model_flow_predictor,4,32,0.74148,0.67172,0.86946,0.79722,0.25036,0.59501,0.43750,0.06250,0.12077,0.19335,0.20639,1.00000,0.39915,0.73854,0.42527
ego_motion,1.50,combined_hard_shift,world_model_flow_predictor,5,32,0.71413,0.61768,0.87624,0.79856,0.31325,0.66191,0.59375,0.15625,0.12284,0.20021,0.22228,1.00000,0.40211,0.72800,0.48369
ego_motion,1.50,combined_hard_shift,world_model_flow_predictor,6,32,0.75125,0.64864,0.91740,0.90707,0.27606,0.60370,0.65625,0.15625,0.11503,0.19771,0.21161,1.00000,0.43900,0.76607,0.54590
ego_motion,1.50,combined_hard_shift,world_model_flow_predictor,7,32,0.74252,0.66583,0.87130,0.79701,0.27033,0.70084,0.56250,0.21875,0.11739,0.18814,0.21038,1.00000,0.40930,0.73990,0.44810
ego_motion,1.50,combined_hard_shift,world_model_flow_predictor,8,32,0.72773,0.64772,0.86940,0.80540,0.27201,0.62853,0.50000,0.21875,0.11858,0.19922,0.21238,1.00000,0.40081,0.73462,0.40549
ego_motion,1.50,combined_hard_shift,world_model_flow_predictor,9,32,0.73298,0.69068,0.83054,0.74178,0.22581,0.68855,0.59375,0.03125,0.12064,0.18121,0.20008,1.00000,0.37220,0.71981,0.53962
occlusion,0.00,combined_hard_shift,action_direction_projection,0,32,0.60881,0.46827,0.95065,0.56250,0.55722,0.42985,0.56250,0.21875,0.20804,0.32824,0.28151,1.00000,0.39738,0.69122,0.40270
occlusion,0.00,combined_hard_shift,action_direction_projection,1,32,0.62056,0.48804,0.94799,0.71875,0.54320,0.39978,0.46875,0.12500,0.21015,0.32597,0.27727,1.00000,0.40565,0.69791,0.37699
occlusion,0.00,combined_hard_shift,action_direction_projection,2,32,0.63521,0.50169,0.95359,0.71875,0.50263,0.39560,0.53125,0.12500,0.19827,0.32234,0.26588,1.00000,0.41825,0.71484,0.43024
occlusion,0.00,combined_hard_shift,action_direction_projection,3,32,0.63091,0.49294,0.95138,0.71875,0.54338,0.39188,0.53125,0.21875,0.21087,0.32564,0.27763,1.00000,0.39707,0.69429,0.38867
occlusion,0.00,combined_hard_shift,action_direction_projection,4,32,0.62412,0.48737,0.94788,0.59375,0.49035,0.37176,0.46875,0.15625,0.20648,0.32319,0.26361,1.00000,0.40104,0.70711,0.37544
occlusion,0.00,combined_hard_shift,action_direction_projection,5,32,0.65621,0.52073,0.94340,0.75000,0.40198,0.40741,0.53125,0.09375,0.17870,0.29731,0.23544,1.00000,0.43798,0.74460,0.45979
occlusion,0.00,combined_hard_shift,action_direction_projection,6,32,0.63089,0.48699,0.95149,0.68750,0.49271,0.43184,0.53125,0.31250,0.19050,0.31348,0.26128,1.00000,0.43257,0.72393,0.36215
occlusion,0.00,combined_hard_shift,action_direction_projection,7,32,0.63799,0.50077,0.94497,0.68750,0.57099,0.38487,0.53125,0.21875,0.20618,0.31224,0.28248,1.00000,0.41268,0.69467,0.38695
occlusion,0.00,combined_hard_shift,action_direction_projection,8,32,0.61457,0.47965,0.92995,0.59375,0.50829,0.47098,0.65625,0.15625,0.21106,0.32024,0.26825,1.00000,0.38927,0.69238,0.49529
occlusion,0.00,combined_hard_shift,action_direction_projection,9,32,0.58394,0.43475,0.94921,0.78125,0.51135,0.44811,0.43750,0.15625,0.21326,0.33399,0.27006,1.00000,0.39820,0.70136,0.33935
occlusion,0.00,combined_hard_shift,calibrated_tree_flow_proxy,0,32,0.77816,0.68761,0.91546,0.90625,0.28385,0.26063,0.71875,0.18750,0.11117,0.20054,0.21648,1.00000,0.42224,0.75514,0.60105
occlusion,0.00,combined_hard_shift,calibrated_tree_flow_proxy,1,32,0.77177,0.68326,0.90980,0.87500,0.28046,0.28306,0.68750,0.21875,0.11386,0.20835,0.21621,1.00000,0.41583,0.75108,0.56547
occlusion,0.00,combined_hard_shift,calibrated_tree_flow_proxy,2,32,0.77781,0.67812,0.94168,0.87500,0.28596,0.25582,0.65625,0.12500,0.10914,0.20747,0.21701,1.00000,0.43647,0.76889,0.58143
occlusion,0.00,combined_hard_shift,calibrated_tree_flow_proxy,3,32,0.78182,0.69167,0.93184,0.96875,0.30036,0.22871,0.62500,0.12500,0.11224,0.19936,0.21980,1.00000,0.42278,0.75604,0.55855
occlusion,0.00,combined_hard_shift,calibrated_tree_flow_proxy,4,32,0.75987,0.66048,0.91524,0.84375,0.30915,0.27139,0.59375,0.12500,0.11143,0.20319,0.22313,1.00000,0.42318,0.75000,0.52882
occlusion,0.00,combined_hard_shift,calibrated_tree_flow_proxy,5,32,0.79508,0.70481,0.92703,0.87500,0.24472,0.28898,0.59375,0.15625,0.10252,0.19729,0.20551,1.00000,0.44665,0.77945,0.53342
occlusion,0.00,combined_hard_shift,calibrated_tree_flow_proxy,6,32,0.77899,0.68244,0.92861,0.84375,0.28169,0.28586,0.81250,0.12500,0.10802,0.20919,0.21597,1.00000,0.44202,0.76932,0.68975
occlusion,0.00,combined_hard_shift,calibrated_tree_flow_proxy,7,32,0.77027,0.66854,0.92435,0.90625,0.30990,0.25203,0.59375,0.12500,0.11394,0.20075,0.22192,1.00000,0.41726,0.74913,0.53145
occlusion,0.00,combined_hard_shift,calibrated_tree_flow_proxy,8,32,0.80269,0.73350,0.90969,0.81250,0.23045,0.29944,0.81250,0.18750,0.11061,0.20051,0.20272,1.00000,0.41213,0.76013,0.67528
occlusion,0.00,combined_hard_shift,calibrated_tree_flow_proxy,9,32,0.76639,0.67109,0.92100,0.96875,0.30061,0.29363,0.56250,0.03125,0.11279,0.20840,0.22077,1.00000,0.42141,0.75246,0.54173
occlusion,0.00,combined_hard_shift,causal_scene_flow_model_v5,0,32,0.79140,0.71186,0.92014,0.93750,0.25538,0.40676,0.68750,0.15625,0.10491,0.19306,0.20122,1.00000,0.51461,0.81065,0.59385
occlusion,0.00,combined_hard_shift,causal_scene_flow_model_v5,1,32,0.77213,0.68189,0.91096,0.90625,0.26840,0.44243,0.46875,0.00000,0.10683,0.20236,0.20497,1.00000,0.50207,0.79888,0.48878
occlusion,0.00,combined_hard_shift,causal_scene_flow_model_v5,2,32,0.77416,0.67162,0.93906,0.87500,0.28182,0.48655,0.71875,0.12500,0.10477,0.20431,0.20834,1.00000,0.53775,0.82179,0.61759
occlusion,0.00,combined_hard_shift,causal_scene_flow_model_v5,3,32,0.78660,0.70351,0.91909,0.93750,0.27012,0.44162,0.62500,0.03125,0.10319,0.18921,0.20388,1.00000,0.51542,0.80756,0.59010
occlusion,0.00,combined_hard_shift,causal_scene_flow_model_v5,4,32,0.77033,0.68000,0.91021,0.81250,0.26709,0.46459,0.81250,0.03125,0.10540,0.19490,0.20456,1.00000,0.51250,0.80439,0.71735
occlusion,0.00,combined_hard_shift,causal_scene_flow_model_v5,5,32,0.79301,0.69662,0.94290,0.93750,0.24710,0.48703,0.59375,0.03125,0.09723,0.19412,0.19825,1.00000,0.55049,0.83705,0.57283
occlusion,0.00,combined_hard_shift,causal_scene_flow_model_v5,6,32,0.76560,0.65432,0.94241,0.96875,0.30188,0.40465,0.53125,0.09375,0.10719,0.20976,0.21332,1.00000,0.53625,0.81746,0.49821
occlusion,0.00,combined_hard_shift,causal_scene_flow_model_v5,7,32,0.77145,0.67449,0.92096,0.90625,0.29140,0.50235,0.59375,0.12500,0.10989,0.19703,0.20952,1.00000,0.50554,0.79822,0.52474
occlusion,0.00,combined_hard_shift,causal_scene_flow_model_v5,8,32,0.80382,0.73612,0.90995,0.90625,0.20968,0.44408,0.84375,0.00000,0.09893,0.18660,0.18881,1.00000,0.50225,0.81163,0.76482
occlusion,0.00,combined_hard_shift,causal_scene_flow_model_v5,9,32,0.75542,0.66233,0.91409,0.96875,0.28647,0.47683,0.65625,0.09375,0.11023,0.19985,0.20924,1.00000,0.50329,0.79635,0.57907
occlusion,0.00,combined_hard_shift,contrastive_action_flow,0,32,0.77635,0.70803,0.88468,0.75000,0.26255,0.23694,0.75000,0.15625,0.11455,0.19981,0.17947,1.00000,0.40231,0.74146,0.63622
occlusion,0.00,combined_hard_shift,contrastive_action_flow,1,32,0.77441,0.71421,0.87756,0.75000,0.25848,0.23615,0.71875,0.15625,0.11737,0.20774,0.17909,1.00000,0.39664,0.73755,0.61410
occlusion,0.00,combined_hard_shift,contrastive_action_flow,2,32,0.78211,0.71116,0.90494,0.78125,0.25434,0.20970,0.78125,0.21875,0.11174,0.20661,0.17747,1.00000,0.41760,0.75648,0.64094
occlusion,0.00,combined_hard_shift,contrastive_action_flow,3,32,0.76516,0.69954,0.88613,0.84375,0.29379,0.21545,0.65625,0.15625,0.11631,0.19897,0.18708,1.00000,0.40276,0.73520,0.56559
occlusion,0.00,combined_hard_shift,contrastive_action_flow,4,32,0.76027,0.68328,0.89024,0.84375,0.29637,0.24708,0.71875,0.15625,0.11552,0.20286,0.18829,1.00000,0.40188,0.73524,0.60636
occlusion,0.00,combined_hard_shift,contrastive_action_flow,5,32,0.81358,0.77050,0.88452,0.84375,0.19320,0.20287,0.71875,0.03125,0.10482,0.19550,0.16088,1.00000,0.42827,0.77017,0.67911
occlusion,0.00,combined_hard_shift,contrastive_action_flow,6,32,0.78541,0.71975,0.89346,0.68750,0.24349,0.24046,0.75000,0.06250,0.11033,0.20812,0.17468,1.00000,0.42464,0.75954,0.67566
occlusion,0.00,combined_hard_shift,contrastive_action_flow,7,32,0.75669,0.67676,0.88089,0.68750,0.29746,0.24715,0.62500,0.12500,0.11769,0.19989,0.18763,1.00000,0.39757,0.73032,0.55068
occlusion,0.00,combined_hard_shift,contrastive_action_flow,8,32,0.80528,0.76424,0.87951,0.75000,0.20904,0.27059,0.65625,0.15625,0.11496,0.19947,0.16552,1.00000,0.38977,0.74537,0.58009
occlusion,0.00,combined_hard_shift,contrastive_action_flow,9,32,0.76443,0.69758,0.87817,0.87500,0.27355,0.25896,0.65625,0.00000,0.11598,0.20773,0.18273,1.00000,0.40235,0.73737,0.62180
occlusion,0.00,combined_hard_shift,learned_correlation_classifier,0,32,0.75680,0.65496,0.92399,0.78125,0.34086,0.27577,0.59375,0.12500,0.12261,0.21968,0.20658,1.00000,0.40140,0.73397,0.52234
occlusion,0.00,combined_hard_shift,learned_correlation_classifier,1,32,0.74322,0.64525,0.90832,0.81250,0.34553,0.29506,0.65625,0.12500,0.12577,0.22734,0.20875,1.00000,0.39634,0.72625,0.56127
occlusion,0.00,combined_hard_shift,learned_correlation_classifier,2,32,0.76272,0.66351,0.93234,0.81250,0.30947,0.25685,0.56250,0.18750,0.12065,0.22633,0.19886,1.00000,0.41253,0.74884,0.48560
occlusion,0.00,combined_hard_shift,learned_correlation_classifier,3,32,0.76085,0.66743,0.93264,0.96875,0.35731,0.23689,0.56250,0.25000,0.12490,0.21928,0.21050,1.00000,0.40040,0.73209,0.45625
occlusion,0.00,combined_hard_shift,learned_correlation_classifier,4,32,0.73737,0.63720,0.91118,0.84375,0.36857,0.26766,0.65625,0.15625,0.12371,0.22281,0.21477,1.00000,0.40061,0.72414,0.54771
occlusion,0.00,combined_hard_shift,learned_correlation_classifier,5,32,0.78446,0.69806,0.91924,0.84375,0.27027,0.27487,0.62500,0.15625,0.11384,0.21590,0.18728,1.00000,0.42125,0.75859,0.54887
occlusion,0.00,combined_hard_shift,learned_correlation_classifier,6,32,0.76867,0.66729,0.93183,0.81250,0.31009,0.28389,0.62500,0.12500,0.11860,0.22691,0.19846,1.00000,0.42047,0.75270,0.55157
occlusion,0.00,combined_hard_shift,learned_correlation_classifier,7,32,0.74031,0.62924,0.92500,0.87500,0.38110,0.26683,0.71875,0.09375,0.12579,0.22019,0.21638,1.00000,0.39702,0.72311,0.61286
occlusion,0.00,combined_hard_shift,learned_correlation_classifier,8,32,0.76833,0.68551,0.90794,0.78125,0.30796,0.30932,0.59375,0.06250,0.12414,0.22105,0.19813,1.00000,0.38934,0.73077,0.54824
occlusion,0.00,combined_hard_shift,learned_correlation_classifier,9,32,0.75053,0.64563,0.92602,0.93750,0.34434,0.29601,0.68750,0.15625,0.12421,0.22803,0.20778,1.00000,0.40191,0.73400,0.57408
occlusion,0.00,combined_hard_shift,oracle_causal_mask,0,32,1.00000,1.00000,1.00000,1.00000,0.00000,0.00000,1.00000,0.06250,0.00001,0.00173,0.01908,1.00000,0.99400,1.00000,0.95750
occlusion,0.00,combined_hard_shift,oracle_causal_mask,1,32,1.00000,1.00000,1.00000,1.00000,0.00000,0.00000,1.00000,0.03125,0.00001,0.00176,0.01889,1.00000,0.99400,1.00000,0.96875
occlusion,0.00,combined_hard_shift,oracle_causal_mask,2,32,1.00000,1.00000,1.00000,1.00000,0.00000,0.00000,0.96875,0.03125,0.00001,0.00182,0.01917,1.00000,0.99400,1.00000,0.94687
occlusion,0.00,combined_hard_shift,oracle_causal_mask,3,32,1.00000,1.00000,1.00000,1.00000,0.00000,0.00000,1.00000,0.00000,0.00001,0.00169,0.01900,1.00000,0.99400,1.00000,0.98000
occlusion,0.00,combined_hard_shift,oracle_causal_mask,4,32,1.00000,1.00000,1.00000,1.00000,0.00000,0.00000,0.93750,0.00000,0.00001,0.00176,0.01912,1.00000,0.99400,1.00000,0.93625
occlusion,0.00,combined_hard_shift,oracle_causal_mask,5,32,1.00000,1.00000,1.00000,1.00000,0.00000,0.00000,0.96875,0.03125,0.00001,0.00178,0.01915,1.00000,0.99400,1.00000,0.94688
occlusion,0.00,combined_hard_shift,oracle_causal_mask,6,32,1.00000,1.00000,1.00000,1.00000,0.00000,0.00000,0.96875,0.00000,0.00001,0.00182,0.01904,1.00000,0.99400,1.00000,0.95813
occlusion,0.00,combined_hard_shift,oracle_causal_mask,7,32,1.00000,1.00000,1.00000,1.00000,0.00000,0.00000,0.96875,0.00000,0.00001,0.00171,0.01878,1.00000,0.99400,1.00000,0.95813
occlusion,0.00,combined_hard_shift,oracle_causal_mask,8,32,1.00000,1.00000,1.00000,1.00000,0.00000,0.00000,0.96875,0.00000,0.00001,0.00174,0.01888,1.00000,0.99400,1.00000,0.95813
occlusion,0.00,combined_hard_shift,oracle_causal_mask,9,32,1.00000,1.00000,1.00000,1.00000,0.00000,0.00000,0.96875,0.03125,0.00001,0.00178,0.01890,1.00000,0.99400,1.00000,0.94687
occlusion,0.00,combined_hard_shift,world_model_flow_predictor,0,32,0.79559,0.73188,0.89637,0.87500,0.23541,0.39264,0.71875,0.06250,0.10759,0.18990,0.19170,1.00000,0.44415,0.77223,0.64878
occlusion,0.00,combined_hard_shift,world_model_flow_predictor,1,32,0.79841,0.73602,0.89438,0.84375,0.21638,0.40781,0.81250,0.09375,0.10949,0.19887,0.18757,1.00000,0.43468,0.77097,0.70483
occlusion,0.00,combined_hard_shift,world_model_flow_predictor,2,32,0.79019,0.70825,0.92343,0.81250,0.24608,0.44980,0.65625,0.18750,0.10672,0.20311,0.19505,1.00000,0.46724,0.78892,0.55646
occlusion,0.00,combined_hard_shift,world_model_flow_predictor,3,32,0.80763,0.74579,0.90460,0.93750,0.22138,0.41265,0.59375,0.12500,0.10651,0.18564,0.18727,1.00000,0.44426,0.77751,0.54182
occlusion,0.00,combined_hard_shift,world_model_flow_predictor,4,32,0.78909,0.72047,0.89597,0.78125,0.22560,0.42896,0.56250,0.06250,0.10791,0.19275,0.18976,1.00000,0.44415,0.77428,0.53761
occlusion,0.00,combined_hard_shift,world_model_flow_predictor,5,32,0.81761,0.74532,0.92832,0.90625,0.20040,0.44097,0.75000,0.15625,0.10068,0.19413,0.18226,1.00000,0.47960,0.80666,0.64586
occlusion,0.00,combined_hard_shift,world_model_flow_predictor,6,32,0.78761,0.69864,0.92488,0.81250,0.25388,0.36142,0.78125,0.25000,0.10865,0.20774,0.19714,1.00000,0.46889,0.78844,0.62535
occlusion,0.00,combined_hard_shift,world_model_flow_predictor,7,32,0.78828,0.71468,0.89922,0.81250,0.24446,0.45793,0.75000,0.18750,0.11236,0.19369,0.19365,1.00000,0.43684,0.76717,0.61887
occlusion,0.00,combined_hard_shift,world_model_flow_predictor,8,32,0.82449,0.78470,0.88901,0.84375,0.15960,0.40140,0.68750,0.18750,0.10430,0.18430,0.17192,1.00000,0.43049,0.77989,0.59602
occlusion,0.00,combined_hard_shift,world_model_flow_predictor,9,32,0.78091,0.71691,0.89175,0.90625,0.22868,0.41272,0.75000,0.03125,0.11206,0.19703,0.19072,1.00000,0.43576,0.76814,0.67867
occlusion,0.25,combined_hard_shift,action_direction_projection,0,32,0.62409,0.50421,0.89932,0.71302,0.42226,0.40529,0.62500,0.15625,0.19054,0.29631,0.24792,1.00000,0.38967,0.70356,0.49054
occlusion,0.25,combined_hard_shift,action_direction_projection,1,32,0.57557,0.43923,0.90613,0.66406,0.55911,0.46308,0.34375,0.15625,0.21526,0.32359,0.28835,1.00000,0.36195,0.66080,0.26088
occlusion,0.25,combined_hard_shift,action_direction_projection,2,32,0.62045,0.48598,0.93345,0.74375,0.52543,0.44337,0.56250,0.18750,0.20335,0.31238,0.27673,1.00000,0.37537,0.68230,0.41774
occlusion,0.25,combined_hard_shift,action_direction_projection,3,32,0.63027,0.49973,0.92524,0.69688,0.47770,0.41150,0.56250,0.15625,0.19813,0.30711,0.26279,1.00000,0.38689,0.69665,0.43993
occlusion,0.25,combined_hard_shift,action_direction_projection,4,32,0.61862,0.49541,0.91333,0.71979,0.47466,0.41366,0.50000,0.21875,0.20348,0.30712,0.26300,1.00000,0.37429,0.68767,0.37097
occlusion,0.25,combined_hard_shift,action_direction_projection,5,32,0.59502,0.46510,0.91532,0.74167,0.50896,0.40991,0.43750,0.15625,0.22095,0.32275,0.27461,1.00000,0.35769,0.67201,0.34017
occlusion,0.25,combined_hard_shift,action_direction_projection,6,32,0.57950,0.43735,0.91181,0.67135,0.47963,0.44445,0.59375,0.31250,0.20126,0.30813,0.26394,1.00000,0.38335,0.69090,0.39453
occlusion,0.25,combined_hard_shift,action_direction_projection,7,32,0.63003,0.50519,0.90661,0.69479,0.47339,0.42380,0.59375,0.31250,0.19387,0.29660,0.26099,1.00000,0.39000,0.69437,0.40502
occlusion,0.25,combined_hard_shift,action_direction_projection,8,32,0.61851,0.48422,0.90544,0.71563,0.46135,0.41378,0.53125,0.15625,0.19849,0.29560,0.25788,1.00000,0.39112,0.69730,0.41807
occlusion,0.25,combined_hard_shift,action_direction_projection,9,32,0.61537,0.48252,0.90514,0.70365,0.46168,0.42721,0.53125,0.15625,0.19117,0.29085,0.25685,1.00000,0.39225,0.69774,0.41678
occlusion,0.25,combined_hard_shift,calibrated_tree_flow_proxy,0,32,0.78141,0.68932,0.92733,0.87031,0.26894,0.31514,0.71875,0.18750,0.10963,0.19844,0.21682,1.00000,0.42092,0.76082,0.60077
occlusion,0.25,combined_hard_shift,calibrated_tree_flow_proxy,1,32,0.75387,0.65306,0.91135,0.87188,0.31073,0.29740,0.62500,0.18750,0.11273,0.20303,0.22812,1.00000,0.41194,0.74280,0.52462
occlusion,0.25,combined_hard_shift,calibrated_tree_flow_proxy,2,32,0.78130,0.68286,0.92966,0.88438,0.28248,0.28523,0.68750,0.12500,0.10913,0.19629,0.21998,1.00000,0.42399,0.76004,0.60145
occlusion,0.25,combined_hard_shift,calibrated_tree_flow_proxy,3,32,0.79830,0.71181,0.92589,0.88125,0.24749,0.28893,0.68750,0.06250,0.10711,0.19594,0.21050,1.00000,0.42352,0.76651,0.63142
occlusion,0.25,combined_hard_shift,calibrated_tree_flow_proxy,4,32,0.79774,0.72373,0.90809,0.89219,0.24035,0.28470,0.75000,0.12500,0.10923,0.19000,0.20894,1.00000,0.41118,0.75704,0.65256
occlusion,0.25,combined_hard_shift,calibrated_tree_flow_proxy,5,32,0.74977,0.64510,0.91456,0.89844,0.31806,0.31978,0.56250,0.21875,0.11589,0.20384,0.22940,1.00000,0.40263,0.73718,0.46607
occlusion,0.25,combined_hard_shift,calibrated_tree_flow_proxy,6,32,0.74718,0.63846,0.91291,0.86771,0.30402,0.35040,0.84375,0.12500,0.11370,0.20343,0.22602,1.00000,0.40746,0.74235,0.69675
occlusion,0.25,combined_hard_shift,calibrated_tree_flow_proxy,7,32,0.79098,0.71367,0.90746,0.86667,0.24951,0.30646,0.62500,0.09375,0.10862,0.19348,0.21161,1.00000,0.41757,0.75818,0.57296
occlusion,0.25,combined_hard_shift,calibrated_tree_flow_proxy,8,32,0.76649,0.67120,0.91340,0.88229,0.28801,0.30746,0.78125,0.21875,0.11349,0.20200,0.22190,1.00000,0.41252,0.74864,0.62759
occlusion,0.25,combined_hard_shift,calibrated_tree_flow_proxy,9,32,0.76305,0.66499,0.91280,0.86354,0.30168,0.32295,0.56250,0.06250,0.10899,0.19327,0.22406,1.00000,0.41712,0.74786,0.52750
occlusion,0.25,combined_hard_shift,causal_scene_flow_model_v5,0,32,0.76725,0.65844,0.93764,0.91198,0.28099,0.50234,0.71875,0.15625,0.10694,0.20033,0.21235,1.00000,0.52426,0.81459,0.60353
occlusion,0.25,combined_hard_shift,causal_scene_flow_model_v5,1,32,0.75103,0.64318,0.91557,0.86510,0.29991,0.53897,0.37500,0.00000,0.10684,0.19755,0.21681,1.00000,0.50596,0.79517,0.40976
occlusion,0.25,combined_hard_shift,causal_scene_flow_model_v5,2,32,0.77384,0.66985,0.93901,0.92969,0.28706,0.48508,0.65625,0.12500,0.10305,0.19168,0.21264,1.00000,0.52982,0.81650,0.57262
occlusion,0.25,combined_hard_shift,causal_scene_flow_model_v5,3,32,0.78458,0.69561,0.92407,0.89115,0.24910,0.48571,0.68750,0.03125,0.09843,0.18755,0.20251,1.00000,0.52537,0.81865,0.63474
occlusion,0.25,combined_hard_shift,causal_scene_flow_model_v5,4,32,0.79000,0.71586,0.90434,0.88125,0.23106,0.54470,0.71875,0.03125,0.09912,0.17874,0.19803,1.00000,0.50927,0.80912,0.65496
occlusion,0.25,combined_hard_shift,causal_scene_flow_model_v5,5,32,0.76576,0.67981,0.90275,0.87135,0.26035,0.53120,0.56250,0.03125,0.10664,0.19198,0.20644,1.00000,0.49825,0.79653,0.53749
occlusion,0.25,combined_hard_shift,causal_scene_flow_model_v5,6,32,0.72248,0.60323,0.91988,0.86927,0.32541,0.63167,0.46875,0.12500,0.11360,0.20118,0.22319,1.00000,0.49890,0.78701,0.41621
occlusion,0.25,combined_hard_shift,causal_scene_flow_model_v5,7,32,0.77789,0.69771,0.91251,0.88229,0.24588,0.44336,0.56250,0.09375,0.10646,0.19403,0.20367,1.00000,0.51364,0.81025,0.52559
occlusion,0.25,combined_hard_shift,causal_scene_flow_model_v5,8,32,0.76913,0.66695,0.93207,0.89635,0.27180,0.44946,0.68750,0.03125,0.11504,0.21016,0.21136,1.00000,0.50608,0.80571,0.63016
occlusion,0.25,combined_hard_shift,causal_scene_flow_model_v5,9,32,0.75968,0.65416,0.93378,0.91927,0.30446,0.49820,0.65625,0.09375,0.10857,0.19733,0.21714,1.00000,0.51745,0.80488,0.57733
occlusion,0.25,combined_hard_shift,contrastive_action_flow,0,32,0.76406,0.70925,0.85574,0.64583,0.23759,0.25283,0.78125,0.15625,0.11199,0.19175,0.17777,1.00000,0.39491,0.73558,0.65746
occlusion,0.25,combined_hard_shift,contrastive_action_flow,1,32,0.74195,0.66629,0.86124,0.76719,0.28830,0.27424,0.65625,0.18750,0.11556,0.19775,0.19104,1.00000,0.38585,0.72114,0.54607
occlusion,0.25,combined_hard_shift,contrastive_action_flow,2,32,0.77231,0.70528,0.87466,0.75365,0.25548,0.23863,0.65625,0.15625,0.11230,0.19068,0.18177,1.00000,0.39703,0.73766,0.57024
occlusion,0.25,combined_hard_shift,contrastive_action_flow,3,32,0.78473,0.72970,0.86904,0.75052,0.22948,0.25123,0.68750,0.18750,0.10969,0.19018,0.17439,1.00000,0.39980,0.74336,0.58590
occlusion,0.25,combined_hard_shift,contrastive_action_flow,4,32,0.78042,0.74161,0.84758,0.69792,0.22382,0.21440,0.65625,0.15625,0.11245,0.18376,0.17332,1.00000,0.38497,0.73131,0.57603
occlusion,0.25,combined_hard_shift,contrastive_action_flow,5,32,0.72985,0.65735,0.84624,0.73177,0.29745,0.28651,0.65625,0.03125,0.11988,0.19837,0.19345,1.00000,0.37445,0.70930,0.59713
occlusion,0.25,combined_hard_shift,contrastive_action_flow,6,32,0.74838,0.68166,0.85990,0.68802,0.26317,0.26646,0.62500,0.06250,0.11572,0.19716,0.18420,1.00000,0.38334,0.72502,0.57417
occlusion,0.25,combined_hard_shift,contrastive_action_flow,7,32,0.78942,0.74465,0.86510,0.77396,0.22323,0.26383,0.68750,0.06250,0.11131,0.18719,0.17298,1.00000,0.39289,0.74012,0.63125
occlusion,0.25,combined_hard_shift,contrastive_action_flow,8,32,0.75813,0.69398,0.86228,0.77552,0.26439,0.26431,0.75000,0.18750,0.11657,0.19586,0.18440,1.00000,0.38699,0.72726,0.61849
occlusion,0.25,combined_hard_shift,contrastive_action_flow,9,32,0.75954,0.69122,0.86965,0.75469,0.27565,0.27888,0.68750,0.00000,0.11114,0.18641,0.18561,1.00000,0.39250,0.72957,0.64051
occlusion,0.25,combined_hard_shift,learned_correlation_classifier,0,32,0.76978,0.68337,0.91453,0.84062,0.28550,0.30031,0.53125,0.09375,0.11977,0.21340,0.19638,1.00000,0.39346,0.73956,0.49776
occlusion,0.25,combined_hard_shift,learned_correlation_classifier,1,32,0.73538,0.63325,0.90485,0.85365,0.34622,0.30378,0.68750,0.15625,0.12442,0.22012,0.21344,1.00000,0.38517,0.71938,0.56921
occlusion,0.25,combined_hard_shift,learned_correlation_classifier,2,32,0.76545,0.66470,0.92306,0.85990,0.31628,0.29313,0.62500,0.21875,0.12111,0.21354,0.20442,1.00000,0.39480,0.73571,0.51397
occlusion,0.25,combined_hard_shift,learned_correlation_classifier,3,32,0.78149,0.69495,0.91804,0.86719,0.28213,0.29703,0.56250,0.21875,0.11876,0.21280,0.19466,1.00000,0.39654,0.74282,0.47750
occlusion,0.25,combined_hard_shift,learned_correlation_classifier,4,32,0.77652,0.69908,0.90266,0.85521,0.28557,0.27292,0.78125,0.12500,0.12097,0.20780,0.19586,1.00000,0.38518,0.73216,0.66333
occlusion,0.25,combined_hard_shift,learned_correlation_classifier,5,32,0.71946,0.61349,0.90692,0.86458,0.38755,0.32225,0.62500,0.18750,0.12886,0.22187,0.22394,1.00000,0.37548,0.70579,0.50397
occlusion,0.25,combined_hard_shift,learned_correlation_classifier,6,32,0.73609,0.63112,0.90676,0.83333,0.32965,0.32763,0.59375,0.09375,0.12382,0.21944,0.20838,1.00000,0.38370,0.72276,0.52716
occlusion,0.25,combined_hard_shift,learned_correlation_classifier,7,32,0.78160,0.70151,0.91104,0.83177,0.28345,0.30289,0.71875,0.06250,0.11961,0.20985,0.19520,1.00000,0.39202,0.73836,0.64210
occlusion,0.25,combined_hard_shift,learned_correlation_classifier,8,32,0.73725,0.64158,0.89823,0.85573,0.34196,0.31422,0.62500,0.09375,0.12466,0.21686,0.21172,1.00000,0.38581,0.71893,0.54809
occlusion,0.25,combined_hard_shift,learned_correlation_classifier,9,32,0.74881,0.65201,0.90779,0.84167,0.33688,0.31720,0.68750,0.18750,0.12009,0.20961,0.20899,1.00000,0.38970,0.72456,0.56105
occlusion,0.25,combined_hard_shift,oracle_causal_mask,0,32,1.00000,1.00000,1.00000,1.00000,0.00000,0.00000,1.00000,0.06250,0.00001,0.00178,0.02035,1.00000,0.99400,1.00000,0.95750
occlusion,0.25,combined_hard_shift,oracle_causal_mask,1,32,1.00000,1.00000,1.00000,1.00000,0.00000,0.00000,1.00000,0.03125,0.00001,0.00180,0.02028,1.00000,0.99400,1.00000,0.96875
occlusion,0.25,combined_hard_shift,oracle_causal_mask,2,32,1.00000,1.00000,1.00000,1.00000,0.00000,0.00000,0.96875,0.03125,0.00001,0.00176,0.02039,1.00000,0.99400,1.00000,0.94687
occlusion,0.25,combined_hard_shift,oracle_causal_mask,3,32,1.00000,1.00000,1.00000,1.00000,0.00000,0.00000,1.00000,0.00000,0.00001,0.00176,0.02018,1.00000,0.99400,1.00000,0.98000
occlusion,0.25,combined_hard_shift,oracle_causal_mask,4,32,1.00000,1.00000,1.00000,1.00000,0.00000,0.00000,0.93750,0.00000,0.00001,0.00171,0.02020,1.00000,0.99400,1.00000,0.93625
occlusion,0.25,combined_hard_shift,oracle_causal_mask,5,32,1.00000,1.00000,1.00000,1.00000,0.00000,0.00000,0.96875,0.03125,0.00001,0.00178,0.02003,1.00000,0.99400,1.00000,0.94688
occlusion,0.25,combined_hard_shift,oracle_causal_mask,6,32,1.00000,1.00000,1.00000,1.00000,0.00000,0.00000,0.96875,0.00000,0.00001,0.00180,0.02011,1.00000,0.99400,1.00000,0.95813
occlusion,0.25,combined_hard_shift,oracle_causal_mask,7,32,1.00000,1.00000,1.00000,1.00000,0.00000,0.00000,0.96875,0.00000,0.00001,0.00173,0.02023,1.00000,0.99400,1.00000,0.95813
occlusion,0.25,combined_hard_shift,oracle_causal_mask,8,32,1.00000,1.00000,1.00000,1.00000,0.00000,0.00000,0.96875,0.00000,0.00001,0.00176,0.02012,1.00000,0.99400,1.00000,0.95813
occlusion,0.25,combined_hard_shift,oracle_causal_mask,9,32,1.00000,1.00000,1.00000,1.00000,0.00000,0.00000,0.96875,0.03125,0.00001,0.00176,0.02014,1.00000,0.99400,1.00000,0.94687
occlusion,0.25,combined_hard_shift,world_model_flow_predictor,0,32,0.78249,0.70337,0.90617,0.81979,0.23577,0.46577,0.65625,0.09375,0.10886,0.19747,0.19709,1.00000,0.45241,0.77899,0.58806
occlusion,0.25,combined_hard_shift,world_model_flow_predictor,1,32,0.77185,0.68602,0.90094,0.83385,0.26201,0.50950,0.78125,0.03125,0.10943,0.19484,0.20316,1.00000,0.43340,0.76197,0.68855
occlusion,0.25,combined_hard_shift,world_model_flow_predictor,2,32,0.78345,0.70474,0.90950,0.81771,0.24840,0.45598,0.62500,0.18750,0.10621,0.18958,0.19917,1.00000,0.45385,0.77782,0.53152
occlusion,0.25,combined_hard_shift,world_model_flow_predictor,3,32,0.80687,0.74938,0.90029,0.82656,0.19629,0.43494,0.56250,0.06250,0.10266,0.18618,0.18536,1.00000,0.45232,0.78610,0.54503
occlusion,0.25,combined_hard_shift,world_model_flow_predictor,4,32,0.80526,0.75594,0.88362,0.81406,0.19166,0.50855,0.59375,0.03125,0.10390,0.17684,0.18396,1.00000,0.43587,0.77423,0.57261
occlusion,0.25,combined_hard_shift,world_model_flow_predictor,5,32,0.78192,0.72726,0.87489,0.79479,0.21341,0.47945,0.75000,0.15625,0.10997,0.18942,0.19076,1.00000,0.42608,0.76208,0.63093
occlusion,0.25,combined_hard_shift,world_model_flow_predictor,6,32,0.74697,0.65388,0.89633,0.77448,0.26961,0.56964,0.68750,0.21875,0.11502,0.19797,0.20546,1.00000,0.42869,0.75665,0.54628
occlusion,0.25,combined_hard_shift,world_model_flow_predictor,7,32,0.80014,0.74386,0.89701,0.82031,0.21358,0.41215,0.78125,0.18750,0.10957,0.19163,0.19106,1.00000,0.44272,0.77645,0.65021
occlusion,0.25,combined_hard_shift,world_model_flow_predictor,8,32,0.78647,0.70698,0.90990,0.84375,0.23566,0.41226,0.68750,0.18750,0.11659,0.20570,0.19780,1.00000,0.43748,0.77222,0.57924
occlusion,0.25,combined_hard_shift,world_model_flow_predictor,9,32,0.77882,0.69594,0.91143,0.83490,0.25790,0.46468,0.68750,0.03125,0.11107,0.19534,0.20165,1.00000,0.44555,0.77192,0.62841
occlusion,0.50,combined_hard_shift,action_direction_projection,0,32,0.58868,0.45340,0.89607,0.75384,0.50187,0.39405,0.65625,0.18750,0.22578,0.31531,0.27864,1.00000,0.33545,0.65700,0.48104
occlusion,0.50,combined_hard_shift,action_direction_projection,1,32,0.54508,0.40526,0.89013,0.70492,0.53181,0.47290,0.40625,0.09375,0.21483,0.31661,0.28575,1.00000,0.33885,0.65064,0.32372
occlusion,0.50,combined_hard_shift,action_direction_projection,2,32,0.57507,0.43775,0.90472,0.73754,0.55661,0.40231,0.53125,0.12500,0.23746,0.32695,0.29419,1.00000,0.31882,0.63856,0.40458
occlusion,0.50,combined_hard_shift,action_direction_projection,3,32,0.57878,0.44886,0.90246,0.74070,0.54567,0.47241,0.46875,0.21875,0.22140,0.32148,0.28996,1.00000,0.33667,0.64966,0.32612
occlusion,0.50,combined_hard_shift,action_direction_projection,4,32,0.52975,0.39409,0.85820,0.63263,0.55975,0.49588,0.37500,0.21875,0.22143,0.31866,0.29478,1.00000,0.32179,0.62732,0.24687
occlusion,0.50,combined_hard_shift,action_direction_projection,5,32,0.55664,0.42289,0.88448,0.69072,0.54742,0.48620,0.37500,0.18750,0.22908,0.32753,0.29272,1.00000,0.32149,0.63671,0.26560
occlusion,0.50,combined_hard_shift,action_direction_projection,6,32,0.57152,0.44800,0.88549,0.70703,0.54957,0.49051,0.40625,0.34375,0.21734,0.31347,0.29003,1.00000,0.33772,0.64494,0.23408
occlusion,0.50,combined_hard_shift,action_direction_projection,7,32,0.55416,0.41715,0.87480,0.69624,0.55074,0.47232,0.43750,0.18750,0.21984,0.31021,0.29055,1.00000,0.33028,0.63803,0.30955
occlusion,0.50,combined_hard_shift,action_direction_projection,8,32,0.60148,0.47367,0.88226,0.71298,0.45965,0.42041,0.65625,0.25000,0.20610,0.29238,0.26368,1.00000,0.34350,0.66688,0.46525
occlusion,0.50,combined_hard_shift,action_direction_projection,9,32,0.56213,0.42910,0.87770,0.67907,0.56961,0.44594,0.40625,0.15625,0.22946,0.31442,0.29657,1.00000,0.32146,0.63004,0.29856
occlusion,0.50,combined_hard_shift,calibrated_tree_flow_proxy,0,32,0.75257,0.65699,0.90584,0.86942,0.32627,0.30968,0.68750,0.15625,0.11981,0.20008,0.23707,1.00000,0.38489,0.72388,0.57454
occlusion,0.50,combined_hard_shift,calibrated_tree_flow_proxy,1,32,0.74585,0.63964,0.91009,0.86192,0.31002,0.35263,0.59375,0.18750,0.11397,0.20190,0.23261,1.00000,0.40159,0.73725,0.49757
occlusion,0.50,combined_hard_shift,calibrated_tree_flow_proxy,2,32,0.75284,0.66662,0.89411,0.86043,0.30716,0.28572,0.65625,0.15625,0.11902,0.19899,0.23175,1.00000,0.38271,0.72391,0.55644
occlusion,0.50,combined_hard_shift,calibrated_tree_flow_proxy,3,32,0.78267,0.69964,0.90871,0.86260,0.25483,0.32150,0.62500,0.12500,0.11501,0.20447,0.21926,1.00000,0.38982,0.74291,0.55701
occlusion,0.50,combined_hard_shift,calibrated_tree_flow_proxy,4,32,0.77560,0.69374,0.89661,0.84952,0.25661,0.33413,0.65625,0.12500,0.11275,0.19909,0.21922,1.00000,0.39520,0.74217,0.57669
occlusion,0.50,combined_hard_shift,calibrated_tree_flow_proxy,5,32,0.78080,0.69541,0.91414,0.89131,0.26624,0.35496,0.56250,0.18750,0.11492,0.20155,0.22194,1.00000,0.38713,0.74041,0.48678
occlusion,0.50,combined_hard_shift,calibrated_tree_flow_proxy,6,32,0.78244,0.70806,0.89755,0.85770,0.23802,0.33455,0.87500,0.06250,0.11274,0.19971,0.21442,1.00000,0.39381,0.74578,0.75605
occlusion,0.50,combined_hard_shift,calibrated_tree_flow_proxy,7,32,0.76285,0.66714,0.91324,0.89162,0.30028,0.33211,0.56250,0.12500,0.11514,0.19684,0.22921,1.00000,0.39794,0.73831,0.50344
occlusion,0.50,combined_hard_shift,calibrated_tree_flow_proxy,8,32,0.78279,0.70545,0.90378,0.89062,0.26827,0.33758,0.71875,0.15625,0.11431,0.19238,0.22135,1.00000,0.38357,0.73542,0.60792
occlusion,0.50,combined_hard_shift,calibrated_tree_flow_proxy,9,32,0.74667,0.64290,0.91045,0.87729,0.33112,0.32551,0.56250,0.03125,0.12005,0.19849,0.23736,1.00000,0.38426,0.72368,0.52954
occlusion,0.50,combined_hard_shift,causal_scene_flow_model_v5,0,32,0.74948,0.65546,0.89859,0.87091,0.29756,0.53090,0.65625,0.15625,0.11562,0.19494,0.22175,1.00000,0.46336,0.76912,0.54777
occlusion,0.50,combined_hard_shift,causal_scene_flow_model_v5,1,32,0.73638,0.62706,0.91052,0.86855,0.31467,0.55506,0.40625,0.03125,0.11089,0.19933,0.22551,1.00000,0.49952,0.78726,0.41435
occlusion,0.50,combined_hard_shift,causal_scene_flow_model_v5,2,32,0.76738,0.69484,0.88375,0.86111,0.23452,0.51379,0.68750,0.12500,0.10615,0.18043,0.20417,1.00000,0.46753,0.78129,0.59382
occlusion,0.50,combined_hard_shift,causal_scene_flow_model_v5,3,32,0.77385,0.69280,0.90137,0.88281,0.24949,0.53343,0.53125,0.03125,0.10437,0.19143,0.20886,1.00000,0.47744,0.78774,0.51702
occlusion,0.50,combined_hard_shift,causal_scene_flow_model_v5,4,32,0.75715,0.66892,0.90117,0.85733,0.27156,0.51642,0.62500,0.03125,0.10489,0.19064,0.21396,1.00000,0.49414,0.79151,0.57880
occlusion,0.50,combined_hard_shift,causal_scene_flow_model_v5,5,32,0.79049,0.72010,0.90294,0.88083,0.21973,0.58703,0.62500,0.06250,0.10067,0.18178,0.20084,1.00000,0.47525,0.79355,0.57511
occlusion,0.50,combined_hard_shift,causal_scene_flow_model_v5,6,32,0.78213,0.70806,0.89838,0.83774,0.21931,0.54358,0.53125,0.09375,0.10314,0.18965,0.20124,1.00000,0.48965,0.79995,0.50033
occlusion,0.50,combined_hard_shift,causal_scene_flow_model_v5,7,32,0.76630,0.67792,0.91173,0.88058,0.27139,0.49484,0.59375,0.09375,0.11235,0.19643,0.21466,1.00000,0.49620,0.79537,0.53767
occlusion,0.50,combined_hard_shift,causal_scene_flow_model_v5,8,32,0.78471,0.71525,0.89397,0.88560,0.22423,0.54601,0.71875,0.03125,0.10588,0.18321,0.20236,1.00000,0.47537,0.79030,0.65260
occlusion,0.50,combined_hard_shift,causal_scene_flow_model_v5,9,32,0.74825,0.65118,0.90129,0.86644,0.29084,0.54269,0.62500,0.12500,0.11660,0.19353,0.21943,1.00000,0.47497,0.77733,0.53804
occlusion,0.50,combined_hard_shift,contrastive_action_flow,0,32,0.72249,0.65464,0.83624,0.72880,0.31998,0.30007,0.68750,0.15625,0.12400,0.19085,0.20447,1.00000,0.35426,0.69124,0.56715
occlusion,0.50,combined_hard_shift,contrastive_action_flow,1,32,0.73159,0.65604,0.85043,0.75589,0.28121,0.30416,0.65625,0.12500,0.11613,0.19159,0.19368,1.00000,0.37041,0.71186,0.56486
occlusion,0.50,combined_hard_shift,contrastive_action_flow,2,32,0.71711,0.67030,0.81004,0.64267,0.29834,0.25982,0.68750,0.18750,0.12369,0.18966,0.19893,1.00000,0.34998,0.68697,0.55953
occlusion,0.50,combined_hard_shift,contrastive_action_flow,3,32,0.76654,0.72777,0.83470,0.71658,0.22176,0.26170,0.68750,0.15625,0.11830,0.19466,0.17964,1.00000,0.35811,0.71445,0.59107
occlusion,0.50,combined_hard_shift,contrastive_action_flow,4,32,0.75754,0.71078,0.83238,0.68967,0.22955,0.27776,0.68750,0.12500,0.11483,0.18864,0.18065,1.00000,0.36520,0.71582,0.59914
occlusion,0.50,combined_hard_shift,contrastive_action_flow,5,32,0.75553,0.70998,0.83426,0.71608,0.24055,0.30763,0.65625,0.03125,0.11912,0.19232,0.18454,1.00000,0.35346,0.70779,0.60662
occlusion,0.50,combined_hard_shift,contrastive_action_flow,6,32,0.76766,0.73611,0.83020,0.66747,0.20818,0.26811,0.71875,0.06250,0.11537,0.18926,0.17523,1.00000,0.36208,0.71833,0.64858
occlusion,0.50,combined_hard_shift,contrastive_action_flow,7,32,0.72886,0.66863,0.82507,0.69990,0.27756,0.28737,0.62500,0.15625,0.11769,0.18609,0.19262,1.00000,0.36700,0.70429,0.53183
occlusion,0.50,combined_hard_shift,contrastive_action_flow,8,32,0.75393,0.72395,0.81980,0.69599,0.25389,0.28247,0.71875,0.15625,0.11773,0.18127,0.18666,1.00000,0.35122,0.69993,0.60408
occlusion,0.50,combined_hard_shift,contrastive_action_flow,9,32,0.72025,0.64794,0.83990,0.74405,0.32086,0.28336,0.68750,0.00000,0.12375,0.18816,0.20365,1.00000,0.35142,0.69053,0.62385
occlusion,0.50,combined_hard_shift,learned_correlation_classifier,0,32,0.71871,0.61677,0.89976,0.85181,0.40257,0.32607,0.43750,0.09375,0.13179,0.21535,0.23322,1.00000,0.36048,0.69282,0.40276
occlusion,0.50,combined_hard_shift,learned_correlation_classifier,1,32,0.72582,0.62115,0.89923,0.84505,0.34623,0.34778,0.59375,0.15625,0.12477,0.21621,0.21800,1.00000,0.37217,0.71115,0.49843
occlusion,0.50,combined_hard_shift,learned_correlation_classifier,2,32,0.72228,0.62900,0.89902,0.84263,0.39429,0.30530,0.56250,0.28125,0.13303,0.21669,0.23058,1.00000,0.35506,0.69163,0.42543
occlusion,0.50,combined_hard_shift,learned_correlation_classifier,3,32,0.75258,0.66117,0.90543,0.85497,0.31832,0.33178,0.59375,0.21875,0.12708,0.21994,0.21098,1.00000,0.36376,0.71454,0.48493
occlusion,0.50,combined_hard_shift,learned_correlation_classifier,4,32,0.75737,0.67401,0.88494,0.81324,0.28694,0.32767,0.59375,0.12500,0.12429,0.21450,0.20260,1.00000,0.36641,0.71749,0.52381
occlusion,0.50,combined_hard_shift,learned_correlation_classifier,5,32,0.74540,0.65162,0.90713,0.88870,0.34270,0.36464,0.62500,0.21875,0.12829,0.21886,0.21762,1.00000,0.35921,0.70725,0.49988
occlusion,0.50,combined_hard_shift,learned_correlation_classifier,6,32,0.75165,0.67124,0.88480,0.79359,0.28688,0.34474,0.62500,0.12500,0.12428,0.21484,0.20238,1.00000,0.36572,0.71711,0.54371
occlusion,0.50,combined_hard_shift,learned_correlation_classifier,7,32,0.73821,0.64108,0.89715,0.84046,0.33705,0.33720,0.68750,0.12500,0.12679,0.21150,0.21489,1.00000,0.36746,0.71019,0.57891
occlusion,0.50,combined_hard_shift,learned_correlation_classifier,8,32,0.74667,0.66684,0.88969,0.85367,0.34438,0.34096,0.62500,0.09375,0.12635,0.20791,0.21694,1.00000,0.35551,0.70042,0.54548
occlusion,0.50,combined_hard_shift,learned_correlation_classifier,9,32,0.72402,0.62331,0.90033,0.84102,0.38268,0.31329,0.71875,0.25000,0.13233,0.21401,0.22730,1.00000,0.35514,0.69457,0.54760
occlusion,0.50,combined_hard_shift,oracle_causal_mask,0,32,1.00000,1.00000,1.00000,1.00000,0.00000,0.00000,1.00000,0.06250,0.00001,0.00172,0.02148,1.00000,0.99400,1.00000,0.95750
occlusion,0.50,combined_hard_shift,oracle_causal_mask,1,32,1.00000,1.00000,1.00000,1.00000,0.00000,0.00000,1.00000,0.03125,0.00001,0.00182,0.02151,1.00000,0.99400,1.00000,0.96875
occlusion,0.50,combined_hard_shift,oracle_causal_mask,2,32,1.00000,1.00000,1.00000,1.00000,0.00000,0.00000,0.96875,0.03125,0.00001,0.00173,0.02125,1.00000,0.99400,1.00000,0.94687
occlusion,0.50,combined_hard_shift,oracle_causal_mask,3,32,1.00000,1.00000,1.00000,1.00000,0.00000,0.00000,1.00000,0.00000,0.00001,0.00181,0.02146,1.00000,0.99400,1.00000,0.98000
occlusion,0.50,combined_hard_shift,oracle_causal_mask,4,32,1.00000,1.00000,1.00000,1.00000,0.00000,0.00000,0.93750,0.00000,0.00001,0.00180,0.02145,1.00000,0.99400,1.00000,0.93625
occlusion,0.50,combined_hard_shift,oracle_causal_mask,5,32,1.00000,1.00000,1.00000,1.00000,0.00000,0.00000,0.96875,0.03125,0.00001,0.00179,0.02156,1.00000,0.99400,1.00000,0.94688
occlusion,0.50,combined_hard_shift,oracle_causal_mask,6,32,1.00000,1.00000,1.00000,1.00000,0.00000,0.00000,0.96875,0.00000,0.00001,0.00180,0.02137,1.00000,0.99400,1.00000,0.95813
occlusion,0.50,combined_hard_shift,oracle_causal_mask,7,32,1.00000,1.00000,1.00000,1.00000,0.00000,0.00000,0.96875,0.00000,0.00001,0.00176,0.02135,1.00000,0.99400,1.00000,0.95813
occlusion,0.50,combined_hard_shift,oracle_causal_mask,8,32,1.00000,1.00000,1.00000,1.00000,0.00000,0.00000,0.96875,0.00000,0.00001,0.00176,0.02144,1.00000,0.99400,1.00000,0.95813
occlusion,0.50,combined_hard_shift,oracle_causal_mask,9,32,1.00000,1.00000,1.00000,1.00000,0.00000,0.00000,0.96875,0.03125,0.00001,0.00174,0.02129,1.00000,0.99400,1.00000,0.94687
occlusion,0.50,combined_hard_shift,world_model_flow_predictor,0,32,0.76631,0.71431,0.85518,0.76860,0.22364,0.46133,0.65625,0.09375,0.11808,0.18857,0.19986,1.00000,0.39456,0.73832,0.58232
occlusion,0.50,combined_hard_shift,world_model_flow_predictor,1,32,0.75235,0.66540,0.89010,0.83011,0.27686,0.52641,0.78125,0.09375,0.11293,0.19633,0.21215,1.00000,0.42505,0.75155,0.65888
occlusion,0.50,combined_hard_shift,world_model_flow_predictor,2,32,0.78234,0.74956,0.84455,0.75056,0.18103,0.47143,0.59375,0.18750,0.11100,0.17720,0.18721,1.00000,0.39624,0.74580,0.51279
occlusion,0.50,combined_hard_shift,world_model_flow_predictor,3,32,0.78381,0.73676,0.86368,0.79514,0.20513,0.49348,0.59375,0.12500,0.10900,0.18832,0.19413,1.00000,0.40429,0.74966,0.53177
occlusion,0.50,combined_hard_shift,world_model_flow_predictor,4,32,0.76842,0.70317,0.87460,0.78367,0.23491,0.48905,0.56250,0.06250,0.10893,0.18796,0.20096,1.00000,0.41820,0.75318,0.52705
occlusion,0.50,combined_hard_shift,world_model_flow_predictor,5,32,0.80286,0.76619,0.86591,0.78962,0.16967,0.53169,0.65625,0.15625,0.10637,0.17928,0.18463,1.00000,0.40079,0.75622,0.57007
occlusion,0.50,combined_hard_shift,world_model_flow_predictor,6,32,0.79379,0.75207,0.86721,0.76011,0.18005,0.49802,0.65625,0.18750,0.10759,0.18732,0.18740,1.00000,0.41560,0.76197,0.55883
occlusion,0.50,combined_hard_shift,world_model_flow_predictor,7,32,0.77172,0.70471,0.88690,0.83339,0.24734,0.47328,0.71875,0.21875,0.11484,0.19326,0.20444,1.00000,0.42312,0.75620,0.58052
occlusion,0.50,combined_hard_shift,world_model_flow_predictor,8,32,0.79872,0.76608,0.85923,0.80066,0.17178,0.48925,0.68750,0.15625,0.11090,0.18070,0.18551,1.00000,0.40276,0.75504,0.59343
occlusion,0.50,combined_hard_shift,world_model_flow_predictor,9,32,0.75674,0.68907,0.86710,0.78900,0.25198,0.50306,0.75000,0.03125,0.11911,0.18928,0.20595,1.00000,0.40232,0.73922,0.66311
occlusion,0.75,combined_hard_shift,action_direction_projection,0,32,0.53148,0.39663,0.85090,0.72441,0.50999,0.47363,0.53125,0.21875,0.22715,0.31090,0.28638,1.00000,0.30040,0.62525,0.36358
occlusion,0.75,combined_hard_shift,action_direction_projection,1,32,0.52541,0.39019,0.85948,0.70546,0.65969,0.47098,0.18750,0.15625,0.25035,0.32704,0.32851,1.00000,0.27114,0.57933,0.12116
occlusion,0.75,combined_hard_shift,action_direction_projection,2,32,0.55879,0.44184,0.85581,0.70942,0.56937,0.44532,0.46875,0.15625,0.23873,0.30930,0.30266,1.00000,0.27869,0.60217,0.33850
occlusion,0.75,combined_hard_shift,action_direction_projection,3,32,0.58333,0.46059,0.85084,0.72895,0.40280,0.45247,0.56250,0.15625,0.19921,0.27403,0.25192,1.00000,0.33296,0.66574,0.43524
occlusion,0.75,combined_hard_shift,action_direction_projection,4,32,0.53790,0.41134,0.83494,0.70073,0.55819,0.45766,0.37500,0.18750,0.23418,0.31504,0.30095,1.00000,0.28230,0.60108,0.25875
occlusion,0.75,combined_hard_shift,action_direction_projection,5,32,0.53309,0.39927,0.84676,0.68935,0.49769,0.48288,0.34375,0.25000,0.22147,0.30232,0.28185,1.00000,0.30037,0.62686,0.22245
occlusion,0.75,combined_hard_shift,action_direction_projection,6,32,0.52401,0.39177,0.85071,0.68240,0.58508,0.54603,0.43750,0.34375,0.23842,0.31599,0.30719,1.00000,0.28525,0.60080,0.23546
occlusion,0.75,combined_hard_shift,action_direction_projection,7,32,0.53921,0.41194,0.85022,0.67425,0.59551,0.44574,0.37500,0.31250,0.23899,0.31977,0.31070,1.00000,0.28174,0.59655,0.20965
occlusion,0.75,combined_hard_shift,action_direction_projection,8,32,0.55450,0.43072,0.85739,0.72281,0.48000,0.46038,0.50000,0.18750,0.22177,0.30148,0.27673,1.00000,0.30176,0.63424,0.36211
occlusion,0.75,combined_hard_shift,action_direction_projection,9,32,0.54843,0.40955,0.86020,0.71400,0.53533,0.44706,0.40625,0.25000,0.22856,0.30401,0.29187,1.00000,0.30405,0.62398,0.26594
occlusion,0.75,combined_hard_shift,calibrated_tree_flow_proxy,0,32,0.75968,0.66552,0.90758,0.89124,0.28942,0.38017,0.68750,0.15625,0.11808,0.19997,0.23205,1.00000,0.38217,0.73103,0.57673
occlusion,0.75,combined_hard_shift,calibrated_tree_flow_proxy,1,32,0.75310,0.66196,0.89455,0.85913,0.32804,0.35679,0.59375,0.21875,0.12283,0.19499,0.24137,1.00000,0.35890,0.70704,0.48144
occlusion,0.75,combined_hard_shift,calibrated_tree_flow_proxy,2,32,0.76172,0.67575,0.89535,0.86980,0.29810,0.38686,0.65625,0.15625,0.12075,0.19212,0.23398,1.00000,0.36552,0.71728,0.55209
occlusion,0.75,combined_hard_shift,calibrated_tree_flow_proxy,3,32,0.77181,0.69262,0.89886,0.88811,0.25694,0.36613,0.65625,0.06250,0.11476,0.19473,0.22340,1.00000,0.38416,0.73694,0.59600
occlusion,0.75,combined_hard_shift,calibrated_tree_flow_proxy,4,32,0.74336,0.65119,0.88953,0.85595,0.30809,0.35188,0.53125,0.12500,0.11794,0.19662,0.23718,1.00000,0.37458,0.71828,0.47392
occlusion,0.75,combined_hard_shift,calibrated_tree_flow_proxy,5,32,0.75477,0.66237,0.89699,0.87421,0.29426,0.39686,0.46875,0.18750,0.11752,0.19854,0.23331,1.00000,0.37701,0.72452,0.40921
occlusion,0.75,combined_hard_shift,calibrated_tree_flow_proxy,6,32,0.78535,0.71052,0.89886,0.85351,0.23401,0.38850,0.84375,0.09375,0.11776,0.19613,0.21780,1.00000,0.37173,0.73552,0.71940
occlusion,0.75,combined_hard_shift,calibrated_tree_flow_proxy,7,32,0.76030,0.66064,0.91296,0.87000,0.31256,0.35672,0.59375,0.09375,0.11809,0.19533,0.23706,1.00000,0.37690,0.72460,0.53156
occlusion,0.75,combined_hard_shift,calibrated_tree_flow_proxy,8,32,0.75622,0.66351,0.90796,0.88236,0.29605,0.38511,0.65625,0.18750,0.11760,0.19811,0.23330,1.00000,0.37724,0.72710,0.54149
occlusion,0.75,combined_hard_shift,calibrated_tree_flow_proxy,9,32,0.73070,0.62203,0.90388,0.87396,0.34811,0.39055,0.46875,0.03125,0.12380,0.20492,0.24744,1.00000,0.36487,0.70816,0.45356
occlusion,0.75,combined_hard_shift,causal_scene_flow_model_v5,0,32,0.74142,0.62715,0.92662,0.90884,0.30340,0.58631,0.68750,0.15625,0.11178,0.19536,0.22628,1.00000,0.47663,0.78202,0.56588
occlusion,0.75,combined_hard_shift,causal_scene_flow_model_v5,1,32,0.75818,0.68212,0.87255,0.82511,0.26396,0.63730,0.46875,0.03125,0.10841,0.17389,0.21534,1.00000,0.43903,0.75708,0.45912
occlusion,0.75,combined_hard_shift,causal_scene_flow_model_v5,2,32,0.75479,0.67541,0.88334,0.85827,0.26229,0.59139,0.68750,0.09375,0.11103,0.18069,0.21613,1.00000,0.45551,0.76883,0.59357
occlusion,0.75,combined_hard_shift,causal_scene_flow_model_v5,3,32,0.76201,0.66697,0.91478,0.90246,0.24826,0.50698,0.56250,0.03125,0.11669,0.20220,0.21479,1.00000,0.48218,0.79396,0.53949
occlusion,0.75,combined_hard_shift,causal_scene_flow_model_v5,4,32,0.75731,0.66518,0.89954,0.87223,0.26866,0.55027,0.68750,0.03125,0.10816,0.18624,0.21789,1.00000,0.47120,0.77980,0.61949
occlusion,0.75,combined_hard_shift,causal_scene_flow_model_v5,5,32,0.75233,0.65178,0.91874,0.90908,0.27457,0.55493,0.59375,0.03125,0.11716,0.20082,0.22077,1.00000,0.47210,0.78396,0.55258
occlusion,0.75,combined_hard_shift,causal_scene_flow_model_v5,6,32,0.78306,0.70843,0.90345,0.85375,0.20887,0.57861,0.56250,0.12500,0.10568,0.18379,0.20251,1.00000,0.46463,0.79055,0.50912
occlusion,0.75,combined_hard_shift,causal_scene_flow_model_v5,7,32,0.76958,0.68174,0.90817,0.87287,0.27367,0.57212,0.56250,0.09375,0.10715,0.18366,0.21806,1.00000,0.47195,0.78133,0.50973
occlusion,0.75,combined_hard_shift,causal_scene_flow_model_v5,8,32,0.74796,0.65413,0.90208,0.88827,0.26964,0.56658,0.68750,0.00000,0.11175,0.19395,0.21870,1.00000,0.47606,0.78277,0.62851
occlusion,0.75,combined_hard_shift,causal_scene_flow_model_v5,9,32,0.72137,0.60971,0.89707,0.86285,0.32099,0.55767,0.59375,0.09375,0.12287,0.20610,0.23307,1.00000,0.44567,0.75437,0.51584
occlusion,0.75,combined_hard_shift,contrastive_action_flow,0,32,0.74375,0.69978,0.82313,0.71461,0.24693,0.28990,0.68750,0.15625,0.11992,0.18447,0.18984,1.00000,0.34704,0.70015,0.58099
occlusion,0.75,combined_hard_shift,contrastive_action_flow,1,32,0.72315,0.67699,0.80366,0.68212,0.29645,0.28538,0.65625,0.25000,0.12640,0.18034,0.20252,1.00000,0.32247,0.67142,0.51295
occlusion,0.75,combined_hard_shift,contrastive_action_flow,2,32,0.72478,0.69282,0.78496,0.66607,0.26029,0.31468,0.62500,0.18750,0.12468,0.17647,0.19398,1.00000,0.32662,0.67667,0.51705
occlusion,0.75,combined_hard_shift,contrastive_action_flow,3,32,0.75230,0.71277,0.82278,0.73897,0.22037,0.31162,0.65625,0.18750,0.11680,0.17821,0.18223,1.00000,0.34722,0.70600,0.55182
occlusion,0.75,combined_hard_shift,contrastive_action_flow,4,32,0.70471,0.65790,0.79112,0.68021,0.29044,0.29915,0.53125,0.18750,0.12172,0.18206,0.20201,1.00000,0.33413,0.67554,0.44539
occlusion,0.75,combined_hard_shift,contrastive_action_flow,5,32,0.72580,0.68342,0.79698,0.68039,0.26160,0.32200,0.59375,0.06250,0.11961,0.18284,0.19408,1.00000,0.33975,0.68634,0.54090
occlusion,0.75,combined_hard_shift,contrastive_action_flow,6,32,0.76592,0.74641,0.81482,0.68994,0.19771,0.31273,0.59375,0.06250,0.12087,0.18053,0.17704,1.00000,0.33415,0.70211,0.55744
occlusion,0.75,combined_hard_shift,contrastive_action_flow,7,32,0.72256,0.66617,0.80984,0.67718,0.28408,0.31345,0.65625,0.12500,0.12153,0.18086,0.19928,1.00000,0.33975,0.68473,0.55926
occlusion,0.75,combined_hard_shift,contrastive_action_flow,8,32,0.72464,0.67520,0.81064,0.70691,0.26686,0.33981,0.62500,0.15625,0.11987,0.18228,0.19486,1.00000,0.33987,0.68879,0.52744
occlusion,0.75,combined_hard_shift,contrastive_action_flow,9,32,0.69173,0.62772,0.79980,0.67738,0.32881,0.33804,0.56250,0.00000,0.12722,0.18989,0.21209,1.00000,0.32666,0.66547,0.52454
occlusion,0.75,combined_hard_shift,learned_correlation_classifier,0,32,0.74509,0.65828,0.88870,0.84206,0.30864,0.35585,0.50000,0.09375,0.12911,0.21202,0.21290,1.00000,0.35078,0.70557,0.46175
occlusion,0.75,combined_hard_shift,learned_correlation_classifier,1,32,0.72601,0.63047,0.89160,0.83910,0.39641,0.33501,0.53125,0.12500,0.13553,0.20988,0.23557,1.00000,0.33162,0.67705,0.45661
occlusion,0.75,combined_hard_shift,learned_correlation_classifier,2,32,0.73451,0.64384,0.89355,0.85478,0.36400,0.37250,0.53125,0.18750,0.13370,0.20632,0.22703,1.00000,0.33369,0.68576,0.43816
occlusion,0.75,combined_hard_shift,learned_correlation_classifier,3,32,0.74897,0.66818,0.88547,0.86211,0.29151,0.35884,0.56250,0.21875,0.12531,0.20556,0.20749,1.00000,0.35092,0.70857,0.46335
occlusion,0.75,combined_hard_shift,learned_correlation_classifier,4,32,0.70204,0.61064,0.86401,0.81502,0.37806,0.35668,0.59375,0.09375,0.13086,0.21061,0.23223,1.00000,0.34034,0.67844,0.50885
occlusion,0.75,combined_hard_shift,learned_correlation_classifier,5,32,0.73244,0.64371,0.87771,0.84057,0.33327,0.38357,0.62500,0.18750,0.12814,0.21026,0.21939,1.00000,0.34481,0.69419,0.50749
occlusion,0.75,combined_hard_shift,learned_correlation_classifier,6,32,0.74938,0.67031,0.88532,0.82506,0.30457,0.40232,0.59375,0.12500,0.13114,0.21024,0.21157,1.00000,0.33892,0.69942,0.51377
occlusion,0.75,combined_hard_shift,learned_correlation_classifier,7,32,0.71989,0.61485,0.89246,0.83108,0.38834,0.36524,0.71875,0.12500,0.13064,0.20908,0.23335,1.00000,0.34502,0.68601,0.58711
occlusion,0.75,combined_hard_shift,learned_correlation_classifier,8,32,0.73280,0.64301,0.88761,0.84349,0.33127,0.38147,0.56250,0.12500,0.12937,0.21105,0.21864,1.00000,0.34360,0.69657,0.48695
occlusion,0.75,combined_hard_shift,learned_correlation_classifier,9,32,0.70037,0.59189,0.89095,0.84705,0.41599,0.37930,0.59375,0.25000,0.13532,0.21704,0.24169,1.00000,0.33629,0.67500,0.44601
occlusion,0.75,combined_hard_shift,oracle_causal_mask,0,32,1.00000,1.00000,1.00000,1.00000,0.00000,0.00000,1.00000,0.06250,0.00001,0.00178,0.02262,1.00000,0.99400,1.00000,0.95750
occlusion,0.75,combined_hard_shift,oracle_causal_mask,1,32,1.00000,1.00000,1.00000,1.00000,0.00000,0.00000,1.00000,0.03125,0.00001,0.00170,0.02245,1.00000,0.99400,1.00000,0.96875
occlusion,0.75,combined_hard_shift,oracle_causal_mask,2,32,1.00000,1.00000,1.00000,1.00000,0.00000,0.00000,0.96875,0.03125,0.00001,0.00171,0.02260,1.00000,0.99400,1.00000,0.94687
occlusion,0.75,combined_hard_shift,oracle_causal_mask,3,32,1.00000,1.00000,1.00000,1.00000,0.00000,0.00000,1.00000,0.00000,0.00001,0.00180,0.02261,1.00000,0.99400,1.00000,0.98000
occlusion,0.75,combined_hard_shift,oracle_causal_mask,4,32,1.00000,1.00000,1.00000,1.00000,0.00000,0.00000,0.93750,0.00000,0.00001,0.00179,0.02272,1.00000,0.99400,1.00000,0.93625
occlusion,0.75,combined_hard_shift,oracle_causal_mask,5,32,1.00000,1.00000,1.00000,1.00000,0.00000,0.00000,0.96875,0.03125,0.00001,0.00180,0.02261,1.00000,0.99400,1.00000,0.94688
occlusion,0.75,combined_hard_shift,oracle_causal_mask,6,32,1.00000,1.00000,1.00000,1.00000,0.00000,0.00000,0.96875,0.00000,0.00001,0.00175,0.02249,1.00000,0.99400,1.00000,0.95813
occlusion,0.75,combined_hard_shift,oracle_causal_mask,7,32,1.00000,1.00000,1.00000,1.00000,0.00000,0.00000,0.96875,0.00000,0.00001,0.00175,0.02259,1.00000,0.99400,1.00000,0.95813
occlusion,0.75,combined_hard_shift,oracle_causal_mask,8,32,1.00000,1.00000,1.00000,1.00000,0.00000,0.00000,0.96875,0.00000,0.00001,0.00182,0.02258,1.00000,0.99400,1.00000,0.95813
occlusion,0.75,combined_hard_shift,oracle_causal_mask,9,32,1.00000,1.00000,1.00000,1.00000,0.00000,0.00000,0.96875,0.03125,0.00001,0.00179,0.02254,1.00000,0.99400,1.00000,0.94687
occlusion,0.75,combined_hard_shift,world_model_flow_predictor,0,32,0.75513,0.67620,0.87896,0.81483,0.24402,0.53837,0.65625,0.06250,0.11444,0.18980,0.20818,1.00000,0.40177,0.74377,0.58536
occlusion,0.75,combined_hard_shift,world_model_flow_predictor,1,32,0.77020,0.74882,0.81537,0.70934,0.18615,0.57977,0.78125,0.06250,0.11410,0.16852,0.19317,1.00000,0.36620,0.72147,0.67706
occlusion,0.75,combined_hard_shift,world_model_flow_predictor,2,32,0.75124,0.70565,0.83208,0.76050,0.22108,0.55621,0.62500,0.18750,0.11573,0.17599,0.20261,1.00000,0.38181,0.72625,0.51745
occlusion,0.75,combined_hard_shift,world_model_flow_predictor,3,32,0.76042,0.69023,0.87778,0.83026,0.22595,0.48021,0.50000,0.12500,0.11880,0.19850,0.20511,1.00000,0.41017,0.75180,0.46096
occlusion,0.75,combined_hard_shift,world_model_flow_predictor,4,32,0.75906,0.69815,0.85760,0.80283,0.22923,0.52484,0.56250,0.03125,0.11216,0.18310,0.20463,1.00000,0.39577,0.73835,0.53355
occlusion,0.75,combined_hard_shift,world_model_flow_predictor,5,32,0.75934,0.69624,0.87232,0.82716,0.24080,0.51685,0.62500,0.18750,0.11918,0.19624,0.20866,1.00000,0.39884,0.74122,0.52053
occlusion,0.75,combined_hard_shift,world_model_flow_predictor,6,32,0.78753,0.75975,0.85065,0.75742,0.16603,0.52535,0.75000,0.18750,0.11124,0.17965,0.18829,1.00000,0.38943,0.74715,0.62172
occlusion,0.75,combined_hard_shift,world_model_flow_predictor,7,32,0.77613,0.71570,0.87762,0.80668,0.23090,0.54687,0.65625,0.21875,0.11153,0.17906,0.20359,1.00000,0.39608,0.74334,0.53349
occlusion,0.75,combined_hard_shift,world_model_flow_predictor,8,32,0.75872,0.69390,0.87351,0.83270,0.23321,0.53597,0.56250,0.21875,0.11487,0.19121,0.20576,1.00000,0.40152,0.74459,0.46560
occlusion,0.75,combined_hard_shift,world_model_flow_predictor,9,32,0.73959,0.66303,0.85747,0.78550,0.26092,0.51174,0.59375,0.06250,0.12437,0.19935,0.21456,1.00000,0.37565,0.72088,0.53595
occlusion,1.00,combined_hard_shift,action_direction_projection,0,32,0.53535,0.40888,0.83490,0.71817,0.54038,0.50736,0.46875,0.21875,0.23112,0.30178,0.29909,1.00000,0.26468,0.59583,0.31124
occlusion,1.00,combined_hard_shift,action_direction_projection,1,32,0.53499,0.41548,0.82136,0.70345,0.50736,0.49446,0.40625,0.09375,0.22683,0.29583,0.28983,1.00000,0.26639,0.60046,0.31773
occlusion,1.00,combined_hard_shift,action_direction_projection,2,32,0.50612,0.37774,0.80309,0.68146,0.59354,0.51108,0.37500,0.18750,0.24229,0.30811,0.31623,1.00000,0.23395,0.55988,0.24127
occlusion,1.00,combined_hard_shift,action_direction_projection,3,32,0.53135,0.41261,0.79510,0.65375,0.52658,0.51718,0.43750,0.31250,0.22572,0.29408,0.29642,1.00000,0.25536,0.58367,0.25459
occlusion,1.00,combined_hard_shift,action_direction_projection,4,32,0.51789,0.39966,0.79528,0.65518,0.50984,0.53181,0.34375,0.21875,0.22692,0.29567,0.29182,1.00000,0.25587,0.58766,0.22217
occlusion,1.00,combined_hard_shift,action_direction_projection,5,32,0.52297,0.39283,0.81871,0.69348,0.50267,0.49628,0.34375,0.18750,0.23041,0.29551,0.28883,1.00000,0.26645,0.60083,0.23880
occlusion,1.00,combined_hard_shift,action_direction_projection,6,32,0.54591,0.43183,0.80858,0.69587,0.48141,0.49606,0.34375,0.25000,0.22137,0.28258,0.28173,1.00000,0.27247,0.60601,0.22316
occlusion,1.00,combined_hard_shift,action_direction_projection,7,32,0.50382,0.38019,0.82388,0.69343,0.65698,0.51964,0.37500,0.25000,0.25883,0.32404,0.33412,1.00000,0.23083,0.54971,0.20906
occlusion,1.00,combined_hard_shift,action_direction_projection,8,32,0.57767,0.46400,0.81879,0.70644,0.43018,0.48918,0.53125,0.21875,0.20676,0.26418,0.26470,1.00000,0.29640,0.63238,0.38047
occlusion,1.00,combined_hard_shift,action_direction_projection,9,32,0.51698,0.39713,0.79272,0.65748,0.50841,0.53356,0.37500,0.21875,0.22569,0.28677,0.29026,1.00000,0.26326,0.59115,0.24438
occlusion,1.00,combined_hard_shift,calibrated_tree_flow_proxy,0,32,0.77976,0.70507,0.89356,0.88140,0.25728,0.43486,0.71875,0.15625,0.11744,0.18947,0.22806,1.00000,0.36058,0.72323,0.60146
occlusion,1.00,combined_hard_shift,calibrated_tree_flow_proxy,1,32,0.76031,0.66948,0.89386,0.85978,0.27505,0.41569,0.53125,0.18750,0.11755,0.19040,0.23246,1.00000,0.36305,0.72068,0.45456
occlusion,1.00,combined_hard_shift,calibrated_tree_flow_proxy,2,32,0.74918,0.65843,0.88283,0.86474,0.29618,0.40707,0.65625,0.09375,0.12022,0.18793,0.23855,1.00000,0.35529,0.70912,0.57062
occlusion,1.00,combined_hard_shift,calibrated_tree_flow_proxy,3,32,0.77988,0.69974,0.89682,0.86679,0.24739,0.44388,0.65625,0.09375,0.11474,0.18566,0.22578,1.00000,0.36580,0.72896,0.58156
occlusion,1.00,combined_hard_shift,calibrated_tree_flow_proxy,4,32,0.74343,0.65178,0.87747,0.84118,0.28159,0.46572,0.56250,0.15625,0.11793,0.19124,0.23515,1.00000,0.36158,0.71421,0.48042
occlusion,1.00,combined_hard_shift,calibrated_tree_flow_proxy,5,32,0.74264,0.65578,0.88035,0.85123,0.30840,0.40585,0.46875,0.15625,0.12011,0.19085,0.24119,1.00000,0.36396,0.71030,0.41457
occlusion,1.00,combined_hard_shift,calibrated_tree_flow_proxy,6,32,0.77711,0.69360,0.90116,0.86528,0.25876,0.44871,0.81250,0.12500,0.11846,0.18785,0.22817,1.00000,0.36086,0.72503,0.67712
occlusion,1.00,combined_hard_shift,calibrated_tree_flow_proxy,7,32,0.74684,0.64528,0.90138,0.87632,0.30931,0.45339,0.53125,0.09375,0.12512,0.19851,0.24159,1.00000,0.34501,0.70572,0.47798
occlusion,1.00,combined_hard_shift,calibrated_tree_flow_proxy,8,32,0.78605,0.71639,0.89222,0.87081,0.24991,0.42057,0.75000,0.18750,0.11435,0.17880,0.22491,1.00000,0.37481,0.73190,0.61587
occlusion,1.00,combined_hard_shift,calibrated_tree_flow_proxy,9,32,0.78052,0.70802,0.89174,0.86140,0.25102,0.43959,0.62500,0.03125,0.11817,0.18660,0.22649,1.00000,0.36052,0.72410,0.58153
occlusion,1.00,combined_hard_shift,causal_scene_flow_model_v5,0,32,0.75909,0.67641,0.89147,0.87422,0.25828,0.66694,0.65625,0.15625,0.10898,0.17889,0.21921,1.00000,0.44839,0.76812,0.54574
occlusion,1.00,combined_hard_shift,causal_scene_flow_model_v5,1,32,0.75180,0.66658,0.89197,0.86464,0.26543,0.62450,0.56250,0.03125,0.11016,0.18086,0.22111,1.00000,0.46408,0.77484,0.52645
occlusion,1.00,combined_hard_shift,causal_scene_flow_model_v5,2,32,0.74428,0.65302,0.87965,0.85952,0.27543,0.71804,0.56250,0.09375,0.11064,0.17497,0.22375,1.00000,0.44720,0.76066,0.49423
occlusion,1.00,combined_hard_shift,causal_scene_flow_model_v5,3,32,0.76484,0.68507,0.89673,0.86963,0.25364,0.67872,0.62500,0.03125,0.10617,0.17750,0.21847,1.00000,0.46364,0.77844,0.57088
occlusion,1.00,combined_hard_shift,causal_scene_flow_model_v5,4,32,0.74016,0.63214,0.90598,0.88539,0.28451,0.64108,0.59375,0.03125,0.11148,0.18800,0.22656,1.00000,0.45789,0.77107,0.54272
occlusion,1.00,combined_hard_shift,causal_scene_flow_model_v5,5,32,0.73766,0.64890,0.89246,0.86770,0.27957,0.59403,0.56250,0.03125,0.11872,0.19044,0.22604,1.00000,0.45825,0.76882,0.52359
occlusion,1.00,combined_hard_shift,causal_scene_flow_model_v5,6,32,0.74111,0.64804,0.89212,0.85688,0.27346,0.60556,0.43750,0.12500,0.11486,0.18948,0.22443,1.00000,0.45780,0.76984,0.40306
occlusion,1.00,combined_hard_shift,causal_scene_flow_model_v5,7,32,0.74356,0.65578,0.88472,0.85470,0.27318,0.68289,0.53125,0.12500,0.11348,0.18379,0.22306,1.00000,0.43289,0.75503,0.46269
occlusion,1.00,combined_hard_shift,causal_scene_flow_model_v5,8,32,0.75598,0.66733,0.89846,0.87720,0.25898,0.57255,0.68750,0.06250,0.11214,0.18379,0.22001,1.00000,0.47956,0.78600,0.60860
occlusion,1.00,combined_hard_shift,causal_scene_flow_model_v5,9,32,0.74502,0.65135,0.89692,0.86423,0.26611,0.65863,0.62500,0.12500,0.11361,0.18529,0.22215,1.00000,0.45333,0.77038,0.53270
occlusion,1.00,combined_hard_shift,contrastive_action_flow,0,32,0.72924,0.72981,0.75120,0.64729,0.20467,0.33181,0.68750,0.12500,0.12032,0.16962,0.18466,1.00000,0.31762,0.67545,0.58951
occlusion,1.00,combined_hard_shift,contrastive_action_flow,1,32,0.71358,0.67729,0.77103,0.66587,0.24372,0.34488,0.68750,0.18750,0.12012,0.17001,0.19379,1.00000,0.31868,0.67256,0.55869
occlusion,1.00,combined_hard_shift,contrastive_action_flow,2,32,0.70409,0.67028,0.76198,0.67901,0.25974,0.32376,0.65625,0.15625,0.12355,0.16794,0.19875,1.00000,0.31033,0.66235,0.54467
occlusion,1.00,combined_hard_shift,contrastive_action_flow,3,32,0.74887,0.73632,0.78318,0.68097,0.19596,0.33826,0.75000,0.18750,0.11793,0.16563,0.18177,1.00000,0.32032,0.68708,0.61596
occlusion,1.00,combined_hard_shift,contrastive_action_flow,4,32,0.71311,0.68927,0.75515,0.64773,0.22417,0.37239,0.65625,0.21875,0.11976,0.17081,0.18989,1.00000,0.32015,0.67350,0.52630
occlusion,1.00,combined_hard_shift,contrastive_action_flow,5,32,0.71202,0.66741,0.78985,0.70288,0.27537,0.33701,0.62500,0.03125,0.12257,0.17083,0.20130,1.00000,0.32260,0.67253,0.56761
occlusion,1.00,combined_hard_shift,contrastive_action_flow,6,32,0.73141,0.70632,0.77761,0.69371,0.22167,0.37378,0.53125,0.09375,0.12119,0.16679,0.18795,1.00000,0.31743,0.67848,0.48754
occlusion,1.00,combined_hard_shift,contrastive_action_flow,7,32,0.70333,0.65326,0.77885,0.67723,0.26796,0.37930,0.59375,0.15625,0.12782,0.17870,0.20060,1.00000,0.30293,0.66108,0.49632
occlusion,1.00,combined_hard_shift,contrastive_action_flow,8,32,0.74721,0.73337,0.78520,0.71007,0.21340,0.35087,0.71875,0.15625,0.11694,0.15731,0.18425,1.00000,0.33391,0.69084,0.60267
occlusion,1.00,combined_hard_shift,contrastive_action_flow,9,32,0.73489,0.73802,0.75286,0.63389,0.19160,0.32223,0.71875,0.00000,0.12089,0.16567,0.18113,1.00000,0.31804,0.67897,0.65986
occlusion,1.00,combined_hard_shift,learned_correlation_classifier,0,32,0.75073,0.67444,0.87660,0.85465,0.30756,0.40785,0.50000,0.09375,0.12873,0.20095,0.21665,1.00000,0.32843,0.69104,0.45791
occlusion,1.00,combined_hard_shift,learned_correlation_classifier,1,32,0.72474,0.63241,0.86554,0.82090,0.31873,0.41193,0.65625,0.15625,0.12936,0.20207,0.22003,1.00000,0.32580,0.68434,0.53824
occlusion,1.00,combined_hard_shift,learned_correlation_classifier,2,32,0.72191,0.63161,0.86513,0.83316,0.33854,0.38687,0.53125,0.21875,0.13244,0.20012,0.22586,1.00000,0.31912,0.67640,0.42596
occlusion,1.00,combined_hard_shift,learned_correlation_classifier,3,32,0.75504,0.67559,0.87460,0.82821,0.27755,0.42396,0.53125,0.21875,0.12654,0.19700,0.20918,1.00000,0.32903,0.69743,0.43888
occlusion,1.00,combined_hard_shift,learned_correlation_classifier,4,32,0.72417,0.63600,0.86236,0.81706,0.31439,0.44748,0.56250,0.09375,0.12897,0.20172,0.21941,1.00000,0.32708,0.68513,0.49351
occlusion,1.00,combined_hard_shift,learned_correlation_classifier,5,32,0.71488,0.62639,0.86139,0.81741,0.35280,0.40112,0.56250,0.21875,0.13139,0.20167,0.22903,1.00000,0.32872,0.67728,0.44425
occlusion,1.00,combined_hard_shift,learned_correlation_classifier,6,32,0.74064,0.65820,0.87070,0.83692,0.30348,0.44357,0.62500,0.09375,0.12963,0.19778,0.21558,1.00000,0.32538,0.68881,0.54188
occlusion,1.00,combined_hard_shift,learned_correlation_classifier,7,32,0.70627,0.60046,0.88126,0.83334,0.37690,0.44261,0.71875,0.12500,0.13786,0.21088,0.23573,1.00000,0.31199,0.66844,0.57956
occlusion,1.00,combined_hard_shift,learned_correlation_classifier,8,32,0.76846,0.69513,0.88290,0.85803,0.27853,0.40785,0.65625,0.06250,0.12536,0.18866,0.20731,1.00000,0.33843,0.70426,0.58645
occlusion,1.00,combined_hard_shift,learned_correlation_classifier,9,32,0.75027,0.68001,0.86031,0.80594,0.28363,0.41854,0.62500,0.15625,0.12900,0.19657,0.21068,1.00000,0.32609,0.69085,0.52505
occlusion,1.00,combined_hard_shift,oracle_causal_mask,0,32,1.00000,1.00000,1.00000,1.00000,0.00000,0.00000,1.00000,0.06250,0.00001,0.00176,0.02386,1.00000,0.99400,1.00000,0.95750
occlusion,1.00,combined_hard_shift,oracle_causal_mask,1,32,1.00000,1.00000,1.00000,1.00000,0.00000,0.00000,1.00000,0.03125,0.00001,0.00180,0.02384,1.00000,0.99400,1.00000,0.96875
occlusion,1.00,combined_hard_shift,oracle_causal_mask,2,32,1.00000,1.00000,1.00000,1.00000,0.00000,0.00000,0.96875,0.03125,0.00001,0.00175,0.02399,1.00000,0.99400,1.00000,0.94687
occlusion,1.00,combined_hard_shift,oracle_causal_mask,3,32,1.00000,1.00000,1.00000,1.00000,0.00000,0.00000,1.00000,0.00000,0.00001,0.00176,0.02413,1.00000,0.99400,1.00000,0.98000
occlusion,1.00,combined_hard_shift,oracle_causal_mask,4,32,1.00000,1.00000,1.00000,1.00000,0.00000,0.00000,0.93750,0.00000,0.00001,0.00178,0.02398,1.00000,0.99400,1.00000,0.93625
occlusion,1.00,combined_hard_shift,oracle_causal_mask,5,32,1.00000,1.00000,1.00000,1.00000,0.00000,0.00000,0.96875,0.03125,0.00001,0.00176,0.02378,1.00000,0.99400,1.00000,0.94688
occlusion,1.00,combined_hard_shift,oracle_causal_mask,6,32,1.00000,1.00000,1.00000,1.00000,0.00000,0.00000,0.96875,0.00000,0.00001,0.00174,0.02386,1.00000,0.99400,1.00000,0.95813
occlusion,1.00,combined_hard_shift,oracle_causal_mask,7,32,1.00000,1.00000,1.00000,1.00000,0.00000,0.00000,0.96875,0.00000,0.00001,0.00176,0.02363,1.00000,0.99400,1.00000,0.95813
occlusion,1.00,combined_hard_shift,oracle_causal_mask,8,32,1.00000,1.00000,1.00000,1.00000,0.00000,0.00000,0.96875,0.00000,0.00001,0.00170,0.02386,1.00000,0.99400,1.00000,0.95813
occlusion,1.00,combined_hard_shift,oracle_causal_mask,9,32,1.00000,1.00000,1.00000,1.00000,0.00000,0.00000,0.96875,0.03125,0.00001,0.00173,0.02390,1.00000,0.99400,1.00000,0.94687
occlusion,1.00,combined_hard_shift,world_model_flow_predictor,0,32,0.75732,0.71907,0.82945,0.78472,0.20421,0.61375,0.68750,0.09375,0.11435,0.17499,0.20302,1.00000,0.37333,0.72486,0.59432
occlusion,1.00,combined_hard_shift,world_model_flow_predictor,1,32,0.75021,0.69640,0.85021,0.80295,0.22708,0.58684,0.75000,0.09375,0.11476,0.17854,0.20831,1.00000,0.38652,0.73209,0.63668
occlusion,1.00,combined_hard_shift,world_model_flow_predictor,2,32,0.75258,0.70342,0.82729,0.77357,0.21685,0.66346,0.53125,0.18750,0.11548,0.17090,0.20630,1.00000,0.36984,0.71971,0.44532
occlusion,1.00,combined_hard_shift,world_model_flow_predictor,3,32,0.76872,0.72159,0.85601,0.79977,0.21252,0.63425,0.53125,0.09375,0.11186,0.17407,0.20486,1.00000,0.38473,0.73587,0.48587
occlusion,1.00,combined_hard_shift,world_model_flow_predictor,4,32,0.75133,0.67836,0.85968,0.81381,0.23313,0.59561,0.43750,0.06250,0.11540,0.18357,0.21056,1.00000,0.38221,0.73098,0.42797
occlusion,1.00,combined_hard_shift,world_model_flow_predictor,5,32,0.74872,0.69232,0.85663,0.80524,0.24475,0.56839,0.56250,0.18750,0.12117,0.18576,0.21359,1.00000,0.38447,0.72880,0.47003
occlusion,1.00,combined_hard_shift,world_model_flow_predictor,6,32,0.75367,0.69456,0.85699,0.80083,0.22699,0.55695,0.68750,0.18750,0.11838,0.18433,0.20915,1.00000,0.38274,0.73191,0.56151
occlusion,1.00,combined_hard_shift,world_model_flow_predictor,7,32,0.75009,0.70569,0.83766,0.78488,0.21845,0.65042,0.62500,0.21875,0.11851,0.17839,0.20625,1.00000,0.35751,0.71564,0.49940
occlusion,1.00,combined_hard_shift,world_model_flow_predictor,8,32,0.75570,0.70230,0.85333,0.80218,0.22524,0.53111,0.59375,0.18750,0.11598,0.17998,0.20813,1.00000,0.40342,0.74209,0.49919
occlusion,1.00,combined_hard_shift,world_model_flow_predictor,9,32,0.76038,0.70325,0.85685,0.80244,0.21318,0.61482,0.68750,0.03125,0.11752,0.18021,0.20541,1.00000,0.37923,0.73308,0.61716
occlusion,1.25,combined_hard_shift,action_direction_projection,0,32,0.51334,0.39477,0.77956,0.69386,0.52524,0.49348,0.46875,0.21875,0.23460,0.28900,0.30061,1.00000,0.23481,0.56923,0.30718
occlusion,1.25,combined_hard_shift,action_direction_projection,1,32,0.53102,0.42295,0.76632,0.68192,0.46839,0.56261,0.40625,0.03125,0.22219,0.26748,0.28340,1.00000,0.23118,0.57641,0.33730
occlusion,1.25,combined_hard_shift,action_direction_projection,2,32,0.54179,0.43871,0.77665,0.69886,0.44020,0.53457,0.50000,0.18750,0.21074,0.26182,0.27371,1.00000,0.25597,0.59819,0.35607
occlusion,1.25,combined_hard_shift,action_direction_projection,3,32,0.48225,0.36444,0.75928,0.66844,0.53366,0.52973,0.43750,0.18750,0.24720,0.29293,0.30503,1.00000,0.20160,0.54484,0.28547
occlusion,1.25,combined_hard_shift,action_direction_projection,4,32,0.53163,0.42045,0.76474,0.66725,0.44883,0.49113,0.37500,0.15625,0.22215,0.26487,0.27759,1.00000,0.24275,0.58632,0.27834
occlusion,1.25,combined_hard_shift,action_direction_projection,5,32,0.52417,0.41013,0.79846,0.70221,0.50921,0.50572,0.37500,0.12500,0.23387,0.29025,0.29565,1.00000,0.24089,0.58083,0.27962
occlusion,1.25,combined_hard_shift,action_direction_projection,6,32,0.48604,0.36518,0.78102,0.68368,0.58848,0.54424,0.34375,0.31250,0.24483,0.30325,0.31971,1.00000,0.22221,0.54915,0.16852
occlusion,1.25,combined_hard_shift,action_direction_projection,7,32,0.51426,0.40385,0.76161,0.65110,0.48312,0.52213,0.37500,0.21875,0.23306,0.27868,0.28946,1.00000,0.22483,0.56865,0.24497
occlusion,1.25,combined_hard_shift,action_direction_projection,8,32,0.49130,0.37655,0.76667,0.66842,0.57160,0.49552,0.50000,0.31250,0.24855,0.30273,0.31626,1.00000,0.20639,0.54091,0.28269
occlusion,1.25,combined_hard_shift,action_direction_projection,9,32,0.49744,0.38040,0.76497,0.66344,0.53034,0.55802,0.34375,0.21875,0.23359,0.29089,0.30255,1.00000,0.22704,0.56028,0.21158
occlusion,1.25,combined_hard_shift,calibrated_tree_flow_proxy,0,32,0.74153,0.64892,0.88636,0.87678,0.31414,0.46858,0.62500,0.18750,0.12387,0.19176,0.24759,1.00000,0.34423,0.70034,0.50687
occlusion,1.25,combined_hard_shift,calibrated_tree_flow_proxy,1,32,0.78392,0.71517,0.88314,0.86996,0.22949,0.50011,0.56250,0.15625,0.11861,0.18124,0.22579,1.00000,0.34640,0.71926,0.49169
occlusion,1.25,combined_hard_shift,calibrated_tree_flow_proxy,2,32,0.79448,0.73193,0.88384,0.86680,0.22129,0.49168,0.59375,0.09375,0.11462,0.17693,0.22264,1.00000,0.35614,0.72631,0.54009
occlusion,1.25,combined_hard_shift,calibrated_tree_flow_proxy,3,32,0.75314,0.67269,0.87202,0.85671,0.27074,0.46924,0.59375,0.12500,0.12489,0.18690,0.23681,1.00000,0.33062,0.69909,0.51438
occlusion,1.25,combined_hard_shift,calibrated_tree_flow_proxy,4,32,0.75843,0.66531,0.89681,0.87483,0.28738,0.48427,0.53125,0.15625,0.12294,0.18653,0.24015,1.00000,0.34532,0.70951,0.45857
occlusion,1.25,combined_hard_shift,calibrated_tree_flow_proxy,5,32,0.74671,0.64426,0.90755,0.88687,0.30744,0.50039,0.53125,0.15625,0.12225,0.19271,0.24507,1.00000,0.34713,0.70883,0.45324
occlusion,1.25,combined_hard_shift,calibrated_tree_flow_proxy,6,32,0.75497,0.67516,0.87725,0.86018,0.28368,0.47817,0.81250,0.12500,0.12047,0.18941,0.23997,1.00000,0.33957,0.70225,0.66609
occlusion,1.25,combined_hard_shift,calibrated_tree_flow_proxy,7,32,0.78272,0.71360,0.88697,0.86240,0.24857,0.48310,0.62500,0.09375,0.12040,0.18421,0.23072,1.00000,0.34247,0.71401,0.55585
occlusion,1.25,combined_hard_shift,calibrated_tree_flow_proxy,8,32,0.74052,0.65502,0.87778,0.85885,0.31157,0.45292,0.65625,0.15625,0.12560,0.18930,0.24750,1.00000,0.33395,0.69334,0.54024
occlusion,1.25,combined_hard_shift,calibrated_tree_flow_proxy,9,32,0.78473,0.70250,0.90631,0.88475,0.25314,0.50552,0.53125,0.03125,0.11674,0.18691,0.23081,1.00000,0.35597,0.72505,0.51248
occlusion,1.25,combined_hard_shift,causal_scene_flow_model_v5,0,32,0.72619,0.62256,0.89274,0.87533,0.31222,0.67183,0.62500,0.15625,0.12209,0.19258,0.23884,1.00000,0.43630,0.75030,0.50970
occlusion,1.25,combined_hard_shift,causal_scene_flow_model_v5,1,32,0.75174,0.65981,0.89932,0.88455,0.25158,0.66569,0.37500,0.03125,0.11359,0.18389,0.22330,1.00000,0.44701,0.77092,0.39391
occlusion,1.25,combined_hard_shift,causal_scene_flow_model_v5,2,32,0.76660,0.67440,0.90287,0.89275,0.25699,0.61383,0.62500,0.12500,0.10769,0.17954,0.22317,1.00000,0.46138,0.77812,0.54086
occlusion,1.25,combined_hard_shift,causal_scene_flow_model_v5,3,32,0.73927,0.66362,0.86384,0.85047,0.24260,0.75746,0.46875,0.06250,0.11814,0.17805,0.22127,1.00000,0.41912,0.74917,0.43925
occlusion,1.25,combined_hard_shift,causal_scene_flow_model_v5,4,32,0.72785,0.62148,0.90532,0.88315,0.28776,0.61717,0.62500,0.03125,0.12744,0.20081,0.23422,1.00000,0.44606,0.76403,0.56283
occlusion,1.25,combined_hard_shift,causal_scene_flow_model_v5,5,32,0.72964,0.63282,0.88766,0.86305,0.29347,0.69962,0.50000,0.06250,0.11748,0.19077,0.23373,1.00000,0.44479,0.75752,0.45795
occlusion,1.25,combined_hard_shift,causal_scene_flow_model_v5,6,32,0.74188,0.66300,0.86805,0.84896,0.25868,0.69376,0.46875,0.15625,0.11019,0.17532,0.22418,1.00000,0.42910,0.75192,0.40814
occlusion,1.25,combined_hard_shift,causal_scene_flow_model_v5,7,32,0.75885,0.67480,0.89547,0.87997,0.24935,0.64939,0.56250,0.12500,0.11426,0.18453,0.22286,1.00000,0.43760,0.76552,0.49314
occlusion,1.25,combined_hard_shift,causal_scene_flow_model_v5,8,32,0.73150,0.64747,0.86562,0.83929,0.28527,0.70106,0.65625,0.03125,0.11833,0.17829,0.23175,1.00000,0.41939,0.74039,0.57771
occlusion,1.25,combined_hard_shift,causal_scene_flow_model_v5,9,32,0.75652,0.65547,0.91347,0.89432,0.27570,0.73975,0.56250,0.09375,0.10835,0.17966,0.22713,1.00000,0.45693,0.77446,0.49651
occlusion,1.25,combined_hard_shift,contrastive_action_flow,0,32,0.66470,0.64830,0.70793,0.62912,0.27091,0.35303,0.53125,0.18750,0.12640,0.16674,0.20735,1.00000,0.29481,0.63776,0.43357
occlusion,1.25,combined_hard_shift,contrastive_action_flow,1,32,0.71534,0.74544,0.71248,0.63266,0.18093,0.37631,0.59375,0.15625,0.12118,0.15457,0.18348,1.00000,0.29776,0.66028,0.50877
occlusion,1.25,combined_hard_shift,contrastive_action_flow,2,32,0.73561,0.75768,0.73368,0.66302,0.17488,0.39204,0.62500,0.18750,0.11700,0.14992,0.18016,1.00000,0.30712,0.67199,0.52383
occlusion,1.25,combined_hard_shift,contrastive_action_flow,3,32,0.69638,0.70155,0.71446,0.63989,0.21437,0.36560,0.62500,0.18750,0.12749,0.16055,0.19236,1.00000,0.28160,0.64503,0.51116
occlusion,1.25,combined_hard_shift,contrastive_action_flow,4,32,0.69810,0.68130,0.73518,0.65681,0.23817,0.38521,0.62500,0.15625,0.12589,0.15974,0.19764,1.00000,0.29305,0.65113,0.51939
occlusion,1.25,combined_hard_shift,contrastive_action_flow,5,32,0.68607,0.65301,0.74457,0.66905,0.25720,0.40633,0.53125,0.06250,0.12396,0.16723,0.20242,1.00000,0.29916,0.65257,0.48221
occlusion,1.25,combined_hard_shift,contrastive_action_flow,6,32,0.69896,0.72046,0.70766,0.61668,0.21535,0.35562,0.43750,0.09375,0.12364,0.16545,0.19323,1.00000,0.29037,0.64761,0.41487
occlusion,1.25,combined_hard_shift,contrastive_action_flow,7,32,0.70841,0.73193,0.71071,0.61330,0.19745,0.37458,0.65625,0.15625,0.12351,0.15803,0.18811,1.00000,0.29241,0.65340,0.54871
occlusion,1.25,combined_hard_shift,contrastive_action_flow,8,32,0.67589,0.65639,0.72658,0.64155,0.27659,0.36653,0.62500,0.28125,0.12936,0.16488,0.20868,1.00000,0.28269,0.63506,0.46542
occlusion,1.25,combined_hard_shift,contrastive_action_flow,9,32,0.71592,0.74257,0.71676,0.61835,0.18716,0.37077,0.59375,0.00000,0.11894,0.16141,0.18484,1.00000,0.30661,0.66462,0.56522
occlusion,1.25,combined_hard_shift,learned_correlation_classifier,0,32,0.72141,0.64037,0.85669,0.83463,0.33626,0.42148,0.46875,0.12500,0.13432,0.19964,0.22977,1.00000,0.30747,0.66865,0.41315
occlusion,1.25,combined_hard_shift,learned_correlation_classifier,1,32,0.75720,0.69302,0.85526,0.83631,0.25566,0.47546,0.68750,0.12500,0.12959,0.18840,0.20776,1.00000,0.30701,0.68577,0.58049
occlusion,1.25,combined_hard_shift,learned_correlation_classifier,2,32,0.77304,0.72045,0.85525,0.82975,0.23497,0.46464,0.59375,0.21875,0.12493,0.18339,0.20112,1.00000,0.31692,0.69547,0.48794
occlusion,1.25,combined_hard_shift,learned_correlation_classifier,3,32,0.72103,0.64836,0.83785,0.81282,0.30728,0.44946,0.53125,0.21875,0.13632,0.19544,0.22251,1.00000,0.29297,0.66258,0.42416
occlusion,1.25,combined_hard_shift,learned_correlation_classifier,4,32,0.72795,0.64733,0.85168,0.81939,0.31211,0.45710,0.53125,0.21875,0.13347,0.19263,0.22292,1.00000,0.30463,0.67118,0.42526
occlusion,1.25,combined_hard_shift,learned_correlation_classifier,5,32,0.72655,0.63289,0.88279,0.84933,0.33016,0.46411,0.65625,0.15625,0.13338,0.20095,0.22714,1.00000,0.30912,0.67763,0.53322
occlusion,1.25,combined_hard_shift,learned_correlation_classifier,6,32,0.73356,0.65629,0.85958,0.82992,0.31738,0.45600,0.56250,0.15625,0.13287,0.20044,0.22489,1.00000,0.30346,0.67147,0.47000
occlusion,1.25,combined_hard_shift,learned_correlation_classifier,7,32,0.74652,0.68375,0.85425,0.81815,0.29386,0.46606,0.71875,0.09375,0.13201,0.19192,0.21821,1.00000,0.30420,0.67564,0.60667
occlusion,1.25,combined_hard_shift,learned_correlation_classifier,8,32,0.70287,0.62198,0.84709,0.81513,0.36841,0.42952,0.59375,0.12500,0.13744,0.19921,0.23911,1.00000,0.29709,0.65368,0.49155
occlusion,1.25,combined_hard_shift,learned_correlation_classifier,9,32,0.75552,0.69046,0.85726,0.81937,0.26642,0.46694,0.71875,0.21875,0.12809,0.19552,0.21053,1.00000,0.31606,0.68863,0.56791
occlusion,1.25,combined_hard_shift,oracle_causal_mask,0,32,1.00000,1.00000,1.00000,1.00000,0.00000,0.00000,1.00000,0.06250,0.00001,0.00178,0.02503,1.00000,0.99400,1.00000,0.95750
occlusion,1.25,combined_hard_shift,oracle_causal_mask,1,32,1.00000,1.00000,1.00000,1.00000,0.00000,0.00000,1.00000,0.03125,0.00001,0.00174,0.02520,1.00000,0.99400,1.00000,0.96875
occlusion,1.25,combined_hard_shift,oracle_causal_mask,2,32,1.00000,1.00000,1.00000,1.00000,0.00000,0.00000,0.96875,0.03125,0.00001,0.00173,0.02511,1.00000,0.99400,1.00000,0.94687
occlusion,1.25,combined_hard_shift,oracle_causal_mask,3,32,1.00000,1.00000,1.00000,1.00000,0.00000,0.00000,1.00000,0.00000,0.00001,0.00173,0.02499,1.00000,0.99400,1.00000,0.98000
occlusion,1.25,combined_hard_shift,oracle_causal_mask,4,32,1.00000,1.00000,1.00000,1.00000,0.00000,0.00000,0.93750,0.00000,0.00001,0.00174,0.02505,1.00000,0.99400,1.00000,0.93625
occlusion,1.25,combined_hard_shift,oracle_causal_mask,5,32,1.00000,1.00000,1.00000,1.00000,0.00000,0.00000,0.96875,0.03125,0.00001,0.00179,0.02497,1.00000,0.99400,1.00000,0.94688
occlusion,1.25,combined_hard_shift,oracle_causal_mask,6,32,1.00000,1.00000,1.00000,1.00000,0.00000,0.00000,0.96875,0.00000,0.00001,0.00179,0.02509,1.00000,0.99400,1.00000,0.95813
occlusion,1.25,combined_hard_shift,oracle_causal_mask,7,32,1.00000,1.00000,1.00000,1.00000,0.00000,0.00000,0.96875,0.00000,0.00001,0.00174,0.02516,1.00000,0.99400,1.00000,0.95813
occlusion,1.25,combined_hard_shift,oracle_causal_mask,8,32,1.00000,1.00000,1.00000,1.00000,0.00000,0.00000,0.96875,0.00000,0.00001,0.00176,0.02514,1.00000,0.99400,1.00000,0.95813
occlusion,1.25,combined_hard_shift,oracle_causal_mask,9,32,1.00000,1.00000,1.00000,1.00000,0.00000,0.00000,0.96875,0.03125,0.00001,0.00178,0.02504,1.00000,0.99400,1.00000,0.94687
occlusion,1.25,combined_hard_shift,world_model_flow_predictor,0,32,0.72572,0.65494,0.84221,0.81158,0.26440,0.63564,0.62500,0.12500,0.12479,0.18701,0.22391,1.00000,0.36218,0.70914,0.52385
occlusion,1.25,combined_hard_shift,world_model_flow_predictor,1,32,0.76252,0.70373,0.85791,0.82715,0.20808,0.61852,0.78125,0.09375,0.11831,0.17868,0.20889,1.00000,0.36916,0.72924,0.66056
occlusion,1.25,combined_hard_shift,world_model_flow_predictor,2,32,0.77170,0.71218,0.85844,0.83221,0.21092,0.58005,0.59375,0.18750,0.11304,0.17473,0.20837,1.00000,0.38170,0.73527,0.49971
occlusion,1.25,combined_hard_shift,world_model_flow_predictor,3,32,0.73644,0.71453,0.79525,0.75107,0.19244,0.70885,0.50000,0.12500,0.12267,0.17193,0.20591,1.00000,0.34372,0.70316,0.44159
occlusion,1.25,combined_hard_shift,world_model_flow_predictor,4,32,0.74469,0.67372,0.86853,0.82774,0.24513,0.58753,0.40625,0.06250,0.12925,0.19398,0.21972,1.00000,0.37135,0.72499,0.40336
occlusion,1.25,combined_hard_shift,world_model_flow_predictor,5,32,0.73377,0.67554,0.83850,0.79874,0.24403,0.66434,0.59375,0.18750,0.12071,0.18627,0.21839,1.00000,0.36888,0.71614,0.48232
occlusion,1.25,combined_hard_shift,world_model_flow_predictor,6,32,0.75416,0.72649,0.81581,0.77491,0.19699,0.64702,0.65625,0.18750,0.11587,0.17198,0.20609,1.00000,0.35381,0.71275,0.53561
occlusion,1.25,combined_hard_shift,world_model_flow_predictor,7,32,0.76389,0.72298,0.84487,0.81129,0.20373,0.61075,0.59375,0.21875,0.11917,0.17850,0.20812,1.00000,0.36107,0.72260,0.48472
occlusion,1.25,combined_hard_shift,world_model_flow_predictor,8,32,0.72858,0.69455,0.80399,0.75438,0.23335,0.66416,0.53125,0.28125,0.12223,0.17325,0.21616,1.00000,0.34537,0.69729,0.40302
occlusion,1.25,combined_hard_shift,world_model_flow_predictor,9,32,0.75445,0.70008,0.84639,0.80377,0.22351,0.69357,0.65625,0.06250,0.11351,0.17565,0.21164,1.00000,0.37749,0.72718,0.57641
occlusion,1.50,combined_hard_shift,action_direction_projection,0,32,0.45810,0.34790,0.71460,0.64044,0.52733,0.52195,0.43750,0.28125,0.25539,0.29289,0.31066,1.00000,0.17461,0.52058,0.24617
occlusion,1.50,combined_hard_shift,action_direction_projection,1,32,0.44109,0.32191,0.74233,0.67576,0.58440,0.57592,0.25000,0.12500,0.26389,0.30402,0.32616,1.00000,0.15090,0.50291,0.15624
occlusion,1.50,combined_hard_shift,action_direction_projection,2,32,0.47961,0.37000,0.73341,0.66462,0.54938,0.58921,0.34375,0.21875,0.23895,0.27539,0.31245,1.00000,0.19249,0.52991,0.20092
occlusion,1.50,combined_hard_shift,action_direction_projection,3,32,0.49657,0.40559,0.71840,0.65384,0.40816,0.56278,0.46875,0.21875,0.21334,0.25580,0.27208,1.00000,0.22090,0.57186,0.31470
occlusion,1.50,combined_hard_shift,action_direction_projection,4,32,0.48369,0.38285,0.72327,0.64440,0.47448,0.57008,0.34375,0.18750,0.22965,0.27265,0.29226,1.00000,0.20068,0.54802,0.22514
occlusion,1.50,combined_hard_shift,action_direction_projection,5,32,0.47762,0.36238,0.73833,0.67922,0.51086,0.57081,0.31250,0.21875,0.23643,0.28134,0.30323,1.00000,0.18859,0.53765,0.18538
occlusion,1.50,combined_hard_shift,action_direction_projection,6,32,0.45605,0.34302,0.73665,0.67180,0.54516,0.56866,0.25000,0.31250,0.24590,0.28717,0.31268,1.00000,0.18649,0.52857,0.09936
occlusion,1.50,combined_hard_shift,action_direction_projection,7,32,0.51123,0.40843,0.72483,0.66390,0.43151,0.60571,0.50000,0.25000,0.21549,0.25465,0.27799,1.00000,0.21946,0.56765,0.32179
occlusion,1.50,combined_hard_shift,action_direction_projection,8,32,0.47374,0.36280,0.74793,0.68681,0.55950,0.56061,0.40625,0.21875,0.24380,0.28697,0.31645,1.00000,0.18043,0.52519,0.24367
occlusion,1.50,combined_hard_shift,action_direction_projection,9,32,0.47334,0.35824,0.73417,0.66872,0.52011,0.53975,0.34375,0.21875,0.24614,0.28601,0.30636,1.00000,0.19131,0.53594,0.20712
occlusion,1.50,combined_hard_shift,calibrated_tree_flow_proxy,0,32,0.73687,0.65736,0.86770,0.85505,0.29232,0.49734,0.56250,0.18750,0.12489,0.18796,0.24722,1.00000,0.32745,0.69156,0.46222
occlusion,1.50,combined_hard_shift,calibrated_tree_flow_proxy,1,32,0.74408,0.65780,0.87715,0.85820,0.28549,0.53720,0.56250,0.21875,0.12986,0.19316,0.24586,1.00000,0.30878,0.68582,0.44986
occlusion,1.50,combined_hard_shift,calibrated_tree_flow_proxy,2,32,0.75278,0.67124,0.87578,0.85991,0.27245,0.54133,0.62500,0.15625,0.12290,0.18026,0.24118,1.00000,0.33203,0.70042,0.52057
occlusion,1.50,combined_hard_shift,calibrated_tree_flow_proxy,3,32,0.77543,0.70634,0.87290,0.87104,0.21852,0.55681,0.59375,0.09375,0.11603,0.17775,0.22749,1.00000,0.34331,0.71740,0.53240
occlusion,1.50,combined_hard_shift,calibrated_tree_flow_proxy,4,32,0.77633,0.70653,0.87844,0.85270,0.23135,0.54388,0.68750,0.12500,0.11828,0.18170,0.23085,1.00000,0.33196,0.71012,0.58528
occlusion,1.50,combined_hard_shift,calibrated_tree_flow_proxy,5,32,0.75881,0.67949,0.87634,0.86263,0.26529,0.52021,0.50000,0.15625,0.12259,0.18287,0.24028,1.00000,0.32869,0.70040,0.43616
occlusion,1.50,combined_hard_shift,calibrated_tree_flow_proxy,6,32,0.74314,0.65626,0.87078,0.84670,0.26685,0.51622,0.84375,0.12500,0.12213,0.18481,0.23989,1.00000,0.33174,0.70020,0.68556
occlusion,1.50,combined_hard_shift,calibrated_tree_flow_proxy,7,32,0.77737,0.71495,0.86470,0.85023,0.22071,0.58022,0.56250,0.09375,0.11559,0.17290,0.22769,1.00000,0.34273,0.71449,0.50882
occlusion,1.50,combined_hard_shift,calibrated_tree_flow_proxy,8,32,0.74574,0.65755,0.87568,0.86473,0.28485,0.55495,0.65625,0.21875,0.12349,0.18483,0.24496,1.00000,0.32910,0.69614,0.51600
occlusion,1.50,combined_hard_shift,calibrated_tree_flow_proxy,9,32,0.73687,0.65880,0.85568,0.83999,0.28469,0.49620,0.46875,0.03125,0.12457,0.18716,0.24543,1.00000,0.32876,0.69080,0.45374
occlusion,1.50,combined_hard_shift,causal_scene_flow_model_v5,0,32,0.72655,0.62944,0.87982,0.87275,0.26903,0.74304,0.68750,0.15625,0.11756,0.18290,0.23226,1.00000,0.42306,0.74956,0.55433
occlusion,1.50,combined_hard_shift,causal_scene_flow_model_v5,1,32,0.72864,0.64222,0.87072,0.85172,0.27067,0.78198,0.34375,0.00000,0.12212,0.18449,0.23307,1.00000,0.39409,0.73177,0.36562
occlusion,1.50,combined_hard_shift,causal_scene_flow_model_v5,2,32,0.75125,0.66179,0.89874,0.88300,0.25920,0.67844,0.62500,0.09375,0.12082,0.18349,0.22993,1.00000,0.43169,0.76113,0.54347
occlusion,1.50,combined_hard_shift,causal_scene_flow_model_v5,3,32,0.73756,0.63836,0.89458,0.89165,0.24961,0.69877,0.50000,0.03125,0.11473,0.18632,0.22794,1.00000,0.45112,0.77226,0.47755
occlusion,1.50,combined_hard_shift,causal_scene_flow_model_v5,4,32,0.74797,0.66038,0.89091,0.87706,0.25615,0.71008,0.68750,0.03125,0.11321,0.18022,0.22853,1.00000,0.42827,0.75798,0.60729
occlusion,1.50,combined_hard_shift,causal_scene_flow_model_v5,5,32,0.74343,0.64962,0.88664,0.87706,0.26387,0.71718,0.56250,0.06250,0.11770,0.18434,0.23175,1.00000,0.42311,0.75249,0.50580
occlusion,1.50,combined_hard_shift,causal_scene_flow_model_v5,6,32,0.71963,0.61814,0.88692,0.86760,0.26976,0.72818,0.43750,0.12500,0.12001,0.18488,0.23233,1.00000,0.42904,0.75435,0.39085
occlusion,1.50,combined_hard_shift,causal_scene_flow_model_v5,7,32,0.74598,0.66047,0.88440,0.87011,0.24152,0.71962,0.53125,0.12500,0.11047,0.17696,0.22487,1.00000,0.44706,0.76928,0.46639
occlusion,1.50,combined_hard_shift,causal_scene_flow_model_v5,8,32,0.73886,0.63908,0.89804,0.88660,0.28516,0.74934,0.62500,0.00000,0.11774,0.18327,0.23591,1.00000,0.42432,0.75140,0.56671
occlusion,1.50,combined_hard_shift,causal_scene_flow_model_v5,9,32,0.72896,0.63498,0.87930,0.86663,0.27451,0.71745,0.62500,0.09375,0.12027,0.18543,0.23394,1.00000,0.42443,0.74893,0.53427
occlusion,1.50,combined_hard_shift,contrastive_action_flow,0,32,0.64958,0.65400,0.67594,0.62215,0.25520,0.41138,0.46875,0.18750,0.12772,0.15917,0.20854,1.00000,0.27340,0.62177,0.38386
occlusion,1.50,combined_hard_shift,contrastive_action_flow,1,32,0.63664,0.64797,0.65098,0.58389,0.23872,0.40763,0.53125,0.21875,0.13250,0.16321,0.20562,1.00000,0.25276,0.60817,0.41486
occlusion,1.50,combined_hard_shift,contrastive_action_flow,2,32,0.67566,0.69301,0.68956,0.62510,0.21491,0.42196,0.62500,0.15625,0.12554,0.14990,0.19694,1.00000,0.27807,0.63660,0.51464
occlusion,1.50,combined_hard_shift,contrastive_action_flow,3,32,0.70829,0.73928,0.69718,0.65653,0.16188,0.44647,0.65625,0.15625,0.11760,0.14679,0.18278,1.00000,0.29007,0.65649,0.54902
occlusion,1.50,combined_hard_shift,contrastive_action_flow,4,32,0.68887,0.72355,0.67845,0.60272,0.17775,0.44105,0.62500,0.12500,0.12104,0.15162,0.18788,1.00000,0.27631,0.64098,0.53184
occlusion,1.50,combined_hard_shift,contrastive_action_flow,5,32,0.67596,0.68982,0.68325,0.62484,0.21167,0.42640,0.53125,0.03125,0.12485,0.15288,0.19720,1.00000,0.27570,0.63444,0.49393
occlusion,1.50,combined_hard_shift,contrastive_action_flow,6,32,0.66429,0.66314,0.68325,0.61134,0.21048,0.41363,0.50000,0.09375,0.12423,0.15519,0.19599,1.00000,0.27778,0.63578,0.44876
occlusion,1.50,combined_hard_shift,contrastive_action_flow,7,32,0.71925,0.75728,0.69893,0.64489,0.15758,0.45611,0.65625,0.09375,0.11794,0.14196,0.18114,1.00000,0.28937,0.65753,0.57333
occlusion,1.50,combined_hard_shift,contrastive_action_flow,8,32,0.65568,0.66286,0.67411,0.61998,0.23586,0.45397,0.62500,0.28125,0.12655,0.15460,0.20343,1.00000,0.27190,0.62477,0.46059
occlusion,1.50,combined_hard_shift,contrastive_action_flow,9,32,0.66596,0.66071,0.69321,0.63146,0.24462,0.41215,0.56250,0.03125,0.12689,0.15774,0.20499,1.00000,0.27540,0.62963,0.51053
occlusion,1.50,combined_hard_shift,learned_correlation_classifier,0,32,0.69590,0.62695,0.82039,0.79470,0.33382,0.47551,0.34375,0.06250,0.13742,0.19611,0.23517,1.00000,0.28501,0.64806,0.33865
occlusion,1.50,combined_hard_shift,learned_correlation_classifier,1,32,0.71176,0.63350,0.84024,0.81307,0.31555,0.49523,0.59375,0.12500,0.14080,0.19922,0.22996,1.00000,0.26943,0.64915,0.49482
occlusion,1.50,combined_hard_shift,learned_correlation_classifier,2,32,0.72487,0.65350,0.83850,0.81319,0.29195,0.51600,0.50000,0.21875,0.13393,0.18648,0.22238,1.00000,0.29016,0.66467,0.40100
occlusion,1.50,combined_hard_shift,learned_correlation_classifier,3,32,0.75942,0.70351,0.84164,0.83458,0.21887,0.52868,0.50000,0.18750,0.12576,0.18269,0.20250,1.00000,0.30115,0.68727,0.42849
occlusion,1.50,combined_hard_shift,learned_correlation_classifier,4,32,0.73895,0.67535,0.84251,0.80359,0.27150,0.52477,0.59375,0.12500,0.12940,0.18816,0.21684,1.00000,0.29049,0.67038,0.50524
occlusion,1.50,combined_hard_shift,learned_correlation_classifier,5,32,0.73649,0.66326,0.85115,0.83042,0.28845,0.49851,0.65625,0.21875,0.13283,0.18798,0.22174,1.00000,0.28875,0.66799,0.51410
occlusion,1.50,combined_hard_shift,learned_correlation_classifier,6,32,0.70925,0.63342,0.82737,0.79490,0.28773,0.47749,0.59375,0.09375,0.13281,0.19139,0.22161,1.00000,0.29049,0.66287,0.51172
occlusion,1.50,combined_hard_shift,learned_correlation_classifier,7,32,0.75565,0.70553,0.83137,0.80987,0.23223,0.54775,0.71875,0.12500,0.12598,0.17868,0.20589,1.00000,0.30150,0.68185,0.60012
occlusion,1.50,combined_hard_shift,learned_correlation_classifier,8,32,0.71784,0.64155,0.83894,0.82008,0.30634,0.52404,0.53125,0.09375,0.13454,0.19041,0.22678,1.00000,0.28663,0.65978,0.46395
occlusion,1.50,combined_hard_shift,learned_correlation_classifier,9,32,0.70952,0.63522,0.82834,0.80419,0.31674,0.47296,0.56250,0.18750,0.13626,0.19437,0.23001,1.00000,0.28716,0.65501,0.45199
occlusion,1.50,combined_hard_shift,oracle_causal_mask,0,32,1.00000,1.00000,1.00000,1.00000,0.00000,0.00000,1.00000,0.06250,0.00001,0.00179,0.02630,1.00000,0.99400,1.00000,0.95750
occlusion,1.50,combined_hard_shift,oracle_causal_mask,1,32,1.00000,1.00000,1.00000,1.00000,0.00000,0.00000,1.00000,0.03125,0.00001,0.00179,0.02617,1.00000,0.99400,1.00000,0.96875
occlusion,1.50,combined_hard_shift,oracle_causal_mask,2,32,1.00000,1.00000,1.00000,1.00000,0.00000,0.00000,0.96875,0.03125,0.00001,0.00174,0.02631,1.00000,0.99400,1.00000,0.94687
occlusion,1.50,combined_hard_shift,oracle_causal_mask,3,32,1.00000,1.00000,1.00000,1.00000,0.00000,0.00000,1.00000,0.00000,0.00001,0.00179,0.02646,1.00000,0.99400,1.00000,0.98000
occlusion,1.50,combined_hard_shift,oracle_causal_mask,4,32,1.00000,1.00000,1.00000,1.00000,0.00000,0.00000,0.93750,0.00000,0.00001,0.00180,0.02638,1.00000,0.99400,1.00000,0.93625
occlusion,1.50,combined_hard_shift,oracle_causal_mask,5,32,1.00000,1.00000,1.00000,1.00000,0.00000,0.00000,0.96875,0.03125,0.00001,0.00176,0.02651,1.00000,0.99400,1.00000,0.94688
occlusion,1.50,combined_hard_shift,oracle_causal_mask,6,32,1.00000,1.00000,1.00000,1.00000,0.00000,0.00000,0.96875,0.00000,0.00001,0.00179,0.02619,1.00000,0.99400,1.00000,0.95813
occlusion,1.50,combined_hard_shift,oracle_causal_mask,7,32,1.00000,1.00000,1.00000,1.00000,0.00000,0.00000,0.96875,0.00000,0.00001,0.00174,0.02644,1.00000,0.99400,1.00000,0.95813
occlusion,1.50,combined_hard_shift,oracle_causal_mask,8,32,1.00000,1.00000,1.00000,1.00000,0.00000,0.00000,0.96875,0.00000,0.00001,0.00176,0.02638,1.00000,0.99400,1.00000,0.95813
occlusion,1.50,combined_hard_shift,oracle_causal_mask,9,32,1.00000,1.00000,1.00000,1.00000,0.00000,0.00000,0.96875,0.03125,0.00001,0.00177,0.02626,1.00000,0.99400,1.00000,0.94687
occlusion,1.50,combined_hard_shift,world_model_flow_predictor,0,32,0.73475,0.67944,0.82869,0.80781,0.21628,0.71286,0.62500,0.09375,0.12160,0.17823,0.21613,1.00000,0.34589,0.70774,0.53751
occlusion,1.50,combined_hard_shift,world_model_flow_predictor,1,32,0.71366,0.68116,0.78663,0.74840,0.22564,0.73166,0.71875,0.09375,0.12612,0.17763,0.21953,1.00000,0.31861,0.68056,0.59425
occlusion,1.50,combined_hard_shift,world_model_flow_predictor,2,32,0.75109,0.69861,0.84859,0.81999,0.22162,0.65807,0.53125,0.18750,0.12477,0.17858,0.21728,1.00000,0.35473,0.71634,0.44443
occlusion,1.50,combined_hard_shift,world_model_flow_predictor,3,32,0.74706,0.67750,0.85802,0.84472,0.21483,0.67074,0.43750,0.09375,0.11864,0.18201,0.21558,1.00000,0.37197,0.72925,0.41352
occlusion,1.50,combined_hard_shift,world_model_flow_predictor,4,32,0.74723,0.69591,0.83524,0.81205,0.21604,0.67098,0.50000,0.06250,0.11833,0.17624,0.21562,1.00000,0.35010,0.71169,0.46628
occlusion,1.50,combined_hard_shift,world_model_flow_predictor,5,32,0.75132,0.69607,0.83786,0.81728,0.21691,0.68232,0.68750,0.18750,0.12185,0.17774,0.21671,1.00000,0.34509,0.70957,0.55214
occlusion,1.50,combined_hard_shift,world_model_flow_predictor,6,32,0.71497,0.65777,0.82157,0.78693,0.23277,0.70895,0.62500,0.21875,0.12334,0.18017,0.22032,1.00000,0.35169,0.70528,0.48731
occlusion,1.50,combined_hard_shift,world_model_flow_predictor,7,32,0.75676,0.70954,0.84236,0.82035,0.20090,0.69240,0.68750,0.21875,0.11582,0.17278,0.21137,1.00000,0.36848,0.72642,0.54510
occlusion,1.50,combined_hard_shift,world_model_flow_predictor,8,32,0.74585,0.68258,0.84723,0.83007,0.24345,0.72135,0.59375,0.21875,0.12159,0.17706,0.22235,1.00000,0.34635,0.70683,0.46854
occlusion,1.50,combined_hard_shift,world_model_flow_predictor,9,32,0.72279,0.67027,0.81397,0.78849,0.23177,0.67954,0.65625,0.03125,0.12406,0.18008,0.22057,1.00000,0.34720,0.70119,0.57933
passive_flow,0.00,combined_hard_shift,action_direction_projection,0,32,0.59520,0.46527,0.87349,0.70435,0.45910,0.40986,0.65625,0.18750,0.19929,0.30079,0.25707,1.00000,0.32014,0.65258,0.48573
passive_flow,0.00,combined_hard_shift,action_direction_projection,1,32,0.58233,0.44670,0.86785,0.70267,0.44132,0.41223,0.43750,0.12500,0.20013,0.30376,0.25356,1.00000,0.31147,0.65051,0.35479
passive_flow,0.00,combined_hard_shift,action_direction_projection,2,32,0.60764,0.48042,0.87280,0.68434,0.40208,0.42841,0.62500,0.12500,0.18980,0.29599,0.24155,1.00000,0.33469,0.67251,0.49647
passive_flow,0.00,combined_hard_shift,action_direction_projection,3,32,0.59729,0.47072,0.87477,0.71981,0.41824,0.44212,0.62500,0.15625,0.19160,0.30372,0.24686,1.00000,0.32719,0.66556,0.47997
passive_flow,0.00,combined_hard_shift,action_direction_projection,4,32,0.60178,0.47322,0.87501,0.70751,0.38998,0.43849,0.43750,0.18750,0.18865,0.29614,0.23793,1.00000,0.33574,0.67630,0.34308
passive_flow,0.00,combined_hard_shift,action_direction_projection,5,32,0.58965,0.46292,0.87128,0.70536,0.37580,0.45316,0.46875,0.12500,0.19150,0.30306,0.23548,1.00000,0.32790,0.67436,0.38611
passive_flow,0.00,combined_hard_shift,action_direction_projection,6,32,0.61030,0.48097,0.87439,0.70886,0.44069,0.44463,0.50000,0.25000,0.18440,0.28751,0.24953,1.00000,0.33678,0.66551,0.35795
passive_flow,0.00,combined_hard_shift,action_direction_projection,7,32,0.58746,0.45920,0.86315,0.68754,0.43551,0.44609,0.62500,0.18750,0.19475,0.29926,0.25131,1.00000,0.31968,0.65484,0.46355
passive_flow,0.00,combined_hard_shift,action_direction_projection,8,32,0.58535,0.45459,0.85318,0.67532,0.44799,0.42556,0.59375,0.25000,0.19527,0.30016,0.25496,1.00000,0.32294,0.65120,0.41813
passive_flow,0.00,combined_hard_shift,action_direction_projection,9,32,0.60481,0.47006,0.88715,0.74621,0.44852,0.41723,0.50000,0.18750,0.19981,0.30160,0.25461,1.00000,0.31439,0.65546,0.37907
passive_flow,0.00,combined_hard_shift,calibrated_tree_flow_proxy,0,32,0.79188,0.70003,0.93275,0.88996,0.26541,0.32896,0.71875,0.12500,0.10916,0.18749,0.21191,1.00000,0.40871,0.75666,0.62404
passive_flow,0.00,combined_hard_shift,calibrated_tree_flow_proxy,1,32,0.78343,0.69311,0.91829,0.88186,0.27326,0.35254,0.62500,0.18750,0.11078,0.18316,0.21455,1.00000,0.39483,0.74395,0.53068
passive_flow,0.00,combined_hard_shift,calibrated_tree_flow_proxy,2,32,0.81271,0.73533,0.92424,0.90274,0.21846,0.35626,0.75000,0.09375,0.10763,0.18465,0.20090,1.00000,0.40691,0.76383,0.66535
passive_flow,0.00,combined_hard_shift,calibrated_tree_flow_proxy,3,32,0.78907,0.71263,0.90898,0.86867,0.23492,0.37227,0.65625,0.03125,0.10595,0.18851,0.20582,1.00000,0.40763,0.75662,0.61464
passive_flow,0.00,combined_hard_shift,calibrated_tree_flow_proxy,4,32,0.78829,0.70988,0.90235,0.85476,0.24550,0.39033,0.62500,0.12500,0.10622,0.18649,0.20795,1.00000,0.40785,0.75269,0.55607
passive_flow,0.00,combined_hard_shift,calibrated_tree_flow_proxy,5,32,0.79676,0.72177,0.90644,0.86561,0.22582,0.38720,0.56250,0.15625,0.10542,0.18585,0.20298,1.00000,0.40397,0.75606,0.50538
passive_flow,0.00,combined_hard_shift,calibrated_tree_flow_proxy,6,32,0.80151,0.71468,0.92938,0.90013,0.24451,0.38743,0.81250,0.06250,0.10661,0.18528,0.20649,1.00000,0.40769,0.75985,0.71309
passive_flow,0.00,combined_hard_shift,calibrated_tree_flow_proxy,7,32,0.80528,0.72849,0.91605,0.87130,0.22714,0.37303,0.65625,0.06250,0.10741,0.17987,0.20267,1.00000,0.39259,0.75235,0.60636
passive_flow,0.00,combined_hard_shift,calibrated_tree_flow_proxy,8,32,0.77031,0.66930,0.92724,0.85920,0.28446,0.34937,0.75000,0.18750,0.11156,0.19183,0.21802,1.00000,0.40610,0.74967,0.61561
passive_flow,0.00,combined_hard_shift,calibrated_tree_flow_proxy,9,32,0.78636,0.69183,0.92438,0.89122,0.27010,0.36905,0.59375,0.03125,0.11123,0.18281,0.21368,1.00000,0.39344,0.74551,0.56510
passive_flow,0.00,combined_hard_shift,causal_scene_flow_model_v5,0,32,0.78677,0.67980,0.95250,0.92932,0.27974,0.37764,0.68750,0.15625,0.10171,0.18401,0.20672,1.00000,0.52159,0.81734,0.59274
passive_flow,0.00,combined_hard_shift,causal_scene_flow_model_v5,1,32,0.77487,0.67462,0.92970,0.90649,0.29120,0.45698,0.53125,0.00000,0.10132,0.17180,0.20928,1.00000,0.49970,0.79750,0.52919
passive_flow,0.00,combined_hard_shift,causal_scene_flow_model_v5,2,32,0.79523,0.70400,0.93513,0.91466,0.25237,0.43752,0.71875,0.03125,0.09812,0.17537,0.20027,1.00000,0.51211,0.81391,0.66024
passive_flow,0.00,combined_hard_shift,causal_scene_flow_model_v5,3,32,0.78439,0.69621,0.92846,0.89480,0.25519,0.43834,0.59375,0.03125,0.09545,0.17839,0.20134,1.00000,0.51899,0.81513,0.57077
passive_flow,0.00,combined_hard_shift,causal_scene_flow_model_v5,4,32,0.79016,0.70324,0.92048,0.89187,0.25861,0.46371,0.75000,0.03125,0.09545,0.17768,0.20177,1.00000,0.51449,0.80996,0.67852
passive_flow,0.00,combined_hard_shift,causal_scene_flow_model_v5,5,32,0.79813,0.71447,0.92117,0.91996,0.23276,0.47309,0.59375,0.03125,0.09276,0.17055,0.19486,1.00000,0.50923,0.81310,0.57333
passive_flow,0.00,combined_hard_shift,causal_scene_flow_model_v5,6,32,0.79594,0.70336,0.94401,0.93510,0.26036,0.41499,0.50000,0.09375,0.09763,0.18098,0.20179,1.00000,0.51981,0.81847,0.48567
passive_flow,0.00,combined_hard_shift,causal_scene_flow_model_v5,7,32,0.79718,0.71123,0.92258,0.88043,0.24631,0.45654,0.56250,0.09375,0.09417,0.16799,0.19793,1.00000,0.49561,0.80340,0.52701
passive_flow,0.00,combined_hard_shift,causal_scene_flow_model_v5,8,32,0.75860,0.64447,0.94160,0.88354,0.31519,0.42573,0.78125,0.03125,0.10791,0.19109,0.21721,1.00000,0.51569,0.80363,0.69007
passive_flow,0.00,combined_hard_shift,causal_scene_flow_model_v5,9,32,0.78491,0.68895,0.93273,0.90981,0.27917,0.44202,0.71875,0.12500,0.10182,0.17377,0.20670,1.00000,0.49623,0.79913,0.61959
passive_flow,0.00,combined_hard_shift,contrastive_action_flow,0,32,0.76280,0.70505,0.85323,0.74693,0.24208,0.27989,0.68750,0.12500,0.11101,0.17514,0.17450,1.00000,0.37659,0.72441,0.59939
passive_flow,0.00,combined_hard_shift,contrastive_action_flow,1,32,0.77027,0.72736,0.84115,0.76019,0.22469,0.27024,0.68750,0.12500,0.11253,0.17069,0.17078,1.00000,0.36159,0.71729,0.60239
passive_flow,0.00,combined_hard_shift,contrastive_action_flow,2,32,0.79589,0.77717,0.83991,0.72372,0.17300,0.26475,0.78125,0.18750,0.10953,0.17240,0.15793,1.00000,0.37539,0.73552,0.65833
passive_flow,0.00,combined_hard_shift,contrastive_action_flow,3,32,0.77513,0.74935,0.82750,0.69720,0.18919,0.28086,0.68750,0.18750,0.10715,0.17660,0.16275,1.00000,0.37614,0.72912,0.58571
passive_flow,0.00,combined_hard_shift,contrastive_action_flow,4,32,0.78960,0.76833,0.83010,0.73005,0.17630,0.28499,0.71875,0.15625,0.10753,0.17403,0.15872,1.00000,0.37602,0.73257,0.62286
passive_flow,0.00,combined_hard_shift,contrastive_action_flow,5,32,0.78673,0.76710,0.82733,0.70538,0.17174,0.29021,0.71875,0.03125,0.10687,0.17383,0.15772,1.00000,0.37201,0.73077,0.66742
passive_flow,0.00,combined_hard_shift,contrastive_action_flow,6,32,0.79913,0.76225,0.86076,0.78095,0.19115,0.30162,0.65625,0.06250,0.10805,0.17212,0.16102,1.00000,0.37513,0.73681,0.61212
passive_flow,0.00,combined_hard_shift,contrastive_action_flow,7,32,0.79723,0.77639,0.83891,0.70614,0.16852,0.29131,0.71875,0.09375,0.10924,0.16730,0.15619,1.00000,0.36072,0.72862,0.64667
passive_flow,0.00,combined_hard_shift,contrastive_action_flow,8,32,0.75270,0.68517,0.85926,0.71938,0.25268,0.29894,0.71875,0.18750,0.11331,0.17978,0.17825,1.00000,0.37338,0.72198,0.59444
passive_flow,0.00,combined_hard_shift,contrastive_action_flow,9,32,0.76500,0.72078,0.83187,0.72472,0.22251,0.28288,0.71875,0.00000,0.11312,0.17041,0.17061,1.00000,0.36124,0.71518,0.66767
passive_flow,0.00,combined_hard_shift,learned_correlation_classifier,0,32,0.77357,0.68299,0.91237,0.85619,0.27820,0.32749,0.62500,0.09375,0.11953,0.19977,0.19050,1.00000,0.37548,0.73126,0.56224
passive_flow,0.00,combined_hard_shift,learned_correlation_classifier,1,32,0.77834,0.69602,0.90121,0.85864,0.26720,0.33218,0.68750,0.12500,0.12008,0.19636,0.18828,1.00000,0.36500,0.72533,0.59583
passive_flow,0.00,combined_hard_shift,learned_correlation_classifier,2,32,0.80114,0.73158,0.90356,0.87054,0.22055,0.34148,0.62500,0.18750,0.11702,0.19749,0.17605,1.00000,0.37775,0.74283,0.54037
passive_flow,0.00,combined_hard_shift,learned_correlation_classifier,3,32,0.78214,0.71138,0.89337,0.83186,0.23260,0.35450,0.59375,0.18750,0.11602,0.20204,0.18009,1.00000,0.37545,0.73634,0.51245
passive_flow,0.00,combined_hard_shift,learned_correlation_classifier,4,32,0.78460,0.71093,0.89327,0.84098,0.24157,0.37379,0.68750,0.12500,0.11544,0.19860,0.18153,1.00000,0.37816,0.73575,0.59866
passive_flow,0.00,combined_hard_shift,learned_correlation_classifier,5,32,0.78253,0.71219,0.88733,0.82724,0.23124,0.37558,0.65625,0.12500,0.11514,0.19991,0.17929,1.00000,0.37539,0.73504,0.57750
passive_flow,0.00,combined_hard_shift,learned_correlation_classifier,6,32,0.78571,0.69978,0.91099,0.88402,0.25469,0.38194,0.65625,0.06250,0.11621,0.19689,0.18391,1.00000,0.37574,0.73621,0.59746
passive_flow,0.00,combined_hard_shift,learned_correlation_classifier,7,32,0.78887,0.70969,0.90253,0.84512,0.23971,0.37425,0.75000,0.09375,0.11705,0.19300,0.18053,1.00000,0.36571,0.73209,0.65410
passive_flow,0.00,combined_hard_shift,learned_correlation_classifier,8,32,0.75501,0.65560,0.90771,0.82840,0.29114,0.34603,0.62500,0.15625,0.12078,0.20317,0.19507,1.00000,0.37347,0.72616,0.53349
passive_flow,0.00,combined_hard_shift,learned_correlation_classifier,9,32,0.77120,0.68141,0.90188,0.85773,0.27243,0.35365,0.71875,0.18750,0.12067,0.19587,0.18970,1.00000,0.36499,0.72435,0.59203
passive_flow,0.00,combined_hard_shift,oracle_causal_mask,0,32,1.00000,1.00000,1.00000,1.00000,0.00000,0.00000,1.00000,0.06250,0.00001,0.00174,0.01941,1.00000,0.99400,1.00000,0.95750
passive_flow,0.00,combined_hard_shift,oracle_causal_mask,1,32,1.00000,1.00000,1.00000,1.00000,0.00000,0.00000,1.00000,0.03125,0.00001,0.00174,0.01958,1.00000,0.99400,1.00000,0.96875
passive_flow,0.00,combined_hard_shift,oracle_causal_mask,2,32,1.00000,1.00000,1.00000,1.00000,0.00000,0.00000,0.96875,0.03125,0.00001,0.00175,0.01964,1.00000,0.99400,1.00000,0.94687
passive_flow,0.00,combined_hard_shift,oracle_causal_mask,3,32,1.00000,1.00000,1.00000,1.00000,0.00000,0.00000,1.00000,0.00000,0.00001,0.00181,0.01970,1.00000,0.99400,1.00000,0.98000
passive_flow,0.00,combined_hard_shift,oracle_causal_mask,4,32,1.00000,1.00000,1.00000,1.00000,0.00000,0.00000,0.93750,0.00000,0.00001,0.00177,0.01955,1.00000,0.99400,1.00000,0.93625
passive_flow,0.00,combined_hard_shift,oracle_causal_mask,5,32,1.00000,1.00000,1.00000,1.00000,0.00000,0.00000,0.96875,0.03125,0.00001,0.00179,0.01960,1.00000,0.99400,1.00000,0.94688
passive_flow,0.00,combined_hard_shift,oracle_causal_mask,6,32,1.00000,1.00000,1.00000,1.00000,0.00000,0.00000,0.96875,0.00000,0.00001,0.00175,0.01944,1.00000,0.99400,1.00000,0.95813
passive_flow,0.00,combined_hard_shift,oracle_causal_mask,7,32,1.00000,1.00000,1.00000,1.00000,0.00000,0.00000,0.96875,0.00000,0.00001,0.00172,0.01961,1.00000,0.99400,1.00000,0.95813
passive_flow,0.00,combined_hard_shift,oracle_causal_mask,8,32,1.00000,1.00000,1.00000,1.00000,0.00000,0.00000,0.96875,0.00000,0.00001,0.00178,0.01958,1.00000,0.99400,1.00000,0.95813
passive_flow,0.00,combined_hard_shift,oracle_causal_mask,9,32,1.00000,1.00000,1.00000,1.00000,0.00000,0.00000,0.96875,0.03125,0.00001,0.00171,0.01960,1.00000,0.99400,1.00000,0.94687
passive_flow,0.00,combined_hard_shift,world_model_flow_predictor,0,32,0.79523,0.70841,0.92720,0.89655,0.24744,0.34950,0.68750,0.03125,0.10547,0.18088,0.19458,1.00000,0.44124,0.77608,0.63970
passive_flow,0.00,combined_hard_shift,world_model_flow_predictor,1,32,0.78218,0.71035,0.89401,0.84893,0.24905,0.41312,0.81250,0.09375,0.10603,0.16894,0.19531,1.00000,0.41876,0.75541,0.69612
passive_flow,0.00,combined_hard_shift,world_model_flow_predictor,2,32,0.81564,0.75865,0.90603,0.87286,0.19681,0.37575,0.65625,0.18750,0.10321,0.17308,0.18264,1.00000,0.43289,0.77737,0.56950
passive_flow,0.00,combined_hard_shift,world_model_flow_predictor,3,32,0.79396,0.72827,0.90403,0.83882,0.22496,0.39966,0.56250,0.12500,0.10056,0.17775,0.18993,1.00000,0.43807,0.77336,0.51761
passive_flow,0.00,combined_hard_shift,world_model_flow_predictor,4,32,0.79880,0.74190,0.88664,0.83739,0.21488,0.41754,0.53125,0.03125,0.10077,0.17560,0.18727,1.00000,0.43462,0.76926,0.52991
passive_flow,0.00,combined_hard_shift,world_model_flow_predictor,5,32,0.80422,0.75937,0.87614,0.80802,0.18491,0.40950,0.78125,0.15625,0.09900,0.17047,0.17974,1.00000,0.42932,0.77036,0.66498
passive_flow,0.00,combined_hard_shift,world_model_flow_predictor,6,32,0.81255,0.74063,0.92443,0.89502,0.21961,0.37583,0.78125,0.18750,0.10245,0.17828,0.18746,1.00000,0.43984,0.78075,0.65417
passive_flow,0.00,combined_hard_shift,world_model_flow_predictor,7,32,0.80797,0.75441,0.88827,0.80811,0.20042,0.41173,0.71875,0.21875,0.10083,0.16508,0.18286,1.00000,0.41534,0.76284,0.59644
passive_flow,0.00,combined_hard_shift,world_model_flow_predictor,8,32,0.76360,0.67240,0.91317,0.82817,0.28012,0.38822,0.62500,0.18750,0.11008,0.18743,0.20459,1.00000,0.43691,0.76299,0.52683
passive_flow,0.00,combined_hard_shift,world_model_flow_predictor,9,32,0.78743,0.71755,0.89188,0.83103,0.23922,0.40373,0.68750,0.06250,0.10642,0.17029,0.19323,1.00000,0.41758,0.75640,0.62258
passive_flow,0.25,combined_hard_shift,action_direction_projection,0,32,0.55521,0.41613,0.87828,0.73748,0.56438,0.46278,0.46875,0.18750,0.20753,0.31110,0.28817,1.00000,0.31491,0.62794,0.32932
passive_flow,0.25,combined_hard_shift,action_direction_projection,1,32,0.58239,0.44214,0.88707,0.73796,0.44806,0.45278,0.43750,0.06250,0.18972,0.29589,0.25425,1.00000,0.34329,0.67057,0.37647
passive_flow,0.25,combined_hard_shift,action_direction_projection,2,32,0.57774,0.44110,0.88081,0.74818,0.50829,0.42627,0.46875,0.09375,0.20216,0.30383,0.27176,1.00000,0.32872,0.64812,0.37802
passive_flow,0.25,combined_hard_shift,action_direction_projection,3,32,0.55662,0.42459,0.84482,0.68280,0.48727,0.40424,0.53125,0.18750,0.20285,0.30251,0.26737,1.00000,0.32296,0.64039,0.38755
passive_flow,0.25,combined_hard_shift,action_direction_projection,4,32,0.58451,0.45668,0.86527,0.68633,0.47894,0.43696,0.43750,0.18750,0.19486,0.29507,0.26337,1.00000,0.32922,0.65080,0.32668
passive_flow,0.25,combined_hard_shift,action_direction_projection,5,32,0.57780,0.46085,0.85685,0.68790,0.50155,0.41778,0.43750,0.25000,0.19971,0.29588,0.26951,1.00000,0.32090,0.63931,0.30016
passive_flow,0.25,combined_hard_shift,action_direction_projection,6,32,0.58993,0.47087,0.85640,0.66615,0.49711,0.41104,0.53125,0.18750,0.19426,0.29253,0.26850,1.00000,0.33087,0.64535,0.39189
passive_flow,0.25,combined_hard_shift,action_direction_projection,7,32,0.59203,0.47223,0.86096,0.70194,0.43933,0.40834,0.50000,0.21875,0.19560,0.29192,0.25296,1.00000,0.32614,0.65679,0.36757
passive_flow,0.25,combined_hard_shift,action_direction_projection,8,32,0.56035,0.42647,0.86936,0.71295,0.53832,0.44124,0.56250,0.25000,0.20910,0.31532,0.28255,1.00000,0.30983,0.62871,0.37778
passive_flow,0.25,combined_hard_shift,action_direction_projection,9,32,0.58267,0.45076,0.87325,0.70802,0.49500,0.44235,0.40625,0.21875,0.19736,0.29720,0.26792,1.00000,0.32533,0.64732,0.29059
passive_flow,0.25,combined_hard_shift,calibrated_tree_flow_proxy,0,32,0.78515,0.69433,0.91977,0.88507,0.25435,0.36978,0.75000,0.18750,0.10842,0.18815,0.21150,1.00000,0.40287,0.75268,0.62074
passive_flow,0.25,combined_hard_shift,calibrated_tree_flow_proxy,1,32,0.82088,0.74700,0.93633,0.91140,0.21384,0.35049,0.65625,0.09375,0.10806,0.19519,0.20171,1.00000,0.40762,0.76836,0.60248
passive_flow,0.25,combined_hard_shift,calibrated_tree_flow_proxy,2,32,0.77693,0.68058,0.92311,0.90374,0.27671,0.33943,0.71875,0.09375,0.11109,0.19501,0.21745,1.00000,0.40412,0.74928,0.63002
passive_flow,0.25,combined_hard_shift,calibrated_tree_flow_proxy,3,32,0.75009,0.65223,0.90096,0.83798,0.28398,0.35321,0.65625,0.09375,0.11317,0.19434,0.21997,1.00000,0.39928,0.73940,0.57910
passive_flow,0.25,combined_hard_shift,calibrated_tree_flow_proxy,4,32,0.77739,0.68306,0.91614,0.87623,0.26904,0.40641,0.62500,0.12500,0.10849,0.18662,0.21500,1.00000,0.40143,0.74775,0.54994
passive_flow,0.25,combined_hard_shift,calibrated_tree_flow_proxy,5,32,0.78896,0.70624,0.91581,0.89175,0.24645,0.36850,0.62500,0.12500,0.11007,0.18914,0.20924,1.00000,0.39490,0.74924,0.55696
passive_flow,0.25,combined_hard_shift,calibrated_tree_flow_proxy,6,32,0.78389,0.69653,0.90939,0.85998,0.25472,0.37759,0.81250,0.09375,0.10894,0.18765,0.21222,1.00000,0.40182,0.74935,0.69712
passive_flow,0.25,combined_hard_shift,calibrated_tree_flow_proxy,7,32,0.79877,0.72092,0.91337,0.88280,0.24332,0.33649,0.59375,0.12500,0.10842,0.18624,0.20871,1.00000,0.40123,0.75259,0.53935
passive_flow,0.25,combined_hard_shift,calibrated_tree_flow_proxy,8,32,0.75956,0.65769,0.91814,0.89213,0.28783,0.38684,0.71875,0.21875,0.11059,0.19137,0.22064,1.00000,0.39727,0.74197,0.57719
passive_flow,0.25,combined_hard_shift,calibrated_tree_flow_proxy,9,32,0.80719,0.72553,0.92273,0.87165,0.23529,0.37459,0.53125,0.03125,0.10905,0.18610,0.20666,1.00000,0.39542,0.75376,0.52952
passive_flow,0.25,combined_hard_shift,causal_scene_flow_model_v5,0,32,0.78378,0.68365,0.93696,0.93040,0.26896,0.46633,0.71875,0.15625,0.09645,0.17557,0.20516,1.00000,0.51164,0.81049,0.60928
passive_flow,0.25,combined_hard_shift,causal_scene_flow_model_v5,1,32,0.80402,0.71614,0.94390,0.92993,0.23985,0.44039,0.62500,0.00000,0.09893,0.19032,0.19990,1.00000,0.51567,0.82080,0.60943
passive_flow,0.25,combined_hard_shift,causal_scene_flow_model_v5,2,32,0.78024,0.67962,0.93927,0.92290,0.28138,0.40528,0.71875,0.06250,0.10451,0.19230,0.21007,1.00000,0.51383,0.80950,0.64452
passive_flow,0.25,combined_hard_shift,causal_scene_flow_model_v5,3,32,0.74895,0.63938,0.92854,0.88009,0.30325,0.42125,0.59375,0.03125,0.10862,0.19095,0.21569,1.00000,0.50903,0.79940,0.55847
passive_flow,0.25,combined_hard_shift,causal_scene_flow_model_v5,4,32,0.77079,0.67167,0.92432,0.90235,0.28552,0.52566,0.71875,0.03125,0.09950,0.17644,0.20967,1.00000,0.50892,0.80215,0.64566
passive_flow,0.25,combined_hard_shift,causal_scene_flow_model_v5,5,32,0.79077,0.69887,0.93774,0.92353,0.25278,0.46066,0.59375,0.03125,0.09694,0.17719,0.20087,1.00000,0.50569,0.81116,0.57026
passive_flow,0.25,combined_hard_shift,causal_scene_flow_model_v5,6,32,0.77647,0.67615,0.93101,0.89618,0.28506,0.45847,0.56250,0.09375,0.09906,0.18216,0.21033,1.00000,0.51458,0.80693,0.51935
passive_flow,0.25,combined_hard_shift,causal_scene_flow_model_v5,7,32,0.79611,0.71493,0.92397,0.90741,0.25038,0.40124,0.62500,0.06250,0.09823,0.17864,0.20155,1.00000,0.51406,0.81246,0.58575
passive_flow,0.25,combined_hard_shift,causal_scene_flow_model_v5,8,32,0.75542,0.65246,0.92074,0.89326,0.29524,0.51040,0.75000,0.03125,0.09959,0.17720,0.21251,1.00000,0.50568,0.79739,0.66425
passive_flow,0.25,combined_hard_shift,causal_scene_flow_model_v5,9,32,0.79581,0.70194,0.93502,0.91348,0.25619,0.47839,0.59375,0.09375,0.09624,0.17651,0.20237,1.00000,0.50398,0.80881,0.54682
passive_flow,0.25,combined_hard_shift,contrastive_action_flow,0,32,0.78213,0.74820,0.84325,0.75007,0.19410,0.27465,0.81250,0.15625,0.11031,0.17662,0.16480,1.00000,0.37107,0.72950,0.68541
passive_flow,0.25,combined_hard_shift,contrastive_action_flow,1,32,0.80510,0.78792,0.85079,0.73728,0.16526,0.25655,0.78125,0.15625,0.10936,0.18272,0.15787,1.00000,0.37616,0.74045,0.67307
passive_flow,0.25,combined_hard_shift,contrastive_action_flow,2,32,0.76792,0.70691,0.86599,0.77489,0.24143,0.27866,0.81250,0.18750,0.11276,0.18323,0.17646,1.00000,0.37278,0.72588,0.66553
passive_flow,0.25,combined_hard_shift,contrastive_action_flow,3,32,0.72940,0.66646,0.82905,0.69128,0.25383,0.29290,0.62500,0.15625,0.11485,0.18278,0.18080,1.00000,0.36735,0.71073,0.53521
passive_flow,0.25,combined_hard_shift,contrastive_action_flow,4,32,0.75940,0.71670,0.82782,0.68954,0.21823,0.31970,0.68750,0.15625,0.11042,0.17436,0.17102,1.00000,0.36833,0.71876,0.58739
passive_flow,0.25,combined_hard_shift,contrastive_action_flow,5,32,0.76802,0.73510,0.82455,0.70285,0.20352,0.28380,0.71875,0.03125,0.11195,0.17630,0.16717,1.00000,0.36153,0.71761,0.65942
passive_flow,0.25,combined_hard_shift,contrastive_action_flow,6,32,0.77166,0.73816,0.82816,0.68327,0.20695,0.28829,0.62500,0.09375,0.11085,0.17550,0.16875,1.00000,0.36939,0.72188,0.57171
passive_flow,0.25,combined_hard_shift,contrastive_action_flow,7,32,0.77667,0.74467,0.83440,0.73019,0.20638,0.26466,0.71875,0.09375,0.11074,0.17409,0.16787,1.00000,0.36830,0.72306,0.63976
passive_flow,0.25,combined_hard_shift,contrastive_action_flow,8,32,0.74638,0.69671,0.83373,0.71112,0.23390,0.29701,0.75000,0.15625,0.11291,0.17973,0.17594,1.00000,0.36234,0.71373,0.62793
passive_flow,0.25,combined_hard_shift,contrastive_action_flow,9,32,0.79118,0.76415,0.83577,0.69311,0.18467,0.28179,0.71875,0.00000,0.11097,0.17362,0.16252,1.00000,0.36338,0.72563,0.67772
passive_flow,0.25,combined_hard_shift,learned_correlation_classifier,0,32,0.77486,0.68802,0.90337,0.84762,0.25909,0.35373,0.62500,0.12500,0.11932,0.20247,0.18802,1.00000,0.37089,0.73074,0.55185
passive_flow,0.25,combined_hard_shift,learned_correlation_classifier,1,32,0.80528,0.73411,0.91506,0.87295,0.21817,0.34349,0.75000,0.09375,0.11737,0.20637,0.17716,1.00000,0.37738,0.74616,0.66284
passive_flow,0.25,combined_hard_shift,learned_correlation_classifier,2,32,0.76880,0.66940,0.92083,0.89358,0.28882,0.33683,0.62500,0.18750,0.12116,0.20698,0.19540,1.00000,0.37300,0.72984,0.52572
passive_flow,0.25,combined_hard_shift,learned_correlation_classifier,3,32,0.74336,0.64867,0.89071,0.81583,0.28557,0.33982,0.53125,0.21875,0.12289,0.20711,0.19569,1.00000,0.36753,0.71988,0.44379
passive_flow,0.25,combined_hard_shift,learned_correlation_classifier,4,32,0.77146,0.68880,0.89304,0.83439,0.25950,0.37623,0.65625,0.12500,0.11830,0.19995,0.18804,1.00000,0.37110,0.72807,0.57146
passive_flow,0.25,combined_hard_shift,learned_correlation_classifier,5,32,0.77495,0.70080,0.88847,0.84706,0.24892,0.34744,0.68750,0.15625,0.12056,0.20226,0.18528,1.00000,0.36382,0.72543,0.58533
passive_flow,0.25,combined_hard_shift,learned_correlation_classifier,6,32,0.76560,0.67928,0.88985,0.82486,0.26927,0.36492,0.62500,0.09375,0.11911,0.20046,0.19123,1.00000,0.37020,0.72463,0.55899
passive_flow,0.25,combined_hard_shift,learned_correlation_classifier,7,32,0.78705,0.71346,0.89573,0.84745,0.24737,0.32605,0.71875,0.09375,0.11883,0.19894,0.18476,1.00000,0.36906,0.73038,0.63370
passive_flow,0.25,combined_hard_shift,learned_correlation_classifier,8,32,0.75268,0.65804,0.90156,0.85111,0.28517,0.36427,0.68750,0.12500,0.12179,0.20643,0.19582,1.00000,0.36458,0.72125,0.58715
passive_flow,0.25,combined_hard_shift,learned_correlation_classifier,9,32,0.79753,0.71788,0.91147,0.83716,0.24263,0.36141,0.75000,0.15625,0.11899,0.19877,0.18314,1.00000,0.36616,0.73401,0.63364
passive_flow,0.25,combined_hard_shift,oracle_causal_mask,0,32,1.00000,1.00000,1.00000,1.00000,0.00000,0.00000,1.00000,0.06250,0.00001,0.00177,0.02000,1.00000,0.99400,1.00000,0.95750
passive_flow,0.25,combined_hard_shift,oracle_causal_mask,1,32,1.00000,1.00000,1.00000,1.00000,0.00000,0.00000,1.00000,0.03125,0.00001,0.00180,0.02000,1.00000,0.99400,1.00000,0.96875
passive_flow,0.25,combined_hard_shift,oracle_causal_mask,2,32,1.00000,1.00000,1.00000,1.00000,0.00000,0.00000,0.96875,0.03125,0.00001,0.00179,0.01987,1.00000,0.99400,1.00000,0.94687
passive_flow,0.25,combined_hard_shift,oracle_causal_mask,3,32,1.00000,1.00000,1.00000,1.00000,0.00000,0.00000,1.00000,0.00000,0.00001,0.00180,0.01985,1.00000,0.99400,1.00000,0.98000
passive_flow,0.25,combined_hard_shift,oracle_causal_mask,4,32,1.00000,1.00000,1.00000,1.00000,0.00000,0.00000,0.93750,0.00000,0.00001,0.00177,0.01997,1.00000,0.99400,1.00000,0.93625
passive_flow,0.25,combined_hard_shift,oracle_causal_mask,5,32,1.00000,1.00000,1.00000,1.00000,0.00000,0.00000,0.96875,0.03125,0.00001,0.00177,0.01979,1.00000,0.99400,1.00000,0.94688
passive_flow,0.25,combined_hard_shift,oracle_causal_mask,6,32,1.00000,1.00000,1.00000,1.00000,0.00000,0.00000,0.96875,0.00000,0.00001,0.00177,0.02009,1.00000,0.99400,1.00000,0.95813
passive_flow,0.25,combined_hard_shift,oracle_causal_mask,7,32,1.00000,1.00000,1.00000,1.00000,0.00000,0.00000,0.96875,0.00000,0.00001,0.00176,0.01998,1.00000,0.99400,1.00000,0.95813
passive_flow,0.25,combined_hard_shift,oracle_causal_mask,8,32,1.00000,1.00000,1.00000,1.00000,0.00000,0.00000,0.96875,0.00000,0.00001,0.00180,0.02009,1.00000,0.99400,1.00000,0.95813
passive_flow,0.25,combined_hard_shift,oracle_causal_mask,9,32,1.00000,1.00000,1.00000,1.00000,0.00000,0.00000,0.96875,0.03125,0.00001,0.00174,0.02002,1.00000,0.99400,1.00000,0.94687
passive_flow,0.25,combined_hard_shift,world_model_flow_predictor,0,32,0.78781,0.71848,0.89276,0.83276,0.22369,0.41929,0.62500,0.09375,0.10223,0.17448,0.19076,1.00000,0.43073,0.76689,0.56983
passive_flow,0.25,combined_hard_shift,world_model_flow_predictor,1,32,0.82169,0.76010,0.92474,0.89265,0.20087,0.39278,0.84375,0.03125,0.10398,0.18760,0.18584,1.00000,0.43621,0.78307,0.75714
passive_flow,0.25,combined_hard_shift,world_model_flow_predictor,2,32,0.78993,0.70460,0.92389,0.89644,0.25461,0.37655,0.71875,0.18750,0.10810,0.18950,0.19907,1.00000,0.43471,0.77024,0.60130
passive_flow,0.25,combined_hard_shift,world_model_flow_predictor,3,32,0.75045,0.65737,0.90075,0.81941,0.27619,0.39925,0.53125,0.12500,0.11120,0.18879,0.20513,1.00000,0.43154,0.75784,0.48079
passive_flow,0.25,combined_hard_shift,world_model_flow_predictor,4,32,0.77891,0.70799,0.89105,0.82163,0.24315,0.47363,0.59375,0.03125,0.10418,0.17551,0.19574,1.00000,0.42961,0.76158,0.56279
passive_flow,0.25,combined_hard_shift,world_model_flow_predictor,5,32,0.79761,0.73178,0.90055,0.83821,0.21256,0.41976,0.75000,0.15625,0.10308,0.17569,0.18736,1.00000,0.42499,0.76837,0.63788
passive_flow,0.25,combined_hard_shift,world_model_flow_predictor,6,32,0.78322,0.70326,0.90208,0.84557,0.24746,0.42400,0.71875,0.15625,0.10400,0.18000,0.19732,1.00000,0.43384,0.76569,0.60894
passive_flow,0.25,combined_hard_shift,world_model_flow_predictor,7,32,0.79501,0.73614,0.89259,0.83870,0.22377,0.37054,0.65625,0.21875,0.10368,0.17695,0.19111,1.00000,0.43260,0.76779,0.55088
passive_flow,0.25,combined_hard_shift,world_model_flow_predictor,8,32,0.76098,0.68476,0.88803,0.82038,0.25688,0.46596,0.62500,0.25000,0.10433,0.17638,0.19964,1.00000,0.42486,0.75530,0.50111
passive_flow,0.25,combined_hard_shift,world_model_flow_predictor,9,32,0.80972,0.75117,0.89767,0.83481,0.20072,0.42116,0.71875,0.03125,0.10262,0.17375,0.18510,1.00000,0.42259,0.76898,0.66435
passive_flow,0.50,combined_hard_shift,action_direction_projection,0,32,0.57360,0.44523,0.88043,0.70478,0.56797,0.43650,0.53125,0.18750,0.21512,0.31371,0.29218,1.00000,0.31844,0.62955,0.37735
passive_flow,0.50,combined_hard_shift,action_direction_projection,1,32,0.61480,0.48916,0.88065,0.74006,0.41969,0.44299,0.53125,0.03125,0.19114,0.28443,0.24868,1.00000,0.34571,0.67641,0.46322
passive_flow,0.50,combined_hard_shift,action_direction_projection,2,32,0.58939,0.45921,0.87771,0.73171,0.49548,0.43961,0.65625,0.15625,0.20824,0.30020,0.27134,1.00000,0.32119,0.64622,0.48914
passive_flow,0.50,combined_hard_shift,action_direction_projection,3,32,0.55468,0.42863,0.85840,0.67486,0.48636,0.44728,0.56250,0.18750,0.20678,0.30879,0.27033,1.00000,0.31952,0.64233,0.40688
passive_flow,0.50,combined_hard_shift,action_direction_projection,4,32,0.53152,0.39799,0.86265,0.69703,0.60988,0.45025,0.43750,0.21875,0.22825,0.32065,0.30503,1.00000,0.30403,0.60821,0.28533
passive_flow,0.50,combined_hard_shift,action_direction_projection,5,32,0.59303,0.46358,0.88067,0.73670,0.45103,0.44193,0.46875,0.21875,0.19299,0.29187,0.25753,1.00000,0.35145,0.67250,0.34432
passive_flow,0.50,combined_hard_shift,action_direction_projection,6,32,0.61789,0.49543,0.87946,0.73982,0.46442,0.42307,0.43750,0.34375,0.19509,0.28613,0.26089,1.00000,0.34352,0.66512,0.28006
passive_flow,0.50,combined_hard_shift,action_direction_projection,7,32,0.58523,0.45704,0.86204,0.71207,0.45233,0.40974,0.53125,0.25000,0.19757,0.28503,0.25740,1.00000,0.33716,0.65994,0.37584
passive_flow,0.50,combined_hard_shift,action_direction_projection,8,32,0.60287,0.49698,0.83922,0.64285,0.39328,0.43594,0.56250,0.12500,0.18535,0.27239,0.24088,1.00000,0.33494,0.66584,0.45176
passive_flow,0.50,combined_hard_shift,action_direction_projection,9,32,0.55854,0.42543,0.86906,0.67659,0.52271,0.48065,0.43750,0.25000,0.20762,0.30731,0.28015,1.00000,0.32188,0.63834,0.29065
passive_flow,0.50,combined_hard_shift,calibrated_tree_flow_proxy,0,32,0.79756,0.71496,0.92064,0.86722,0.24159,0.35492,0.71875,0.12500,0.11093,0.19108,0.21100,1.00000,0.39570,0.75198,0.62569
passive_flow,0.50,combined_hard_shift,calibrated_tree_flow_proxy,1,32,0.79981,0.71926,0.91437,0.87996,0.24136,0.38603,0.65625,0.12500,0.10752,0.18562,0.21074,1.00000,0.40702,0.75629,0.58098
passive_flow,0.50,combined_hard_shift,calibrated_tree_flow_proxy,2,32,0.80622,0.73456,0.91481,0.89106,0.23373,0.32940,0.71875,0.12500,0.11018,0.18506,0.20857,1.00000,0.40055,0.75472,0.62987
passive_flow,0.50,combined_hard_shift,calibrated_tree_flow_proxy,3,32,0.78174,0.69454,0.90898,0.87642,0.24048,0.36702,0.65625,0.06250,0.11117,0.19479,0.21148,1.00000,0.39002,0.74624,0.60062
passive_flow,0.50,combined_hard_shift,calibrated_tree_flow_proxy,4,32,0.78113,0.69878,0.89989,0.85840,0.25267,0.34780,0.68750,0.12500,0.11578,0.19455,0.21448,1.00000,0.38131,0.73666,0.59844
passive_flow,0.50,combined_hard_shift,calibrated_tree_flow_proxy,5,32,0.79446,0.70624,0.92893,0.89777,0.23936,0.37289,0.53125,0.15625,0.10732,0.19343,0.21033,1.00000,0.41342,0.76384,0.48330
passive_flow,0.50,combined_hard_shift,calibrated_tree_flow_proxy,6,32,0.79800,0.71517,0.91953,0.87488,0.23672,0.36272,0.81250,0.09375,0.10915,0.18520,0.20950,1.00000,0.40759,0.75895,0.70358
passive_flow,0.50,combined_hard_shift,calibrated_tree_flow_proxy,7,32,0.78541,0.69541,0.91886,0.89489,0.26675,0.34683,0.56250,0.12500,0.11185,0.18795,0.21642,1.00000,0.39986,0.74815,0.51137
passive_flow,0.50,combined_hard_shift,calibrated_tree_flow_proxy,8,32,0.80737,0.73368,0.91540,0.87587,0.21823,0.37894,0.78125,0.15625,0.10596,0.18544,0.20431,1.00000,0.40134,0.75869,0.66192
passive_flow,0.50,combined_hard_shift,calibrated_tree_flow_proxy,9,32,0.79911,0.72286,0.91610,0.87766,0.23304,0.35531,0.56250,0.03125,0.10903,0.18821,0.20932,1.00000,0.39770,0.75372,0.55152
passive_flow,0.50,combined_hard_shift,causal_scene_flow_model_v5,0,32,0.79568,0.71057,0.92713,0.88668,0.24597,0.53406,0.71875,0.15625,0.09785,0.17650,0.20237,1.00000,0.49834,0.80608,0.60935
passive_flow,0.50,combined_hard_shift,causal_scene_flow_model_v5,1,32,0.78335,0.68504,0.93261,0.90587,0.27407,0.49892,0.53125,0.03125,0.09985,0.18220,0.21011,1.00000,0.51471,0.80983,0.52032
passive_flow,0.50,combined_hard_shift,causal_scene_flow_model_v5,2,32,0.79886,0.71979,0.92179,0.90104,0.23841,0.49252,0.65625,0.03125,0.09990,0.17465,0.20077,1.00000,0.50751,0.81112,0.61512
passive_flow,0.50,combined_hard_shift,causal_scene_flow_model_v5,3,32,0.76879,0.67771,0.91017,0.88791,0.25280,0.55277,0.56250,0.03125,0.10071,0.18357,0.20541,1.00000,0.49142,0.79657,0.53759
passive_flow,0.50,combined_hard_shift,causal_scene_flow_model_v5,4,32,0.77824,0.70222,0.89634,0.86777,0.24979,0.51047,0.71875,0.03125,0.10349,0.17689,0.20395,1.00000,0.47647,0.78586,0.65009
passive_flow,0.50,combined_hard_shift,causal_scene_flow_model_v5,5,32,0.77520,0.67262,0.94279,0.94088,0.26478,0.50087,0.56250,0.06250,0.10208,0.19300,0.20872,1.00000,0.52388,0.81929,0.53177
passive_flow,0.50,combined_hard_shift,causal_scene_flow_model_v5,6,32,0.77663,0.67506,0.93319,0.90059,0.27669,0.51704,0.53125,0.12500,0.10093,0.18121,0.21065,1.00000,0.51756,0.81089,0.48422
passive_flow,0.50,combined_hard_shift,causal_scene_flow_model_v5,7,32,0.77389,0.67939,0.92363,0.89282,0.27797,0.44352,0.59375,0.12500,0.10844,0.18771,0.21153,1.00000,0.50994,0.80416,0.53098
passive_flow,0.50,combined_hard_shift,causal_scene_flow_model_v5,8,32,0.79703,0.71426,0.92700,0.88870,0.22932,0.48365,0.78125,0.03125,0.09681,0.18212,0.19891,1.00000,0.52157,0.82179,0.70523
passive_flow,0.50,combined_hard_shift,causal_scene_flow_model_v5,9,32,0.79243,0.72096,0.90742,0.89024,0.22968,0.50287,0.65625,0.09375,0.09773,0.17551,0.19971,1.00000,0.50085,0.80584,0.59138
passive_flow,0.50,combined_hard_shift,contrastive_action_flow,0,32,0.78067,0.74996,0.83853,0.68137,0.19852,0.26744,0.71875,0.12500,0.11389,0.18046,0.16892,1.00000,0.36258,0.72289,0.62991
passive_flow,0.50,combined_hard_shift,contrastive_action_flow,1,32,0.80643,0.77247,0.86221,0.78519,0.18562,0.29265,0.75000,0.15625,0.11005,0.17376,0.16443,1.00000,0.37360,0.73761,0.64646
passive_flow,0.50,combined_hard_shift,contrastive_action_flow,2,32,0.77757,0.74652,0.83202,0.72037,0.20542,0.26532,0.78125,0.15625,0.11315,0.17359,0.17011,1.00000,0.36814,0.72256,0.66117
passive_flow,0.50,combined_hard_shift,contrastive_action_flow,3,32,0.77293,0.74176,0.82684,0.69751,0.18913,0.26070,0.71875,0.15625,0.11365,0.18328,0.16720,1.00000,0.35585,0.71841,0.61842
passive_flow,0.50,combined_hard_shift,contrastive_action_flow,4,32,0.76480,0.73262,0.81548,0.70211,0.20352,0.25291,0.65625,0.18750,0.11863,0.18402,0.17102,1.00000,0.34916,0.70882,0.55970
passive_flow,0.50,combined_hard_shift,contrastive_action_flow,5,32,0.78809,0.73647,0.87315,0.80019,0.20483,0.29967,0.68750,0.03125,0.10910,0.18193,0.16938,1.00000,0.38192,0.74056,0.64240
passive_flow,0.50,combined_hard_shift,contrastive_action_flow,6,32,0.79477,0.76594,0.84647,0.74457,0.17997,0.26400,0.62500,0.06250,0.11186,0.17368,0.16359,1.00000,0.37520,0.73559,0.59300
passive_flow,0.50,combined_hard_shift,contrastive_action_flow,7,32,0.77206,0.72974,0.84197,0.74166,0.22307,0.26684,0.65625,0.09375,0.11444,0.17589,0.17396,1.00000,0.36625,0.72029,0.59281
passive_flow,0.50,combined_hard_shift,contrastive_action_flow,8,32,0.79191,0.77105,0.83408,0.72560,0.17582,0.28481,0.78125,0.12500,0.10837,0.17255,0.16201,1.00000,0.36545,0.72821,0.67778
passive_flow,0.50,combined_hard_shift,contrastive_action_flow,9,32,0.77654,0.75528,0.82659,0.69517,0.19644,0.26839,0.71875,0.00000,0.11206,0.17754,0.16907,1.00000,0.36371,0.72082,0.67419
passive_flow,0.50,combined_hard_shift,learned_correlation_classifier,0,32,0.78223,0.70722,0.89677,0.81848,0.25138,0.32394,0.56250,0.09375,0.12232,0.20587,0.18900,1.00000,0.36629,0.72833,0.52295
passive_flow,0.50,combined_hard_shift,learned_correlation_classifier,1,32,0.79170,0.71592,0.90324,0.85292,0.25070,0.36031,0.68750,0.09375,0.11803,0.19850,0.18795,1.00000,0.37474,0.73455,0.61062
passive_flow,0.50,combined_hard_shift,learned_correlation_classifier,2,32,0.78659,0.70976,0.90688,0.86294,0.26290,0.32378,0.59375,0.18750,0.12178,0.19943,0.19098,1.00000,0.36793,0.72927,0.51052
passive_flow,0.50,combined_hard_shift,learned_correlation_classifier,3,32,0.77268,0.69439,0.89289,0.84066,0.24817,0.33221,0.59375,0.21875,0.12166,0.20859,0.18852,1.00000,0.36079,0.72516,0.49781
passive_flow,0.50,combined_hard_shift,learned_correlation_classifier,4,32,0.74965,0.65361,0.89091,0.83854,0.30088,0.33752,0.65625,0.12500,0.12768,0.21072,0.20244,1.00000,0.35357,0.70930,0.56308
passive_flow,0.50,combined_hard_shift,learned_correlation_classifier,5,32,0.77432,0.68607,0.91427,0.86775,0.26490,0.35693,0.65625,0.18750,0.11801,0.20659,0.19183,1.00000,0.37992,0.73699,0.55100
passive_flow,0.50,combined_hard_shift,learned_correlation_classifier,6,32,0.78314,0.70634,0.89917,0.85530,0.24680,0.33707,0.62500,0.09375,0.12033,0.19875,0.18725,1.00000,0.37448,0.73422,0.56732
passive_flow,0.50,combined_hard_shift,learned_correlation_classifier,7,32,0.76786,0.67829,0.90204,0.84904,0.28372,0.33609,0.78125,0.12500,0.12227,0.20078,0.19612,1.00000,0.36686,0.72288,0.65727
passive_flow,0.50,combined_hard_shift,learned_correlation_classifier,8,32,0.78415,0.71080,0.89524,0.83215,0.24361,0.37063,0.75000,0.06250,0.11719,0.19838,0.18574,1.00000,0.36461,0.72876,0.66394
passive_flow,0.50,combined_hard_shift,learned_correlation_classifier,9,32,0.77905,0.70097,0.90322,0.84595,0.26064,0.34425,0.78125,0.18750,0.12059,0.20379,0.19159,1.00000,0.36667,0.72816,0.63947
passive_flow,0.50,combined_hard_shift,oracle_causal_mask,0,32,1.00000,1.00000,1.00000,1.00000,0.00000,0.00000,1.00000,0.06250,0.00001,0.00174,0.02063,1.00000,0.99400,1.00000,0.95750
passive_flow,0.50,combined_hard_shift,oracle_causal_mask,1,32,1.00000,1.00000,1.00000,1.00000,0.00000,0.00000,1.00000,0.03125,0.00001,0.00173,0.02079,1.00000,0.99400,1.00000,0.96875
passive_flow,0.50,combined_hard_shift,oracle_causal_mask,2,32,1.00000,1.00000,1.00000,1.00000,0.00000,0.00000,0.96875,0.03125,0.00001,0.00170,0.02064,1.00000,0.99400,1.00000,0.94687
passive_flow,0.50,combined_hard_shift,oracle_causal_mask,3,32,1.00000,1.00000,1.00000,1.00000,0.00000,0.00000,1.00000,0.00000,0.00001,0.00180,0.02064,1.00000,0.99400,1.00000,0.98000
passive_flow,0.50,combined_hard_shift,oracle_causal_mask,4,32,1.00000,1.00000,1.00000,1.00000,0.00000,0.00000,0.93750,0.00000,0.00001,0.00175,0.02043,1.00000,0.99400,1.00000,0.93625
passive_flow,0.50,combined_hard_shift,oracle_causal_mask,5,32,1.00000,1.00000,1.00000,1.00000,0.00000,0.00000,0.96875,0.03125,0.00001,0.00180,0.02071,1.00000,0.99400,1.00000,0.94688
passive_flow,0.50,combined_hard_shift,oracle_causal_mask,6,32,1.00000,1.00000,1.00000,1.00000,0.00000,0.00000,0.96875,0.00000,0.00001,0.00171,0.02077,1.00000,0.99400,1.00000,0.95813
passive_flow,0.50,combined_hard_shift,oracle_causal_mask,7,32,1.00000,1.00000,1.00000,1.00000,0.00000,0.00000,0.96875,0.00000,0.00001,0.00175,0.02045,1.00000,0.99400,1.00000,0.95813
passive_flow,0.50,combined_hard_shift,oracle_causal_mask,8,32,1.00000,1.00000,1.00000,1.00000,0.00000,0.00000,0.96875,0.00000,0.00001,0.00180,0.02063,1.00000,0.99400,1.00000,0.95813
passive_flow,0.50,combined_hard_shift,oracle_causal_mask,9,32,1.00000,1.00000,1.00000,1.00000,0.00000,0.00000,0.96875,0.03125,0.00001,0.00177,0.02087,1.00000,0.99400,1.00000,0.94687
passive_flow,0.50,combined_hard_shift,world_model_flow_predictor,0,32,0.79775,0.74130,0.88790,0.79642,0.20938,0.48736,0.65625,0.06250,0.10378,0.17403,0.18965,1.00000,0.41914,0.76274,0.60168
passive_flow,0.50,combined_hard_shift,world_model_flow_predictor,1,32,0.79339,0.71866,0.90660,0.86492,0.23520,0.45568,0.84375,0.06250,0.10477,0.17953,0.19656,1.00000,0.43605,0.77072,0.73199
passive_flow,0.50,combined_hard_shift,world_model_flow_predictor,2,32,0.80447,0.75656,0.88578,0.82928,0.20276,0.45229,0.62500,0.18750,0.10542,0.17219,0.18811,1.00000,0.42843,0.76848,0.53946
passive_flow,0.50,combined_hard_shift,world_model_flow_predictor,3,32,0.79070,0.73308,0.88403,0.82345,0.19905,0.49735,0.50000,0.12500,0.10580,0.18180,0.18826,1.00000,0.41411,0.76140,0.46915
passive_flow,0.50,combined_hard_shift,world_model_flow_predictor,4,32,0.78528,0.74256,0.85975,0.77364,0.20251,0.45433,0.46875,0.06250,0.10920,0.17483,0.18870,1.00000,0.40097,0.74749,0.46941
passive_flow,0.50,combined_hard_shift,world_model_flow_predictor,5,32,0.78945,0.71341,0.91279,0.87754,0.22300,0.46128,0.71875,0.18750,0.10587,0.19111,0.19444,1.00000,0.44488,0.77961,0.60105
passive_flow,0.50,combined_hard_shift,world_model_flow_predictor,6,32,0.78648,0.70854,0.90299,0.84209,0.23475,0.47318,0.68750,0.15625,0.10558,0.17845,0.19646,1.00000,0.43928,0.77156,0.58686
passive_flow,0.50,combined_hard_shift,world_model_flow_predictor,7,32,0.77763,0.70421,0.89871,0.83011,0.25761,0.41203,0.62500,0.21875,0.11139,0.18550,0.20235,1.00000,0.43243,0.76185,0.51896
passive_flow,0.50,combined_hard_shift,world_model_flow_predictor,8,32,0.81720,0.76042,0.91143,0.85998,0.19296,0.43580,0.65625,0.18750,0.10248,0.18177,0.18565,1.00000,0.43932,0.78297,0.56728
passive_flow,0.50,combined_hard_shift,world_model_flow_predictor,9,32,0.79768,0.76185,0.87000,0.79331,0.19131,0.46199,0.68750,0.06250,0.10366,0.17458,0.18659,1.00000,0.42212,0.76362,0.62734
passive_flow,0.75,combined_hard_shift,action_direction_projection,0,32,0.60155,0.49127,0.84922,0.68500,0.47288,0.45146,0.59375,0.18750,0.20099,0.27733,0.26543,1.00000,0.33512,0.65103,0.43866
passive_flow,0.75,combined_hard_shift,action_direction_projection,1,32,0.56472,0.43079,0.89228,0.75882,0.62853,0.44710,0.37500,0.12500,0.23761,0.32834,0.31341,1.00000,0.30096,0.61022,0.27883
passive_flow,0.75,combined_hard_shift,action_direction_projection,2,32,0.55418,0.43548,0.82366,0.61729,0.53848,0.46558,0.53125,0.09375,0.21409,0.29333,0.28654,1.00000,0.30643,0.61503,0.40805
passive_flow,0.75,combined_hard_shift,action_direction_projection,3,32,0.55764,0.43183,0.84782,0.67773,0.55658,0.44606,0.56250,0.28125,0.23101,0.31442,0.29406,1.00000,0.29423,0.61098,0.36149
passive_flow,0.75,combined_hard_shift,action_direction_projection,4,32,0.53988,0.41094,0.87410,0.70766,0.51021,0.46231,0.34375,0.25000,0.22849,0.31937,0.28090,1.00000,0.30570,0.63398,0.22412
passive_flow,0.75,combined_hard_shift,action_direction_projection,5,32,0.55930,0.43685,0.86879,0.69835,0.56736,0.43372,0.34375,0.25000,0.23148,0.31801,0.29620,1.00000,0.30538,0.61987,0.22039
passive_flow,0.75,combined_hard_shift,action_direction_projection,6,32,0.52978,0.40184,0.85623,0.70289,0.55718,0.51331,0.43750,0.25000,0.22930,0.31572,0.29380,1.00000,0.29587,0.61389,0.27702
passive_flow,0.75,combined_hard_shift,action_direction_projection,7,32,0.52240,0.37930,0.88998,0.76333,0.65517,0.50934,0.43750,0.25000,0.23847,0.33055,0.32007,1.00000,0.29557,0.60095,0.26277
passive_flow,0.75,combined_hard_shift,action_direction_projection,8,32,0.53992,0.40074,0.87609,0.70443,0.60188,0.44511,0.53125,0.25000,0.23754,0.32903,0.30698,1.00000,0.29977,0.61125,0.34268
passive_flow,0.75,combined_hard_shift,action_direction_projection,9,32,0.53451,0.40315,0.86583,0.71796,0.56782,0.51852,0.40625,0.21875,0.22385,0.31927,0.29631,1.00000,0.29793,0.61512,0.26571
passive_flow,0.75,combined_hard_shift,calibrated_tree_flow_proxy,0,32,0.78092,0.69226,0.91707,0.87175,0.27227,0.36531,0.71875,0.15625,0.11368,0.19082,0.22098,1.00000,0.39701,0.74498,0.60663
passive_flow,0.75,combined_hard_shift,calibrated_tree_flow_proxy,1,32,0.75908,0.65865,0.91279,0.87026,0.31471,0.35307,0.59375,0.18750,0.11962,0.19908,0.23305,1.00000,0.37693,0.72409,0.49752
passive_flow,0.75,combined_hard_shift,calibrated_tree_flow_proxy,2,32,0.77025,0.67535,0.91568,0.89641,0.30363,0.34551,0.59375,0.12500,0.11593,0.19115,0.22924,1.00000,0.38780,0.73293,0.52465
passive_flow,0.75,combined_hard_shift,calibrated_tree_flow_proxy,3,32,0.77580,0.68772,0.90410,0.86744,0.27436,0.33290,0.62500,0.12500,0.11668,0.19029,0.22215,1.00000,0.37723,0.73087,0.55144
passive_flow,0.75,combined_hard_shift,calibrated_tree_flow_proxy,4,32,0.76223,0.67323,0.90704,0.88168,0.28262,0.35763,0.50000,0.12500,0.11673,0.20224,0.22488,1.00000,0.38359,0.73312,0.45956
passive_flow,0.75,combined_hard_shift,calibrated_tree_flow_proxy,5,32,0.77373,0.69266,0.90045,0.88083,0.26878,0.31745,0.53125,0.15625,0.11741,0.19810,0.22136,1.00000,0.38091,0.73306,0.47609
passive_flow,0.75,combined_hard_shift,calibrated_tree_flow_proxy,6,32,0.77879,0.70648,0.88822,0.88662,0.24406,0.37435,0.84375,0.12500,0.11608,0.19366,0.21532,1.00000,0.37805,0.73383,0.70654
passive_flow,0.75,combined_hard_shift,calibrated_tree_flow_proxy,7,32,0.75908,0.65502,0.92295,0.92291,0.29865,0.37904,0.56250,0.12500,0.12188,0.20619,0.22907,1.00000,0.37646,0.73002,0.49923
passive_flow,0.75,combined_hard_shift,calibrated_tree_flow_proxy,8,32,0.72674,0.61502,0.90321,0.85980,0.35608,0.35763,0.62500,0.25000,0.11857,0.20008,0.24345,1.00000,0.38289,0.71560,0.48546
passive_flow,0.75,combined_hard_shift,calibrated_tree_flow_proxy,9,32,0.75561,0.65705,0.90692,0.88188,0.29002,0.38738,0.50000,0.03125,0.11567,0.19792,0.22675,1.00000,0.38208,0.73068,0.48928
passive_flow,0.75,combined_hard_shift,causal_scene_flow_model_v5,0,32,0.77197,0.66508,0.94254,0.90687,0.28250,0.48570,0.65625,0.15625,0.11360,0.19990,0.21653,1.00000,0.50608,0.80607,0.56033
passive_flow,0.75,combined_hard_shift,causal_scene_flow_model_v5,1,32,0.75488,0.66789,0.88993,0.86097,0.28072,0.56659,0.40625,0.03125,0.10640,0.17900,0.21468,1.00000,0.46390,0.77085,0.41873
passive_flow,0.75,combined_hard_shift,causal_scene_flow_model_v5,2,32,0.76103,0.65482,0.92553,0.91300,0.31246,0.51906,0.65625,0.09375,0.11139,0.19377,0.22338,1.00000,0.49532,0.78946,0.57349
passive_flow,0.75,combined_hard_shift,causal_scene_flow_model_v5,3,32,0.78084,0.71786,0.88118,0.83632,0.23487,0.57870,0.56250,0.03125,0.10418,0.17196,0.20319,1.00000,0.47276,0.78327,0.53852
passive_flow,0.75,combined_hard_shift,causal_scene_flow_model_v5,4,32,0.77318,0.69022,0.91367,0.88806,0.23547,0.52021,0.59375,0.03125,0.10966,0.19231,0.20468,1.00000,0.47961,0.79515,0.56403
passive_flow,0.75,combined_hard_shift,causal_scene_flow_model_v5,5,32,0.77403,0.69829,0.89310,0.87808,0.24258,0.56097,0.56250,0.03125,0.10716,0.18394,0.20582,1.00000,0.47361,0.78511,0.53779
passive_flow,0.75,combined_hard_shift,causal_scene_flow_model_v5,6,32,0.77123,0.68903,0.90424,0.90455,0.24372,0.60889,0.56250,0.12500,0.10594,0.18197,0.20577,1.00000,0.47655,0.78929,0.50108
passive_flow,0.75,combined_hard_shift,causal_scene_flow_model_v5,7,32,0.75024,0.65025,0.91688,0.90320,0.29019,0.61589,0.56250,0.09375,0.11479,0.19876,0.21838,1.00000,0.46830,0.77806,0.50163
passive_flow,0.75,combined_hard_shift,causal_scene_flow_model_v5,8,32,0.75413,0.67030,0.89193,0.84317,0.27741,0.56235,0.71875,0.06250,0.10925,0.18520,0.21467,1.00000,0.47481,0.77777,0.62759
passive_flow,0.75,combined_hard_shift,causal_scene_flow_model_v5,9,32,0.75009,0.64633,0.91345,0.89895,0.29070,0.67002,0.56250,0.09375,0.10625,0.18445,0.21710,1.00000,0.48064,0.78347,0.49895
passive_flow,0.75,combined_hard_shift,contrastive_action_flow,0,32,0.75326,0.70573,0.83815,0.73725,0.25057,0.30463,0.68750,0.15625,0.11685,0.17879,0.18417,1.00000,0.36156,0.71081,0.58247
passive_flow,0.75,combined_hard_shift,contrastive_action_flow,1,32,0.72376,0.66825,0.81510,0.70312,0.29872,0.28353,0.62500,0.18750,0.12394,0.19023,0.19886,1.00000,0.34404,0.68511,0.51516
passive_flow,0.75,combined_hard_shift,contrastive_action_flow,2,32,0.74327,0.69150,0.82872,0.73154,0.27378,0.27786,0.78125,0.15625,0.11969,0.17966,0.19088,1.00000,0.35166,0.69810,0.64380
passive_flow,0.75,combined_hard_shift,contrastive_action_flow,3,32,0.73923,0.69077,0.81636,0.71083,0.26210,0.28543,0.65625,0.18750,0.12155,0.18066,0.18842,1.00000,0.34096,0.69189,0.54460
passive_flow,0.75,combined_hard_shift,contrastive_action_flow,4,32,0.73699,0.68540,0.83221,0.73414,0.26635,0.31371,0.65625,0.18750,0.12040,0.19239,0.18964,1.00000,0.34937,0.69945,0.54294
passive_flow,0.75,combined_hard_shift,contrastive_action_flow,5,32,0.73552,0.69462,0.81264,0.71336,0.25897,0.26530,0.68750,0.06250,0.12180,0.18855,0.18819,1.00000,0.34588,0.69417,0.61274
passive_flow,0.75,combined_hard_shift,contrastive_action_flow,6,32,0.76462,0.73631,0.82084,0.75535,0.20635,0.29385,0.59375,0.03125,0.11998,0.18311,0.17430,1.00000,0.34231,0.70602,0.56904
passive_flow,0.75,combined_hard_shift,contrastive_action_flow,7,32,0.71447,0.65196,0.81893,0.70978,0.28787,0.31926,0.53125,0.12500,0.12525,0.19597,0.19606,1.00000,0.34217,0.68752,0.46999
passive_flow,0.75,combined_hard_shift,contrastive_action_flow,8,32,0.69424,0.61622,0.82132,0.70543,0.34491,0.30857,0.71875,0.21875,0.12292,0.19145,0.21019,1.00000,0.34918,0.67924,0.55706
passive_flow,0.75,combined_hard_shift,contrastive_action_flow,9,32,0.73366,0.68107,0.81379,0.71823,0.24525,0.29985,0.62500,0.00000,0.11857,0.18725,0.18479,1.00000,0.34652,0.69782,0.59120
passive_flow,0.75,combined_hard_shift,learned_correlation_classifier,0,32,0.75281,0.66301,0.89807,0.84598,0.31084,0.37158,0.53125,0.09375,0.12538,0.20380,0.20662,1.00000,0.36146,0.71307,0.48455
passive_flow,0.75,combined_hard_shift,learned_correlation_classifier,1,32,0.71518,0.60938,0.89841,0.85308,0.41369,0.35134,0.53125,0.12500,0.13301,0.21662,0.23554,1.00000,0.34915,0.68413,0.45268
passive_flow,0.75,combined_hard_shift,learned_correlation_classifier,2,32,0.73839,0.64485,0.88674,0.86157,0.34277,0.34184,0.56250,0.21875,0.12782,0.20431,0.21585,1.00000,0.35306,0.69874,0.45535
passive_flow,0.75,combined_hard_shift,learned_correlation_classifier,3,32,0.73318,0.63742,0.88595,0.83453,0.35316,0.34686,0.56250,0.25000,0.12962,0.20705,0.21885,1.00000,0.34664,0.69290,0.44102
passive_flow,0.75,combined_hard_shift,learned_correlation_classifier,4,32,0.73835,0.65083,0.89542,0.85352,0.33284,0.35593,0.62500,0.09375,0.12931,0.21804,0.21388,1.00000,0.35298,0.70313,0.54497
passive_flow,0.75,combined_hard_shift,learned_correlation_classifier,5,32,0.73619,0.64879,0.88538,0.84976,0.33811,0.31988,0.62500,0.15625,0.13032,0.21426,0.21536,1.00000,0.35067,0.69816,0.52305
passive_flow,0.75,combined_hard_shift,learned_correlation_classifier,6,32,0.75170,0.66778,0.88879,0.86668,0.29764,0.37728,0.62500,0.12500,0.12868,0.20948,0.20433,1.00000,0.34642,0.70574,0.53911
passive_flow,0.75,combined_hard_shift,learned_correlation_classifier,7,32,0.72916,0.62190,0.91049,0.88496,0.34962,0.36881,0.75000,0.09375,0.13358,0.22023,0.21818,1.00000,0.34688,0.70019,0.62786
passive_flow,0.75,combined_hard_shift,learned_correlation_classifier,8,32,0.69643,0.58204,0.89644,0.83652,0.42915,0.35387,0.50000,0.12500,0.13192,0.21730,0.23952,1.00000,0.35310,0.68228,0.42557
passive_flow,0.75,combined_hard_shift,learned_correlation_classifier,9,32,0.74296,0.64568,0.89304,0.85875,0.30622,0.36464,0.68750,0.21875,0.12700,0.21330,0.20689,1.00000,0.35112,0.70741,0.54764
passive_flow,0.75,combined_hard_shift,oracle_causal_mask,0,32,1.00000,1.00000,1.00000,1.00000,0.00000,0.00000,1.00000,0.06250,0.00001,0.00174,0.02125,1.00000,0.99400,1.00000,0.95750
passive_flow,0.75,combined_hard_shift,oracle_causal_mask,1,32,1.00000,1.00000,1.00000,1.00000,0.00000,0.00000,1.00000,0.03125,0.00001,0.00175,0.02127,1.00000,0.99400,1.00000,0.96875
passive_flow,0.75,combined_hard_shift,oracle_causal_mask,2,32,1.00000,1.00000,1.00000,1.00000,0.00000,0.00000,0.96875,0.03125,0.00001,0.00173,0.02132,1.00000,0.99400,1.00000,0.94687
passive_flow,0.75,combined_hard_shift,oracle_causal_mask,3,32,1.00000,1.00000,1.00000,1.00000,0.00000,0.00000,1.00000,0.00000,0.00001,0.00173,0.02126,1.00000,0.99400,1.00000,0.98000
passive_flow,0.75,combined_hard_shift,oracle_causal_mask,4,32,1.00000,1.00000,1.00000,1.00000,0.00000,0.00000,0.93750,0.00000,0.00001,0.00181,0.02114,1.00000,0.99400,1.00000,0.93625
passive_flow,0.75,combined_hard_shift,oracle_causal_mask,5,32,1.00000,1.00000,1.00000,1.00000,0.00000,0.00000,0.96875,0.03125,0.00001,0.00177,0.02115,1.00000,0.99400,1.00000,0.94688
passive_flow,0.75,combined_hard_shift,oracle_causal_mask,6,32,1.00000,1.00000,1.00000,1.00000,0.00000,0.00000,0.96875,0.00000,0.00001,0.00175,0.02123,1.00000,0.99400,1.00000,0.95813
passive_flow,0.75,combined_hard_shift,oracle_causal_mask,7,32,1.00000,1.00000,1.00000,1.00000,0.00000,0.00000,0.96875,0.00000,0.00001,0.00177,0.02107,1.00000,0.99400,1.00000,0.95813
passive_flow,0.75,combined_hard_shift,oracle_causal_mask,8,32,1.00000,1.00000,1.00000,1.00000,0.00000,0.00000,0.96875,0.00000,0.00001,0.00178,0.02125,1.00000,0.99400,1.00000,0.95813
passive_flow,0.75,combined_hard_shift,oracle_causal_mask,9,32,1.00000,1.00000,1.00000,1.00000,0.00000,0.00000,0.96875,0.03125,0.00001,0.00182,0.02131,1.00000,0.99400,1.00000,0.94687
passive_flow,0.75,combined_hard_shift,world_model_flow_predictor,0,32,0.78082,0.69407,0.91836,0.86039,0.25662,0.46152,0.65625,0.09375,0.11618,0.19641,0.20582,1.00000,0.43047,0.76616,0.58401
passive_flow,0.75,combined_hard_shift,world_model_flow_predictor,1,32,0.77393,0.73544,0.84495,0.76017,0.20331,0.48967,0.81250,0.09375,0.11158,0.17526,0.19239,1.00000,0.38979,0.73765,0.69357
passive_flow,0.75,combined_hard_shift,world_model_flow_predictor,2,32,0.77015,0.69187,0.89283,0.85752,0.27330,0.48842,0.59375,0.18750,0.11451,0.18951,0.20994,1.00000,0.41818,0.74946,0.49918
passive_flow,0.75,combined_hard_shift,world_model_flow_predictor,3,32,0.77652,0.74464,0.84021,0.76316,0.20261,0.54121,0.56250,0.12500,0.10988,0.16970,0.19160,1.00000,0.39627,0.73994,0.50500
passive_flow,0.75,combined_hard_shift,world_model_flow_predictor,4,32,0.78434,0.73820,0.87552,0.80392,0.19956,0.48136,0.56250,0.03125,0.11350,0.18946,0.19180,1.00000,0.40542,0.75455,0.54571
passive_flow,0.75,combined_hard_shift,world_model_flow_predictor,5,32,0.77802,0.73456,0.85386,0.79073,0.20107,0.52576,0.65625,0.18750,0.11169,0.18109,0.19179,1.00000,0.39902,0.74526,0.55012
passive_flow,0.75,combined_hard_shift,world_model_flow_predictor,6,32,0.77755,0.73481,0.85444,0.80153,0.19894,0.55615,0.71875,0.18750,0.11120,0.17851,0.19123,1.00000,0.39892,0.74583,0.59229
passive_flow,0.75,combined_hard_shift,world_model_flow_predictor,7,32,0.76119,0.68809,0.88312,0.84306,0.24984,0.58506,0.68750,0.15625,0.11717,0.19239,0.20424,1.00000,0.39411,0.73958,0.57045
passive_flow,0.75,combined_hard_shift,world_model_flow_predictor,8,32,0.75588,0.70515,0.85148,0.75689,0.23520,0.53130,0.62500,0.21875,0.11287,0.18224,0.20069,1.00000,0.40082,0.73807,0.50816
passive_flow,0.75,combined_hard_shift,world_model_flow_predictor,9,32,0.75671,0.68183,0.87186,0.80675,0.24832,0.62722,0.59375,0.03125,0.11011,0.18217,0.20325,1.00000,0.40301,0.74162,0.54701
passive_flow,1.00,combined_hard_shift,action_direction_projection,0,32,0.61768,0.50885,0.86685,0.68076,0.46821,0.50287,0.56250,0.21875,0.20746,0.28330,0.26705,1.00000,0.33976,0.65905,0.40656
passive_flow,1.00,combined_hard_shift,action_direction_projection,1,32,0.60468,0.48743,0.86957,0.68397,0.47468,0.47958,0.40625,0.06250,0.21026,0.29017,0.26947,1.00000,0.34379,0.66043,0.35214
passive_flow,1.00,combined_hard_shift,action_direction_projection,2,32,0.55325,0.41880,0.88760,0.73283,0.60218,0.53305,0.50000,0.09375,0.23437,0.32241,0.30726,1.00000,0.32051,0.62496,0.37552
passive_flow,1.00,combined_hard_shift,action_direction_projection,3,32,0.52790,0.38831,0.85843,0.67205,0.56430,0.55371,0.43750,0.18750,0.23620,0.31908,0.29844,1.00000,0.29386,0.61185,0.29570
passive_flow,1.00,combined_hard_shift,action_direction_projection,4,32,0.58741,0.47431,0.85950,0.67271,0.48901,0.47275,0.43750,0.25000,0.21418,0.29618,0.27435,1.00000,0.33762,0.65145,0.30136
passive_flow,1.00,combined_hard_shift,action_direction_projection,5,32,0.53624,0.40491,0.86642,0.71344,0.56811,0.52792,0.31250,0.21875,0.23503,0.31283,0.29833,1.00000,0.30945,0.62120,0.20049
passive_flow,1.00,combined_hard_shift,action_direction_projection,6,32,0.54281,0.41043,0.86675,0.68183,0.53695,0.49645,0.34375,0.31250,0.23726,0.32352,0.29188,1.00000,0.29623,0.62127,0.19531
passive_flow,1.00,combined_hard_shift,action_direction_projection,7,32,0.52004,0.38062,0.88359,0.73796,0.68088,0.53281,0.46875,0.31250,0.25374,0.33564,0.33151,1.00000,0.28077,0.58594,0.25547
passive_flow,1.00,combined_hard_shift,action_direction_projection,8,32,0.57849,0.45843,0.85170,0.68181,0.51618,0.51338,0.53125,0.18750,0.21590,0.29603,0.28261,1.00000,0.32513,0.63694,0.38062
passive_flow,1.00,combined_hard_shift,action_direction_projection,9,32,0.60874,0.49442,0.86534,0.69817,0.48136,0.45735,0.50000,0.15625,0.21107,0.28753,0.27125,1.00000,0.33642,0.65403,0.38443
passive_flow,1.00,combined_hard_shift,calibrated_tree_flow_proxy,0,32,0.77049,0.67732,0.91624,0.88137,0.29162,0.41739,0.65625,0.18750,0.11496,0.19482,0.22849,1.00000,0.39274,0.73829,0.54371
passive_flow,1.00,combined_hard_shift,calibrated_tree_flow_proxy,1,32,0.76487,0.66877,0.91677,0.86553,0.31884,0.39743,0.56250,0.18750,0.11444,0.19529,0.23503,1.00000,0.39627,0.73428,0.47464
passive_flow,1.00,combined_hard_shift,calibrated_tree_flow_proxy,2,32,0.72298,0.61035,0.90779,0.85894,0.35880,0.38464,0.59375,0.12500,0.12321,0.21310,0.24732,1.00000,0.37714,0.71320,0.50575
passive_flow,1.00,combined_hard_shift,calibrated_tree_flow_proxy,3,32,0.74429,0.64645,0.90436,0.85225,0.33377,0.35778,0.65625,0.12500,0.12075,0.20006,0.23993,1.00000,0.37300,0.71566,0.55782
passive_flow,1.00,combined_hard_shift,calibrated_tree_flow_proxy,4,32,0.74313,0.65038,0.90167,0.86914,0.31620,0.40902,0.59375,0.15625,0.11749,0.20213,0.23562,1.00000,0.38852,0.72690,0.50302
passive_flow,1.00,combined_hard_shift,calibrated_tree_flow_proxy,5,32,0.74400,0.65155,0.89665,0.87180,0.33094,0.39166,0.53125,0.21875,0.12224,0.20717,0.24021,1.00000,0.37200,0.71376,0.43460
passive_flow,1.00,combined_hard_shift,calibrated_tree_flow_proxy,6,32,0.72485,0.62344,0.88846,0.83628,0.33190,0.37364,0.75000,0.09375,0.12234,0.20258,0.24064,1.00000,0.37171,0.71127,0.63033
passive_flow,1.00,combined_hard_shift,calibrated_tree_flow_proxy,7,32,0.72526,0.62021,0.90489,0.90789,0.36177,0.36711,0.50000,0.12500,0.12701,0.20886,0.24842,1.00000,0.36366,0.70478,0.44017
passive_flow,1.00,combined_hard_shift,calibrated_tree_flow_proxy,8,32,0.76309,0.68448,0.88848,0.86359,0.31355,0.38135,0.65625,0.15625,0.11745,0.19202,0.23509,1.00000,0.37974,0.71949,0.55105
passive_flow,1.00,combined_hard_shift,calibrated_tree_flow_proxy,9,32,0.75433,0.65697,0.91307,0.86757,0.33751,0.37504,0.53125,0.03125,0.11591,0.19019,0.23946,1.00000,0.39333,0.72768,0.50564
passive_flow,1.00,combined_hard_shift,causal_scene_flow_model_v5,0,32,0.75709,0.65722,0.92768,0.91048,0.27180,0.58552,0.71875,0.15625,0.11162,0.20053,0.21644,1.00000,0.49397,0.79826,0.59605
passive_flow,1.00,combined_hard_shift,causal_scene_flow_model_v5,1,32,0.73878,0.63668,0.90186,0.87424,0.29547,0.54585,0.40625,0.00000,0.10931,0.19390,0.22159,1.00000,0.49323,0.78596,0.42869
passive_flow,1.00,combined_hard_shift,causal_scene_flow_model_v5,2,32,0.70540,0.59424,0.88921,0.84615,0.33923,0.59118,0.56250,0.12500,0.12127,0.20903,0.23439,1.00000,0.45748,0.75445,0.47597
passive_flow,1.00,combined_hard_shift,causal_scene_flow_model_v5,3,32,0.74333,0.65275,0.89057,0.84870,0.27513,0.60245,0.50000,0.03125,0.11543,0.19222,0.21729,1.00000,0.46146,0.77098,0.48104
passive_flow,1.00,combined_hard_shift,causal_scene_flow_model_v5,4,32,0.74450,0.64651,0.90615,0.88375,0.28335,0.55901,0.59375,0.00000,0.11406,0.20433,0.21998,1.00000,0.48761,0.78682,0.56162
passive_flow,1.00,combined_hard_shift,causal_scene_flow_model_v5,5,32,0.72971,0.63194,0.89706,0.88435,0.27819,0.53075,0.59375,0.06250,0.11997,0.20847,0.21983,1.00000,0.45540,0.76884,0.53691
passive_flow,1.00,combined_hard_shift,causal_scene_flow_model_v5,6,32,0.72439,0.62561,0.88255,0.83437,0.29128,0.69545,0.40625,0.12500,0.11651,0.19143,0.22161,1.00000,0.46014,0.76466,0.37036
passive_flow,1.00,combined_hard_shift,causal_scene_flow_model_v5,7,32,0.75578,0.66402,0.89479,0.89611,0.27386,0.60489,0.59375,0.09375,0.11535,0.19594,0.21735,1.00000,0.44948,0.76613,0.52558
passive_flow,1.00,combined_hard_shift,causal_scene_flow_model_v5,8,32,0.75069,0.66313,0.89424,0.87414,0.29202,0.56744,0.65625,0.03125,0.11473,0.18890,0.22159,1.00000,0.46284,0.76894,0.59142
passive_flow,1.00,combined_hard_shift,causal_scene_flow_model_v5,9,32,0.76171,0.66211,0.92054,0.89825,0.29546,0.62693,0.59375,0.09375,0.10897,0.18518,0.22030,1.00000,0.49645,0.79249,0.52578
passive_flow,1.00,combined_hard_shift,contrastive_action_flow,0,32,0.76234,0.71398,0.85191,0.75214,0.25847,0.34485,0.71875,0.15625,0.11917,0.18410,0.18868,1.00000,0.35750,0.71054,0.60241
passive_flow,1.00,combined_hard_shift,contrastive_action_flow,1,32,0.73904,0.68839,0.82836,0.71823,0.29023,0.35109,0.68750,0.15625,0.11938,0.18541,0.19736,1.00000,0.36100,0.69924,0.57126
passive_flow,1.00,combined_hard_shift,contrastive_action_flow,2,32,0.69811,0.61858,0.83340,0.73482,0.34239,0.37199,0.59375,0.15625,0.12755,0.20471,0.21254,1.00000,0.34371,0.68009,0.48928
passive_flow,1.00,combined_hard_shift,contrastive_action_flow,3,32,0.71070,0.65654,0.81390,0.66983,0.31394,0.31761,0.62500,0.21875,0.12590,0.19068,0.20467,1.00000,0.33648,0.67751,0.49703
passive_flow,1.00,combined_hard_shift,contrastive_action_flow,4,32,0.73331,0.67880,0.83478,0.72443,0.27858,0.35644,0.62500,0.15625,0.12096,0.19200,0.19488,1.00000,0.35648,0.70112,0.52790
passive_flow,1.00,combined_hard_shift,contrastive_action_flow,5,32,0.71381,0.65857,0.81505,0.69749,0.31615,0.36362,0.56250,0.03125,0.12783,0.19809,0.20602,1.00000,0.33527,0.67670,0.51816
passive_flow,1.00,combined_hard_shift,contrastive_action_flow,6,32,0.70555,0.64211,0.81151,0.66957,0.29521,0.33656,0.56250,0.09375,0.12664,0.19334,0.20069,1.00000,0.33709,0.68133,0.49903
passive_flow,1.00,combined_hard_shift,contrastive_action_flow,7,32,0.68337,0.60601,0.81652,0.74400,0.35967,0.34877,0.56250,0.21875,0.13294,0.20044,0.21783,1.00000,0.32716,0.66329,0.43985
passive_flow,1.00,combined_hard_shift,contrastive_action_flow,8,32,0.73894,0.69527,0.81208,0.69864,0.28208,0.36010,0.75000,0.15625,0.12244,0.18219,0.19636,1.00000,0.34478,0.68837,0.61413
passive_flow,1.00,combined_hard_shift,contrastive_action_flow,9,32,0.72787,0.67098,0.83151,0.71353,0.31198,0.34356,0.65625,0.03125,0.12058,0.17978,0.20235,1.00000,0.35802,0.69373,0.58978
passive_flow,1.00,combined_hard_shift,learned_correlation_classifier,0,32,0.74872,0.66096,0.90504,0.85090,0.34019,0.42098,0.53125,0.12500,0.12751,0.20829,0.21689,1.00000,0.35950,0.70741,0.46548
passive_flow,1.00,combined_hard_shift,learned_correlation_classifier,1,32,0.74252,0.65028,0.90425,0.83728,0.36714,0.40447,0.59375,0.12500,0.12765,0.21010,0.22399,1.00000,0.36341,0.70331,0.50550
passive_flow,1.00,combined_hard_shift,learned_correlation_classifier,2,32,0.68322,0.56724,0.88953,0.82340,0.43569,0.42287,0.50000,0.21875,0.13590,0.22873,0.24456,1.00000,0.34971,0.67727,0.38418
passive_flow,1.00,combined_hard_shift,learned_correlation_classifier,3,32,0.72064,0.62653,0.88711,0.81268,0.37921,0.35381,0.56250,0.21875,0.13388,0.21604,0.22867,1.00000,0.34199,0.68505,0.44577
passive_flow,1.00,combined_hard_shift,learned_correlation_classifier,4,32,0.71841,0.62869,0.88362,0.83302,0.35734,0.41009,0.56250,0.18750,0.13021,0.21703,0.22289,1.00000,0.35748,0.69702,0.45735
passive_flow,1.00,combined_hard_shift,learned_correlation_classifier,5,32,0.71163,0.61476,0.88575,0.85348,0.40528,0.40912,0.59375,0.18750,0.13597,0.22250,0.23627,1.00000,0.34195,0.67895,0.47028
passive_flow,1.00,combined_hard_shift,learned_correlation_classifier,6,32,0.70462,0.59855,0.88677,0.81342,0.37769,0.38396,0.50000,0.06250,0.13507,0.21904,0.22901,1.00000,0.34227,0.68545,0.45413
passive_flow,1.00,combined_hard_shift,learned_correlation_classifier,7,32,0.68631,0.57458,0.89833,0.87859,0.44923,0.38077,0.59375,0.09375,0.14221,0.22557,0.24844,1.00000,0.33253,0.66765,0.49505
passive_flow,1.00,combined_hard_shift,learned_correlation_classifier,8,32,0.74370,0.66151,0.88183,0.84637,0.35061,0.38974,0.59375,0.12500,0.12988,0.20768,0.22098,1.00000,0.35149,0.69492,0.50755
passive_flow,1.00,combined_hard_shift,learned_correlation_classifier,9,32,0.72851,0.63302,0.89618,0.82228,0.38097,0.39391,0.71875,0.25000,0.12959,0.20631,0.22776,1.00000,0.35849,0.69561,0.54381
passive_flow,1.00,combined_hard_shift,oracle_causal_mask,0,32,1.00000,1.00000,1.00000,1.00000,0.00000,0.00000,1.00000,0.06250,0.00001,0.00174,0.02191,1.00000,0.99400,1.00000,0.95750
passive_flow,1.00,combined_hard_shift,oracle_causal_mask,1,32,1.00000,1.00000,1.00000,1.00000,0.00000,0.00000,1.00000,0.03125,0.00001,0.00174,0.02186,1.00000,0.99400,1.00000,0.96875
passive_flow,1.00,combined_hard_shift,oracle_causal_mask,2,32,1.00000,1.00000,1.00000,1.00000,0.00000,0.00000,0.96875,0.03125,0.00001,0.00183,0.02172,1.00000,0.99400,1.00000,0.94687
passive_flow,1.00,combined_hard_shift,oracle_causal_mask,3,32,1.00000,1.00000,1.00000,1.00000,0.00000,0.00000,1.00000,0.00000,0.00001,0.00177,0.02179,1.00000,0.99400,1.00000,0.98000
passive_flow,1.00,combined_hard_shift,oracle_causal_mask,4,32,1.00000,1.00000,1.00000,1.00000,0.00000,0.00000,0.93750,0.00000,0.00001,0.00180,0.02181,1.00000,0.99400,1.00000,0.93625
passive_flow,1.00,combined_hard_shift,oracle_causal_mask,5,32,1.00000,1.00000,1.00000,1.00000,0.00000,0.00000,0.96875,0.03125,0.00001,0.00180,0.02176,1.00000,0.99400,1.00000,0.94688
passive_flow,1.00,combined_hard_shift,oracle_causal_mask,6,32,1.00000,1.00000,1.00000,1.00000,0.00000,0.00000,0.96875,0.00000,0.00001,0.00178,0.02188,1.00000,0.99400,1.00000,0.95813
passive_flow,1.00,combined_hard_shift,oracle_causal_mask,7,32,1.00000,1.00000,1.00000,1.00000,0.00000,0.00000,0.96875,0.00000,0.00001,0.00176,0.02182,1.00000,0.99400,1.00000,0.95813
passive_flow,1.00,combined_hard_shift,oracle_causal_mask,8,32,1.00000,1.00000,1.00000,1.00000,0.00000,0.00000,0.96875,0.00000,0.00001,0.00173,0.02203,1.00000,0.99400,1.00000,0.95813
passive_flow,1.00,combined_hard_shift,oracle_causal_mask,9,32,1.00000,1.00000,1.00000,1.00000,0.00000,0.00000,0.96875,0.03125,0.00001,0.00171,0.02188,1.00000,0.99400,1.00000,0.94687
passive_flow,1.00,combined_hard_shift,world_model_flow_predictor,0,32,0.77896,0.71084,0.89777,0.84233,0.22323,0.55649,0.62500,0.06250,0.11462,0.19563,0.20023,1.00000,0.42073,0.76309,0.57103
passive_flow,1.00,combined_hard_shift,world_model_flow_predictor,1,32,0.76302,0.69695,0.87334,0.80023,0.23022,0.50667,0.78125,0.06250,0.11255,0.18941,0.20162,1.00000,0.42017,0.75491,0.67902
passive_flow,1.00,combined_hard_shift,world_model_flow_predictor,2,32,0.72305,0.64619,0.85365,0.77212,0.28208,0.54886,0.59375,0.18750,0.12236,0.20413,0.21671,1.00000,0.38943,0.72240,0.48372
passive_flow,1.00,combined_hard_shift,world_model_flow_predictor,3,32,0.76189,0.70441,0.86275,0.77992,0.23121,0.57704,0.46875,0.12500,0.11876,0.18795,0.20237,1.00000,0.38843,0.73543,0.43091
passive_flow,1.00,combined_hard_shift,world_model_flow_predictor,4,32,0.76015,0.68698,0.88019,0.82147,0.24229,0.54835,0.53125,0.06250,0.11683,0.20120,0.20578,1.00000,0.41501,0.75135,0.49918
passive_flow,1.00,combined_hard_shift,world_model_flow_predictor,5,32,0.75398,0.68817,0.86158,0.79662,0.22911,0.50045,0.71875,0.15625,0.12218,0.20277,0.20362,1.00000,0.38553,0.73408,0.59808
passive_flow,1.00,combined_hard_shift,world_model_flow_predictor,6,32,0.73748,0.67805,0.84167,0.74323,0.24024,0.63532,0.75000,0.25000,0.11894,0.18753,0.20542,1.00000,0.38785,0.72766,0.57337
passive_flow,1.00,combined_hard_shift,world_model_flow_predictor,7,32,0.76721,0.71646,0.85254,0.80938,0.22566,0.56789,0.65625,0.21875,0.11858,0.18994,0.20159,1.00000,0.37672,0.72791,0.52957
passive_flow,1.00,combined_hard_shift,world_model_flow_predictor,8,32,0.75113,0.69668,0.84453,0.75618,0.24621,0.51886,0.59375,0.25000,0.11812,0.18485,0.20697,1.00000,0.39238,0.72945,0.47266
passive_flow,1.00,combined_hard_shift,world_model_flow_predictor,9,32,0.77425,0.70924,0.88069,0.80389,0.23951,0.58852,0.75000,0.06250,0.11270,0.18242,0.20307,1.00000,0.42086,0.75513,0.65294
passive_flow,1.25,combined_hard_shift,action_direction_projection,0,32,0.50863,0.37343,0.85152,0.66884,0.57331,0.51014,0.53125,0.28125,0.24982,0.33122,0.30591,1.00000,0.28884,0.60547,0.32526
passive_flow,1.25,combined_hard_shift,action_direction_projection,1,32,0.57645,0.46161,0.85916,0.72193,0.53124,0.54824,0.40625,0.09375,0.22633,0.29924,0.28904,1.00000,0.31296,0.62925,0.32172
passive_flow,1.25,combined_hard_shift,action_direction_projection,2,32,0.57843,0.46439,0.86071,0.68173,0.50355,0.55537,0.46875,0.15625,0.22193,0.29362,0.28049,1.00000,0.32330,0.64112,0.34761
passive_flow,1.25,combined_hard_shift,action_direction_projection,3,32,0.59299,0.47178,0.86365,0.69298,0.50402,0.52305,0.53125,0.21875,0.22387,0.29773,0.28162,1.00000,0.31960,0.63986,0.37292
passive_flow,1.25,combined_hard_shift,action_direction_projection,4,32,0.57284,0.45498,0.86434,0.71120,0.50076,0.52707,0.37500,0.21875,0.21709,0.29886,0.28015,1.00000,0.33142,0.64690,0.26132
passive_flow,1.25,combined_hard_shift,action_direction_projection,5,32,0.58152,0.45949,0.87213,0.74484,0.56837,0.56559,0.34375,0.15625,0.23496,0.30216,0.29910,1.00000,0.31208,0.62399,0.25016
passive_flow,1.25,combined_hard_shift,action_direction_projection,6,32,0.53520,0.40013,0.87471,0.73270,0.63365,0.61011,0.40625,0.34375,0.24797,0.32891,0.32036,1.00000,0.29000,0.59882,0.20547
passive_flow,1.25,combined_hard_shift,action_direction_projection,7,32,0.52997,0.39159,0.88719,0.73160,0.61241,0.56512,0.34375,0.28125,0.25677,0.34154,0.31624,1.00000,0.28929,0.60637,0.18954
passive_flow,1.25,combined_hard_shift,action_direction_projection,8,32,0.50930,0.36980,0.87427,0.72938,0.70946,0.66886,0.43750,0.28125,0.27073,0.35535,0.34555,1.00000,0.25353,0.56306,0.22879
passive_flow,1.25,combined_hard_shift,action_direction_projection,9,32,0.56838,0.45001,0.85102,0.68033,0.47832,0.53017,0.40625,0.18750,0.20723,0.28352,0.27257,1.00000,0.32451,0.64478,0.29598
passive_flow,1.25,combined_hard_shift,calibrated_tree_flow_proxy,0,32,0.68732,0.56865,0.89602,0.87628,0.43467,0.41414,0.59375,0.21875,0.13145,0.21520,0.26995,1.00000,0.36069,0.68489,0.45202
passive_flow,1.25,combined_hard_shift,calibrated_tree_flow_proxy,1,32,0.73239,0.64142,0.88998,0.90728,0.35371,0.44686,0.53125,0.21875,0.12471,0.20255,0.24812,1.00000,0.36669,0.70426,0.42556
passive_flow,1.25,combined_hard_shift,calibrated_tree_flow_proxy,2,32,0.75258,0.66450,0.90220,0.88106,0.32284,0.45352,0.65625,0.18750,0.11932,0.19982,0.23907,1.00000,0.37872,0.72048,0.53279
passive_flow,1.25,combined_hard_shift,calibrated_tree_flow_proxy,3,32,0.73444,0.62355,0.91601,0.90870,0.40032,0.43355,0.59375,0.09375,0.12531,0.20113,0.25901,1.00000,0.37455,0.70485,0.50992
passive_flow,1.25,combined_hard_shift,calibrated_tree_flow_proxy,4,32,0.75641,0.66289,0.90087,0.88120,0.30207,0.41013,0.56250,0.09375,0.11825,0.20091,0.23445,1.00000,0.38583,0.72840,0.50758
passive_flow,1.25,combined_hard_shift,calibrated_tree_flow_proxy,5,32,0.73272,0.64245,0.90357,0.89628,0.38662,0.41349,0.50000,0.18750,0.12726,0.20363,0.25587,1.00000,0.36712,0.70077,0.41262
passive_flow,1.25,combined_hard_shift,calibrated_tree_flow_proxy,6,32,0.71748,0.60880,0.89718,0.87861,0.38633,0.45968,0.78125,0.15625,0.12569,0.20352,0.25616,1.00000,0.36684,0.69903,0.61537
passive_flow,1.25,combined_hard_shift,calibrated_tree_flow_proxy,7,32,0.71213,0.60001,0.91003,0.89151,0.41063,0.43738,0.53125,0.06250,0.12993,0.21251,0.26280,1.00000,0.36220,0.69462,0.47115
passive_flow,1.25,combined_hard_shift,calibrated_tree_flow_proxy,8,32,0.70033,0.59911,0.87685,0.85951,0.40579,0.42685,0.62500,0.21875,0.12844,0.20531,0.26248,1.00000,0.35678,0.68423,0.47860
passive_flow,1.25,combined_hard_shift,calibrated_tree_flow_proxy,9,32,0.76608,0.67819,0.90423,0.87370,0.30267,0.35568,0.53125,0.03125,0.11555,0.19148,0.23363,1.00000,0.38791,0.73023,0.51316
passive_flow,1.25,combined_hard_shift,causal_scene_flow_model_v5,0,32,0.68821,0.57428,0.88460,0.86656,0.34496,0.56334,0.65625,0.15625,0.13069,0.21138,0.23957,1.00000,0.43871,0.74223,0.52711
passive_flow,1.25,combined_hard_shift,causal_scene_flow_model_v5,1,32,0.71069,0.60517,0.89366,0.89793,0.30549,0.66477,0.28125,0.00000,0.12455,0.20367,0.22861,1.00000,0.45132,0.75983,0.32522
passive_flow,1.25,combined_hard_shift,causal_scene_flow_model_v5,2,32,0.74120,0.64523,0.90203,0.88468,0.29187,0.62212,0.65625,0.09375,0.11505,0.19898,0.22351,1.00000,0.47368,0.77663,0.56506
passive_flow,1.25,combined_hard_shift,causal_scene_flow_model_v5,3,32,0.71480,0.59976,0.89973,0.86863,0.35251,0.64577,0.43750,0.06250,0.12375,0.19998,0.23926,1.00000,0.45791,0.75449,0.40761
passive_flow,1.25,combined_hard_shift,causal_scene_flow_model_v5,4,32,0.72847,0.63649,0.89450,0.86944,0.28511,0.64325,0.53125,0.03125,0.11946,0.20605,0.22373,1.00000,0.47564,0.77718,0.49763
passive_flow,1.25,combined_hard_shift,causal_scene_flow_model_v5,5,32,0.72445,0.63744,0.87159,0.84057,0.29079,0.51176,0.59375,0.06250,0.12383,0.20300,0.22523,1.00000,0.45136,0.75735,0.53432
passive_flow,1.25,combined_hard_shift,causal_scene_flow_model_v5,6,32,0.73498,0.64396,0.89071,0.90679,0.29097,0.62978,0.56250,0.12500,0.12002,0.19209,0.22367,1.00000,0.44930,0.76121,0.48499
passive_flow,1.25,combined_hard_shift,causal_scene_flow_model_v5,7,32,0.72998,0.62670,0.89955,0.87743,0.32266,0.67040,0.53125,0.09375,0.11899,0.19308,0.23057,1.00000,0.43926,0.75131,0.46614
passive_flow,1.25,combined_hard_shift,causal_scene_flow_model_v5,8,32,0.72322,0.63294,0.86312,0.83174,0.30849,0.72920,0.68750,0.00000,0.11208,0.17604,0.22654,1.00000,0.43871,0.74467,0.60555
passive_flow,1.25,combined_hard_shift,causal_scene_flow_model_v5,9,32,0.73372,0.62680,0.91704,0.90364,0.29431,0.65003,0.59375,0.09375,0.11957,0.20300,0.22538,1.00000,0.48997,0.78847,0.51957
passive_flow,1.25,combined_hard_shift,contrastive_action_flow,0,32,0.65413,0.56940,0.80704,0.70425,0.42045,0.42183,0.50000,0.18750,0.13764,0.20704,0.23670,1.00000,0.32348,0.64554,0.38886
passive_flow,1.25,combined_hard_shift,contrastive_action_flow,1,32,0.72000,0.67360,0.81303,0.76961,0.30863,0.41484,0.68750,0.21875,0.13014,0.19242,0.20617,1.00000,0.32941,0.67478,0.53675
passive_flow,1.25,combined_hard_shift,contrastive_action_flow,2,32,0.72686,0.68915,0.81181,0.72565,0.29215,0.42592,0.62500,0.18750,0.12475,0.18992,0.20102,1.00000,0.34110,0.68417,0.50778
passive_flow,1.25,combined_hard_shift,contrastive_action_flow,3,32,0.71855,0.65199,0.83363,0.75008,0.35362,0.41545,0.62500,0.18750,0.13139,0.19181,0.21712,1.00000,0.33911,0.67528,0.49864
passive_flow,1.25,combined_hard_shift,contrastive_action_flow,4,32,0.73104,0.67586,0.82187,0.74440,0.27892,0.36932,0.62500,0.12500,0.12237,0.19105,0.19774,1.00000,0.35156,0.69514,0.53725
passive_flow,1.25,combined_hard_shift,contrastive_action_flow,5,32,0.69881,0.64201,0.81753,0.75725,0.37442,0.42084,0.56250,0.09375,0.13421,0.19479,0.22283,1.00000,0.32960,0.66158,0.48102
passive_flow,1.25,combined_hard_shift,contrastive_action_flow,6,32,0.68011,0.60655,0.80829,0.69722,0.37641,0.47913,0.46875,0.12500,0.13175,0.19533,0.22377,1.00000,0.33128,0.65961,0.39718
passive_flow,1.25,combined_hard_shift,contrastive_action_flow,7,32,0.68532,0.61850,0.80632,0.67686,0.36162,0.41632,0.53125,0.15625,0.13639,0.20478,0.22122,1.00000,0.32614,0.65968,0.43606
passive_flow,1.25,combined_hard_shift,contrastive_action_flow,8,32,0.67131,0.60506,0.79723,0.68958,0.38822,0.44721,0.62500,0.28125,0.13529,0.19820,0.22818,1.00000,0.31919,0.64785,0.44798
passive_flow,1.25,combined_hard_shift,contrastive_action_flow,9,32,0.73347,0.68175,0.81806,0.71487,0.28518,0.31723,0.59375,0.00000,0.11958,0.18038,0.19842,1.00000,0.35067,0.69231,0.56280
passive_flow,1.25,combined_hard_shift,learned_correlation_classifier,0,32,0.66777,0.54675,0.89446,0.86997,0.48772,0.44145,0.37500,0.15625,0.14564,0.23131,0.26174,1.00000,0.33051,0.65713,0.30694
passive_flow,1.25,combined_hard_shift,learned_correlation_classifier,1,32,0.71128,0.61892,0.87836,0.87778,0.39320,0.45952,0.46875,0.09375,0.13832,0.21799,0.23547,1.00000,0.33552,0.67634,0.41459
passive_flow,1.25,combined_hard_shift,learned_correlation_classifier,2,32,0.73232,0.64660,0.89067,0.85401,0.36613,0.46906,0.50000,0.25000,0.13400,0.21647,0.22714,1.00000,0.34487,0.69035,0.38793
passive_flow,1.25,combined_hard_shift,learned_correlation_classifier,3,32,0.71321,0.60744,0.89663,0.85457,0.43624,0.44314,0.40625,0.28125,0.13875,0.21573,0.24612,1.00000,0.34409,0.67608,0.29943
passive_flow,1.25,combined_hard_shift,learned_correlation_classifier,4,32,0.73507,0.64197,0.89131,0.85233,0.34416,0.41878,0.65625,0.15625,0.12986,0.21511,0.22130,1.00000,0.35647,0.70139,0.53848
passive_flow,1.25,combined_hard_shift,learned_correlation_classifier,5,32,0.70840,0.61800,0.89051,0.87302,0.43297,0.45047,0.59375,0.15625,0.14306,0.22069,0.24584,1.00000,0.33453,0.67023,0.47416
passive_flow,1.25,combined_hard_shift,learned_correlation_classifier,6,32,0.68430,0.56786,0.88610,0.83247,0.45592,0.50844,0.46875,0.15625,0.14078,0.22161,0.25218,1.00000,0.33628,0.66495,0.37594
passive_flow,1.25,combined_hard_shift,learned_correlation_classifier,7,32,0.69269,0.57948,0.90314,0.87682,0.45861,0.44846,0.62500,0.09375,0.14503,0.23043,0.25331,1.00000,0.33399,0.66760,0.51275
passive_flow,1.25,combined_hard_shift,learned_correlation_classifier,8,32,0.66931,0.55717,0.87802,0.84979,0.48942,0.49449,0.43750,0.12500,0.14513,0.22607,0.26254,1.00000,0.32538,0.64981,0.35792
passive_flow,1.25,combined_hard_shift,learned_correlation_classifier,9,32,0.74798,0.66288,0.88490,0.82983,0.32653,0.35674,0.78125,0.21875,0.12691,0.20515,0.21598,1.00000,0.35352,0.70207,0.61146
passive_flow,1.25,combined_hard_shift,oracle_causal_mask,0,32,1.00000,1.00000,1.00000,1.00000,0.00000,0.00000,1.00000,0.06250,0.00001,0.00181,0.02248,1.00000,0.99400,1.00000,0.95750
passive_flow,1.25,combined_hard_shift,oracle_causal_mask,1,32,1.00000,1.00000,1.00000,1.00000,0.00000,0.00000,1.00000,0.03125,0.00001,0.00176,0.02245,1.00000,0.99400,1.00000,0.96875
passive_flow,1.25,combined_hard_shift,oracle_causal_mask,2,32,1.00000,1.00000,1.00000,1.00000,0.00000,0.00000,0.96875,0.03125,0.00001,0.00179,0.02237,1.00000,0.99400,1.00000,0.94687
passive_flow,1.25,combined_hard_shift,oracle_causal_mask,3,32,1.00000,1.00000,1.00000,1.00000,0.00000,0.00000,1.00000,0.00000,0.00001,0.00171,0.02252,1.00000,0.99400,1.00000,0.98000
passive_flow,1.25,combined_hard_shift,oracle_causal_mask,4,32,1.00000,1.00000,1.00000,1.00000,0.00000,0.00000,0.93750,0.00000,0.00001,0.00178,0.02251,1.00000,0.99400,1.00000,0.93625
passive_flow,1.25,combined_hard_shift,oracle_causal_mask,5,32,1.00000,1.00000,1.00000,1.00000,0.00000,0.00000,0.96875,0.03125,0.00001,0.00175,0.02235,1.00000,0.99400,1.00000,0.94688
passive_flow,1.25,combined_hard_shift,oracle_causal_mask,6,32,1.00000,1.00000,1.00000,1.00000,0.00000,0.00000,0.96875,0.00000,0.00001,0.00176,0.02245,1.00000,0.99400,1.00000,0.95813
passive_flow,1.25,combined_hard_shift,oracle_causal_mask,7,32,1.00000,1.00000,1.00000,1.00000,0.00000,0.00000,0.96875,0.00000,0.00001,0.00177,0.02236,1.00000,0.99400,1.00000,0.95813
passive_flow,1.25,combined_hard_shift,oracle_causal_mask,8,32,1.00000,1.00000,1.00000,1.00000,0.00000,0.00000,0.96875,0.00000,0.00001,0.00176,0.02260,1.00000,0.99400,1.00000,0.95813
passive_flow,1.25,combined_hard_shift,oracle_causal_mask,9,32,1.00000,1.00000,1.00000,1.00000,0.00000,0.00000,0.96875,0.03125,0.00001,0.00176,0.02261,1.00000,0.99400,1.00000,0.94687
passive_flow,1.25,combined_hard_shift,world_model_flow_predictor,0,32,0.71057,0.63225,0.84187,0.78819,0.27762,0.53558,0.50000,0.12500,0.13017,0.20429,0.21930,1.00000,0.37072,0.71059,0.43851
passive_flow,1.25,combined_hard_shift,world_model_flow_predictor,1,32,0.73105,0.66406,0.85723,0.82052,0.24758,0.63031,0.75000,0.06250,0.12615,0.19840,0.21050,1.00000,0.38395,0.72806,0.63931
passive_flow,1.25,combined_hard_shift,world_model_flow_predictor,2,32,0.75108,0.68989,0.85865,0.79996,0.24017,0.58369,0.62500,0.18750,0.11827,0.19595,0.20735,1.00000,0.40093,0.73890,0.51500
passive_flow,1.25,combined_hard_shift,world_model_flow_predictor,3,32,0.73440,0.64555,0.86952,0.82058,0.29898,0.61429,0.46875,0.12500,0.12458,0.19259,0.22212,1.00000,0.38873,0.72244,0.41459
passive_flow,1.25,combined_hard_shift,world_model_flow_predictor,4,32,0.75026,0.68038,0.87164,0.80976,0.23894,0.60306,0.53125,0.03125,0.12083,0.20145,0.20797,1.00000,0.40690,0.74565,0.50529
passive_flow,1.25,combined_hard_shift,world_model_flow_predictor,5,32,0.73361,0.67399,0.83499,0.76647,0.24618,0.49184,0.59375,0.15625,0.12606,0.19839,0.21042,1.00000,0.38312,0.72216,0.50436
passive_flow,1.25,combined_hard_shift,world_model_flow_predictor,6,32,0.73188,0.67724,0.84172,0.77550,0.25095,0.61395,0.65625,0.18750,0.12316,0.18782,0.21039,1.00000,0.37816,0.72028,0.52846
passive_flow,1.25,combined_hard_shift,world_model_flow_predictor,7,32,0.72981,0.66956,0.83255,0.74778,0.26171,0.62597,0.56250,0.21875,0.12182,0.18640,0.21267,1.00000,0.36767,0.71007,0.44802
passive_flow,1.25,combined_hard_shift,world_model_flow_predictor,8,32,0.73856,0.69722,0.81346,0.74238,0.23390,0.69049,0.59375,0.15625,0.11645,0.17209,0.20527,1.00000,0.36430,0.70948,0.49318
passive_flow,1.25,combined_hard_shift,world_model_flow_predictor,9,32,0.74433,0.65942,0.88340,0.83785,0.26223,0.63008,0.65625,0.06250,0.12092,0.19907,0.21342,1.00000,0.41738,0.74903,0.57658
passive_flow,1.50,combined_hard_shift,action_direction_projection,0,32,0.51903,0.38872,0.86479,0.72745,0.64869,0.63930,0.43750,0.21875,0.26563,0.34141,0.33015,1.00000,0.26819,0.58159,0.26414
passive_flow,1.50,combined_hard_shift,action_direction_projection,1,32,0.54544,0.42257,0.84404,0.65624,0.52510,0.59340,0.28125,0.06250,0.23321,0.30885,0.29207,1.00000,0.30247,0.62121,0.23757
passive_flow,1.50,combined_hard_shift,action_direction_projection,2,32,0.54942,0.42132,0.87052,0.72037,0.52566,0.59845,0.50000,0.18750,0.24471,0.31737,0.29281,1.00000,0.30194,0.62770,0.34674
passive_flow,1.50,combined_hard_shift,action_direction_projection,3,32,0.52999,0.39598,0.86670,0.71746,0.54834,0.62484,0.34375,0.25000,0.23804,0.32291,0.29957,1.00000,0.30203,0.62177,0.20674
passive_flow,1.50,combined_hard_shift,action_direction_projection,4,32,0.51049,0.37472,0.85216,0.68665,0.53749,0.58593,0.37500,0.28125,0.24792,0.32469,0.29782,1.00000,0.28003,0.60893,0.21635
passive_flow,1.50,combined_hard_shift,action_direction_projection,5,32,0.50591,0.37902,0.86588,0.72252,0.63631,0.67466,0.28125,0.18750,0.25963,0.34554,0.32653,1.00000,0.27671,0.58903,0.16417
passive_flow,1.50,combined_hard_shift,action_direction_projection,6,32,0.56573,0.43430,0.85994,0.66972,0.48761,0.61629,0.43750,0.28125,0.22041,0.29204,0.27849,1.00000,0.31753,0.64143,0.27700
passive_flow,1.50,combined_hard_shift,action_direction_projection,7,32,0.55467,0.43382,0.86179,0.70425,0.52398,0.60710,0.53125,0.21875,0.23828,0.31442,0.29215,1.00000,0.30586,0.62784,0.35791
passive_flow,1.50,combined_hard_shift,action_direction_projection,8,32,0.56143,0.43667,0.85211,0.68972,0.54934,0.62207,0.59375,0.18750,0.22448,0.29840,0.29616,1.00000,0.31734,0.62571,0.40979
passive_flow,1.50,combined_hard_shift,action_direction_projection,9,32,0.54017,0.40748,0.86213,0.70727,0.58672,0.69053,0.34375,0.21875,0.23767,0.31001,0.30793,1.00000,0.30388,0.61309,0.21003
passive_flow,1.50,combined_hard_shift,calibrated_tree_flow_proxy,0,32,0.68533,0.58144,0.88178,0.86234,0.44934,0.48719,0.53125,0.18750,0.13931,0.21706,0.27738,1.00000,0.34085,0.66765,0.41099
passive_flow,1.50,combined_hard_shift,calibrated_tree_flow_proxy,1,32,0.71330,0.62214,0.88824,0.85650,0.37689,0.47923,0.53125,0.25000,0.12741,0.20652,0.25703,1.00000,0.36812,0.69945,0.40596
passive_flow,1.50,combined_hard_shift,calibrated_tree_flow_proxy,2,32,0.70194,0.59855,0.90390,0.89325,0.43027,0.55415,0.59375,0.18750,0.13616,0.21921,0.27138,1.00000,0.35268,0.68375,0.45760
passive_flow,1.50,combined_hard_shift,calibrated_tree_flow_proxy,3,32,0.71696,0.62306,0.87718,0.86190,0.37035,0.43010,0.46875,0.09375,0.12854,0.20958,0.25647,1.00000,0.36407,0.69591,0.42235
passive_flow,1.50,combined_hard_shift,calibrated_tree_flow_proxy,4,32,0.72207,0.63465,0.88031,0.87083,0.37283,0.42710,0.56250,0.15625,0.13046,0.20910,0.25656,1.00000,0.35590,0.69193,0.46570
passive_flow,1.50,combined_hard_shift,calibrated_tree_flow_proxy,5,32,0.70884,0.61257,0.89251,0.87970,0.38823,0.50154,0.50000,0.25000,0.13096,0.21634,0.26092,1.00000,0.35778,0.69269,0.37986
passive_flow,1.50,combined_hard_shift,calibrated_tree_flow_proxy,6,32,0.75211,0.67157,0.88389,0.85194,0.30246,0.47288,0.81250,0.12500,0.12099,0.19654,0.23685,1.00000,0.37078,0.71607,0.66535
passive_flow,1.50,combined_hard_shift,calibrated_tree_flow_proxy,7,32,0.72574,0.63333,0.89967,0.89889,0.38431,0.47275,0.46875,0.09375,0.12804,0.20816,0.25866,1.00000,0.36555,0.69945,0.41995
passive_flow,1.50,combined_hard_shift,calibrated_tree_flow_proxy,8,32,0.72470,0.62703,0.89423,0.86332,0.38428,0.49716,0.65625,0.25000,0.12574,0.20230,0.25805,1.00000,0.36992,0.70031,0.49342
passive_flow,1.50,combined_hard_shift,calibrated_tree_flow_proxy,9,32,0.75826,0.66310,0.90446,0.88421,0.32087,0.46455,0.50000,0.03125,0.12268,0.20133,0.24158,1.00000,0.37798,0.72112,0.48023
passive_flow,1.50,combined_hard_shift,causal_scene_flow_model_v5,0,32,0.67827,0.58821,0.83679,0.78063,0.34213,0.67102,0.56250,0.15625,0.13236,0.19972,0.24152,1.00000,0.40341,0.71207,0.45016
passive_flow,1.50,combined_hard_shift,causal_scene_flow_model_v5,1,32,0.70050,0.59613,0.89674,0.88117,0.31885,0.65474,0.37500,0.03125,0.12911,0.21180,0.23541,1.00000,0.45262,0.75837,0.37679
passive_flow,1.50,combined_hard_shift,causal_scene_flow_model_v5,2,32,0.66124,0.55271,0.87564,0.85395,0.37723,0.59456,0.53125,0.09375,0.13792,0.22205,0.25102,1.00000,0.41670,0.72136,0.44954
passive_flow,1.50,combined_hard_shift,causal_scene_flow_model_v5,3,32,0.70293,0.60730,0.86785,0.84418,0.32939,0.70901,0.40625,0.03125,0.12633,0.20194,0.23765,1.00000,0.44029,0.74213,0.39258
passive_flow,1.50,combined_hard_shift,causal_scene_flow_model_v5,4,32,0.72883,0.64705,0.87699,0.87587,0.28202,0.69171,0.53125,0.00000,0.12798,0.20365,0.22607,1.00000,0.43718,0.75331,0.50354
passive_flow,1.50,combined_hard_shift,causal_scene_flow_model_v5,5,32,0.71909,0.63021,0.87436,0.87184,0.28150,0.70614,0.46875,0.03125,0.12006,0.19746,0.22474,1.00000,0.43631,0.75228,0.44605
passive_flow,1.50,combined_hard_shift,causal_scene_flow_model_v5,6,32,0.73126,0.64556,0.88959,0.88827,0.26608,0.70236,0.43750,0.12500,0.12443,0.20218,0.22147,1.00000,0.45786,0.77084,0.39668
passive_flow,1.50,combined_hard_shift,causal_scene_flow_model_v5,7,32,0.71764,0.61923,0.89694,0.90405,0.31224,0.68750,0.56250,0.06250,0.12525,0.20586,0.23278,1.00000,0.44612,0.75649,0.49813
passive_flow,1.50,combined_hard_shift,causal_scene_flow_model_v5,8,32,0.71089,0.60701,0.89324,0.86240,0.33176,0.66741,0.65625,0.06250,0.12831,0.20692,0.23791,1.00000,0.44920,0.75284,0.56110
passive_flow,1.50,combined_hard_shift,causal_scene_flow_model_v5,9,32,0.71759,0.62139,0.89846,0.90388,0.30162,0.66453,0.53125,0.12500,0.12991,0.21375,0.23143,1.00000,0.46017,0.76653,0.45761
passive_flow,1.50,combined_hard_shift,contrastive_action_flow,0,32,0.66310,0.58892,0.80884,0.72293,0.41531,0.50818,0.56250,0.21875,0.14839,0.21069,0.23922,1.00000,0.30092,0.63541,0.41702
passive_flow,1.50,combined_hard_shift,contrastive_action_flow,1,32,0.69137,0.63529,0.81400,0.73025,0.34921,0.46440,0.68750,0.15625,0.13391,0.19719,0.21965,1.00000,0.32952,0.66616,0.54579
passive_flow,1.50,combined_hard_shift,contrastive_action_flow,2,32,0.67894,0.61988,0.81556,0.71836,0.39004,0.55513,0.53125,0.18750,0.14445,0.21124,0.23178,1.00000,0.31415,0.64960,0.41085
passive_flow,1.50,combined_hard_shift,contrastive_action_flow,3,32,0.69617,0.64278,0.80581,0.71074,0.34173,0.40523,0.56250,0.18750,0.13441,0.20149,0.21881,1.00000,0.32866,0.66523,0.45214
passive_flow,1.50,combined_hard_shift,contrastive_action_flow,4,32,0.69497,0.63480,0.81677,0.74498,0.36340,0.45538,0.56250,0.12500,0.13660,0.20010,0.22342,1.00000,0.31745,0.65749,0.46791
passive_flow,1.50,combined_hard_shift,contrastive_action_flow,5,32,0.67990,0.62259,0.80607,0.71005,0.36343,0.50762,0.56250,0.03125,0.13815,0.20921,0.22495,1.00000,0.31921,0.65561,0.49589
passive_flow,1.50,combined_hard_shift,contrastive_action_flow,6,32,0.71731,0.67678,0.79684,0.68326,0.28679,0.47038,0.50000,0.12500,0.12662,0.18666,0.20243,1.00000,0.33409,0.67781,0.43847
passive_flow,1.50,combined_hard_shift,contrastive_action_flow,7,32,0.70981,0.65801,0.81879,0.73540,0.33818,0.46336,0.65625,0.18750,0.13469,0.19966,0.21697,1.00000,0.32796,0.66903,0.51735
passive_flow,1.50,combined_hard_shift,contrastive_action_flow,8,32,0.71210,0.65335,0.82250,0.71076,0.33828,0.48071,0.56250,0.25000,0.13194,0.19312,0.21600,1.00000,0.33374,0.67298,0.42901
passive_flow,1.50,combined_hard_shift,contrastive_action_flow,9,32,0.73027,0.66141,0.84308,0.77559,0.32031,0.48544,0.59375,0.00000,0.12860,0.19231,0.21034,1.00000,0.34065,0.68587,0.54721
passive_flow,1.50,combined_hard_shift,learned_correlation_classifier,0,32,0.66903,0.56068,0.88102,0.85325,0.48538,0.51853,0.34375,0.15625,0.15571,0.23597,0.26548,1.00000,0.31294,0.64501,0.27946
passive_flow,1.50,combined_hard_shift,learned_correlation_classifier,1,32,0.69388,0.60235,0.87802,0.84217,0.41684,0.50281,0.56250,0.15625,0.14179,0.22213,0.24488,1.00000,0.33549,0.67103,0.44886
passive_flow,1.50,combined_hard_shift,learned_correlation_classifier,2,32,0.68577,0.58825,0.88816,0.86151,0.45734,0.57254,0.46875,0.28125,0.15195,0.23500,0.25689,1.00000,0.32366,0.65861,0.32640
passive_flow,1.50,combined_hard_shift,learned_correlation_classifier,3,32,0.70915,0.61508,0.87464,0.84615,0.38654,0.44370,0.50000,0.28125,0.14154,0.22558,0.23773,1.00000,0.33661,0.67741,0.37050
passive_flow,1.50,combined_hard_shift,learned_correlation_classifier,4,32,0.69757,0.60318,0.87847,0.85642,0.42423,0.49027,0.59375,0.21875,0.14479,0.22572,0.24719,1.00000,0.32461,0.66387,0.44783
passive_flow,1.50,combined_hard_shift,learned_correlation_classifier,5,32,0.67678,0.57582,0.87895,0.84841,0.44739,0.54528,0.53125,0.18750,0.14732,0.23549,0.25458,1.00000,0.32706,0.66018,0.40548
passive_flow,1.50,combined_hard_shift,learned_correlation_classifier,6,32,0.72023,0.63287,0.87004,0.81659,0.36468,0.52091,0.65625,0.15625,0.13437,0.21225,0.22951,1.00000,0.33908,0.68230,0.52522
passive_flow,1.50,combined_hard_shift,learned_correlation_classifier,7,32,0.71123,0.61514,0.90446,0.87093,0.42517,0.50160,0.53125,0.12500,0.14312,0.22506,0.24649,1.00000,0.33435,0.67548,0.44061
passive_flow,1.50,combined_hard_shift,learned_correlation_classifier,8,32,0.71363,0.62160,0.88084,0.82002,0.40205,0.49346,0.53125,0.18750,0.13920,0.21790,0.24020,1.00000,0.34077,0.67777,0.42203
passive_flow,1.50,combined_hard_shift,learned_correlation_classifier,9,32,0.72482,0.61967,0.89837,0.86625,0.39157,0.53382,0.62500,0.28125,0.13618,0.21623,0.23629,1.00000,0.34543,0.68705,0.45565
passive_flow,1.50,combined_hard_shift,oracle_causal_mask,0,32,1.00000,1.00000,1.00000,1.00000,0.00000,0.00000,1.00000,0.06250,0.00001,0.00178,0.02321,1.00000,0.99400,1.00000,0.95750
passive_flow,1.50,combined_hard_shift,oracle_causal_mask,1,32,1.00000,1.00000,1.00000,1.00000,0.00000,0.00000,1.00000,0.03125,0.00001,0.00178,0.02319,1.00000,0.99400,1.00000,0.96875
passive_flow,1.50,combined_hard_shift,oracle_causal_mask,2,32,1.00000,1.00000,1.00000,1.00000,0.00000,0.00000,0.96875,0.03125,0.00001,0.00179,0.02304,1.00000,0.99400,1.00000,0.94687
passive_flow,1.50,combined_hard_shift,oracle_causal_mask,3,32,1.00000,1.00000,1.00000,1.00000,0.00000,0.00000,1.00000,0.00000,0.00001,0.00178,0.02329,1.00000,0.99400,1.00000,0.98000
passive_flow,1.50,combined_hard_shift,oracle_causal_mask,4,32,1.00000,1.00000,1.00000,1.00000,0.00000,0.00000,0.93750,0.00000,0.00001,0.00179,0.02311,1.00000,0.99400,1.00000,0.93625
passive_flow,1.50,combined_hard_shift,oracle_causal_mask,5,32,1.00000,1.00000,1.00000,1.00000,0.00000,0.00000,0.96875,0.03125,0.00001,0.00183,0.02316,1.00000,0.99400,1.00000,0.94688
passive_flow,1.50,combined_hard_shift,oracle_causal_mask,6,32,1.00000,1.00000,1.00000,1.00000,0.00000,0.00000,0.96875,0.00000,0.00001,0.00175,0.02310,1.00000,0.99400,1.00000,0.95813
passive_flow,1.50,combined_hard_shift,oracle_causal_mask,7,32,1.00000,1.00000,1.00000,1.00000,0.00000,0.00000,0.96875,0.00000,0.00001,0.00177,0.02316,1.00000,0.99400,1.00000,0.95813
passive_flow,1.50,combined_hard_shift,oracle_causal_mask,8,32,1.00000,1.00000,1.00000,1.00000,0.00000,0.00000,0.96875,0.00000,0.00001,0.00176,0.02318,1.00000,0.99400,1.00000,0.95813
passive_flow,1.50,combined_hard_shift,oracle_causal_mask,9,32,1.00000,1.00000,1.00000,1.00000,0.00000,0.00000,0.96875,0.03125,0.00001,0.00172,0.02314,1.00000,0.99400,1.00000,0.94687
passive_flow,1.50,combined_hard_shift,world_model_flow_predictor,0,32,0.68244,0.62180,0.79352,0.69379,0.28786,0.64758,0.62500,0.06250,0.13280,0.19290,0.22466,1.00000,0.33880,0.67916,0.53229
passive_flow,1.50,combined_hard_shift,world_model_flow_predictor,1,32,0.71203,0.63576,0.85533,0.79153,0.27921,0.64157,0.65625,0.09375,0.12923,0.20590,0.22176,1.00000,0.38396,0.72062,0.55402
passive_flow,1.50,combined_hard_shift,world_model_flow_predictor,2,32,0.68863,0.60589,0.84563,0.78763,0.30370,0.55866,0.50000,0.18750,0.13671,0.21284,0.22889,1.00000,0.35258,0.69639,0.40628
passive_flow,1.50,combined_hard_shift,world_model_flow_predictor,3,32,0.71524,0.65061,0.83030,0.76767,0.27166,0.67469,0.46875,0.09375,0.12712,0.19608,0.21974,1.00000,0.37287,0.71001,0.42093
passive_flow,1.50,combined_hard_shift,world_model_flow_predictor,4,32,0.74299,0.69148,0.84193,0.80864,0.23258,0.66866,0.50000,0.06250,0.12897,0.19742,0.20968,1.00000,0.36734,0.71875,0.46460
passive_flow,1.50,combined_hard_shift,world_model_flow_predictor,5,32,0.72097,0.66697,0.82363,0.76272,0.23632,0.68932,0.62500,0.18750,0.12207,0.19298,0.21009,1.00000,0.36676,0.71287,0.50118
passive_flow,1.50,combined_hard_shift,world_model_flow_predictor,6,32,0.73907,0.68663,0.85224,0.80171,0.23134,0.67899,0.65625,0.15625,0.12680,0.19800,0.20889,1.00000,0.38928,0.73312,0.54085
passive_flow,1.50,combined_hard_shift,world_model_flow_predictor,7,32,0.73060,0.66162,0.86067,0.81632,0.25805,0.65392,0.65625,0.21875,0.12701,0.20000,0.21557,1.00000,0.37736,0.72323,0.51411
passive_flow,1.50,combined_hard_shift,world_model_flow_predictor,8,32,0.72069,0.64599,0.84997,0.78108,0.27502,0.61931,0.56250,0.21875,0.12906,0.20121,0.22036,1.00000,0.38154,0.71889,0.44642
passive_flow,1.50,combined_hard_shift,world_model_flow_predictor,9,32,0.73808,0.67487,0.86692,0.82181,0.25564,0.63270,0.56250,0.06250,0.13045,0.20664,0.21574,1.00000,0.39208,0.73304,0.50867
