uid,title,abstract,year,venue,authors,doi,arxiv_id,url,source,query,query_role,family,advisor_seed,citation_count,matched_terms,retrieved_at,relevance_score,hostile_score
arxiv:2602.08251v2,Aerial Manipulation with Contact-Aware Onboard Perception and Hybrid Control,"Aerial manipulation (AM) promises to move Unmanned Aerial Vehicles (UAVs) beyond passive inspection to contact-rich tasks such as grasping, assembly, and in-situ maintenance. Most prior AM demonstrations rely on external motion capture (MoCap) and emphasize position control for coarse interactions, limiting deployability. We present a fully onboard perception-control pipeline for contact-rich AM that achieves accurate motion tracking and regulated contact wrenches without MoCap. The main components are (1) an augmented visual-inertial odometry (VIO) estimator with contact-consistency factors that activate only during interaction, tightening uncertainty around the contact frame and reducing drift, and (2) image-based visual servoing (IBVS) to mitigate perception-control coupling, together with a hybrid force-motion controller that regulates contact wrenches and lateral motion for stable c",2026,arXiv,Yuanzhu Zhan; Yufei Jiang; Muqing Cao; Junyi Geng,,2602.08251v2,http://arxiv.org/abs/2602.08251v2,arxiv,Gaussian splatting robot perception contact rich manipulation,concept,architecture_x_embodiment,,,Gaussian splatting robot perception; contact rich manipulation; visual servoing,2026-06-12T15:07:36Z,26.250,27.250
arxiv:2506.20566v1,HRIBench: Benchmarking Vision-Language Models for Real-Time Human Perception in Human-Robot Interaction,"Real-time human perception is crucial for effective human-robot interaction (HRI). Large vision-language models (VLMs) offer promising generalizable perceptual capabilities but often suffer from high latency, which negatively impacts user experience and limits VLM applicability in real-world scenarios. To systematically study VLM capabilities in human perception for HRI and performance-latency trade-offs, we introduce HRIBench, a visual question-answering (VQA) benchmark designed to evaluate VLMs across a diverse set of human perceptual tasks critical for HRI. HRIBench covers five key domains: (1) non-verbal cue understanding, (2) verbal instruction understanding, (3) human-robot object relationship understanding, (4) social navigation, and (5) person identification. To construct HRIBench, we collected data from real-world HRI environments to curate questions for non-verbal cue understan",2025,arXiv,Zhonghao Shi; Enyu Zhao; Nathaniel Dennler; Jingzhen Wang; Xinyang Xu; Kaleen Shrestha; Mengxue Fu; Daniel Seita; Maja Matarić,,2506.20566v1,http://arxiv.org/abs/2506.20566v1,arxiv,vision language action model limitation robotics,hostile,failure,,,vision language action model; human robot interaction; limitation; benchmark; deployment; latency,2026-06-12T14:45:03Z,17.850,26.850
doi:10.1108/ir-06-2018-0118,Natural teaching for humanoid robot via human-in-the-loop scene-motion cross-modal perception,"Purpose This paper aims to present a human-in-the-loop natural teaching paradigm based on scene-motion cross-modal perception, which facilitates the manipulation intelligence and robot teleoperation. Design/methodology/approach The proposed natural teaching paradigm is used to telemanipulate a life-size humanoid robot in response to a complicated working scenario. First, a vision sensor is used to project mission scenes onto virtual reality glasses for human-in-the-loop reactions. Second, motion capture system is established to retarget eye-body synergic movements to a skeletal model. Third, real-time data transfer is realized through publish-subscribe messaging mechanism in robot operating system. Next, joint angles are computed through a fast mapping algorithm and sent to a slave controller through a serial port. Finally, visualization terminals render it convenient to make comparisons",2019,Industrial Robot: the international journal of robotics research and application,Wenbin Xu; Xudong Li; Liang Gong; Yixiang Huang; Zeyuan Zheng; Zelin Zhao; Lujie Zhao; Binhao Chen; Haozhe Yang; Li Cao; Chengliang Liu,10.1108/ir-06-2018-0118,,https://doi.org/10.1108/ir-06-2018-0118,crossref,Gaussian splatting robot perception,concept,architecture,,9,Gaussian splatting robot perception; humanoid robot; industrial robot; teleoperation,2026-06-12T15:07:36Z,26.651,26.651
doi:10.3390/s26113541,Sensing the Action: Rethinking Sensor Modalities and Multi-Modal Fusion in Vision–Language–Action Models for Robotic Manipulation,"Recent Vision–Language–Action (VLA) models have rapidly emerged as general-purpose robotic policies that integrate language understanding, visual perception, and robot control. However, prior studies and surveys have primarily emphasized backbone architectures, action decoders, training recipes, and benchmark performance, whereas relatively limited systematic attention has been given to sensor modality selection, heterogeneous signal alignment and fusion, and their connection to action generation, all of which are critical to the performance and safety of real-world robotic manipulation. This survey addresses this gap by reinterpreting VLA within the framework of a sensor–fusion–action pipeline. This study first presents a systematic taxonomy of major sensor modalities, including RGB, depth, tactile sensing, force/torque, proprioception and inertial measurement unit, multi-spectral/therm",2026,Sensors,Byoung Chul Ko,10.3390/s26113541,,https://doi.org/10.3390/s26113541,crossref,vision language action model limitation robotics,hostile,failure,,,vision language action model; proprioception; teleoperation; failure mode; limitation; benchmark; robustness; deployment; latency,2026-06-12T14:45:03Z,17.000,26.000
doi:10.1177/02783649231210325,DUEL: Depth visUal Ego-motion Learning for autonomous robot obstacle avoidance,"Reliable obstacle avoidance, which is essential for safe autonomous robot interaction with the real world, raises various challenges such as difficulties with obstacle perception and latent factor cognition impacting multi-modal obstacle avoidance. In this paper, we propose a Depth visUal Ego-motion Learning (DUEL) model, consisting of a cognitive generation network, a policy decision network and a potential partition network, to learn autonomous obstacle avoidance from expert policies. The DUEL model takes advantage of binocular vision to perceive scene depth. This serves as the input to the cognitive generation network which generates obstacle avoidance policies by maximizing its causal entropy. The policy decision network then optimizes the generation of the policies referring to expert policies. The generated obstacle avoidance policies are simultaneously transferred to the potential",2024,The International Journal of Robotics Research,Naiyao Wang; Bo Zhang; Haixu Chi; Hua Wang; Seán McLoone; Hongbo Liu,10.1177/02783649231210325,,https://doi.org/10.1177/02783649231210325,crossref,robotics,concept,crossref_bulk_robotics,,6,,2026-06-12T19:29:26Z,23.823,25.823
doi:10.1109/tpami.2019.2903179,Unsupervised Learning of a Hierarchical Spiking Neural Network for Optical Flow Estimation: From Events to Global Motion Perception,"The combination of spiking neural networks and event-based vision sensors holds the potential of highly efficient and high-bandwidth optical flow estimation. This paper presents the first hierarchical spiking architecture in which motion (direction and speed) selectivity emerges in an unsupervised fashion from the raw stimuli generated with an event-based camera. A novel adaptive neuron model and stable spike-timing-dependent plasticity formulation are at the core of this neural network governing its spike-based processing and learning, respectively. After convergence, the neural architecture exhibits the main properties of biological visual motion systems, namely feature extraction and local and global motion perception. Convolutional layers with input synapses characterized by single and multiple transmission delays are employed for feature and local motion perception, respectively; wh",2019,IEEE Transactions on Pattern Analysis and Machine Intelligence,Federico Paredes-Vallés; Kirk Y. W. Scheper; Guido de Croon,10.1109/tpami.2019.2903179,,https://doi.org/10.1109/tpami.2019.2903179,openalex,energy based model robot learning,concept,ebm,,184,,2026-06-12T18:05:07Z,25.810,25.810
doi:10.1101/2024.11.04.621864,Flow parsing as causal source separation: A computational model for concurrent retrieval of object and self-motion information from optic flow,"Abstract Optic flow, the retinal pattern of motion that is experience during self-motion contains information about one’s direction of heading. If the visual scene contains other moving objects optic flow becomes a combination of self-motion and independent object motion. The global pattern due to self-motion is locally confounded, and the locally restricted object flow is the sum of components due to these different causal sources of motion. Nonetheless, humans are able to retrieve information from such flow accurately, including the direction of heading and the scene-relative motion of an object. One way to handle such complex flow is flow parsing, a process speculated to allow the brain’s sensitivity to optic flow to separate the causal sources of retinal motion in information due to self-motion and information due to object motion. In a computational model that retrieves object and s",,,Malte Scherff; Markus Lappe,10.1101/2024.11.04.621864,,https://doi.org/10.1101/2024.11.04.621864,crossref,causal robot world model,concept,architecture,,,robot world model; causal robot world model,2026-06-12T15:07:36Z,24.700,25.700
arxiv:2505.10075v1,FlowDreamer: A RGB-D World Model with Flow-based Motion Representations for Robot Manipulation,"This paper investigates training better visual world models for robot manipulation, i.e., models that can predict future visual observations by conditioning on past frames and robot actions. Specifically, we consider world models that operate on RGB-D frames (RGB-D world models). As opposed to canonical approaches that handle dynamics prediction mostly implicitly and reconcile it with visual rendering in a single model, we introduce FlowDreamer, which adopts 3D scene flow as explicit motion representations. FlowDreamer first predicts 3D scene flow from past frame and action conditions with a U-Net, and then a diffusion model will predict the future frame utilizing the scene flow. FlowDreamer is trained end-to-end despite its modularized nature. We conduct experiments on 4 different benchmarks, covering both video prediction and visual planning tasks. The results demonstrate that FlowDrea",2025,arXiv,Jun Guo; Xiaojian Ma; Yikai Wang; Min Yang; Huaping Liu; Qing Li,,2505.10075v1,http://arxiv.org/abs/2505.10075v1,arxiv,robot world models manipulation,concept,world_models,,,robot world model; robot manipulation; benchmark,2026-06-12T14:45:03Z,24.550,25.550
arxiv:2506.16201v1,FlowRAM: Grounding Flow Matching Policy with Region-Aware Mamba Framework for Robotic Manipulation,"Robotic manipulation in high-precision tasks is essential for numerous industrial and real-world applications where accuracy and speed are required. Yet current diffusion-based policy learning methods generally suffer from low computational efficiency due to the iterative denoising process during inference. Moreover, these methods do not fully explore the potential of generative models for enhancing information exploration in 3D environments. In response, we propose FlowRAM, a novel framework that leverages generative models to achieve region-aware perception, enabling efficient multimodal information processing. Specifically, we devise a Dynamic Radius Schedule, which allows adaptive perception, facilitating transitions from global scene comprehension to fine-grained geometric details. Furthermore, we integrate state space models to integrate multimodal information, while preserving lin",2025,arXiv,Sen Wang; Le Wang; Sanping Zhou; Jingyi Tian; Jiayi Li; Haowen Sun; Wei Tang,,2506.16201v1,http://arxiv.org/abs/2506.16201v1,arxiv,flow matching robot policy,concept,flow,,,flow matching policy; benchmark,2026-06-12T15:07:36Z,23.550,25.550
doi:10.3390/app10051665,Contingent Task and Motion Planning under Uncertainty for Human–Robot Interactions,"Manipulation planning under incomplete information is a highly challenging task for mobile manipulators. Uncertainty can be resolved by robot perception modules or using human knowledge in the execution process. Human operators can also collaborate with robots for the execution of some difficult actions or as helpers in sharing the task knowledge. In this scope, a contingent-based task and motion planning is proposed taking into account robot uncertainty and human–robot interactions, resulting a tree-shaped set of geometrically feasible plans. Different sorts of geometric reasoning processes are embedded inside the planner to cope with task constraints like detecting occluding objects when a robot needs to grasp an object. The proposal has been evaluated with different challenging scenarios in simulation and a real environment.",2020,Applied Sciences,Aliakbar Akbari; Mohammed Diab; Jan Rosell,10.3390/app10051665,,https://doi.org/10.3390/app10051665,crossref,robot world model failure planning,hostile,failure,,13,robot world model; motion planning; task and motion planning; human robot interaction; robot world model failure,2026-06-12T15:07:36Z,19.320,25.320
doi:10.1115/dscc2015-9916,Analysis and Passive Control of a Four-Bar Linkage for the Rehabilitation of Upper-Limb Motion,"In the last two decades robotic rehabilitation research provided significant insight regarding the human-robot interaction, helped understand the process by which the impaired nervous system is retrained to better control movements, and led to the development of a number of mathematical and neurophysiological models that describe both the human motion and the robot control. The human-machine interaction in this research is typically achieved through robotic devices that are based on open kinematic chains. These devices have multiple degrees of freedom (DOF), sophisticated computer control, actuation and sensing. The flexibility of such approach enables the easy implementation of the various models and methods that have to be applied in order to maximize the potential of robotic rehabilitation. On the other hand, mechanisms with fewer DOF’s that are based on closed kinematic chains can ge",2015,"Volume 3: Multiagent Network Systems; Natural Gas and Heat Exchangers; Path Planning and Motion Control; Powertrain Systems; Rehab Robotics; Robot Manipulators; Rollover Prevention (AVS); Sensors and Actuators; Time Delay Systems; Tracking Control Systems; Uncertain Systems and Robustness; Unmanned, Ground and Surface Robotics; Vehicle Dynamics Control; Vibration and Control of Smart Structures/Mech Systems; Vibration Issues in Mechanical Systems",Evagoras G. Xydas; Loucas S. Louca; Andreas Mueller,10.1115/dscc2015-9916,,https://doi.org/10.1115/dscc2015-9916,crossref,task and motion planning robotics,anti_myopia,classic,,3,motion planning; task and motion planning; human robot interaction,2026-06-12T15:07:36Z,20.293,25.293
doi:10.63056/ijair.1.3.2025.100,Multimodal Large Language Models (LLMs) for Robotic Manipulation in Unstructured Environments,"Multimodal Large Language Models (LLMs) signify a new era of robotic intelligence with a connection between linguistic reasoning and visual cognition and motor control. The paper explores the problem of the integration of multimodal LLMs into robotic manipulation systems in unstructured environments, where debilitating autonomous robots are uncertainty, sensory noise, and dynamic object interaction. In contrast to standard robotic systems which utilize a fixed perception pipeline or the use of task-based programs, multimodal LLMs use vision, language, spatial reason, and world-modeling to understand the environment in a more holistic manner. Through this integration, robots can be able to analyze, infer the context of a task, and follow human instructions as well as generating adaptive manipulation strategies in a visual scene. The abstract emphasises the fact that multimodal architectur",2025,International Journal of Advanced and Innovative Research (IJAIR),Naqvi syed Ali Jafar,10.63056/ijair.1.3.2025.100,,https://doi.org/10.63056/ijair.1.3.2025.100,crossref,robot world models manipulation,concept,world_models,,,robot world model; imitation learning; generalization,2026-06-12T15:07:36Z,23.050,25.050
doi:10.62311/nesx/rb-978-81-997219-4-4,Raw-Audio Emotion and Intent Understanding for Human–Robot Interaction,"Abstract: Human–robot interaction increasingly depends on speech and paralinguistic audio in settings where language, accent, noise, and social norms vary. Raw-audio modeling—learning directly from waveforms with minimal handcrafted features—promises robust emotion antate and communicative intent under safety, latency, and privacy constraints typical od intent understanding when coupled to disciplined research design, uncertainty-aware evaluation, and accountable deployment practices. This manuscript develops a publisher-ready framework for building and validating raw-audio systems that infer affective sf interactive robots. The central argument is that reliable audio intelligence emerges from co-design across three layers: (i) foundations and uncertainty, where constructs are defined and measurement validity is secured; (ii) statistical explanation and causal reasoning, where confoundin",2025,,Murali Krishna Pasupuleti,10.62311/nesx/rb-978-81-997219-4-4,,https://doi.org/10.62311/nesx/rb-978-81-997219-4-4,crossref,3D scene understanding robot manipulation,concept,scene_understanding,,,robot manipulation; 3D scene understanding; human robot interaction; generalization; reproducibility; deployment; latency,2026-06-12T15:07:36Z,20.000,25.000
arxiv:2602.10101v2,Robo3R: Enhancing Robotic Manipulation with Accurate Feed-Forward 3D Reconstruction,"3D spatial perception is fundamental to generalizable robotic manipulation, yet obtaining reliable, high-quality 3D geometry remains challenging. Depth sensors suffer from noise and material sensitivity, while existing reconstruction models lack the precision and metric consistency required for physical interaction. We introduce Robo3R, a feed-forward, manipulation-ready 3D reconstruction model that predicts accurate, metric-scale scene geometry directly from RGB images and robot states in real time. Robo3R jointly infers scale-invariant local geometry and relative camera poses, which are unified into the scene representation in the canonical robot frame via a learned global similarity transformation. To meet the precision demands of manipulation, Robo3R employs a masked point head for sharp, fine-grained point clouds, and a keypoint-based Perspective-n-Point (PnP) formulation to refine ",2026,arXiv,Sizhe Yang; Linning Xu; Hao Li; Juncheng Mu; Jia Zeng; Dahua Lin; Jiangmiao Pang,,2602.10101v2,http://arxiv.org/abs/2602.10101v2,arxiv,physical reasoning robotics manipulation,concept,physical_reasoning,,,sim to real transfer; motion planning; imitation learning,2026-06-12T14:45:03Z,22.900,24.900
arxiv:2603.12193v1,SaPaVe: Towards Active Perception and Manipulation in Vision-Language-Action Models for Robotics,"Active perception and manipulation are crucial for robots to interact with complex scenes. Existing methods struggle to unify semantic-driven active perception with robust, viewpoint-invariant execution. We propose SaPaVe, an end-to-end framework that jointly learns these capabilities in a data-efficient manner. Our approach decouples camera and manipulation actions rather than placing them in a shared action space, and follows a bottom-up training strategy: we first train semantic camera control on a large-scale dataset, then jointly optimize both action types using hybrid data. To support this framework, we introduce ActiveViewPose-200K, a dataset of 200k image-language-camera movement pairs for semantic camera movement learning, and a 3D geometry-aware module that improves execution robustness under dynamic viewpoints. We also present ActiveManip-Bench, the first benchmark for evaluat",2026,arXiv,Mengzhen Liu; Enshen Zhou; Cheng Chi; Yi Han; Shanyu Rong; Liming Chen; Pengwei Wang; Zhongyuan Wang; Shanghang Zhang,,2603.12193v1,http://arxiv.org/abs/2603.12193v1,arxiv,vision language action model limitation robotics,hostile,failure,,,vision language action model; active perception; limitation; benchmark; robustness,2026-06-12T14:45:03Z,17.850,24.850
doi:10.1109/lra.2021.3068708,"Hey Robot, Which Way Are You Going? Nonverbal Motion Legibility Cues for Human-Robot Spatial Interaction",,2021,IEEE Robotics and Automation Letters,Nicholas J. Hetherington; Elizabeth A. Croft; H.F. Machiel Van der Loos,10.1109/lra.2021.3068708,,https://doi.org/10.1109/lra.2021.3068708,crossref,recurrent robot policy,concept,architecture,,46,recurrent robot policy,2026-06-12T15:07:36Z,24.725,24.725
doi:10.3390/robotics15010017,Multimodal Control of Manipulators: Coupling Kinematics and Vision for Self-Driving Laboratory Operations,"Autonomous experimental platforms increasingly rely on robust, vision-guided robotic manipulation to support reliable and repeatable laboratory operations. This work presents a modular motion-execution subsystem designed for integration into self-driving laboratory (SDL) workflows, focusing on the coupling of real-time visual perception with smooth and stable manipulator control. The framework enables autonomous detection, tracking, and interaction with textured objects through a hybrid scheme that couples advanced motion planning algorithms with real-time visual feedback. Kinematic analysis of the manipulator is performed using the screw theory formulations, which provide a rigorous foundation for deriving forward kinematics and the space Jacobian. These formulations are further employed to compute inverse kinematic solutions via the Damped Least Squares (DLS) method, ensuring stable an",2026,Robotics,Shifa Sulaiman; Amarnath Harikumar; Simon Bøgh; Naresh Marturi,10.3390/robotics15010017,,https://doi.org/10.3390/robotics15010017,crossref,vision language action model limitation robotics,hostile,failure,,,vision language action model; motion planning; limitation,2026-06-12T15:07:36Z,18.700,24.700
arxiv:2409.12514v5,"TinyVLA: Towards Fast, Data-Efficient Vision-Language-Action Models for Robotic Manipulation","Vision-Language-Action (VLA) models have shown remarkable potential in visuomotor control and instruction comprehension through end-to-end learning processes. However, current VLA models face significant challenges: they are slow during inference and require extensive pre-training on large amounts of robotic data, making real-world deployment difficult. In this paper, we introduce a new family of compact vision-language-action models, called TinyVLA, which offers two key advantages over existing VLA models: (1) faster inference speeds, and (2) improved data efficiency, eliminating the need for pre-training stage. Our framework incorporates two essential components to build TinyVLA: (1) initializing the policy backbone with robust, high-speed multimodal models, and (2) integrating a diffusion policy decoder during fine-tuning to enable precise robot actions. We conducted extensive evaluat",2024,arXiv,Junjie Wen; Yichen Zhu; Jinming Li; Minjie Zhu; Kun Wu; Zhiyuan Xu; Ning Liu; Ran Cheng; Chaomin Shen; Yaxin Peng; Feifei Feng; Jian Tang,,2409.12514v5,http://arxiv.org/abs/2409.12514v5,arxiv,vision language action model limitation robotics,hostile,failure,,,vision language action model; diffusion policy; limitation; generalization; data efficiency; deployment,2026-06-12T14:45:03Z,16.650,24.650
doi:10.1609/aaai.v34i07.6613,Learning End-to-End Scene Flow by Distilling Single Tasks Knowledge,"Scene flow is a challenging task aimed at jointly estimating the 3D structure and motion of the sensed environment. Although deep learning solutions achieve outstanding performance in terms of accuracy, these approaches divide the whole problem into standalone tasks (stereo and optical flow) addressing them with independent networks. Such a strategy dramatically increases the complexity of the training procedure and requires power-hungry GPUs to infer scene flow barely at 1 FPS. Conversely, we propose DWARF, a novel and lightweight architecture able to infer full scene flow jointly reasoning about depth and optical flow easily and elegantly trainable end-to-end from scratch. Moreover, since ground truth images for full scene flow are scarce, we propose to leverage on the knowledge learned by networks specialized in stereo or flow, for which much more data are available, to distill proxy ",2020,,Filippo Aleotti; Matteo Poggi; Fabio Tosi; Stefano Mattoccia,10.1609/aaai.v34i07.6613,,https://doi.org/10.1609/aaai.v34i07.6613,openalex,energy based model robot learning,concept,ebm,,40,,2026-06-12T18:26:24Z,24.607,24.607
doi:10.1177/02783649922066655,Stabilization of Lateral Motion in Passive Dynamic Walking,"Passive dynamic walking refers to a class of bipedal machines that are able to walk down a gentle slope with no external control or energy input. The legs swing naturally as pendula, and conservation of angular momentum governs the contact of the swing foot with the ground. Previous machines have been limited to planar motions. We extend the planar motions to allow for tilting side to side (roll motion). Passive walking cycles exist, but the roll motion is unstable, resembling that of an inverted pendulum. The instability is due to mismatching of roll velocity with the ground contact conditions. Several strategies are presented for stabilizing this motion, of which the quasi-static control of step width is determined to be both simple and efficient.",1999,The International Journal of Robotics Research,Arthur D. Kuo,10.1177/02783649922066655,,https://doi.org/10.1177/02783649922066655,crossref,task and motion planning robotics,anti_myopia,classic,,535,motion planning; task and motion planning,2026-06-12T15:07:36Z,20.600,24.600
doi:10.1109/icra40945.2020.9196638,Are We Ready for Service Robots? The OpenLORIS-Scene Datasets for Lifelong SLAM,"Service robots should be able to operate autonomously in dynamic and daily changing environments over an extended period of time. While Simultaneous Localization And Mapping (SLAM) is one of the most fundamental problems for robotic autonomy, most existing SLAM works are evaluated with data sequences that are recorded in a short period of time. In real-world deployment, there can be out-of-sight scene changes caused by both natural factors and human activities. For example, in home scenarios, most objects may be movable, replaceable or deformable, and the visual features of the same place may be significantly different in some successive days. Such out-of-sight dynamics pose great challenges to the robustness of pose estimation, and hence a robot’s long-term deployment and operation. To differentiate the forementioned problem from the conventional works which are usually evaluated in a s",2020,,Xuesong Shi; Dongjiang Li; Pengpeng Zhao; Qinbin Tian; Yuxin Tian; Qiwei Long; Chunhao Zhu; Jingwei Song; Fei Qiao; Le Song; Yangquan Guo; Zhigang Wang; Yimin Zhang; Baoxing Qin; Wei Yang; Fangshi Wang; Rosa H. M. Chan; Qi She,10.1109/icra40945.2020.9196638,,https://doi.org/10.1109/icra40945.2020.9196638,openalex,robotics,concept,openalex_bulk_robotics,,163,SLAM; benchmark; robustness; deployment,2026-06-12T18:57:17Z,20.600,24.600
doi:10.1109/cvpr52734.2025.00670,HSI-GPT: A General-Purpose Large Scene-Motion-Language Model for Human Scene Interaction,,2025,2025 IEEE/CVF Conference on Computer Vision and Pattern Recognition (CVPR),Yuan Wang; Yali Li; Xiang Li; Shengjin Wang,10.1109/cvpr52734.2025.00670,,https://doi.org/10.1109/cvpr52734.2025.00670,crossref,vision language action model limitation robotics,hostile,failure,,,vision language action model; limitation,2026-06-12T15:07:36Z,19.600,24.600
arxiv:2602.13444v1,FlowHOI: Flow-based Semantics-Grounded Generation of Hand-Object Interactions for Dexterous Robot Manipulation,"Recent vision-language-action (VLA) models can generate plausible end-effector motions, yet they often fail in long-horizon, contact-rich tasks because the underlying hand-object interaction (HOI) structure is not explicitly represented. An embodiment-agnostic interaction representation that captures this structure would make manipulation behaviors easier to validate and transfer across robots. We propose FlowHOI, a two-stage flow-matching framework that generates semantically grounded, temporally coherent HOI sequences, comprising hand poses, object poses, and hand-object contact states, conditioned on an egocentric observation, a language instruction, and a 3D Gaussian splatting (3DGS) scene reconstruction. We decouple geometry-centric grasping from semantics-centric manipulation, conditioning the latter on compact 3D scene tokens and employing a motion-text alignment loss to semantica",2026,arXiv,Huajian Zeng; Lingyun Chen; Jiaqi Yang; Yuantai Zhang; Fan Shi; Peidong Liu; Xingxing Zuo,,2602.13444v1,http://arxiv.org/abs/2602.13444v1,arxiv,Gaussian splatting robot perception dexterous manipulation,concept,architecture_x_embodiment,,,Gaussian splatting robot perception; robot manipulation; dexterous manipulation; benchmark; long horizon,2026-06-12T15:07:36Z,23.550,24.550
arxiv:2603.28545v1,ManipArena: Comprehensive Real-world Evaluation of Reasoning-Oriented Generalist Robot Manipulation,"Vision-Language-Action (VLA) models and world models have recently emerged as promising paradigms for general-purpose robotic intelligence, yet their progress is hindered by the lack of reliable evaluation protocols that reflect real-world deployment. Existing benchmarks are largely simulator-centric, which provide controllability but fail to capture the reality gap caused by perception noise, complex contact dynamics, hardware constraints, and system latency. Moreover, fragmented real-world evaluations across different robot platforms prevent fair and reproducible comparison. To address these challenges, we introduce ManipArena, a standardized evaluation framework designed to bridge simulation and real-world execution. ManipArena comprises 20 diverse tasks across 10,812 expert trajectories emphasizing reasoning-oriented manipulation tasks requiring semantic and spatial reasoning, suppor",2026,arXiv,Yu Sun; Meng Cao; Ping Yang; Rongtao Xu; Yunxiao Yan; Runze Xu; Liang Ma; Roy Gan; Andy Zhai; Qingxuan Chen; Zunnan Xu; Hao Wang; Jincheng Yu; Lucy Liang; Qian Wang; Ivan Laptev; Ian D Reid; Xiaodan Liang,,2603.28545v1,http://arxiv.org/abs/2603.28545v1,arxiv,robot world models manipulation,concept,world_models,,,robot world model; robot manipulation; mobile manipulation; contact dynamics; benchmark; generalization; out of distribution; deployment; real world evaluation; long horizon; latency,2026-06-12T14:45:03Z,18.550,24.550
doi:10.1177/2041669517736072,Peripheral Visual Cues Contribute to the Perception of Object Movement During Self-Movement,"Safe movement through the environment requires us to monitor our surroundings for moving objects or people. However, identification of moving objects in the scene is complicated by self-movement, which adds motion across the retina. To identify world-relative object movement, the brain thus has to ‘compensate for’ or ‘parse out’ the components of retinal motion that are due to self-movement. We have previously demonstrated that retinal cues arising from central vision contribute to solving this problem. Here, we investigate the contribution of peripheral vision, commonly thought to provide strong cues to self-movement. Stationary participants viewed a large field of view display, with radial flow patterns presented in the periphery, and judged the trajectory of a centrally presented probe. Across two experiments, we demonstrate and quantify the contribution of peripheral optic flow to fl",2017,i-Perception,Cassandra Rogers; Simon K. Rushton; Paul A. Warren,10.1177/2041669517736072,,https://doi.org/10.1177/2041669517736072,crossref,Gaussian splatting robot perception deformable object manipulation,concept,architecture_x_embodiment,,16,Gaussian splatting robot perception; deformable object manipulation,2026-06-12T15:07:36Z,24.517,24.517
arxiv:2603.03514v1,Sampling-Based Motion Planning with Scene Graphs Under Perception Constraints,"It will be increasingly common for robots to operate in cluttered human-centered environments such as homes, workplaces, and hospitals, where the robot is often tasked to maintain perception constraints, such as monitoring people or multiple objects, for safety and reliability while executing its task. However, existing perception-aware approaches typically focus on low-degree-of-freedom (DoF) systems or only consider a single object in the context of high-DoF robots. This motivates us to consider the problem of perception-aware motion planning for high-DoF robots that accounts for multi-object monitoring constraints. We employ a scene graph representation of the environment, offering a great potential for incorporating long-horizon task and motion planning thanks to its rich semantic and spatial information. However, it does not capture perception-constrained information, such as the vi",2026,arXiv,Qingxi Meng; Emiliano Flores; Thai Duong; Vaibhav Unhelkar; Lydia E. Kavraki,,2603.03514v1,http://arxiv.org/abs/2603.03514v1,arxiv,sampling based motion planning,anti_myopia,anti_thesis,,,motion planning; task and motion planning; long horizon; sampling based motion planning,2026-06-12T15:07:36Z,20.450,24.450
doi:10.1007/s11633-022-1362-z,Causal Reasoning Meets Visual Representation Learning: A Prospective Study,"Abstract Visual representation learning is ubiquitous in various real-world applications, including visual comprehension, video understanding, multi-modal analysis, human-computer interaction, and urban computing. Due to the emergence of huge amounts of multimodal heterogeneous spatial/temporal/spatial-temporal data in the big data era, the lack of interpretability, robustness, and out-of-distribution generalization are becoming the challenges of the existing visual models. The majority of the existing methods tend to fit the original data/variable distributions and ignore the essential causal relations behind the multi-modal knowledge, which lacks unified guidance and analysis about why modern visual representation learning methods easily collapse into data bias and have limited generalization and cognitive abilities. Inspired by the strong inference ability of human-level agents, recen",2022,Machine Intelligence Research,Yang Liu; Yu-Shen Wei; Hong Yan; Guanbin Li; Liang Lin,10.1007/s11633-022-1362-z,,https://doi.org/10.1007/s11633-022-1362-z,openalex,energy based transformer robot policy,concept,ebm_transformer,,51,energy based transformer robot policy; limitation; benchmark; generalization; out of distribution; robustness,2026-06-12T18:05:07Z,17.426,24.426
doi:10.3390/agronomy16121127,"Robotic Fruit Harvesting Systems: Integration of Perception, Manipulation, and Detachment for Autonomous Harvesting","This review provides a comprehensive synthesis of robotic fruit harvesting systems, with a particular focus on the system-level integration of perception, manipulation, and fruit detachment within autonomous harvesting environments. Recent advances in machine vision, deep learning, sensor fusion, robotic end-effectors, grasping strategies, and motion planning are critically analyzed alongside cutting, pulling, and vibration-based detachment mechanisms under unstructured orchard conditions. Beyond component-level analysis, this review emphasizes the critical role of perception–action coupling and highlights key system integration challenges, including localization errors, perception-to-action latency, and environmental variability, which continue to limit reliable field deployment. In addition, orchard and pre-harvest-related factors such as canopy structure, fruit distribution, and detac",2026,Agronomy,Mohamed Ghonimy; Nagdy F. Abdel-Baky,10.3390/agronomy16121127,,https://doi.org/10.3390/agronomy16121127,crossref,Gaussian splatting robot perception bimanual manipulation,concept,architecture_x_embodiment,,,Gaussian splatting robot perception; bimanual manipulation; motion planning; robustness; deployment; latency,2026-06-12T15:07:36Z,21.350,24.350
doi:10.1177/0278364913484072,Integrated task and motion planning in belief space,"We describe an integrated strategy for planning, perception, state estimation and action in complex mobile manipulation domains based on planning in the belief space of probability distributions over states using hierarchical goal regression (pre-image back-chaining). We develop a vocabulary of logical expressions that describe sets of belief states, which are goals and subgoals in the planning process. We show that a relatively small set of symbolic operators can give rise to task-oriented perception in support of the manipulation goals. An implementation of this method is demonstrated in simulation and on a real PR2 robot, showing robust, flexible solution of mobile manipulation problems with multiple objects and substantial uncertainty.",2013,The International Journal of Robotics Research,Leslie Pack Kaelbling; Tomás Lozano-Pérez,10.1177/0278364913484072,,https://doi.org/10.1177/0278364913484072,crossref,task and motion planning robotics,anti_myopia,classic,,222,mobile manipulation; state estimation; motion planning; task and motion planning,2026-06-12T15:07:36Z,19.304,24.304
doi:10.1177/2041669517708206,Accuracy and Tuning of Flow Parsing for Visual Perception of Object Motion During Self-Motion,"How do we perceive object motion during self-motion using visual information alone? Previous studies have reported that the visual system can use optic flow to identify and globally subtract the retinal motion component resulting from self-motion to recover scene-relative object motion, a process called flow parsing. In this article, we developed a retinal motion nulling method to directly measure and quantify the magnitude of flow parsing (i.e., flow parsing gain) in various scenarios to examine the accuracy and tuning of flow parsing for the visual perception of object motion during self-motion. We found that flow parsing gains were below unity for all displays in all experiments; and that increasing self-motion and object motion speed did not alter flow parsing gain. We conclude that visual information alone is not sufficient for the accurate perception of scene-relative motion during",2017,i-Perception,Diederick C. Niehorster; Li Li,10.1177/2041669517708206,,https://doi.org/10.1177/2041669517708206,crossref,Gaussian splatting robot perception deformable object manipulation,concept,architecture_x_embodiment,,36,Gaussian splatting robot perception; deformable object manipulation,2026-06-12T15:07:36Z,24.205,24.205
doi:10.3390/en15051769,Local Path Planning for Autonomous Vehicles Based on the Natural Behavior of the Biological Action-Perception Motion,"Local path planning is a key task for the motion planners of autonomous vehicles since it commands the vehicle across its environment while avoiding any obstacles. To perform this task, the local path planner generates a trajectory and a velocity profile, which are then sent to the vehicle’s actuators. This paper proposes a new local path planner for autonomous vehicles based on the Attractor Dynamic Approach (ADA), which was inspired by the behavior of movement of living beings, along with an algorithm that takes into account four acceleration policies, the ST dynamic vehicle model, and several constraints regarding the comfort and security. The original functions that define the ADA were modified in order to adapt it to the non-holonomic vehicle’s constraints and to improve its response when an impact scenario is detected. The present approach is validated in a well-known simulator for",2022,Energies,Pedro Bautista-Camino; Alejandro Barranco-Gutiérrez; Ilse Cervantes; Martin Rodríguez-Licea; Juan Prado-Olivarez; Francisco Pérez-Pinal,10.3390/en15051769,,https://doi.org/10.3390/en15051769,crossref,sampling based motion planning,anti_myopia,anti_thesis,,20,motion planning; sampling based motion planning,2026-06-12T15:07:36Z,20.172,24.172
doi:10.1109/tcds.2016.2627820,Yielding Self-Perception in Robots Through Sensorimotor Contingencies,"We address self-perception in robots as the key for world understanding and causality interpretation. We present a self-perception mechanism that enables a humanoid robot to understand certain sensory changes caused by naive actions during interaction with objects. Visual, proprioceptive and tactile cues are combined via artificial attention and probabilistic reasoning to permit the robot to discern between inbody and outbody sources in the scene. With that support and exploiting intermodal sensory contingencies, the robot can infer simple concepts such as discovering potential “usable” objects. Theoretically and through experimentation with a real humanoid robot, we show how self-perception is a backdrop ability for high order cognitive skills. Moreover, we present a novel model for self-detection, which does not need to track the body parts. Furthermore, results show that the proposed ",2016,IEEE Transactions on Cognitive and Developmental Systems,Pablo Lanillos; Emmanuel Dean‐Leon; Gordon Cheng,10.1109/tcds.2016.2627820,,https://doi.org/10.1109/tcds.2016.2627820,openalex,robotics,concept,openalex_bulk_robotics,,40,humanoid robot,2026-06-12T18:57:17Z,23.157,24.157
doi:10.1115/dscc2015-9871,A Control Theoretic Framework for Optimally Locating Passive Vibration Isolators to Minimize Residual Vibration,"This paper investigates the problem of optimally locating passive vibration isolators to minimize residual vibration caused by exogenous disturbance forces. The stiffness and damping properties of the isolators are assumed to be known and the task is to determine the isolator locations, which are nonlinearly related to system states. This paper proposes an approach for reformulating the nonlinear isolator placement problem as a LTI control problem by linking the control forces to measured outputs using a feedforward term. Accordingly, the isolator locations show up as a static output feedback gain matrix which is optimized for residual vibration reduction using standard H∞ optimal control methods. Simulations and experiments on SISO and MIMO case studies are used to demonstrate the merits of the proposed approach. Even though presented in the specific context of ultra-precision manufactu",2015,"Volume 3: Multiagent Network Systems; Natural Gas and Heat Exchangers; Path Planning and Motion Control; Powertrain Systems; Rehab Robotics; Robot Manipulators; Rollover Prevention (AVS); Sensors and Actuators; Time Delay Systems; Tracking Control Systems; Uncertain Systems and Robustness; Unmanned, Ground and Surface Robotics; Vehicle Dynamics Control; Vibration and Control of Smart Structures/Mech Systems; Vibration Issues in Mechanical Systems",Amir H. Ghasemi; Jihyun Lee; Chinedum E. Okwudire,10.1115/dscc2015-9871,,https://doi.org/10.1115/dscc2015-9871,crossref,hybrid systems robot control manipulation,anti_myopia,control,,2,hybrid systems,2026-06-12T15:07:36Z,19.149,24.149
doi:10.3390/machines10070545,Intelligent Parametric Adaptive Hybrid Active–Passive Training Control Method for Rehabilitation Robot,"Rehabilitation robots facilitate patients to take part in physical and occupational training. Most of the rehabilitation robots used in clinical practice adopt pure passive training or active training, which cannot sense the active participation of patients during passive training and lack adaptive dynamic adjustment of training parameters for patients. In this paper, an intelligent hybrid active–passive training control method is proposed to enhance the active participation of patients in passive training mode. Firstly, the patients’ joint mobility and maximum muscle power are modelized and calibrated. Secondly, the robot joints are actuated to train according to joint mobility and speed for two cycles. The human–machine coupled force interaction control model can recognize the patients’ active participation in the training process. Finally, the passive training joint motion speed for t",2022,Machines,Jie Hu; Yuantao Zhuang; Yudi Zhu; Qiaoling Meng; Hongliu Yu,10.3390/machines10070545,,https://doi.org/10.3390/machines10070545,crossref,hybrid systems robot control manipulation,anti_myopia,control,,3,hybrid systems,2026-06-12T15:07:36Z,21.043,24.043
doi:10.3390/biomimetics9070436,Task-Motion Planning System for Socially Viable Service Robots Based on Object Manipulation,"This paper presents a software architecture to implement a task-motion planning system that can improve human-robot interactions by including social behavior when social robots provide services related to object manipulation to users. The proposed system incorporates four main modules: knowledge reasoning, perception, task planning, and motion planning for autonomous service. This system adds constraints to the robot motions based on the recognition of the object affordance from the perception module and environment states from the knowledge reasoning module. Thus, the system performs task planning by adjusting the goal of the task to be performed, and motion planning based on the functional aspects of the object, enabling the robot to execute actions consistent with social behavior to respond to the user’s intent and the task environment. The system is verified through simulated experim",2024,Biomimetics,Jeongmin Jeon; Hong-ryul Jung; Nabih Pico; Tuan Luong; Hyungpil Moon,10.3390/biomimetics9070436,,https://doi.org/10.3390/biomimetics9070436,crossref,task and motion planning robotics,anti_myopia,classic,,6,motion planning; task and motion planning; human robot interaction,2026-06-12T15:07:36Z,20.023,24.023
doi:10.1115/imece2010-38049,Manipulation of Multibody Active Objects Using Simple Passive Manipulators,"In this paper, we study passivity in dynamic manipulation of active objects. Active object is a concept covering a variety of objects, which are not rigid and need to be controlled during manipulation process. In this work, we use multi-link mechanisms with sufficient actuators to be controlled as object and a series of simple 1-DoF passive manipulators to perform such a process. Control of the object, dynamic and motion planning of the system, and stability in presence of impact are significant issues in this study.",2010,"Volume 8: Dynamic Systems and Control, Parts A and B",Borhan Beigzadeh; Ali Meghdari; Saeed Sohrabpour,10.1115/imece2010-38049,,https://doi.org/10.1115/imece2010-38049,crossref,hybrid systems robot control manipulation,anti_myopia,control,,,hybrid systems; motion planning,2026-06-12T15:07:36Z,19.950,23.950
doi:10.1007/s10846-024-02085-4,Trading-Off Safety with Agility Using Deep Pose Error Estimation and Reinforcement Learning for Perception-Driven UAV Motion Planning,"Abstract Navigation and planning for unmanned aerial vehicles (UAVs) based on visual-inertial sensors has been a popular research area in recent years. However, most visual sensors are prone to high error rates when exposed to disturbances such as excessive brightness and blur, which can lead to catastrophic performance drops in perception and motion planning systems. This study proposes a novel framework to address the coupled perception-planning problem in high-risk environments. This achieved by developing algorithms that can automatically adjust the agility of the UAV maneuvers based on the predicted error rate of the pose estimation system. The fundamental idea behind our work is to demonstrate that highly agile maneuvers become infeasible to execute when visual measurements are noisy. Thus, agility should be traded-off with safety to enable efficient risk management. Our study focu",2024,Journal of Intelligent & Robotic Systems,Mehmetcan Kaymaz; Recep Ayzit; Onur Akgün; Kamil Canberk Atik; Mustafa Erdem; Baris Yalcin; Gürkan Cetin; Nazım Kemal Ure,10.1007/s10846-024-02085-4,,https://doi.org/10.1007/s10846-024-02085-4,crossref,robot planning without learning,anti_myopia,anti_thesis,,2,motion planning; robot planning without learning,2026-06-12T15:07:36Z,19.949,23.949
doi:10.1007/s40313-022-00915-0,Manipulation Task Planning and Motion Control Using Task Relaxations,"Abstract This paper proposes a robotic manipulation task relaxation method applied to a task and motion planning framework adapted from the literature. The task relaxation method consists of defining regions of interest instead of defining the end-effector pose, which can potentially increase the robot’s redundancy with respect to the manipulation task. Tasks are relaxed by controlling the end-effector distance to a target plane while respecting suitable constraints in the task-space. We formulate the problem as a constrained control problem that enforces both equality and inequality constraints while being reactive to changes in the workspace. We evaluate the adapted framework in a simulated pick-and-place task with similar complexity to the one evaluated in the original framework. The number of plan nodes that our framework generates is 54% smaller than the one in the original framewor",2022,"Journal of Control, Automation and Electrical Systems",Marcos S. Pereira; Bruno V. Adorno,10.1007/s40313-022-00915-0,,https://doi.org/10.1007/s40313-022-00915-0,crossref,task and motion planning robotics,anti_myopia,classic,,4,motion planning; task and motion planning,2026-06-12T15:07:36Z,19.805,23.805
arxiv:2509.10444v1,Coordinated Motion Planning of a Wearable Multi-Limb System for Enhanced Human-Robot Interaction,"Supernumerary Robotic Limbs (SRLs) can enhance human capability within close proximity. However, as a wearable device, the generated moment from its operation acts on the human body as an external torque. When the moments increase, more muscle units are activated for balancing, and it can result in reduced muscular null space. Therefore, this paper suggests a concept of a motion planning layer that reduces the generated moment for enhanced Human-Robot Interaction. It modifies given trajectories with desirable angular acceleration and position deviation limits. Its performance to reduce the moment is demonstrated through the simulation, which uses simplified human and robotic system models.",2025,arXiv,Chaerim Moon; Joohyung Kim,,2509.10444v1,http://arxiv.org/abs/2509.10444v1,arxiv,task and motion planning robotics,anti_myopia,classic,,,motion planning; task and motion planning; human robot interaction,2026-06-12T15:07:36Z,19.800,23.800
arxiv:2012.06410v1,Learning How to Trade-Off Safety with Agility Using Deep Covariance Estimation for Perception Driven UAV Motion Planning,"We investigate how to utilize predictive models for selecting appropriate motion planning strategies based on perception uncertainty estimation for agile unmanned aerial vehicle (UAV) navigation tasks. Although there are variety of motion planning and perception algorithms for such tasks, the impact of perception uncertainty is not explicitly handled in many of the current motion algorithms, which leads to performance loss in real-life scenarios where the measurement are often noisy due to external disturbances. We develop a novel framework for embedding perception uncertainty to high level motion planning management, in order to select the best available motion planning approach for the currently estimated perception uncertainty. We estimate the uncertainty in visual inputs using a deep neural network (CovNet) that explicitly predicts the covariance of the current measurements. Next, we",2020,arXiv,Onur Akgun; Kamil Canberk Atik; Mustafa Erdem; Mehmetcan Kaymaz; Bugrahan Yamak; N. Kemal Ure,,2012.06410v1,http://arxiv.org/abs/2012.06410v1,arxiv,task and motion planning robotics,anti_myopia,classic,,,motion planning; task and motion planning,2026-06-12T15:07:36Z,18.800,23.800
arxiv:2602.22088v2,Force Policy: Learning Hybrid Force-Position Control Policy under Interaction Frame for Contact-Rich Manipulation,"Contact-rich manipulation demands human-like integration of perception and force feedback: vision should guide task progress, while high-frequency interaction control must stabilize contact under uncertainty. Existing learning-based policies often entangle these roles in a monolithic network, trading off global generalization against stable local refinement, while control-centric approaches typically assume a known task structure or learn only controller parameters rather than the structure itself. In this paper, we formalize a physically grounded interaction frame, an instantaneous local basis that decouples force regulation from motion execution, and propose a method to recover it from demonstrations. Based on this, we address both issues by proposing Force Policy, a global-local vision-force policy in which a global policy guides free-space actions using vision, and upon contact, a hi",2026,arXiv,Hongjie Fang; Shirun Tang; Mingyu Mei; Haoxiang Qin; Zihao He; Jingjing Chen; Ying Feng; Chenxi Wang; Wanxi Liu; Zaixing He; Cewu Lu; Shiquan Wang,,2602.22088v2,http://arxiv.org/abs/2602.22088v2,arxiv,contact rich manipulation learning,concept,contact,,,contact rich manipulation; generalization,2026-06-12T14:45:03Z,21.550,23.550
arxiv:2602.16356v1,Articulated 3D Scene Graphs for Open-World Mobile Manipulation,"Semantics has enabled 3D scene understanding and affordance-driven object interaction. However, robots operating in real-world environments face a critical limitation: they cannot anticipate how objects move. Long-horizon mobile manipulation requires closing the gap between semantics, geometry, and kinematics. In this work, we present MoMa-SG, a novel framework for building semantic-kinematic 3D scene graphs of articulated scenes containing a myriad of interactable objects. Given RGB-D sequences containing multiple object articulations, we temporally segment object interactions and infer object motion using occlusion-robust point tracking. We then lift point trajectories into 3D and estimate articulation models using a novel unified twist estimation formulation that robustly estimates revolute and prismatic joint parameters in a single optimization pass. Next, we associate objects with e",2026,arXiv,Martin Büchner; Adrian Röfer; Tim Engelbracht; Tim Welschehold; Zuria Bauer; Hermann Blum; Marc Pollefeys; Abhinav Valada,,2602.16356v1,http://arxiv.org/abs/2602.16356v1,arxiv,3D scene understanding robot manipulation,concept,scene_understanding,,,robot manipulation; mobile manipulation; 3D scene understanding; limitation; occlusion; long horizon,2026-06-12T15:07:36Z,21.550,23.550
doi:10.1145/3657030,A Survey of Multimodal Perception Methods for Human–Robot Interaction in Social Environments,"Human–robot interaction (HRI) in human social environments (HSEs) poses unique challenges for robot perception systems, which must combine asynchronous, heterogeneous data streams in real time. Multimodal perception systems are well-suited for HRI in HSEs and can provide more rich, robust interaction for robots operating among humans. In this article, we provide an overview of multimodal perception systems being used in HSEs, which is intended to be an introduction to the topic and summary of relevant trends, techniques, resources, challenges, and terminology. We surveyed 15 peer-reviewed robotics and HRI publications over the past 10+ years, providing details about the data acquisition, processing, and fusion techniques used in 65 multimodal perception systems across various HRI domains. Our survey provides information about hardware, software, datasets, and methods currently available ",2024,ACM Transactions on Human-Robot Interaction,John A. Duncan; Farshid Alambeigi; Mitchell W. Pryor,10.1145/3657030,,https://doi.org/10.1145/3657030,crossref,learning robot manipulation from human video,concept,human_data,,26,robot manipulation; human robot interaction; limitation,2026-06-12T15:07:36Z,22.448,23.448
doi:10.63282/3050-9262.ijaidsml-v7i1p150,Vision-Based Robotic Manipulation: Grasping in Clutter with Uncertainty-Aware Perception,"Robotic grasp of cluttered scene has remained one of the most basic issues, primarily due to the widespread obstructions, sensor noise and natural deficiency in full view information. Modern vision-based manipulation systems heavily rely on more confident perception pipelines far more often than indeterminate perception pipelines are capable of addressing the uncertainty of object pose recognition and scene understanding, thus leading to fragile grasp execution under operational conditions. In this paper I will introduce an uncertainty conscious and vision based robotic manipulation system explicitly modelling and exploiting perceptual uncertainty when planning grasps in cluttered environments. This method combines a probabilistic visual perception and learning based grasp generation which enables the robot to reason in the face of uncertainty embedded in occlusions, depth ambiguity and ",2026,"International Journal of Artificial Intelligence, Data Science and Machine Learning",Rasool Javeed Mohammad,10.63282/3050-9262.ijaidsml-v7i1p150,,https://doi.org/10.63282/3050-9262.ijaidsml-v7i1p150,crossref,contact rich manipulation learning,concept,contact,,,contact rich manipulation; robustness; partial observability; occlusion,2026-06-12T15:07:36Z,21.350,23.350
doi:10.48550/arxiv.1911.05603,Are We Ready for Service Robots? The OpenLORIS-Scene Datasets for Lifelong SLAM,"Service robots should be able to operate autonomously in dynamic and daily changing environments over an extended period of time. While Simultaneous Localization And Mapping (SLAM) is one of the most fundamental problems for robotic autonomy, most existing SLAM works are evaluated with data sequences that are recorded in a short period of time. In real-world deployment, there can be out-of-sight scene changes caused by both natural factors and human activities. For example, in home scenarios, most objects may be movable, replaceable or deformable, and the visual features of the same place may be significantly different in some successive days. Such out-of-sight dynamics pose great challenges to the robustness of pose estimation, and hence a robot's long-term deployment and operation. To differentiate the forementioned problem from the conventional works which are usually evaluated in a s",2019,arXiv (Cornell University),Xuesong Shi; Dongjiang Li; Pengpeng Zhao; Qinbin Tian; Yuxin Tian; Qiwei Long; Chunhao Zhu; Jingwei Song; Fei Qiao; Le Song; Yangquan Guo; Zhigang Wang; Yimin Zhang; Baoxing Qin; Wei Yang; Fangshi Wang; Rosa H. M. Chan; Qi She,10.48550/arxiv.1911.05603,,https://doi.org/10.48550/arxiv.1911.05603,openalex,robotics,concept,openalex_bulk_robotics,,19,SLAM; benchmark; robustness; deployment,2026-06-12T18:57:17Z,19.348,23.348
doi:10.3389/frvir.2024.1390703,Object Motion Manipulation and time perception in virtual reality,"This paper presents a novel approach to altering how time is perceived in Virtual Reality (VR). It involves manipulating the speed and pattern of motion in objects associated with timekeeping, both directly (such as clocks) and indirectly (like pendulums). Objects influencing our perception of time are called ‘zeitgebers‘; for instance, observing a clock or pendulum tends to affect how we perceive the passage of time. The speed of motion of their internal parts (clock hands or pendulum rings) is explicitly or implicitly related to the perception of time. However, the perceptual effects of accelerating or decelerating the speed of a virtual clock or pendulum in VR is still an open question. We hypothesize that the acceleration of their internal motion will accelerate the passage of time and that the irregularity of the orbit pendulum’s motion will amplify this effect. We anticipate that t",2024,Frontiers in Virtual Reality,Maximilian Landeck; Fabian Unruh; Jean-Luc Lugrin; Marc Erich Latoschik,10.3389/frvir.2024.1390703,,https://doi.org/10.3389/frvir.2024.1390703,crossref,sim to real robot manipulation,concept,sim2real,,5,robot manipulation,2026-06-12T15:07:36Z,22.346,23.346
doi:10.1364/oe.566399,Motion blur suppression method for time-of-flight imaging systems based on differential correlation sampling data,"Time-of-Flight (ToF) imaging systems, capable of their high frame rate, high resolution, and cost-effectiveness, enable diverse applications. However, their ranging performance is significantly degraded by motion blur caused by relative motion between the system and the scene. To address this challenge, this paper proposes a motion blur suppression method based on differential correlation sampling (DCS) data for time-of-flight imaging systems, which employs a three-step strategy: firstly, adaptive thresholds for motion blur detection are established based on noise levels to identify blurred regions; secondly, the occurrence time of motion blur is determined, and compensation is performed using the complementary properties of DCS data to suppress motion blur; finally, an enhanced bilateral filtering is applied according to the spatial distribution characteristics of motion-blurred regions",2025,Optics Express,Ping Song; Yunjian Bai; Chuangbo Hao; Wuyang Zhang; Yinpeng Wu,10.1364/oe.566399,,https://doi.org/10.1364/oe.566399,crossref,sampling based motion planning,anti_myopia,anti_thesis,,1,motion planning; sampling based motion planning,2026-06-12T15:07:36Z,19.297,23.297
doi:10.3390/robotics15060107,Effects of Anthropomorphic Design and Motion on Human Perception of Industrial Robotic Arms,"Industrial robots are increasingly deployed in human-centered settings, where appearance and motion critically shape worker trust and acceptance. This study employed a 2 × 2 factorial design manipulating robot appearance (Sleek vs. Industrial) and motion (Adaptive vs. Rigid) to examine effects on perceived lifelikeness, intelligence, engagement, trust, and predictability. Participants rated each measure using Likert scales, and data were analyzed using descriptive statistics, two-way ANOVA, and Pearson correlations. Results revealed significant main effects of appearance and movement across multiple perceptual dimensions, with a significant interaction effect observed for trust. Findings suggest that anthropomorphic cues, both visual and behavioral, may enhance perceptions of intelligence, relatability, and trust. This work contributes to the limited literature on anthropomorphism in ind",2026,Robotics,Sushma Nln; Abas Sabouni; Yong Zhu,10.3390/robotics15060107,,https://doi.org/10.3390/robotics15060107,crossref,task and motion planning robotics,anti_myopia,classic,,,industrial robot; motion planning; task and motion planning,2026-06-12T15:07:36Z,19.250,23.250
arxiv:2602.11291v2,H-WM: Robotic Task and Motion Planning Guided by Hierarchical World Model,"World models are becoming central to robotic planning and control as they enable prediction of future state transitions. Existing approaches often emphasize video generation or natural-language prediction, which are difficult to ground in robot actions and suffer from compounding errors over long horizons. Classic task and motion planning models world transitions in logical space, enabling robot-executable and robust long-horizon reasoning. However, they typically operate independently of visual perception, preventing synchronized symbolic and visual state prediction. We propose a Hierarchical World Model (H-WM) that jointly predicts logical and visual state transitions within a unified framework. H-WM combines a high-level logical world model with a low-level visual world model, integrating the long-horizon robustness of symbolic reasoning with visual grounding. The hierarchical outputs",2026,arXiv,Jinbang Huang; Wenyuan Chen; Zhiyuan Li; Oscar Pang; Xiao Hu; Lingfeng Zhang; Yuanzhao Hu; Zhanguang Zhang; Mark Coates; Tongtong Cao; Xingyue Quan; Yingxue Zhang,,2602.11291v2,http://arxiv.org/abs/2602.11291v2,arxiv,robot world model failure planning,hostile,failure,,,robot world model; motion planning; task and motion planning; robustness; long horizon; robot world model failure,2026-06-12T14:45:03Z,17.200,23.200
doi:10.3389/fninf.2021.619557,Constructing Brain Connectivity Model Using Causal Network Reconstruction Approach,"Studying brain function is a challenging task. In the past, we could only study brain anatomical structures post-mortem, or infer brain functions from clinical data of patients with a brain injury. Nowadays technology, such as functional magnetic resonance imaging (fMRI), enable non-invasive brain activity observation. Several approaches have been proposed to interpret brain activity data. The brain connectivity model is a graphical tool that represents the interaction between brain regions, during certain states. It depicts how a brain region cause changes to other parts of the brain, which can be implied as information flow. This model can be used to help interpret how the brain works. There are several mathematical frameworks that can be used to infer the connectivity model from brain activity signals. Granger causality is one such approach and is one of the first that has been applie",2021,Frontiers in Neuroinformatics,Supat Saetia; Natsue Yoshimura; Yasuharu Koike,10.3389/fninf.2021.619557,,https://doi.org/10.3389/fninf.2021.619557,crossref,causal robot world model,concept,architecture,,25,robot world model; causal robot world model; limitation,2026-06-12T15:07:36Z,21.179,23.179
arxiv:2310.00433v2,Active-Perceptive Motion Generation for Mobile Manipulation,"Mobile Manipulation (MoMa) systems incorporate the benefits of mobility and dexterity, due to the enlarged space in which they can move and interact with their environment. However, even when equipped with onboard sensors, e.g., an embodied camera, extracting task-relevant visual information in unstructured and cluttered environments, such as households, remains challenging. In this work, we introduce an active perception pipeline for mobile manipulators to generate motions that are informative toward manipulation tasks, such as grasping in unknown, cluttered scenes. Our proposed approach, ActPerMoMa, generates robot paths in a receding horizon fashion by sampling paths and computing path-wise utilities. These utilities trade-off maximizing the visual Information Gain (IG) for scene reconstruction and the task-oriented objective, e.g., grasp success, by maximizing grasp reachability. We ",2023,arXiv,Snehal Jauhri; Sophie Lueth; Georgia Chalvatzaki,,2310.00433v2,http://arxiv.org/abs/2310.00433v2,arxiv,Gaussian splatting robot perception mobile manipulation,concept,architecture_x_embodiment,,,Gaussian splatting robot perception; mobile manipulation; active perception,2026-06-12T15:07:36Z,23.150,23.150
arxiv:2605.08330v1,Hierarchical Prompting with Dual LLM Modules for Robotic Task and Motion Planning,"We present a hierarchical language-driven framework for robotic task and motion planning to improve natural, intuitive human-robot interaction in service and assistance scenarios. The proposed system employs two large language model (LLM) modules: a high-level planning agent and a low-level spatial reasoning sub-module. The primary agent processes natural language commands and generates action sequences using a ReAct-style prompt, interacting with tools for object perception and manipulation (e.g., pick, place, release). For precise spatial placement, such as interpreting ""place the mug next to the plate"", a separate sub-prompting module handles 3D reasoning based on object geometry and scene layout. The system integrates YOLOX-GDRNet for object detection and pose estimation, along with a motion execution stub. We evaluated the system in 24 test scenarios, ranging from simple spatial com",2026,arXiv,Karolina Źróbek; Tessa Pulli; Paweł Gajewski; Antonio Galiza Cerdeira Gonzalez; Bipin Indurkhya,,2605.08330v1,http://arxiv.org/abs/2605.08330v1,arxiv,task and motion planning robotics,anti_myopia,classic,,,motion planning; task and motion planning; human robot interaction,2026-06-12T15:07:36Z,19.150,23.150
doi:10.1049/iet-csr.2020.0004,Survey of UAV motion planning,"Motion planning is a vital module for unmanned aerial vehicles (UAVs), especially in scenarios of autonomous navigation and operation. This survey delivers some recent state‐of‐the‐art UAV motion planning algorithms and related applications. The logic flow of this survey is divided as the path finding, which is the front‐end of most motion planning systems, and the trajectory optimisation, which usually serves as the back‐end. Motivation, methodology, problem formulation and derivation are given in this survey, in detail. Finally, a section about real‐world applications is given, where roles and effectiveness of most popular motion planning methods are revealed.",2020,IET Cyber-Systems and Robotics,Lun Quan; Luxin Han; Boyu Zhou; Shaojie Shen; Fei Gao,10.1049/iet-csr.2020.0004,,https://doi.org/10.1049/iet-csr.2020.0004,crossref,task and motion planning robotics,anti_myopia,classic,,131,motion planning; task and motion planning,2026-06-12T15:07:36Z,18.041,23.041
doi:10.3390/s25247542,"Extraction, Segmentation, and 3D Reconstruction of Wire Harnesses from Point Clouds for Robot Motion Planning","Accurate collision detection in off-line robot simulation is essential for ensuring safety in modern manufacturing. However, current simulation environments often neglect flexible components such as wire harnesses, which are attached to articulated robots with irregular slack to accommodate motion. Because these components are rarely modeled in CAD, the absence of accurate 3D harness models leads to discrepancies between simulated and actual robot behavior, which sometimes result in physical interference or damage. This paper addresses this limitation by introducing a fully automated framework for extracting, segmenting, and reconstructing 3D wire-harness models directly from dense, partially occluded point clouds captured by terrestrial laser scanners. The key contribution lies in a motion-aware segmentation strategy that classifies harnesses into static and dynamic parts based on their",2025,Sensors,Saki Komoriya; Hiroshi Masuda,10.3390/s25247542,,https://doi.org/10.3390/s25247542,crossref,robot world model failure planning,hostile,failure,,,robot world model; industrial robot; motion planning; limitation; occlusion; robot world model failure,2026-06-12T15:07:36Z,17.000,23.000
arxiv:2003.06734v1,Active Perception and Representation for Robotic Manipulation,"The vast majority of visual animals actively control their eyes, heads, and/or bodies to direct their gaze toward different parts of their environment. In contrast, recent applications of reinforcement learning in robotic manipulation employ cameras as passive sensors. These are carefully placed to view a scene from a fixed pose. Active perception allows animals to gather the most relevant information about the world and focus their computational resources where needed. It also enables them to view objects from different distances and viewpoints, providing a rich visual experience from which to learn abstract representations of the environment. Inspired by the primate visual-motor system, we present a framework that leverages the benefits of active perception to accomplish manipulation tasks. Our agent uses viewpoint changes to localize objects, to learn state representations in a self-s",2020,arXiv,Youssef Zaky; Gaurav Paruthi; Bryan Tripp; James Bergstra,,2003.06734v1,http://arxiv.org/abs/2003.06734v1,arxiv,Gaussian splatting robot perception contact rich manipulation,concept,architecture_x_embodiment,,,Gaussian splatting robot perception; contact rich manipulation; active perception,2026-06-12T15:07:36Z,22.900,22.900
doi:10.1108/01439919810196964,Passive compliance versus active compliance in robot‐based automated assembly systems,"Industrial robots have found great potential in applications to assembly‐line automation. Programmable robot‐based assembly systems are often needed, in particular for circumstances in which special assembly equipments is not available or well‐trained operators could not be employed economically. Robots with enough compliance can perform not only classic automation tasks, such as spot welding, cargo carrying, etc., but also can operate those tasks which demand the compliant motion capacity of robots. Therefore, the research on robot compliance is especially important for parts assembly by robots, where robot compliant motions and manipulations are essential requirements. This paper presents a number of important issues in robot compliance research, including the specification of robot end‐effector compliance; properties of a robot compliance matrix at its end‐effector; discussions on pas",1998,Industrial Robot: An International Journal,Wei Wang; Robert N.K. Loh; Edward Y. Gu,10.1108/01439919810196964,,https://doi.org/10.1108/01439919810196964,crossref,Gaussian splatting robot perception industrial robot,concept,architecture_x_embodiment,,87,Gaussian splatting robot perception; industrial robot,2026-06-12T15:07:36Z,22.889,22.889
doi:10.1145/3618258,Experimental Assessment of Human–Robot Teaming for Multi-step Remote Manipulation with Expert Operators,"Remote robot manipulation with human control enables applications in which safety and environmental constraints are adverse to humans (e.g., underwater, space robotics and disaster response) or the complexity of the task demands human-level cognition and dexterity (e.g., robotic surgery and manufacturing). These systems typically use direct teleoperation at the motion level and are usually limited to low-DOF arms and two-dimensional (2D) perception. Improving dexterity and situational awareness demands new interaction and planning workflows. We explore the use of human–robot teaming through teleautonomy with assisted planning for remote control of a dual-arm dexterous robot for multi-step manipulation, and conduct a within-subjects experimental assessment (n = 12 expert users) to compare it with direct teleoperation with an imitation controller with 2D and three-dimensional (3D) percepti",2024,ACM Transactions on Human-Robot Interaction,Claudia Pérez-D’Arpino; Rebecca P. Khurshid; Julie A. Shah,10.1145/3618258,,https://doi.org/10.1145/3618258,crossref,robot world models manipulation,concept,world_models,,13,robot world model; robot manipulation; teleoperation; benchmark,2026-06-12T14:45:03Z,21.820,22.820
arxiv:2507.11211v1,MPC-based Coarse-to-Fine Motion Planning for Robotic Object Transportation in Cluttered Environments,"This letter presents a novel coarse-to-fine motion planning framework for robotic manipulation in cluttered, unmodeled environments. The system integrates a dual-camera perception setup with a B-spline-based model predictive control (MPC) scheme. Initially, the planner generates feasible global trajectories from partial and uncertain observations. As new visual data are incrementally fused, both the environment model and motion planning are progressively refined. A vision-based cost function promotes target-driven exploration, while a refined kernel-perceptron collision detector enables efficient constraint updates for real-time planning. The framework accommodates closed-chain kinematics and supports dynamic replanning. Experiments on a multi-arm platform validate its robustness and adaptability under uncertainties and clutter.",2025,arXiv,Chen Cai; Ernesto Dickel Saraiva; Ya-jun Pan; Steven Liu,,2507.11211v1,http://arxiv.org/abs/2507.11211v1,arxiv,task and motion planning robotics,anti_myopia,classic,,,model predictive control; motion planning; task and motion planning; robustness,2026-06-12T15:07:36Z,16.800,22.800
doi:10.4018/joeuc.355191,Deep Learning-Driven Robot Arm Control Fusing Convolutional Visual Perception and Predictive Modeling for Motion Planning,"The wide application of robotic technology in various industries from industrial automation to medical assistance is gradually changing our production and lifestyle, and has attracted widespread attention in many fields. However, existing robotic control systems often grapple with limited flexibility and poor adaptability to complex environments, particularly in highly dynamic operational contexts. Against this backdrop, the integration of deep learning technologies offers new possibilities in enhancing robotic perception and decision-making, especially in visual perception and motion planning. To address these challenges, we have introduced a novel robotic arm control network model, MPC-WGAN-Faster R-CNN, which combines Model Predictive Control concepts with Wasserstein Generative Adversarial Networks and Faster R-CNN visual recognition technology. This integration aims to improve the p",2024,Journal of Organizational and End User Computing,Zhongzhen Yan; Yiming Chang; Lukang Yuan; Feifei Wei; Xianglong Wang; Xinhua Dong; Hongmu Han,10.4018/joeuc.355191,,https://doi.org/10.4018/joeuc.355191,crossref,model predictive control robot learning,anti_myopia,control,,2,model predictive control; motion planning,2026-06-12T15:07:36Z,17.599,22.599
arxiv:2503.21860v1,ManipTrans: Efficient Dexterous Bimanual Manipulation Transfer via Residual Learning,"Human hands play a central role in interacting, motivating increasing research in dexterous robotic manipulation. Data-driven embodied AI algorithms demand precise, large-scale, human-like manipulation sequences, which are challenging to obtain with conventional reinforcement learning or real-world teleoperation. To address this, we introduce ManipTrans, a novel two-stage method for efficiently transferring human bimanual skills to dexterous robotic hands in simulation. ManipTrans first pre-trains a generalist trajectory imitator to mimic hand motion, then fine-tunes a specific residual module under interaction constraints, enabling efficient learning and accurate execution of complex bimanual tasks. Experiments show that ManipTrans surpasses state-of-the-art methods in success rate, fidelity, and efficiency. Leveraging ManipTrans, we transfer multiple hand-object datasets to robotic han",2025,arXiv,Kailin Li; Puhao Li; Tengyu Liu; Yuyang Li; Siyuan Huang,,2503.21860v1,http://arxiv.org/abs/2503.21860v1,arxiv,Gaussian splatting robot perception bimanual manipulation,concept,architecture_x_embodiment,,,Gaussian splatting robot perception; bimanual manipulation; teleoperation; deployment,2026-06-12T15:07:36Z,20.550,22.550
arxiv:2603.13825v1,Building Explicit World Model for Zero-Shot Open-World Object Manipulation,"Open-world object manipulation remains a fundamental challenge in robotics. While Vision-Language-Action (VLA) models have demonstrated promising results, they rely heavily on large-scale robot action demonstrations, which are costly to collect and can hinder out-of-distribution generalization. In this paper, we propose an explicit-world-model-based framework for open-world manipulation that achieves zero-shot generalization by constructing a physically grounded digital twin of the environment. The framework integrates open-set perception, digital-twin reconstruction, sampling and evaluation of interaction strategies. By constructing a digital twin of the environment, our approach efficiently explores and evaluates manipulation strategies in physic-enabled simulator and reliably deploys the chosen strategy to the real world. Experimentally, the proposed framework is able to perform multi",2026,arXiv,Xiaotong Li; Gang Chen; Javier Alonso-Mora,,2603.13825v1,http://arxiv.org/abs/2603.13825v1,arxiv,robot world models manipulation,concept,world_models,,,robot world model; generalization; out of distribution,2026-06-12T14:45:03Z,18.550,22.550
arxiv:2502.08449v2,CordViP: Correspondence-based Visuomotor Policy for Dexterous Manipulation in Real-World,"Achieving human-level dexterity in robots is a key objective in the field of robotic manipulation. Recent advancements in 3D-based imitation learning have shown promising results, providing an effective pathway to achieve this goal. However, obtaining high-quality 3D representations presents two key problems: (1) the quality of point clouds captured by a single-view camera is significantly affected by factors such as camera resolution, positioning, and occlusions caused by the dexterous hand; (2) the global point clouds lack crucial contact information and spatial correspondences, which are necessary for fine-grained dexterous manipulation tasks. To eliminate these limitations, we propose CordViP, a novel framework that constructs and learns correspondences by leveraging the robust 6D pose estimation of objects and robot proprioception. Specifically, we first introduce the interaction-aw",2025,arXiv,Yankai Fu; Qiuxuan Feng; Ning Chen; Zichen Zhou; Mengzhen Liu; Mingdong Wu; Tianxing Chen; Shanyu Rong; Jiaming Liu; Hao Dong; Shanghang Zhang,,2502.08449v2,http://arxiv.org/abs/2502.08449v2,arxiv,EBM transformer robotics dexterous manipulation,concept,architecture_x_embodiment,,,EBM transformer robotics; dexterous manipulation; proprioception; imitation learning; limitation; generalization; robustness; occlusion,2026-06-12T15:07:36Z,18.550,22.550
doi:10.1177/02783649251343926,Caging in time: A framework for robust object manipulation under uncertainties and limited robot perception,"Real-world object manipulation has been commonly challenged by physical uncertainties and perception limitations. Being an effective strategy, while caging configuration-based manipulation frameworks have successfully provided robust solutions, they are not broadly applicable due to their strict requirements on the availability of multiple robots, widely distributed contacts, or specific geometries of robots or objects. Building upon previous sensorless manipulation ideas and uncertainty handling approaches, this work proposes a novel framework termed Caging in Time to allow caging configurations to be formed even with one robot engaged in a task. This concept leverages the insight that while caging requires constraining the object’s motion, only part of the cage actively contacts the object at any moment. As such, by strategically switching the end-effector configuration and collapsing ",2025,The International Journal of Robotics Research,Gaotian Wang; Kejia Ren; Andrew S. Morgan; Kaiyu Hang,10.1177/02783649251343926,,https://doi.org/10.1177/02783649251343926,crossref,robot world models manipulation,concept,world_models,,2,robot world model; limitation,2026-06-12T15:07:36Z,19.549,22.549
doi:10.1155/2019/5015741,Evaluation of Image Enhancement Techniques for Vision-Based Navigation under Low Illumination,"Cameras are valuable sensors for robotics perception tasks. Among these perception tasks are motion estimation, localization, and object detection. Cameras are attractive sensors because they are passive and relatively cheap and can provide rich information. However, being passive sensors, they rely on external illumination from the environment which means that their performance degrades in low-light conditions. In this paper, we present and investigate four methods to enhance images under challenging night conditions. The findings are relevant to a wide range of feature-based vision systems, such as tracking for augmented reality, image registration, localization, and mapping, as well as deep learning-based object detectors. As autonomous mobile robots are expected to operate under low-illumination conditions at night, evaluation is based on state-of-the-art systems for motion estimatio",2019,Journal of Robotics,Mohamed Aladem; Stanley Baek; Samir A. Rawashdeh,10.1155/2019/5015741,,https://doi.org/10.1155/2019/5015741,crossref,vision language action model limitation robotics,hostile,failure,,14,vision language action model; limitation,2026-06-12T15:07:36Z,16.504,22.504
doi:10.3390/app16073376,Robust Vision-Language-Action Models via Object-Centric Learning and Distance-Based Chunk Alignment,"Vision–language–action (VLA) models have shown strong potential for enabling robots to interpret goals and perform complex manipulation tasks by integrating perception, language, and control. However, existing VLAs rely heavily on large-scale, diverse demonstration datasets, which are difficult and expensive to collect. When trained with limited data, they often overfit to irrelevant visual cues such as background, lighting, or viewpoint, resulting in weak generalization. To overcome this limitation, we propose a simple yet effective object-centric learning framework for VLA. For each sub-task, the framework leverages an instance segmentation foundation model to identify and track task-relevant objects, and trains the policy on both the original RGB scene and two object-focused representations: (i) a masked image emphasizing the target object and (ii) an object-only crop. These multiple ",2026,Applied Sciences,Sung-Gil Park; Yong-Geon Kim; Seuk-Woo Ryu; Byeong Gil Yoo; Sungeun Chung; Jeong-Seop Park; Woo-Jin Ahn; Myo-Taeg Lim,10.3390/app16073376,,https://doi.org/10.3390/app16073376,crossref,vision language action model limitation robotics,hostile,failure,,,vision language action model; limitation; generalization,2026-06-12T15:07:36Z,16.350,22.350
doi:10.5194/isprsannals-ii-3-w5-427-2015,JOINT 3D ESTIMATION OF VEHICLES AND SCENE FLOW,"Abstract. driving. While much progress has been made in recent years, imaging conditions in natural outdoor environments are still very challenging for current reconstruction and recognition methods. In this paper, we propose a novel unified approach which reasons jointly about 3D scene flow as well as the pose, shape and motion of vehicles in the scene. Towards this goal, we incorporate a deformable CAD model into a slanted-plane conditional random field for scene flow estimation and enforce shape consistency between the rendered 3D models and the parameters of all superpixels in the image. The association of superpixels to objects is established by an index variable which implicitly enables model selection. We evaluate our approach on the challenging KITTI scene flow dataset in terms of object and scene flow estimation. Our results provide a prove of concept and demonstrate the usefuln",2015,"ISPRS annals of the photogrammetry, remote sensing and spatial information sciences",Marco Menze; Christian Heipke; Andreas Geiger,10.5194/isprsannals-ii-3-w5-427-2015,,https://doi.org/10.5194/isprsannals-ii-3-w5-427-2015,openalex,energy based model robot learning,concept,ebm,,360,,2026-06-12T18:26:24Z,22.344,22.344
doi:10.3390/rs13214481,Drone-Based Autonomous Motion Planning System for Outdoor Environments under Object Detection Uncertainty,"Recent advances in autonomy of unmanned aerial vehicles (UAVs) have increased their use in remote sensing applications, such as precision agriculture, biosecurity, disaster monitoring, and surveillance. However, onboard UAV cognition capabilities for understanding and interacting in environments with imprecise or partial observations, for objects of interest within complex scenes, are limited, and have not yet been fully investigated. This limitation of onboard decision-making under uncertainty has delegated the motion planning strategy in complex environments to human pilots, which rely on communication subsystems and real-time telemetry from ground control stations. This paper presents a UAV-based autonomous motion planning and object finding system under uncertainty and partial observability in outdoor environments. The proposed system architecture follows a modular design, which allo",2021,Remote Sensing,Juan Sandino; Frederic Maire; Peter Caccetta; Conrad Sanderson; Felipe Gonzalez,10.3390/rs13214481,,https://doi.org/10.3390/rs13214481,crossref,sampling based motion planning,anti_myopia,anti_thesis,,38,motion planning; limitation; robustness; partial observability; sampling based motion planning,2026-06-12T15:07:36Z,15.282,22.282
doi:10.3390/robotics9040102,Human-Like Arm Motion Generation: A Review,"In the last decade, the objectives outlined by the needs of personal robotics have led to the rise of new biologically-inspired techniques for arm motion planning. This paper presents a literature review of the most recent research on the generation of human-like arm movements in humanoid and manipulation robotic systems. Search methods and inclusion criteria are described. The studies are analyzed taking into consideration the sources of publication, the experimental settings, the type of movements, the technical approach, and the human motor principles that have been used to inspire and assess human-likeness. Results show that there is a strong focus on the generation of single-arm reaching movements and biomimetic-based methods. However, there has been poor attention to manipulation, obstacle-avoidance mechanisms, and dual-arm motion generation. For these reasons, human-like arm motio",2020,Robotics,Gianpaolo Gulletta; Wolfram Erlhagen; Estela Bicho,10.3390/robotics9040102,,https://doi.org/10.3390/robotics9040102,crossref,task and motion planning robotics,anti_myopia,classic,,53,motion planning; task and motion planning; human robot interaction; limitation,2026-06-12T15:07:36Z,17.244,22.244
doi:10.1109/lra.2025.3609615,Kaiwu: A Multimodal Manipulation Dataset and Framework for Robot Learning and Human-Robot Interaction,"Cutting-edge robot learning techniques including foundation models and imitation learning from humans all pose huge demands on large-scale and high-quality datasets which constitute one of the bottleneck in the general intelligent robot fields. This paper presents the Kaiwu multimodal dataset to address the missing real-world synchronized multimodal data problems in the sophisticated assembling scenario,especially with dynamics information and its fine-grained labelling. The dataset first provides an integration of human,environment and robot data collection framework with 20 subjects and 30 interaction objects resulting in totally 11,664 instances of integrated actions. For each of the demonstration,hand motions,operation pressures,sounds of the assembling process,multi-view videos, high-precision motion capture information,eye gaze with first-person videos,electromyography signals are ",2025,arXiv,Shuo Jiang; Haonan Li; Ruochen Ren; Yanmin Zhou; Zhipeng Wang; Bin He,10.1109/lra.2025.3609615,2503.05231v2,http://arxiv.org/abs/2503.05231v2,arxiv,energy based policy robotics,concept,ebm,,,dexterous manipulation; imitation learning; human robot interaction,2026-06-12T14:45:03Z,21.200,22.200
arxiv:2503.01616v1,RoboDexVLM: Visual Language Model-Enabled Task Planning and Motion Control for Dexterous Robot Manipulation,"This paper introduces RoboDexVLM, an innovative framework for robot task planning and grasp detection tailored for a collaborative manipulator equipped with a dexterous hand. Previous methods focus on simplified and limited manipulation tasks, which often neglect the complexities associated with grasping a diverse array of objects in a long-horizon manner. In contrast, our proposed framework utilizes a dexterous hand capable of grasping objects of varying shapes and sizes while executing tasks based on natural language commands. The proposed approach has the following core components: First, a robust task planner with a task-level recovery mechanism that leverages vision-language models (VLMs) is designed, which enables the system to interpret and execute open-vocabulary commands for long sequence tasks. Second, a language-guided dexterous grasp perception algorithm is presented based on",2025,arXiv,Haichao Liu; Sikai Guo; Pengfei Mai; Jiahang Cao; Haoang Li; Jun Ma,,2503.01616v1,http://arxiv.org/abs/2503.01616v1,arxiv,EBM transformer robotics dexterous manipulation,concept,architecture_x_embodiment,,,EBM transformer robotics; robot manipulation; dexterous manipulation; robustness; long horizon,2026-06-12T15:07:36Z,21.200,22.200
arxiv:2602.22056v2,FlowCorrect: Efficient Interactive Correction of Generative Flow Policies for Robotic Manipulation,"Generative manipulation policies can fail catastrophically under deployment-time distribution shift, yet many failures are near-misses: the robot reaches almost-correct poses and would succeed with a small corrective motion. We propose FlowCorrect, a modular interactive imitation learning approach that enables deployment-time adaptation of flow-matching manipulation policies from sparse, relative human corrections without retraining. During execution, a human provides brief corrective pose nudges via a lightweight VR interface. FlowCorrect uses these sparse corrections to locally adapt the policy, improving actions without retraining the backbone while preserving the model performance on previously learned scenarios. We evaluate on a real-world robot across four tabletop tasks: pick-and-place, pouring, cup uprighting, and insertion. With a low correction budget, FlowCorrect achieves an 8",2026,arXiv,Edgar Welte; Yitian Shi; Rosa Wolf; Maximillian Gilles; Rania Rayyes,,2602.22056v2,http://arxiv.org/abs/2602.22056v2,arxiv,diffusion policy robot manipulation,concept,diffusion,,,diffusion policy; robot manipulation; imitation learning; distribution shift; deployment,2026-06-12T14:45:03Z,19.200,22.200
doi:10.1145/3714475,Effects of Human-Like Characteristics in Sampling-Based Motion Planning on the Legibility of Robot Arm Motions,"Conveying the intended goal of a robot arm motion has been shown to increase the quality of human–robot collaboration drastically. To this end, optimization-based approaches have been proposed that optimize the legibility of a robot’s motion. However, they are limited in two ways. First, they are typically not validated in environments with obstacles and narrow passages that require collision-free motion planning. Second, they do not consider the influence of the anthropomorphization process that might be caused by a human-like motion or appearance of the arm. This leads to the question of to what extent the legibility of motions is influenced by these factors. In this work, we study the influence of our previously proposed human-likeness function on the legibility of robot arm motions in the context of sampling-based motion planning. We evaluate it against three other motions: a functio",2025,ACM Transactions on Human-Robot Interaction,Carl Gaebert; Oliver Rehren; Sebastian Jansen; Katharina Jahn; Peter Ohler; Günter Daniel Rey; Ulrike Thomas,10.1145/3714475,,https://doi.org/10.1145/3714475,crossref,robot world model failure planning,hostile,failure,,2,robot world model; motion planning; sampling based motion planning; robot world model failure,2026-06-12T15:07:36Z,17.199,22.199
doi:10.1109/coase.2018.8560398,An Open-Access Passive Modular Tool Changing System for Mobile Manipulation Robots,"Mobile manipulator robots can benefit from utilizing a range of tools such as: screwdrivers, paintbrushes, hammers, drills, and sensors such thermal cameras. Proprietary tool changing systems exist for stationary robots but we are not aware of one for mobile manipulators. We design and implemented a modular tool changer with three components: robot attachment, tool attachment, and tool housing, designed with the following constrains: low-cost, backlash-free, compact, lightweight, passive, and modular. The tool changer is compatible with many robots and was evaluated with the Fetch robot for 100 repetitions of connecting and releasing the tool, of which 92 were successful. All 8 failures were due to inaccurate position of the robot arm. Changing a tool, from pickup to return, took on average of 16 seconds. This work is part of an ongoing research project on precision irrigation. The desig",2018,,Ron Berenstein; Averell Wallach; Pelagie Elimbi Moudio; Peter Cuellar; Ken Goldberg,10.1109/coase.2018.8560398,,https://doi.org/10.1109/coase.2018.8560398,openalex,robotics,concept,openalex_bulk_robotics,,21,mobile manipulation,2026-06-12T18:57:17Z,21.196,22.196
doi:10.1002/aisy.202100197,SFGAN: Unsupervised Generative Adversarial Learning of 3D Scene Flow from the 3D Scene Self,"Scene flow tracks the 3D motion of each point in adjacent point clouds. It provides fundamental 3D motion perception for autonomous driving and server robot. Although red green blue depth (RGBD) camera or light detection and ranging (LiDAR) capture discrete 3D points in space, the objects and motions usually are continuous in the macroworld. That is, the objects keep themselves consistent as they flow from the current frame to the next frame. Based on this insight, the generative adversarial networks (GAN) is utilized to self‐learn 3D scene flow without ground truth. The fake point cloud is synthesized from the predicted scene flow and the point cloud of the first frame. The adversarial training of the generator and discriminator is realized through synthesizing indistinguishable fake point cloud and discriminating the real point cloud and the synthesized fake point cloud. The experiment",2022,Advanced Intelligent Systems,Guangming Wang; Chaokang Jiang; Zehang Shen; Yanzi Miao; Hesheng Wang,10.1002/aisy.202100197,,https://doi.org/10.1002/aisy.202100197,crossref,scene graph robot learning,concept,architecture,,17,scene graph robot learning,2026-06-12T15:07:36Z,22.195,22.195
doi:10.1177/02783649231154674,A sampling and learning framework to prove motion planning infeasibility,"We present a learning-based approach to prove infeasibility of kinematic motion planning problems. Sampling-based motion planners are effective in high-dimensional spaces but are only probabilistically complete. Consequently, these planners cannot provide a definite answer if no plan exists, which is important for high-level scenarios, such as task-motion planning. We apply data generated during multi-directional sampling-based planning (such as PRM) to a machine learning approach to construct an infeasibility proof. An infeasibility proof is a closed manifold in the obstacle region of the configuration space that separates the start and goal into disconnected components of the free configuration space. We train the manifold using common machine learning techniques and then triangulate the manifold into a polytope to prove containment in the obstacle region. Under assumptions about the h",2023,The International Journal of Robotics Research,Sihui Li; Neil T. Dantam,10.1177/02783649231154674,,https://doi.org/10.1177/02783649231154674,crossref,task and motion planning robotics,anti_myopia,classic,,6,motion planning; task and motion planning; robustness,2026-06-12T15:07:36Z,17.173,22.173
doi:10.1109/cvpr46437.2021.00827,RAFT-3D: Scene Flow using Rigid-Motion Embeddings,,2021,2021 IEEE/CVF Conference on Computer Vision and Pattern Recognition (CVPR),Zachary Teed; Jia Deng,10.1109/cvpr46437.2021.00827,,https://doi.org/10.1109/cvpr46437.2021.00827,crossref,3D scene understanding robot manipulation,concept,scene_understanding,,111,robot manipulation; 3D scene understanding,2026-06-12T15:07:36Z,22.159,22.159
doi:10.1177/02783649251317617,Tracking cloth deformation: A novel dataset for closing the sim-to-real gap for robotic cloth manipulation learning,"Robotic learning for deformable object manipulation—such as textiles—is often done in simulation due to the current limitation of perception methods to understand cloth’s deformation. For this reason, the robotics community is always on the search for more realistic simulators to reduce as much as possible the sim-to-real gap, which is still quite large especially when dynamic motions are applied. We present a cloth dataset consisting of 120 high-quality recordings of several textiles during dynamic motions. Using a Motion Capture System , we record the location of key-points on the cloth surface of four types of fabrics (cotton, denim, wool and polyester) of two sizes and at different speeds. The scenarios considered are all dynamic and involve rapid shaking and twisting of the textiles, collisions with frictional objects, strong hits with a long and thin rigid object and even self-coll",2025,The International Journal of Robotics Research,Franco Coltraro; Júlia Borràs; Maria Alberich-Carramiñana; Carme Torras,10.1177/02783649251317617,,https://doi.org/10.1177/02783649251317617,crossref,sim to real robot manipulation,concept,sim2real,,4,robot manipulation; deformable object manipulation; imitation learning; limitation; benchmark,2026-06-12T14:45:03Z,19.155,22.155
doi:10.3390/app10217459,Optimal Robot Motion for Accelerated Life Testing of a 6-DoF Industrial Robot,"In order to verify the reliability of drive components for industrial robots, component-level life tests must be accompanied by a system-level life test using actual robots in which predefined robot motions are repeated throughout the test. To properly verify the durability of drive components through a system-level life test, it is important to design test modes so that the required test time is the same for all joint drive components of the robot, and it is necessary to design test modes with a high acceleration factor so as to shorten the required test time as much as possible. To solve this problem, the present research proposes a method for designing robot motions that makes the accelerated life test time for all the drive components of the robot equal. In particular, we solve a dynamic based motion optimization problem for an industrial 6-DoF (degrees-of-freedom) robot that minimiz",2020,Applied Sciences,Seungjin Yoo; Jin Jang; Jai-Kyung Lee; Jong-Won Park,10.3390/app10217459,,https://doi.org/10.3390/app10217459,crossref,optimal control robot manipulation,anti_myopia,anti_thesis,,2,robot manipulation; industrial robot; optimal control robot manipulation,2026-06-12T15:07:36Z,18.149,22.149
doi:10.1115/dscc2015-9656,Average Bridge Consensus: Dealing With Active-Passive Sensors,"In network average consensus problems, a failure, in which a node cannot provide the initial value, but can communicate with its neighbors gives rise to the bridge consensus problem. In its formulation, the failed node serves as a bridge which maintains the network communication connectivity, and its failure to provide the value does not impact the capability of the rest of the network nodes to reach a consensus. The proposed bridge consensus solution can deal with multiple failing nodes and large networks in a scalable manner. The solution properties are proven and illustrated by a numerical example.",2015,"Volume 3: Multiagent Network Systems; Natural Gas and Heat Exchangers; Path Planning and Motion Control; Powertrain Systems; Rehab Robotics; Robot Manipulators; Rollover Prevention (AVS); Sensors and Actuators; Time Delay Systems; Tracking Control Systems; Uncertain Systems and Robustness; Unmanned, Ground and Surface Robotics; Vehicle Dynamics Control; Vibration and Control of Smart Structures/Mech Systems; Vibration Issues in Mechanical Systems",David W. Casbeer; Yongcan Cao; Eloy Garcia; Dejan Milutinović,10.1115/dscc2015-9656,,https://doi.org/10.1115/dscc2015-9656,crossref,hybrid systems robot control manipulation,anti_myopia,control,,10,hybrid systems,2026-06-12T15:07:36Z,17.099,22.099
doi:10.3390/s21248229,A Human-Following Motion Planning and Control Scheme for Collaborative Robots Based on Human Motion Prediction,"Human–Robot Interaction (HRI) for collaborative robots has become an active research topic recently. Collaborative robots assist human workers in their tasks and improve their efficiency. However, the worker should also feel safe and comfortable while interacting with the robot. In this paper, we propose a human-following motion planning and control scheme for a collaborative robot which supplies the necessary parts and tools to a worker in an assembly process in a factory. In our proposed scheme, a 3-D sensing system is employed to measure the skeletal data of the worker. At each sampling time of the sensing system, an optimal delivery position is estimated using the real-time worker data. At the same time, the future positions of the worker are predicted as probabilistic distributions. A Model Predictive Control (MPC)-based trajectory planner is used to calculate a robot trajectory tha",2021,Sensors,Fahad Iqbal Khawaja; Akira Kanazawa; Jun Kinugawa; Kazuhiro Kosuge,10.3390/s21248229,,https://doi.org/10.3390/s21248229,crossref,sampling based motion planning,anti_myopia,anti_thesis,,11,model predictive control; motion planning; human robot interaction; sampling based motion planning,2026-06-12T15:07:36Z,17.042,22.042
doi:10.1609/aaai.v39i4.32460,Efficient Gaussian Splatting for Monocular Dynamic Scene Rendering via Sparse Time-Variant Attribute Modeling,"Rendering dynamic scenes from monocular videos is a crucial yet challenging task. The recent deformable Gaussian Splatting has emerged as a robust solution to represent real-world dynamic scenes. However, it often leads to heavily redundant Gaussians, attempting to fit every training view at various time steps, leading to slower rendering speeds. Additionally, the attributes of Gaussians in static areas are time-invariant, making it unnecessary to model every Gaussian, which can cause jittering in static regions. In practice, the primary bottleneck in rendering speed for dynamic scenes is the number of Gaussians. In response, we introduce Efficient Dynamic Gaussian Splatting (EDGS), which represents dynamic scenes via sparse time-variant attribute modeling. Our approach formulates dynamic scenes using a sparse anchor-grid representation, with the motion flow of dense Gaussians calculated",2025,Proceedings of the AAAI Conference on Artificial Intelligence,Hanyang Kong; Xingyi Yang; Xinchao Wang,10.1609/aaai.v39i4.32460,,https://doi.org/10.1609/aaai.v39i4.32460,crossref,Gaussian splatting robot perception,concept,architecture,,7,Gaussian splatting robot perception,2026-06-12T15:07:36Z,21.040,22.040
doi:10.1002/aisy.202200101,Intelligent Interactive Control via Haptic E‐skin for Human–Robot Interaction and Collaboration,"Human–robot interaction and collaboration are emerging as critical and necessary technologies as robots become more commonplace in our lives. Haptic perception and intelligent control are essential to ensure safe and dexterous interactions between humans and robots. Traditional interaction methods using robot proprioceptors rely on robot dynamic models that complicate robotic controls and narrow their adaptabilities. Herein, an intelligent interactive control method is proposed based on a generalized virtual spring‐damping force‐touch mechanism using haptic e‐skin, which converts contact forces and contact positions on the e‐skin to generalized forces for implementing robot compliance controls of multidimensional movements. By touching the e‐skin mounted on a robot arm, a human can readily manipulate the robot arm, achieving flexible movement and rotation. An intelligent architecture of ",2022,Advanced Intelligent Systems,Guozhen Li; Rong Zhu,10.1002/aisy.202200101,,https://doi.org/10.1002/aisy.202200101,crossref,hybrid systems robot control manipulation,anti_myopia,control,,7,hybrid systems; human robot interaction,2026-06-12T15:07:36Z,19.040,22.040
doi:10.1177/0278364916683444,Goal-directed robot manipulation through axiomatic scene estimation,"Performing robust goal-directed manipulation tasks remains a crucial challenge for autonomous robots. In an ideal case, shared autonomous control of manipulators would allow human users to specify their intent as a goal state and have the robot reason over the actions and motions to achieve this goal. However, realizing this goal remains elusive due to the problem of perceiving the robot’s environment. We address and describe the problem of axiomatic scene estimation for robot manipulation in cluttered scenes which is the estimation of a tree-structured scene graph describing the configuration of objects observed from robot sensing. We propose generative approaches to scene inference (as the axiomatic particle filter, and the axiomatic scene estimation by Markov chain Monte Carlo based sampler) of the robot’s environment as a scene graph. The result from AxScEs estimation are axioms amen",2017,The International Journal of Robotics Research,Zhiqiang Sui; Lingzhu Xiang; Odest C Jenkins; Karthik Desingh,10.1177/0278364916683444,,https://doi.org/10.1177/0278364916683444,crossref,robot world models manipulation,concept,world_models,,25,robot world model; robot manipulation; motion planning,2026-06-12T15:07:36Z,21.029,22.029
doi:10.1109/cscwd49262.2021.9437772,Human-robot Interaction Method Combining Human Pose Estimation and Motion Intention Recognition,"Although human pose estimation technology based on RGB images is becoming more and more mature, most of the current mainstream methods rely on depth camera to obtain human joints information. These interaction frameworks are affected by the infrared detection distance so that they cannot well adapt to the interaction scene of different distance. Therefore, the purpose of this paper is to build a modular interactive framework based on RGB images, which aims to alleviate the problem of high dependence on depth camera and low adaptability to distance in the current human-robot interaction (HRI) framework based on human body by using advanced human pose estimation technology. To enhance the adaptability of the HRI framework to different distances, we adopt optical cameras instead of depth cameras as acquisition equipment. Firstly, the human joints information is extracted by a human pose est",2021,,Yalin Cheng; Pengfei Yi; Liu Rui; Jing Dong; Dongsheng Zhou; Qiang Zhang,10.1109/cscwd49262.2021.9437772,,https://doi.org/10.1109/cscwd49262.2021.9437772,openalex,robotics,concept,openalex_bulk_robotics,,34,human robot interaction,2026-06-12T18:57:17Z,22.028,22.028
doi:10.1609/icaps.v20i1.13436,Combined Task and Motion Planning for Mobile Manipulation,"We present a hierarchical planning system and its application to robotic manipulation. The novel features of the system are: 1) it finds high-quality kinematic solutions to task-level problems; 2) it takes advantage of subtask-specific irrelevance information, reusing optimal solutions to state-abstracted subproblems across the search space. We briefly describe how the system handles uncertainty during plan execution, and present results on discrete problems as well as pick-and-place tasks for a mobile robot.",2010,Proceedings of the International Conference on Automated Planning and Scheduling,Jason Wolfe; Bhaskara Marthi; Stuart Russell,10.1609/icaps.v20i1.13436,,https://doi.org/10.1609/icaps.v20i1.13436,crossref,task and motion planning robotics,anti_myopia,classic,,68,mobile manipulation; motion planning; task and motion planning,2026-06-12T15:07:36Z,17.017,22.017
doi:10.3389/frobt.2022.1030668,A data-driven approach for motion planning of industrial robots controlled by high-level motion commands,"Most motion planners generate trajectories as low-level control inputs, such as joint torque or interpolation of joint angles, which cannot be deployed directly in most industrial robot control systems. Some industrial robot systems provide interfaces to execute planned trajectories by an additional control loop with low-level control inputs. However, there is a geometric and temporal deviation between the executed and the planned motions due to the inaccurate estimation of the inaccessible robot dynamic behavior and controller parameters in the planning phase. This deviation can lead to collisions or dangerous situations, especially in heavy-duty industrial robot applications where high-speed and long-distance motions are widely used. When deploying the planned robot motion, the actual robot motion needs to be iteratively checked and adjusted to avoid collisions caused by the deviation ",2023,Frontiers in Robotics and AI,Shuxiao Hou; Mohamad Bdiwi; Aquib Rashid; Sebastian Krusche; Steffen Ihlenfeldt,10.3389/frobt.2022.1030668,,https://doi.org/10.3389/frobt.2022.1030668,crossref,task and motion planning robotics,anti_myopia,classic,,4,industrial robot; motion planning; task and motion planning; benchmark,2026-06-12T15:07:36Z,17.005,22.005
arxiv:2410.16481v4,Caging in Time: A Framework for Robust Object Manipulation under Uncertainties and Limited Robot Perception,"Real-world object manipulation has been commonly challenged by physical uncertainties and perception limitations. Being an effective strategy, while caging configuration-based manipulation frameworks have successfully provided robust solutions, they are not broadly applicable due to their strict requirements on the availability of multiple robots, widely distributed contacts, or specific geometries of robots or objects. Building upon previous sensorless manipulation ideas and uncertainty handling approaches, this work proposes a novel framework termed Caging in Time to allow caging configurations to be formed even with one robot engaged in a task. This concept leverages the insight that while caging requires constraining the object's motion, only part of the cage actively contacts the object at any moment. As such, by strategically switching the end-effector configuration and collapsing ",2024,arXiv,Gaotian Wang; Kejia Ren; Andrew S. Morgan; Kaiyu Hang,,2410.16481v4,http://arxiv.org/abs/2410.16481v4,arxiv,Gaussian splatting robot perception bimanual manipulation,concept,architecture_x_embodiment,,,Gaussian splatting robot perception; bimanual manipulation; limitation,2026-06-12T15:07:36Z,19.000,22.000
doi:10.3390/s25196163,VLA-MP: A Vision-Language-Action Framework for Multimodal Perception and Physics-Constrained Action Generation in Autonomous Driving,"Autonomous driving in complex real-world environments requires robust perception, reasoning, and physically feasible planning, which remain challenging for current end-to-end approaches. This paper introduces VLA-MP, a unified vision-language-action framework that integrates multimodal Bird’s-Eye View (BEV) perception, vision-language alignment, and a GRU-bicycle dynamics cascade adapter for physics-informed action generation. The system constructs structured environmental representations from RGB images and LiDAR, aligns scene features with natural language instructions through a cross-modal projector and large language model, and converts high-level semantic hidden states outputs into executable and physically consistent trajectories. Experiments on the LMDrive dataset and CARLA simulator demonstrate that VLA-MP achieves high performance across the LangAuto benchmark series, with best ",2025,Sensors,Maoning Ge; Kento Ohtani; Yingjie Niu; Yuxiao Zhang; Kazuya Takeda,10.3390/s25196163,,https://doi.org/10.3390/s25196163,crossref,vision language action model limitation robotics,hostile,failure,,1,vision language action model; limitation; benchmark,2026-06-12T14:45:03Z,14.997,21.997
arxiv:2509.14353v3,DreamControl: Human-Inspired Whole-Body Humanoid Control for Scene Interaction via Guided Diffusion,"We introduce DreamControl, a novel methodology for learning autonomous whole-body humanoid skills. DreamControl leverages the strengths of diffusion models and Reinforcement Learning (RL): our core innovation is the use of a diffusion prior trained on human motion data, which subsequently guides an RL policy in simulation to complete specific tasks of interest (e.g., opening a drawer or picking up an object). We demonstrate that this human motion-informed prior allows RL to discover solutions unattainable by direct RL, and that diffusion models inherently promote natural looking motions, aiding in sim-to-real transfer. We validate DreamControl's effectiveness on a Unitree G1 robot across a diverse set of challenging tasks involving simultaneous lower and upper body control and object interaction. Project website at https://genrobo.github.io/DreamControl/",2025,arXiv,Dvij Kalaria; Sudarshan S Harithas; Pushkal Katara; Sangkyung Kwak; Sarthak Bhagat; Shankar Sastry; Srinath Sridhar; Sai Vemprala; Ashish Kapoor; Jonathan Chung-Kuan Huang,,2509.14353v3,http://arxiv.org/abs/2509.14353v3,arxiv,whole body manipulation humanoid,concept,humanoid,,,sim to real transfer,2026-06-12T14:45:03Z,20.850,21.850
arxiv:2512.06112v2,WAM-Flow: Parallel Coarse-to-Fine Motion Planning via Discrete Flow Matching for Autonomous Driving,"We introduce WAM-Flow, a vision-language-action (VLA) model that casts ego-trajectory planning as discrete flow matching over a structured token space. In contrast to autoregressive decoders, WAM-Flow performs fully parallel, bidirectional denoising, enabling coarse-to-fine refinement with a tunable compute-accuracy trade-off. Specifically, the approach combines a metric-aligned numerical tokenizer that preserves scalar geometry via triplet-margin learning, a geometry-aware flow objective and a simulator-guided GRPO alignment that integrates safety, ego progress, and comfort rewards while retaining parallel generation. A multi-stage adaptation converts a pre-trained auto-regressive backbone (Janus-1.5B) from causal decoding to non-causal flow model and strengthens road-scene competence through continued multimodal pretraining. Thanks to the inherent nature of consistency model training a",2025,arXiv,Yifang Xu; Jiahao Cui; Feipeng Cai; Zhihao Zhu; Hanlin Shang; Shan Luan; Mingwang Xu; Neng Zhang; Yaoyi Li; Jia Cai; Siyu Zhu,,2512.06112v2,http://arxiv.org/abs/2512.06112v2,arxiv,flow matching policy,concept,architecture,,,flow matching policy; motion planning; benchmark,2026-06-12T14:45:03Z,18.850,21.850
arxiv:2512.11865v1,Explainable Adversarial-Robust Vision-Language-Action Model for Robotic Manipulation,"Smart farming has emerged as a key technology for advancing modern agriculture through automation and intelligent control. However, systems relying on RGB cameras for perception and robotic manipulators for control, common in smart farming, are vulnerable to photometric perturbations such as hue, illumination, and noise changes, which can cause malfunction under adversarial attacks. To address this issue, we propose an explainable adversarial-robust Vision-Language-Action model based on the OpenVLA-OFT framework. The model integrates an Evidence-3 module that detects photometric perturbations and generates natural language explanations of their causes and effects. Experiments show that the proposed model reduces Current Action L1 loss by 21.7% and Next Actions L1 loss by 18.4% compared to the baseline, demonstrating improved action prediction accuracy and explainability under adversarial",2025,arXiv,Ju-Young Kim; Ji-Hong Park; Myeongjun Kim; Gun-Woo Kim,,2512.11865v1,http://arxiv.org/abs/2512.11865v1,arxiv,vision language action model limitation robotics,hostile,failure,,,vision language action model; limitation,2026-06-12T14:45:03Z,16.850,21.850
arxiv:2509.25747v1,Best of Sim and Real: Decoupled Visuomotor Manipulation via Learning Control in Simulation and Perception in Real,"Sim-to-real transfer remains a fundamental challenge in robot manipulation due to the entanglement of perception and control in end-to-end learning. We present a decoupled framework that learns each component where it is most reliable: control policies are trained in simulation with privileged state to master spatial layouts and manipulation dynamics, while perception is adapted only at deployment to bridge real observations to the frozen control policy. Our key insight is that control strategies and action patterns are universal across environments and can be learned in simulation through systematic randomization, while perception is inherently domain-specific and must be learned where visual observations are authentic. Unlike existing end-to-end approaches that require extensive real-world data, our method achieves strong performance with only 10-20 real demonstrations by reducing the ",2025,arXiv,Jialei Huang; Zhaoheng Yin; Yingdong Hu; Shuo Wang; Xingyu Lin; Yang Gao,,2509.25747v1,http://arxiv.org/abs/2509.25747v1,arxiv,sim to real robot manipulation,concept,sim2real,,,robot manipulation; sim to real transfer; generalization; out of distribution; data efficiency; deployment,2026-06-12T14:45:03Z,16.850,21.850
arxiv:2507.10672v1,Vision Language Action Models in Robotic Manipulation: A Systematic Review,"Vision Language Action (VLA) models represent a transformative shift in robotics, with the aim of unifying visual perception, natural language understanding, and embodied control within a single learning framework. This review presents a comprehensive and forward-looking synthesis of the VLA paradigm, with a particular emphasis on robotic manipulation and instruction-driven autonomy. We comprehensively analyze 102 VLA models, 26 foundational datasets, and 12 simulation platforms that collectively shape the development and evaluation of VLAs models. These models are categorized into key architectural paradigms, each reflecting distinct strategies for integrating vision, language, and control in robotic systems. Foundational datasets are evaluated using a novel criterion based on task complexity, variety of modalities, and dataset scale, allowing a comparative analysis of their suitability",2025,arXiv,Muhayy Ud Din; Waseem Akram; Lyes Saad Saoud; Jan Rosell; Irfan Hussain,,2507.10672v1,http://arxiv.org/abs/2507.10672v1,arxiv,vision language action model limitation robotics,hostile,failure,,,vision language action model; limitation; deployment,2026-06-12T14:45:03Z,14.850,21.850
arxiv:2508.15201v2,Survey of Vision-Language-Action Models for Embodied Manipulation,"Embodied intelligence systems, which enhance agent capabilities through continuous environment interactions, have garnered significant attention from both academia and industry. Vision-Language-Action models, inspired by advancements in large foundation models, serve as universal robotic control frameworks that substantially improve agent-environment interaction capabilities in embodied intelligence systems. This expansion has broadened application scenarios for embodied AI robots. This survey comprehensively reviews VLA models for embodied manipulation. Firstly, it chronicles the developmental trajectory of VLA architectures. Subsequently, we conduct a detailed analysis of current research across 5 critical dimensions: VLA model structures, training datasets, pre-training methods, post-training methods, and model evaluation. Finally, we synthesize key challenges in VLA development and r",2025,arXiv,Haoran Li; Yuhui Chen; Wenbo Cui; Weiheng Liu; Kai Liu; Mingcai Zhou; Zhengtao Zhang; Dongbin Zhao,,2508.15201v2,http://arxiv.org/abs/2508.15201v2,arxiv,vision language action model limitation robotics,hostile,failure,,,vision language action model; limitation; deployment,2026-06-12T14:45:03Z,14.850,21.850
doi:10.3390/sym18030394,PI-VLA: Adaptive Symmetry-Aware Decision-Making for Long-Horizon Vision–Language–Action Manipulation,"Vision–language–action (VLA) models often suffer from limited robustness in long-horizon manipulation tasks—where robots must execute extended sequences of actions over multiple time steps to achieve complex goals—due to their inability to explicitly exploit structural symmetries and to react adaptively when such symmetries are violated by environmental uncertainty. To address this limitation, this paper proposes PI-VLA, a symmetry-aware predictive and interactive VLA framework for robust robotic manipulation. PI-VLA is built upon three key symmetry-driven principles. First, a Cognitive–Motor Synergy (CMS) module jointly generates discrete and continuous action chunks together with predictive world-model features in a single forward pass, enforcing cross-modal action consistency as an implicit symmetry constraint across heterogeneous action representations. Second, a unified training obj",2026,Symmetry,Yina Jian; Di Tian; Xuan-Jing Chen; Zhen-Yuan Wei; Chen-Wei Liang; Mu-Jiang-Shan Wang,10.3390/sym18030394,,https://doi.org/10.3390/sym18030394,crossref,vision language action model limitation robotics,hostile,failure,,2,vision language action model; imitation learning; limitation; benchmark; robustness; ablation; long horizon,2026-06-12T15:07:36Z,12.849,21.849
arxiv:2305.08351v1,Enabling Failure Recovery for On-The-Move Mobile Manipulation,"We present a robot base placement and control method that enables a mobile manipulator to gracefully recover from manipulation failures while performing tasks on-the-move. A mobile manipulator in motion has a limited window to complete a task, unlike when stationary where it can make repeated attempts until successful. Existing approaches to manipulation on-the-move are typically based on open-loop execution of planned trajectories which does not allow the base controller to react to manipulation failures, slowing down or stopping as required. To overcome this limitation, we present a reactive base control method that repeatedly evaluates the best base placement given the robot's current state, the immediate manipulation task, as well as the next part of a multi-step task. The result is a system that retains the reliability of traditional mobile manipulation approaches where the base com",2023,arXiv,Ben Burgess-Limerick; Chris Lehnert Jurgen Leitner; Peter Corke,,2305.08351v1,http://arxiv.org/abs/2305.08351v1,arxiv,robot foundation model failure mode,hostile,failure,,,robot foundation model; mobile manipulation; failure mode; limitation,2026-06-12T14:45:03Z,16.800,21.800
doi:10.1115/1.3074282,"Dynamic Model, Haptic Solution, and Human-Inspired Motion Planning for Rolling-Based Manipulation","A virtual reality haptic system for capturing skillful human movements in control of a hemisphere rolling on a plane without slipping is presented in this paper. A dynamic model of this nonholonomic rolling system with configuration-dependent inertia and gravity is derived, and a solver, required for the real-time haptic interaction, is implemented. The performance of the haptic system is verified under experiments with human subjects. Experimental data recorded by the haptic system are analyzed and some common features of human movements in the precession phase of the manipulation of the rolling system are observed. Finally, a simple actuation scheme, capturing these features, is proposed and verified under simulation.",2009,Journal of Computing and Information Science in Engineering,Igor Goncharenko; Mikhail Svinin; Shigeyuki Hosoe,10.1115/1.3074282,,https://doi.org/10.1115/1.3074282,crossref,sampling based motion planning,anti_myopia,anti_thesis,,2,motion planning; sampling based motion planning,2026-06-12T15:07:36Z,17.799,21.799
doi:10.3390/act11050125,Development and Analysis of Key Components of a Multi Motion Mode Soft-Bodied Pipe Robot,"In order to enhance the environmental adaptability of peristaltic soft-bodied pipe robots, based on the nonlinear and hyperelastic characteristics of silicone rubber combined with the biological structure and motion characteristics of worms, a hexagonal prism soft-bodied bionic actuator is proposed. The actuator adopts different inflation patterns to produce different deformations, so that the soft-bodied robot can realize different motion modes in the pipeline. Based on the Yeoh binomial parameter silicone rubber constitutive model, the deformation analysis model of the hexagonal prism soft-bodied bionic actuator is established, and the numerical simulation algorithm is used to ensure both that the drive structure and deformation mode are reasonable, and that the deformation analysis theoretical model is accurate. The motion and dynamic characteristics of the prepared hexagonal prism so",2022,Actuators,Ning Wang; Yu Zhang; Guofeng Zhang; Wenchuan Zhao; Linghui Peng,10.3390/act11050125,,https://doi.org/10.3390/act11050125,crossref,robot foundation model failure mode,hostile,failure,,7,robot foundation model; failure mode,2026-06-12T15:07:36Z,17.740,21.740
doi:10.1007/s00170-021-07985-5,Benchmarking and optimization of robot motion planning with motion planning pipeline,"Abstract Algorithms have been designed for robot motion planning with various adaptability to different problems. However, how to choose the most suitable planner in a scene has always been a problem worthy of research. This paper aims to find the most suitable motion planner for each query under three different scenes and six different queries. The work lies in optimization of sampling-based motion planning algorithms through motion planning pipeline and planning request adapter. The idea is to use the pre-processing of the planning request adapter, to run OMPL as a pre-processer for the optimized CHOMP or STOMP algorithm, and connect through the motion planning pipeline, to realize the optimization of the motion trajectory. The optimized trajectories are compared with original trajectories through benchmarking. The benchmarking determines the most suitable motion planning algorithm for",2022,The International Journal of Advanced Manufacturing Technology,Shuai Liu; Pengcheng Liu,10.1007/s00170-021-07985-5,,https://doi.org/10.1007/s00170-021-07985-5,crossref,robot world model failure planning,hostile,failure,,28,robot world model; motion planning; benchmark; sampling based motion planning; robot world model failure,2026-06-12T15:07:36Z,15.734,21.734
doi:10.1108/ria-09-2022-0226,Long-term robot manipulation task planning with scene graph and semantic knowledge,"Purpose Autonomous robots must be able to understand long-term manipulation tasks described by humans and perform task analysis and planning based on the current environment in a variety of scenes, such as daily manipulation and industrial assembly. However, both classical task and motion planning algorithms and single data-driven learning planning methods have limitations in practicability, generalization and interpretability. The purpose of this work is to overcome the limitations of the above methods and achieve generalized and explicable long-term robot manipulation task planning. Design/methodology/approach The authors propose a planning method for long-term manipulation tasks that combines the advantages of existing methods and the prior cognition brought by the knowledge graph. This method integrates visual semantic understanding based on scene graph generation, regression plannin",2023,Robotic Intelligence and Automation,Runqing Miao; Qingxuan Jia; Fuchun Sun,10.1108/ria-09-2022-0226,,https://doi.org/10.1108/ria-09-2022-0226,crossref,robot world models manipulation,concept,world_models,,18,robot world model; robot manipulation; motion planning; task and motion planning; limitation; generalization,2026-06-12T15:07:36Z,17.722,21.722
