uid,title,abstract,year,venue,authors,doi,arxiv_id,url,source,query,query_role,family,advisor_seed,citation_count,matched_terms,retrieved_at,relevance_score,hostile_score
doi:10.1108/ir-06-2018-0118,Natural teaching for humanoid robot via human-in-the-loop scene-motion cross-modal perception,"Purpose This paper aims to present a human-in-the-loop natural teaching paradigm based on scene-motion cross-modal perception, which facilitates the manipulation intelligence and robot teleoperation. Design/methodology/approach The proposed natural teaching paradigm is used to telemanipulate a life-size humanoid robot in response to a complicated working scenario. First, a vision sensor is used to project mission scenes onto virtual reality glasses for human-in-the-loop reactions. Second, motion capture system is established to retarget eye-body synergic movements to a skeletal model. Third, real-time data transfer is realized through publish-subscribe messaging mechanism in robot operating system. Next, joint angles are computed through a fast mapping algorithm and sent to a slave controller through a serial port. Finally, visualization terminals render it convenient to make comparisons",2019,Industrial Robot: the international journal of robotics research and application,Wenbin Xu; Xudong Li; Liang Gong; Yixiang Huang; Zeyuan Zheng; Zelin Zhao; Lujie Zhao; Binhao Chen; Haozhe Yang; Li Cao; Chengliang Liu,10.1108/ir-06-2018-0118,,https://doi.org/10.1108/ir-06-2018-0118,crossref,Gaussian splatting robot perception,concept,architecture,,9,Gaussian splatting robot perception; humanoid robot; industrial robot; teleoperation,2026-06-12T15:07:36Z,26.651,26.651
arxiv:2602.08251v2,Aerial Manipulation with Contact-Aware Onboard Perception and Hybrid Control,"Aerial manipulation (AM) promises to move Unmanned Aerial Vehicles (UAVs) beyond passive inspection to contact-rich tasks such as grasping, assembly, and in-situ maintenance. Most prior AM demonstrations rely on external motion capture (MoCap) and emphasize position control for coarse interactions, limiting deployability. We present a fully onboard perception-control pipeline for contact-rich AM that achieves accurate motion tracking and regulated contact wrenches without MoCap. The main components are (1) an augmented visual-inertial odometry (VIO) estimator with contact-consistency factors that activate only during interaction, tightening uncertainty around the contact frame and reducing drift, and (2) image-based visual servoing (IBVS) to mitigate perception-control coupling, together with a hybrid force-motion controller that regulates contact wrenches and lateral motion for stable c",2026,arXiv,Yuanzhu Zhan; Yufei Jiang; Muqing Cao; Junyi Geng,,2602.08251v2,http://arxiv.org/abs/2602.08251v2,arxiv,Gaussian splatting robot perception contact rich manipulation,concept,architecture_x_embodiment,,,Gaussian splatting robot perception; contact rich manipulation; visual servoing,2026-06-12T15:07:36Z,26.250,27.250
doi:10.1109/tpami.2019.2903179,Unsupervised Learning of a Hierarchical Spiking Neural Network for Optical Flow Estimation: From Events to Global Motion Perception,"The combination of spiking neural networks and event-based vision sensors holds the potential of highly efficient and high-bandwidth optical flow estimation. This paper presents the first hierarchical spiking architecture in which motion (direction and speed) selectivity emerges in an unsupervised fashion from the raw stimuli generated with an event-based camera. A novel adaptive neuron model and stable spike-timing-dependent plasticity formulation are at the core of this neural network governing its spike-based processing and learning, respectively. After convergence, the neural architecture exhibits the main properties of biological visual motion systems, namely feature extraction and local and global motion perception. Convolutional layers with input synapses characterized by single and multiple transmission delays are employed for feature and local motion perception, respectively; wh",2019,IEEE Transactions on Pattern Analysis and Machine Intelligence,Federico Paredes-Vallés; Kirk Y. W. Scheper; Guido de Croon,10.1109/tpami.2019.2903179,,https://doi.org/10.1109/tpami.2019.2903179,openalex,energy based model robot learning,concept,ebm,,184,,2026-06-12T18:05:07Z,25.810,25.810
doi:10.1109/lra.2021.3068708,"Hey Robot, Which Way Are You Going? Nonverbal Motion Legibility Cues for Human-Robot Spatial Interaction",,2021,IEEE Robotics and Automation Letters,Nicholas J. Hetherington; Elizabeth A. Croft; H.F. Machiel Van der Loos,10.1109/lra.2021.3068708,,https://doi.org/10.1109/lra.2021.3068708,crossref,recurrent robot policy,concept,architecture,,46,recurrent robot policy,2026-06-12T15:07:36Z,24.725,24.725
doi:10.1101/2024.11.04.621864,Flow parsing as causal source separation: A computational model for concurrent retrieval of object and self-motion information from optic flow,"Abstract Optic flow, the retinal pattern of motion that is experience during self-motion contains information about one’s direction of heading. If the visual scene contains other moving objects optic flow becomes a combination of self-motion and independent object motion. The global pattern due to self-motion is locally confounded, and the locally restricted object flow is the sum of components due to these different causal sources of motion. Nonetheless, humans are able to retrieve information from such flow accurately, including the direction of heading and the scene-relative motion of an object. One way to handle such complex flow is flow parsing, a process speculated to allow the brain’s sensitivity to optic flow to separate the causal sources of retinal motion in information due to self-motion and information due to object motion. In a computational model that retrieves object and s",,,Malte Scherff; Markus Lappe,10.1101/2024.11.04.621864,,https://doi.org/10.1101/2024.11.04.621864,crossref,causal robot world model,concept,architecture,,,robot world model; causal robot world model,2026-06-12T15:07:36Z,24.700,25.700
doi:10.1609/aaai.v34i07.6613,Learning End-to-End Scene Flow by Distilling Single Tasks Knowledge,"Scene flow is a challenging task aimed at jointly estimating the 3D structure and motion of the sensed environment. Although deep learning solutions achieve outstanding performance in terms of accuracy, these approaches divide the whole problem into standalone tasks (stereo and optical flow) addressing them with independent networks. Such a strategy dramatically increases the complexity of the training procedure and requires power-hungry GPUs to infer scene flow barely at 1 FPS. Conversely, we propose DWARF, a novel and lightweight architecture able to infer full scene flow jointly reasoning about depth and optical flow easily and elegantly trainable end-to-end from scratch. Moreover, since ground truth images for full scene flow are scarce, we propose to leverage on the knowledge learned by networks specialized in stereo or flow, for which much more data are available, to distill proxy ",2020,,Filippo Aleotti; Matteo Poggi; Fabio Tosi; Stefano Mattoccia,10.1609/aaai.v34i07.6613,,https://doi.org/10.1609/aaai.v34i07.6613,openalex,energy based model robot learning,concept,ebm,,40,,2026-06-12T18:26:24Z,24.607,24.607
arxiv:2505.10075v1,FlowDreamer: A RGB-D World Model with Flow-based Motion Representations for Robot Manipulation,"This paper investigates training better visual world models for robot manipulation, i.e., models that can predict future visual observations by conditioning on past frames and robot actions. Specifically, we consider world models that operate on RGB-D frames (RGB-D world models). As opposed to canonical approaches that handle dynamics prediction mostly implicitly and reconcile it with visual rendering in a single model, we introduce FlowDreamer, which adopts 3D scene flow as explicit motion representations. FlowDreamer first predicts 3D scene flow from past frame and action conditions with a U-Net, and then a diffusion model will predict the future frame utilizing the scene flow. FlowDreamer is trained end-to-end despite its modularized nature. We conduct experiments on 4 different benchmarks, covering both video prediction and visual planning tasks. The results demonstrate that FlowDrea",2025,arXiv,Jun Guo; Xiaojian Ma; Yikai Wang; Min Yang; Huaping Liu; Qing Li,,2505.10075v1,http://arxiv.org/abs/2505.10075v1,arxiv,robot world models manipulation,concept,world_models,,,robot world model; robot manipulation; benchmark,2026-06-12T14:45:03Z,24.550,25.550
doi:10.1177/2041669517736072,Peripheral Visual Cues Contribute to the Perception of Object Movement During Self-Movement,"Safe movement through the environment requires us to monitor our surroundings for moving objects or people. However, identification of moving objects in the scene is complicated by self-movement, which adds motion across the retina. To identify world-relative object movement, the brain thus has to ‘compensate for’ or ‘parse out’ the components of retinal motion that are due to self-movement. We have previously demonstrated that retinal cues arising from central vision contribute to solving this problem. Here, we investigate the contribution of peripheral vision, commonly thought to provide strong cues to self-movement. Stationary participants viewed a large field of view display, with radial flow patterns presented in the periphery, and judged the trajectory of a centrally presented probe. Across two experiments, we demonstrate and quantify the contribution of peripheral optic flow to fl",2017,i-Perception,Cassandra Rogers; Simon K. Rushton; Paul A. Warren,10.1177/2041669517736072,,https://doi.org/10.1177/2041669517736072,crossref,Gaussian splatting robot perception deformable object manipulation,concept,architecture_x_embodiment,,16,Gaussian splatting robot perception; deformable object manipulation,2026-06-12T15:07:36Z,24.517,24.517
doi:10.1177/2041669517708206,Accuracy and Tuning of Flow Parsing for Visual Perception of Object Motion During Self-Motion,"How do we perceive object motion during self-motion using visual information alone? Previous studies have reported that the visual system can use optic flow to identify and globally subtract the retinal motion component resulting from self-motion to recover scene-relative object motion, a process called flow parsing. In this article, we developed a retinal motion nulling method to directly measure and quantify the magnitude of flow parsing (i.e., flow parsing gain) in various scenarios to examine the accuracy and tuning of flow parsing for the visual perception of object motion during self-motion. We found that flow parsing gains were below unity for all displays in all experiments; and that increasing self-motion and object motion speed did not alter flow parsing gain. We conclude that visual information alone is not sufficient for the accurate perception of scene-relative motion during",2017,i-Perception,Diederick C. Niehorster; Li Li,10.1177/2041669517708206,,https://doi.org/10.1177/2041669517708206,crossref,Gaussian splatting robot perception deformable object manipulation,concept,architecture_x_embodiment,,36,Gaussian splatting robot perception; deformable object manipulation,2026-06-12T15:07:36Z,24.205,24.205
doi:10.1177/02783649231210325,DUEL: Depth visUal Ego-motion Learning for autonomous robot obstacle avoidance,"Reliable obstacle avoidance, which is essential for safe autonomous robot interaction with the real world, raises various challenges such as difficulties with obstacle perception and latent factor cognition impacting multi-modal obstacle avoidance. In this paper, we propose a Depth visUal Ego-motion Learning (DUEL) model, consisting of a cognitive generation network, a policy decision network and a potential partition network, to learn autonomous obstacle avoidance from expert policies. The DUEL model takes advantage of binocular vision to perceive scene depth. This serves as the input to the cognitive generation network which generates obstacle avoidance policies by maximizing its causal entropy. The policy decision network then optimizes the generation of the policies referring to expert policies. The generated obstacle avoidance policies are simultaneously transferred to the potential",2024,The International Journal of Robotics Research,Naiyao Wang; Bo Zhang; Haixu Chi; Hua Wang; Seán McLoone; Hongbo Liu,10.1177/02783649231210325,,https://doi.org/10.1177/02783649231210325,crossref,robotics,concept,crossref_bulk_robotics,,6,,2026-06-12T19:29:26Z,23.823,25.823
arxiv:2506.16201v1,FlowRAM: Grounding Flow Matching Policy with Region-Aware Mamba Framework for Robotic Manipulation,"Robotic manipulation in high-precision tasks is essential for numerous industrial and real-world applications where accuracy and speed are required. Yet current diffusion-based policy learning methods generally suffer from low computational efficiency due to the iterative denoising process during inference. Moreover, these methods do not fully explore the potential of generative models for enhancing information exploration in 3D environments. In response, we propose FlowRAM, a novel framework that leverages generative models to achieve region-aware perception, enabling efficient multimodal information processing. Specifically, we devise a Dynamic Radius Schedule, which allows adaptive perception, facilitating transitions from global scene comprehension to fine-grained geometric details. Furthermore, we integrate state space models to integrate multimodal information, while preserving lin",2025,arXiv,Sen Wang; Le Wang; Sanping Zhou; Jingyi Tian; Jiayi Li; Haowen Sun; Wei Tang,,2506.16201v1,http://arxiv.org/abs/2506.16201v1,arxiv,flow matching robot policy,concept,flow,,,flow matching policy; benchmark,2026-06-12T15:07:36Z,23.550,25.550
arxiv:2602.13444v1,FlowHOI: Flow-based Semantics-Grounded Generation of Hand-Object Interactions for Dexterous Robot Manipulation,"Recent vision-language-action (VLA) models can generate plausible end-effector motions, yet they often fail in long-horizon, contact-rich tasks because the underlying hand-object interaction (HOI) structure is not explicitly represented. An embodiment-agnostic interaction representation that captures this structure would make manipulation behaviors easier to validate and transfer across robots. We propose FlowHOI, a two-stage flow-matching framework that generates semantically grounded, temporally coherent HOI sequences, comprising hand poses, object poses, and hand-object contact states, conditioned on an egocentric observation, a language instruction, and a 3D Gaussian splatting (3DGS) scene reconstruction. We decouple geometry-centric grasping from semantics-centric manipulation, conditioning the latter on compact 3D scene tokens and employing a motion-text alignment loss to semantica",2026,arXiv,Huajian Zeng; Lingyun Chen; Jiaqi Yang; Yuantai Zhang; Fan Shi; Peidong Liu; Xingxing Zuo,,2602.13444v1,http://arxiv.org/abs/2602.13444v1,arxiv,Gaussian splatting robot perception dexterous manipulation,concept,architecture_x_embodiment,,,Gaussian splatting robot perception; robot manipulation; dexterous manipulation; benchmark; long horizon,2026-06-12T15:07:36Z,23.550,24.550
doi:10.1109/tcds.2016.2627820,Yielding Self-Perception in Robots Through Sensorimotor Contingencies,"We address self-perception in robots as the key for world understanding and causality interpretation. We present a self-perception mechanism that enables a humanoid robot to understand certain sensory changes caused by naive actions during interaction with objects. Visual, proprioceptive and tactile cues are combined via artificial attention and probabilistic reasoning to permit the robot to discern between inbody and outbody sources in the scene. With that support and exploiting intermodal sensory contingencies, the robot can infer simple concepts such as discovering potential “usable” objects. Theoretically and through experimentation with a real humanoid robot, we show how self-perception is a backdrop ability for high order cognitive skills. Moreover, we present a novel model for self-detection, which does not need to track the body parts. Furthermore, results show that the proposed ",2016,IEEE Transactions on Cognitive and Developmental Systems,Pablo Lanillos; Emmanuel Dean‐Leon; Gordon Cheng,10.1109/tcds.2016.2627820,,https://doi.org/10.1109/tcds.2016.2627820,openalex,robotics,concept,openalex_bulk_robotics,,40,humanoid robot,2026-06-12T18:57:17Z,23.157,24.157
arxiv:2310.00433v2,Active-Perceptive Motion Generation for Mobile Manipulation,"Mobile Manipulation (MoMa) systems incorporate the benefits of mobility and dexterity, due to the enlarged space in which they can move and interact with their environment. However, even when equipped with onboard sensors, e.g., an embodied camera, extracting task-relevant visual information in unstructured and cluttered environments, such as households, remains challenging. In this work, we introduce an active perception pipeline for mobile manipulators to generate motions that are informative toward manipulation tasks, such as grasping in unknown, cluttered scenes. Our proposed approach, ActPerMoMa, generates robot paths in a receding horizon fashion by sampling paths and computing path-wise utilities. These utilities trade-off maximizing the visual Information Gain (IG) for scene reconstruction and the task-oriented objective, e.g., grasp success, by maximizing grasp reachability. We ",2023,arXiv,Snehal Jauhri; Sophie Lueth; Georgia Chalvatzaki,,2310.00433v2,http://arxiv.org/abs/2310.00433v2,arxiv,Gaussian splatting robot perception mobile manipulation,concept,architecture_x_embodiment,,,Gaussian splatting robot perception; mobile manipulation; active perception,2026-06-12T15:07:36Z,23.150,23.150
doi:10.63056/ijair.1.3.2025.100,Multimodal Large Language Models (LLMs) for Robotic Manipulation in Unstructured Environments,"Multimodal Large Language Models (LLMs) signify a new era of robotic intelligence with a connection between linguistic reasoning and visual cognition and motor control. The paper explores the problem of the integration of multimodal LLMs into robotic manipulation systems in unstructured environments, where debilitating autonomous robots are uncertainty, sensory noise, and dynamic object interaction. In contrast to standard robotic systems which utilize a fixed perception pipeline or the use of task-based programs, multimodal LLMs use vision, language, spatial reason, and world-modeling to understand the environment in a more holistic manner. Through this integration, robots can be able to analyze, infer the context of a task, and follow human instructions as well as generating adaptive manipulation strategies in a visual scene. The abstract emphasises the fact that multimodal architectur",2025,International Journal of Advanced and Innovative Research (IJAIR),Naqvi syed Ali Jafar,10.63056/ijair.1.3.2025.100,,https://doi.org/10.63056/ijair.1.3.2025.100,crossref,robot world models manipulation,concept,world_models,,,robot world model; imitation learning; generalization,2026-06-12T15:07:36Z,23.050,25.050
arxiv:2602.10101v2,Robo3R: Enhancing Robotic Manipulation with Accurate Feed-Forward 3D Reconstruction,"3D spatial perception is fundamental to generalizable robotic manipulation, yet obtaining reliable, high-quality 3D geometry remains challenging. Depth sensors suffer from noise and material sensitivity, while existing reconstruction models lack the precision and metric consistency required for physical interaction. We introduce Robo3R, a feed-forward, manipulation-ready 3D reconstruction model that predicts accurate, metric-scale scene geometry directly from RGB images and robot states in real time. Robo3R jointly infers scale-invariant local geometry and relative camera poses, which are unified into the scene representation in the canonical robot frame via a learned global similarity transformation. To meet the precision demands of manipulation, Robo3R employs a masked point head for sharp, fine-grained point clouds, and a keypoint-based Perspective-n-Point (PnP) formulation to refine ",2026,arXiv,Sizhe Yang; Linning Xu; Hao Li; Juncheng Mu; Jia Zeng; Dahua Lin; Jiangmiao Pang,,2602.10101v2,http://arxiv.org/abs/2602.10101v2,arxiv,physical reasoning robotics manipulation,concept,physical_reasoning,,,sim to real transfer; motion planning; imitation learning,2026-06-12T14:45:03Z,22.900,24.900
arxiv:2003.06734v1,Active Perception and Representation for Robotic Manipulation,"The vast majority of visual animals actively control their eyes, heads, and/or bodies to direct their gaze toward different parts of their environment. In contrast, recent applications of reinforcement learning in robotic manipulation employ cameras as passive sensors. These are carefully placed to view a scene from a fixed pose. Active perception allows animals to gather the most relevant information about the world and focus their computational resources where needed. It also enables them to view objects from different distances and viewpoints, providing a rich visual experience from which to learn abstract representations of the environment. Inspired by the primate visual-motor system, we present a framework that leverages the benefits of active perception to accomplish manipulation tasks. Our agent uses viewpoint changes to localize objects, to learn state representations in a self-s",2020,arXiv,Youssef Zaky; Gaurav Paruthi; Bryan Tripp; James Bergstra,,2003.06734v1,http://arxiv.org/abs/2003.06734v1,arxiv,Gaussian splatting robot perception contact rich manipulation,concept,architecture_x_embodiment,,,Gaussian splatting robot perception; contact rich manipulation; active perception,2026-06-12T15:07:36Z,22.900,22.900
doi:10.1108/01439919810196964,Passive compliance versus active compliance in robot‐based automated assembly systems,"Industrial robots have found great potential in applications to assembly‐line automation. Programmable robot‐based assembly systems are often needed, in particular for circumstances in which special assembly equipments is not available or well‐trained operators could not be employed economically. Robots with enough compliance can perform not only classic automation tasks, such as spot welding, cargo carrying, etc., but also can operate those tasks which demand the compliant motion capacity of robots. Therefore, the research on robot compliance is especially important for parts assembly by robots, where robot compliant motions and manipulations are essential requirements. This paper presents a number of important issues in robot compliance research, including the specification of robot end‐effector compliance; properties of a robot compliance matrix at its end‐effector; discussions on pas",1998,Industrial Robot: An International Journal,Wei Wang; Robert N.K. Loh; Edward Y. Gu,10.1108/01439919810196964,,https://doi.org/10.1108/01439919810196964,crossref,Gaussian splatting robot perception industrial robot,concept,architecture_x_embodiment,,87,Gaussian splatting robot perception; industrial robot,2026-06-12T15:07:36Z,22.889,22.889
doi:10.1145/3657030,A Survey of Multimodal Perception Methods for Human–Robot Interaction in Social Environments,"Human–robot interaction (HRI) in human social environments (HSEs) poses unique challenges for robot perception systems, which must combine asynchronous, heterogeneous data streams in real time. Multimodal perception systems are well-suited for HRI in HSEs and can provide more rich, robust interaction for robots operating among humans. In this article, we provide an overview of multimodal perception systems being used in HSEs, which is intended to be an introduction to the topic and summary of relevant trends, techniques, resources, challenges, and terminology. We surveyed 15 peer-reviewed robotics and HRI publications over the past 10+ years, providing details about the data acquisition, processing, and fusion techniques used in 65 multimodal perception systems across various HRI domains. Our survey provides information about hardware, software, datasets, and methods currently available ",2024,ACM Transactions on Human-Robot Interaction,John A. Duncan; Farshid Alambeigi; Mitchell W. Pryor,10.1145/3657030,,https://doi.org/10.1145/3657030,crossref,learning robot manipulation from human video,concept,human_data,,26,robot manipulation; human robot interaction; limitation,2026-06-12T15:07:36Z,22.448,23.448
doi:10.3389/frvir.2024.1390703,Object Motion Manipulation and time perception in virtual reality,"This paper presents a novel approach to altering how time is perceived in Virtual Reality (VR). It involves manipulating the speed and pattern of motion in objects associated with timekeeping, both directly (such as clocks) and indirectly (like pendulums). Objects influencing our perception of time are called ‘zeitgebers‘; for instance, observing a clock or pendulum tends to affect how we perceive the passage of time. The speed of motion of their internal parts (clock hands or pendulum rings) is explicitly or implicitly related to the perception of time. However, the perceptual effects of accelerating or decelerating the speed of a virtual clock or pendulum in VR is still an open question. We hypothesize that the acceleration of their internal motion will accelerate the passage of time and that the irregularity of the orbit pendulum’s motion will amplify this effect. We anticipate that t",2024,Frontiers in Virtual Reality,Maximilian Landeck; Fabian Unruh; Jean-Luc Lugrin; Marc Erich Latoschik,10.3389/frvir.2024.1390703,,https://doi.org/10.3389/frvir.2024.1390703,crossref,sim to real robot manipulation,concept,sim2real,,5,robot manipulation,2026-06-12T15:07:36Z,22.346,23.346
doi:10.5194/isprsannals-ii-3-w5-427-2015,JOINT 3D ESTIMATION OF VEHICLES AND SCENE FLOW,"Abstract. driving. While much progress has been made in recent years, imaging conditions in natural outdoor environments are still very challenging for current reconstruction and recognition methods. In this paper, we propose a novel unified approach which reasons jointly about 3D scene flow as well as the pose, shape and motion of vehicles in the scene. Towards this goal, we incorporate a deformable CAD model into a slanted-plane conditional random field for scene flow estimation and enforce shape consistency between the rendered 3D models and the parameters of all superpixels in the image. The association of superpixels to objects is established by an index variable which implicitly enables model selection. We evaluate our approach on the challenging KITTI scene flow dataset in terms of object and scene flow estimation. Our results provide a prove of concept and demonstrate the usefuln",2015,"ISPRS annals of the photogrammetry, remote sensing and spatial information sciences",Marco Menze; Christian Heipke; Andreas Geiger,10.5194/isprsannals-ii-3-w5-427-2015,,https://doi.org/10.5194/isprsannals-ii-3-w5-427-2015,openalex,energy based model robot learning,concept,ebm,,360,,2026-06-12T18:26:24Z,22.344,22.344
doi:10.1002/aisy.202100197,SFGAN: Unsupervised Generative Adversarial Learning of 3D Scene Flow from the 3D Scene Self,"Scene flow tracks the 3D motion of each point in adjacent point clouds. It provides fundamental 3D motion perception for autonomous driving and server robot. Although red green blue depth (RGBD) camera or light detection and ranging (LiDAR) capture discrete 3D points in space, the objects and motions usually are continuous in the macroworld. That is, the objects keep themselves consistent as they flow from the current frame to the next frame. Based on this insight, the generative adversarial networks (GAN) is utilized to self‐learn 3D scene flow without ground truth. The fake point cloud is synthesized from the predicted scene flow and the point cloud of the first frame. The adversarial training of the generator and discriminator is realized through synthesizing indistinguishable fake point cloud and discriminating the real point cloud and the synthesized fake point cloud. The experiment",2022,Advanced Intelligent Systems,Guangming Wang; Chaokang Jiang; Zehang Shen; Yanzi Miao; Hesheng Wang,10.1002/aisy.202100197,,https://doi.org/10.1002/aisy.202100197,crossref,scene graph robot learning,concept,architecture,,17,scene graph robot learning,2026-06-12T15:07:36Z,22.195,22.195
doi:10.1109/cvpr46437.2021.00827,RAFT-3D: Scene Flow using Rigid-Motion Embeddings,,2021,2021 IEEE/CVF Conference on Computer Vision and Pattern Recognition (CVPR),Zachary Teed; Jia Deng,10.1109/cvpr46437.2021.00827,,https://doi.org/10.1109/cvpr46437.2021.00827,crossref,3D scene understanding robot manipulation,concept,scene_understanding,,111,robot manipulation; 3D scene understanding,2026-06-12T15:07:36Z,22.159,22.159
doi:10.1109/cscwd49262.2021.9437772,Human-robot Interaction Method Combining Human Pose Estimation and Motion Intention Recognition,"Although human pose estimation technology based on RGB images is becoming more and more mature, most of the current mainstream methods rely on depth camera to obtain human joints information. These interaction frameworks are affected by the infrared detection distance so that they cannot well adapt to the interaction scene of different distance. Therefore, the purpose of this paper is to build a modular interactive framework based on RGB images, which aims to alleviate the problem of high dependence on depth camera and low adaptability to distance in the current human-robot interaction (HRI) framework based on human body by using advanced human pose estimation technology. To enhance the adaptability of the HRI framework to different distances, we adopt optical cameras instead of depth cameras as acquisition equipment. Firstly, the human joints information is extracted by a human pose est",2021,,Yalin Cheng; Pengfei Yi; Liu Rui; Jing Dong; Dongsheng Zhou; Qiang Zhang,10.1109/cscwd49262.2021.9437772,,https://doi.org/10.1109/cscwd49262.2021.9437772,openalex,robotics,concept,openalex_bulk_robotics,,34,human robot interaction,2026-06-12T18:57:17Z,22.028,22.028
doi:10.1145/3618258,Experimental Assessment of Human–Robot Teaming for Multi-step Remote Manipulation with Expert Operators,"Remote robot manipulation with human control enables applications in which safety and environmental constraints are adverse to humans (e.g., underwater, space robotics and disaster response) or the complexity of the task demands human-level cognition and dexterity (e.g., robotic surgery and manufacturing). These systems typically use direct teleoperation at the motion level and are usually limited to low-DOF arms and two-dimensional (2D) perception. Improving dexterity and situational awareness demands new interaction and planning workflows. We explore the use of human–robot teaming through teleautonomy with assisted planning for remote control of a dual-arm dexterous robot for multi-step manipulation, and conduct a within-subjects experimental assessment (n = 12 expert users) to compare it with direct teleoperation with an imitation controller with 2D and three-dimensional (3D) percepti",2024,ACM Transactions on Human-Robot Interaction,Claudia Pérez-D’Arpino; Rebecca P. Khurshid; Julie A. Shah,10.1145/3618258,,https://doi.org/10.1145/3618258,crossref,robot world models manipulation,concept,world_models,,13,robot world model; robot manipulation; teleoperation; benchmark,2026-06-12T14:45:03Z,21.820,22.820
doi:10.22541/au.163335790.03073492/v1,SFGAN: Unsupervised Generative Adversarial Learning of 3D Scene Flow from the 3D Scene Self,"3D scene flow presents the 3D motion of each point in the 3D space, which forms the fundamental 3D motion perception for autonomous driving and server robots. Although the RGBD camera or LiDAR capture discrete 3D points in space, the objects and motions usually are continuous in the macro world. That is, the objects keep themselves consistent as they flow from the current frame to the next frame. Based on this insight, the Generative Adversarial Networks (GAN) is utilized to self-learn 3D scene flow with no need for ground truth. The fake point cloud of the second frame is synthesized from the predicted scene flow and the point cloud of the first frame. The adversarial training of the generator and discriminator is realized through synthesizing indistinguishable fake point cloud and discriminating the real point cloud and the synthesized fake point cloud. The experiments on KITTI scene f",,,Guangming Wang; Chaokang Jiang; Zehang Shen; Yanzi Miao; Hesheng Wang,10.22541/au.163335790.03073492/v1,,https://doi.org/10.22541/au.163335790.03073492/v1,crossref,scene graph robot learning,concept,architecture,,,scene graph robot learning,2026-06-12T15:07:36Z,21.700,21.700
doi:10.3390/app11031070,"Abel: Integrating Humanoid Body, Emotions, and Time Perception to Investigate Social Interaction and Human Cognition","Humanoids have been created for assisting or replacing humans in many applications, providing encouraging results in contexts where social and emotional interaction is required, such as healthcare, education, and therapy. Bioinspiration, that has often guided the design of their bodies and minds, made them also become excellent research tools, probably the best platform by which we can model, test, and understand the human mind and behavior. Driven by the aim of creating a believable robot for interactive applications, as well as a research platform for investigating human cognition and emotion, we are constructing a new humanoid social robot: Abel. In this paper, we discussed three of the fundamental principles that motivated the design of Abel and its cognitive and emotional system: hyper-realistic humanoid aesthetics, human-inspired emotion processing, and human-like perception of tim",2021,Applied Sciences,Lorenzo Cominelli; Gustav Hoegen; Danilo De Rossi,10.3390/app11031070,,https://doi.org/10.3390/app11031070,crossref,whole body manipulation humanoid,concept,humanoid,,18,,2026-06-12T15:07:36Z,21.672,21.672
arxiv:2602.22088v2,Force Policy: Learning Hybrid Force-Position Control Policy under Interaction Frame for Contact-Rich Manipulation,"Contact-rich manipulation demands human-like integration of perception and force feedback: vision should guide task progress, while high-frequency interaction control must stabilize contact under uncertainty. Existing learning-based policies often entangle these roles in a monolithic network, trading off global generalization against stable local refinement, while control-centric approaches typically assume a known task structure or learn only controller parameters rather than the structure itself. In this paper, we formalize a physically grounded interaction frame, an instantaneous local basis that decouples force regulation from motion execution, and propose a method to recover it from demonstrations. Based on this, we address both issues by proposing Force Policy, a global-local vision-force policy in which a global policy guides free-space actions using vision, and upon contact, a hi",2026,arXiv,Hongjie Fang; Shirun Tang; Mingyu Mei; Haoxiang Qin; Zihao He; Jingjing Chen; Ying Feng; Chenxi Wang; Wanxi Liu; Zaixing He; Cewu Lu; Shiquan Wang,,2602.22088v2,http://arxiv.org/abs/2602.22088v2,arxiv,contact rich manipulation learning,concept,contact,,,contact rich manipulation; generalization,2026-06-12T14:45:03Z,21.550,23.550
arxiv:2602.16356v1,Articulated 3D Scene Graphs for Open-World Mobile Manipulation,"Semantics has enabled 3D scene understanding and affordance-driven object interaction. However, robots operating in real-world environments face a critical limitation: they cannot anticipate how objects move. Long-horizon mobile manipulation requires closing the gap between semantics, geometry, and kinematics. In this work, we present MoMa-SG, a novel framework for building semantic-kinematic 3D scene graphs of articulated scenes containing a myriad of interactable objects. Given RGB-D sequences containing multiple object articulations, we temporally segment object interactions and infer object motion using occlusion-robust point tracking. We then lift point trajectories into 3D and estimate articulation models using a novel unified twist estimation formulation that robustly estimates revolute and prismatic joint parameters in a single optimization pass. Next, we associate objects with e",2026,arXiv,Martin Büchner; Adrian Röfer; Tim Engelbracht; Tim Welschehold; Zuria Bauer; Hermann Blum; Marc Pollefeys; Abhinav Valada,,2602.16356v1,http://arxiv.org/abs/2602.16356v1,arxiv,3D scene understanding robot manipulation,concept,scene_understanding,,,robot manipulation; mobile manipulation; 3D scene understanding; limitation; occlusion; long horizon,2026-06-12T15:07:36Z,21.550,23.550
doi:10.1142/s0129065725500261,Understanding Robot Gesture Perception in Children with Autism Spectrum Disorder during Human–Robot Interaction,"Social robots are increasingly being used in therapeutic contexts, especially as a complement in the therapy of children with Autism Spectrum Disorder (ASD). Because of this, the aim of this study is to understand how children with ASD perceive and interpret the gestures made by the robot Pepper versus human instructor, which can also be influenced by verbal communication. This study analyzes the impact of both conditions (verbal and nonverbal communication) and types of gestures (conversational and emotional) on gesture recognition through the study of the accuracy rate and examines the physiological responses of children with the Empatica E4 device. The results reveal that verbal communication is more accessible to children with ASD and neurotypicals (NT), with emotional gestures being more interpretable than conversational gestures. The Pepper robot was found to generate lower respons",2025,International Journal of Neural Systems,Gema Benedicto-Rodríguez; Facundo Bosch; Carlos G. Juan; Maria Paula Bonomini; Antonio Fernández-Caballero; Eduardo Fernandez-Jover; Jose Manuel Ferrández-Vicente,10.1142/s0129065725500261,,https://doi.org/10.1142/s0129065725500261,crossref,Gaussian splatting robot perception,concept,architecture,,5,Gaussian splatting robot perception; human robot interaction,2026-06-12T15:07:36Z,21.546,21.546
doi:10.1068/p3101,Perception of Animacy from the Motion of a Single Object,"We demonstrate that a single moving object can create the subjective impression that it is alive, based solely on its pattern of movement. Our displays differ from conventional biological motion displays (which normally involve multiple moving points, usually integrated to suggest a human form) in that they contain only a single rigid object moving across a uniform field. We focus on motion paths in which the speed and direction of the target object change simultaneously. Naive subjects' ratings of animacy were significantly influenced by (i) the magnitude of the speed change, (ii) the angular magnitude of the direction change, (iii) the shape of the object, and (iv) the alignment between the principal axis of the object and its direction of motion. These findings are consistent with the hypothesis that observers classify as animate only those objects whose motion trajectories are otherw",2000,Perception,Patrice D Tremoulet; Jacob Feldman,10.1068/p3101,,https://doi.org/10.1068/p3101,crossref,Gaussian splatting robot perception deformable object manipulation,concept,architecture_x_embodiment,,296,Gaussian splatting robot perception; deformable object manipulation,2026-06-12T15:07:36Z,21.497,21.497
doi:10.63282/3050-9262.ijaidsml-v7i1p150,Vision-Based Robotic Manipulation: Grasping in Clutter with Uncertainty-Aware Perception,"Robotic grasp of cluttered scene has remained one of the most basic issues, primarily due to the widespread obstructions, sensor noise and natural deficiency in full view information. Modern vision-based manipulation systems heavily rely on more confident perception pipelines far more often than indeterminate perception pipelines are capable of addressing the uncertainty of object pose recognition and scene understanding, thus leading to fragile grasp execution under operational conditions. In this paper I will introduce an uncertainty conscious and vision based robotic manipulation system explicitly modelling and exploiting perceptual uncertainty when planning grasps in cluttered environments. This method combines a probabilistic visual perception and learning based grasp generation which enables the robot to reason in the face of uncertainty embedded in occlusions, depth ambiguity and ",2026,"International Journal of Artificial Intelligence, Data Science and Machine Learning",Rasool Javeed Mohammad,10.63282/3050-9262.ijaidsml-v7i1p150,,https://doi.org/10.63282/3050-9262.ijaidsml-v7i1p150,crossref,contact rich manipulation learning,concept,contact,,,contact rich manipulation; robustness; partial observability; occlusion,2026-06-12T15:07:36Z,21.350,23.350
doi:10.3390/agronomy16121127,"Robotic Fruit Harvesting Systems: Integration of Perception, Manipulation, and Detachment for Autonomous Harvesting","This review provides a comprehensive synthesis of robotic fruit harvesting systems, with a particular focus on the system-level integration of perception, manipulation, and fruit detachment within autonomous harvesting environments. Recent advances in machine vision, deep learning, sensor fusion, robotic end-effectors, grasping strategies, and motion planning are critically analyzed alongside cutting, pulling, and vibration-based detachment mechanisms under unstructured orchard conditions. Beyond component-level analysis, this review emphasizes the critical role of perception–action coupling and highlights key system integration challenges, including localization errors, perception-to-action latency, and environmental variability, which continue to limit reliable field deployment. In addition, orchard and pre-harvest-related factors such as canopy structure, fruit distribution, and detac",2026,Agronomy,Mohamed Ghonimy; Nagdy F. Abdel-Baky,10.3390/agronomy16121127,,https://doi.org/10.3390/agronomy16121127,crossref,Gaussian splatting robot perception bimanual manipulation,concept,architecture_x_embodiment,,,Gaussian splatting robot perception; bimanual manipulation; motion planning; robustness; deployment; latency,2026-06-12T15:07:36Z,21.350,24.350
doi:10.3758/s13414-021-02372-4,Object speed perception during lateral visual self-motion,"Abstract Judging object speed during observer self-motion requires disambiguating retinal stimulation from two sources: self-motion and object motion. According to the Flow Parsing hypothesis, observers estimate their own motion, then subtract the retinal corresponding motion from the total retinal stimulation and interpret the remaining stimulation as pertaining to object motion. Subtracting noisier self-motion information from retinal input should lead to a decrease in precision. Furthermore, when self-motion is only simulated visually, self-motion is likely to be underestimated, yielding an overestimation of target speed when target and observer move in opposite directions and an underestimation when they move in the same direction. We tested this hypothesis with a two-alternative forced-choice task in which participants judged which of two motions, presented in an immersive 3D enviro",2022,"Attention, Perception, & Psychophysics",Björn Jörges; Laurence R. Harris,10.3758/s13414-021-02372-4,,https://doi.org/10.3758/s13414-021-02372-4,crossref,Gaussian splatting robot perception deformable object manipulation,concept,architecture_x_embodiment,,12,Gaussian splatting robot perception; deformable object manipulation,2026-06-12T15:07:36Z,21.332,21.332
doi:10.1109/access.2020.3043069,Precise Robotic Manipulation of Bulky Components,"Increasing the flexibility of robots needs systems more capable in perceiving and interacting with the environment. A challenge is still to easy design the robotic system around the application, especially when the objects to be manipulated are bulky, and the relative positions between the robot and the objects to be manipulated are uncertain and high precision is required to successfully complete a task. In this paper a possible guideline to design a system capable to localize itself, identify a target, bulky, object and manipulate it, is presented. A method for tuning the impedance control parameters is shown, to keep interaction forces below dangerous values. The autonomous localization, grasping and assembly of a sidewall panel of an airplane is used as test. Experiments show that the success rate of completing a task increases, combining vision perception and force control, with res",2020,IEEE Access,Paolo Franceschi; Nicola Castaman; Stefano Ghidoni; Nicola Pedrocchi,10.1109/access.2020.3043069,,https://doi.org/10.1109/access.2020.3043069,openalex,robotics,concept,openalex_bulk_robotics,,21,force control; impedance control,2026-06-12T18:57:17Z,21.246,21.246
doi:10.1109/lra.2025.3609615,Kaiwu: A Multimodal Manipulation Dataset and Framework for Robot Learning and Human-Robot Interaction,"Cutting-edge robot learning techniques including foundation models and imitation learning from humans all pose huge demands on large-scale and high-quality datasets which constitute one of the bottleneck in the general intelligent robot fields. This paper presents the Kaiwu multimodal dataset to address the missing real-world synchronized multimodal data problems in the sophisticated assembling scenario,especially with dynamics information and its fine-grained labelling. The dataset first provides an integration of human,environment and robot data collection framework with 20 subjects and 30 interaction objects resulting in totally 11,664 instances of integrated actions. For each of the demonstration,hand motions,operation pressures,sounds of the assembling process,multi-view videos, high-precision motion capture information,eye gaze with first-person videos,electromyography signals are ",2025,arXiv,Shuo Jiang; Haonan Li; Ruochen Ren; Yanmin Zhou; Zhipeng Wang; Bin He,10.1109/lra.2025.3609615,2503.05231v2,http://arxiv.org/abs/2503.05231v2,arxiv,energy based policy robotics,concept,ebm,,,dexterous manipulation; imitation learning; human robot interaction,2026-06-12T14:45:03Z,21.200,22.200
arxiv:2503.01616v1,RoboDexVLM: Visual Language Model-Enabled Task Planning and Motion Control for Dexterous Robot Manipulation,"This paper introduces RoboDexVLM, an innovative framework for robot task planning and grasp detection tailored for a collaborative manipulator equipped with a dexterous hand. Previous methods focus on simplified and limited manipulation tasks, which often neglect the complexities associated with grasping a diverse array of objects in a long-horizon manner. In contrast, our proposed framework utilizes a dexterous hand capable of grasping objects of varying shapes and sizes while executing tasks based on natural language commands. The proposed approach has the following core components: First, a robust task planner with a task-level recovery mechanism that leverages vision-language models (VLMs) is designed, which enables the system to interpret and execute open-vocabulary commands for long sequence tasks. Second, a language-guided dexterous grasp perception algorithm is presented based on",2025,arXiv,Haichao Liu; Sikai Guo; Pengfei Mai; Jiahang Cao; Haoang Li; Jun Ma,,2503.01616v1,http://arxiv.org/abs/2503.01616v1,arxiv,EBM transformer robotics dexterous manipulation,concept,architecture_x_embodiment,,,EBM transformer robotics; robot manipulation; dexterous manipulation; robustness; long horizon,2026-06-12T15:07:36Z,21.200,22.200
doi:10.1109/coase.2018.8560398,An Open-Access Passive Modular Tool Changing System for Mobile Manipulation Robots,"Mobile manipulator robots can benefit from utilizing a range of tools such as: screwdrivers, paintbrushes, hammers, drills, and sensors such thermal cameras. Proprietary tool changing systems exist for stationary robots but we are not aware of one for mobile manipulators. We design and implemented a modular tool changer with three components: robot attachment, tool attachment, and tool housing, designed with the following constrains: low-cost, backlash-free, compact, lightweight, passive, and modular. The tool changer is compatible with many robots and was evaluated with the Fetch robot for 100 repetitions of connecting and releasing the tool, of which 92 were successful. All 8 failures were due to inaccurate position of the robot arm. Changing a tool, from pickup to return, took on average of 16 seconds. This work is part of an ongoing research project on precision irrigation. The desig",2018,,Ron Berenstein; Averell Wallach; Pelagie Elimbi Moudio; Peter Cuellar; Ken Goldberg,10.1109/coase.2018.8560398,,https://doi.org/10.1109/coase.2018.8560398,openalex,robotics,concept,openalex_bulk_robotics,,21,mobile manipulation,2026-06-12T18:57:17Z,21.196,22.196
doi:10.3389/fninf.2021.619557,Constructing Brain Connectivity Model Using Causal Network Reconstruction Approach,"Studying brain function is a challenging task. In the past, we could only study brain anatomical structures post-mortem, or infer brain functions from clinical data of patients with a brain injury. Nowadays technology, such as functional magnetic resonance imaging (fMRI), enable non-invasive brain activity observation. Several approaches have been proposed to interpret brain activity data. The brain connectivity model is a graphical tool that represents the interaction between brain regions, during certain states. It depicts how a brain region cause changes to other parts of the brain, which can be implied as information flow. This model can be used to help interpret how the brain works. There are several mathematical frameworks that can be used to infer the connectivity model from brain activity signals. Granger causality is one such approach and is one of the first that has been applie",2021,Frontiers in Neuroinformatics,Supat Saetia; Natsue Yoshimura; Yasuharu Koike,10.3389/fninf.2021.619557,,https://doi.org/10.3389/fninf.2021.619557,crossref,causal robot world model,concept,architecture,,25,robot world model; causal robot world model; limitation,2026-06-12T15:07:36Z,21.179,23.179
doi:10.1002/advs.202402582,A Human‐Computer Interaction Strategy for An FPGA Platform Boosted Integrated “Perception‐Memory” System Based on Electronic Tattoos and Memristors,"Abstract The integrated “perception‐memory” system is receiving increasing attention due to its crucial applications in humanoid robots, as well as in the simulation of the human retina and brain. Here, a Field Programmable Gate Array (FPGA) platform‐boosted system that enables the sensing, recognition, and memory for human‐computer interaction is reported by the combination of ultra‐thin Ag/Al/Paster‐based electronic tattoos (AAP) and Tantalum Oxide/Indium Gallium Zinc Oxide (Ta 2 O 5 /IGZO)‐based memristors. Notably, the AAP demonstrates exceptional capabilities in accommodating the strain caused by skin deformation, thanks to its unique structural design, which ensures a secure fit to the skin and enables the prolonged monitoring of physiological signals. By utilizing Ta 2 O 5 /IGZO as the functional layer, a high switching ratio is conferred to the memristor, and an integrated system",2024,Advanced Science,Yang Li; Zhicheng Qiu; Hao Kan; Yang Yang; Jianwen Liu; Zhaorui Liu; Wenjing Yue; Guiqiang Du; Cong Wang; Nam‐Young Kim,10.1002/advs.202402582,,https://doi.org/10.1002/advs.202402582,openalex,energy based model robot learning,concept,ebm,,93,humanoid robot,2026-06-12T18:26:24Z,21.122,21.122
doi:10.1007/s11263-010-0404-0,Stereoscopic Scene Flow Computation for 3D Motion Understanding,,2011,International Journal of Computer Vision,Andreas Wedel; Thomas Brox; Tobi Vaudrey; Clemens Rabe; Uwe Franke; Daniel Cremers,10.1007/s11263-010-0404-0,,https://doi.org/10.1007/s11263-010-0404-0,crossref,3D scene understanding robot manipulation,concept,scene_understanding,,138,robot manipulation; 3D scene understanding,2026-06-12T15:07:36Z,21.067,21.067
doi:10.3390/machines10070545,Intelligent Parametric Adaptive Hybrid Active–Passive Training Control Method for Rehabilitation Robot,"Rehabilitation robots facilitate patients to take part in physical and occupational training. Most of the rehabilitation robots used in clinical practice adopt pure passive training or active training, which cannot sense the active participation of patients during passive training and lack adaptive dynamic adjustment of training parameters for patients. In this paper, an intelligent hybrid active–passive training control method is proposed to enhance the active participation of patients in passive training mode. Firstly, the patients’ joint mobility and maximum muscle power are modelized and calibrated. Secondly, the robot joints are actuated to train according to joint mobility and speed for two cycles. The human–machine coupled force interaction control model can recognize the patients’ active participation in the training process. Finally, the passive training joint motion speed for t",2022,Machines,Jie Hu; Yuantao Zhuang; Yudi Zhu; Qiaoling Meng; Hongliu Yu,10.3390/machines10070545,,https://doi.org/10.3390/machines10070545,crossref,hybrid systems robot control manipulation,anti_myopia,control,,3,hybrid systems,2026-06-12T15:07:36Z,21.043,24.043
doi:10.1609/aaai.v39i4.32460,Efficient Gaussian Splatting for Monocular Dynamic Scene Rendering via Sparse Time-Variant Attribute Modeling,"Rendering dynamic scenes from monocular videos is a crucial yet challenging task. The recent deformable Gaussian Splatting has emerged as a robust solution to represent real-world dynamic scenes. However, it often leads to heavily redundant Gaussians, attempting to fit every training view at various time steps, leading to slower rendering speeds. Additionally, the attributes of Gaussians in static areas are time-invariant, making it unnecessary to model every Gaussian, which can cause jittering in static regions. In practice, the primary bottleneck in rendering speed for dynamic scenes is the number of Gaussians. In response, we introduce Efficient Dynamic Gaussian Splatting (EDGS), which represents dynamic scenes via sparse time-variant attribute modeling. Our approach formulates dynamic scenes using a sparse anchor-grid representation, with the motion flow of dense Gaussians calculated",2025,Proceedings of the AAAI Conference on Artificial Intelligence,Hanyang Kong; Xingyi Yang; Xinchao Wang,10.1609/aaai.v39i4.32460,,https://doi.org/10.1609/aaai.v39i4.32460,crossref,Gaussian splatting robot perception,concept,architecture,,7,Gaussian splatting robot perception,2026-06-12T15:07:36Z,21.040,22.040
doi:10.1177/0278364916683444,Goal-directed robot manipulation through axiomatic scene estimation,"Performing robust goal-directed manipulation tasks remains a crucial challenge for autonomous robots. In an ideal case, shared autonomous control of manipulators would allow human users to specify their intent as a goal state and have the robot reason over the actions and motions to achieve this goal. However, realizing this goal remains elusive due to the problem of perceiving the robot’s environment. We address and describe the problem of axiomatic scene estimation for robot manipulation in cluttered scenes which is the estimation of a tree-structured scene graph describing the configuration of objects observed from robot sensing. We propose generative approaches to scene inference (as the axiomatic particle filter, and the axiomatic scene estimation by Markov chain Monte Carlo based sampler) of the robot’s environment as a scene graph. The result from AxScEs estimation are axioms amen",2017,The International Journal of Robotics Research,Zhiqiang Sui; Lingzhu Xiang; Odest C Jenkins; Karthik Desingh,10.1177/0278364916683444,,https://doi.org/10.1177/0278364916683444,crossref,robot world models manipulation,concept,world_models,,25,robot world model; robot manipulation; motion planning,2026-06-12T15:07:36Z,21.029,22.029
doi:10.3389/fpsyg.2025.1393689,Unconscious overtone manipulation and transmission in flute performance: insights into musical expression and perception,"This study aims to elucidate the overtone structure of the flute, examine the impact of acoustic parameter alterations on timbre perception, and foster a shared vocabulary among players and listeners. Employing principal component analysis (PCA) and listening experiments, the investigation delves into the ways in which players subconsciously adjust timbre and the manner in which these adjustments are perceived by listeners. The analysis concentrated on overtone components up to the fifth overtone (5 f 0 ) utilizing flute long-tones. PCA revealed that the first principal component (PC1) predominantly captured variations in the overall strength of overtones, whereas PC2 and PC3 were indicative of a balance around specific overtones. Furthermore, the coordinates of PC1, PC2 and PC3 for sounds deliberately produced with varying timbres were found to diverge. This finding indicates that the f",2025,Frontiers in Psychology,Kai Hiraiwa; Masanobu Miura,10.3389/fpsyg.2025.1393689,,https://doi.org/10.3389/fpsyg.2025.1393689,crossref,Gaussian splatting robot perception bimanual manipulation,concept,architecture_x_embodiment,,,Gaussian splatting robot perception; bimanual manipulation,2026-06-12T15:07:36Z,21.000,21.000
doi:10.1145/3807941,How do Naturalistic Visuo-Auditory Cues Guide Human Attention? Insights from Systematic Explorations in Visual Perception of Embodied Multimodal Interaction,"Studies in visual cognition highlight the importance of visual, spatial, and auditory cues in influencing human attention. Such cues often tend to be indicative of actions or events, thereby serving as predictive indicators in both passive observation as well as in interactive engagement. Our research focuses on visual attention in passive observation, particularly examining the manner in which visual, spatial, and auditory cues —henceforth visuoauditory (shorthand) cues— influence attention on everyday multimodal interaction. We systematically develop a visuoauditory event model for investigating visual attention in naturalistic embodied settings. Rooted in this event model, we explore the influence of five select visuoauditory cues —namely, speaking, gaze, relative motion, hand action, and visibility— on visual attention. Our analysis utilizes eye-tracking data from \(90\) participants",2026,ACM Transactions on Applied Perception,Vipul Nair; Mehul Bhatt; Jakob Suchan; Erik Billing; Paul Hemeren,10.1145/3807941,,https://doi.org/10.1145/3807941,crossref,Gaussian splatting robot perception embodied agent,concept,architecture_x_embodiment,,,Gaussian splatting robot perception; embodied agent,2026-06-12T15:07:36Z,21.000,21.000
arxiv:2211.09006v1,ToolFlowNet: Robotic Manipulation with Tools via Predicting Tool Flow from Point Clouds,"Point clouds are a widely available and canonical data modality which convey the 3D geometry of a scene. Despite significant progress in classification and segmentation from point clouds, policy learning from such a modality remains challenging, and most prior works in imitation learning focus on learning policies from images or state information. In this paper, we propose a novel framework for learning policies from point clouds for robotic manipulation with tools. We use a novel neural network, ToolFlowNet, which predicts dense per-point flow on the tool that the robot controls, and then uses the flow to derive the transformation that the robot should execute. We apply this framework to imitation learning of challenging deformable object manipulation tasks with continuous movement of tools, including scooping and pouring, and demonstrate significantly improved performance over baseline",2022,arXiv,Daniel Seita; Yufei Wang; Sarthak J. Shetty; Edward Yao Li; Zackory Erickson; David Held,,2211.09006v1,http://arxiv.org/abs/2211.09006v1,arxiv,energy based transformer robot policy,concept,ebm_transformer,,,energy based transformer robot policy; deformable object manipulation; imitation learning,2026-06-12T14:45:03Z,20.950,20.950
doi:10.1016/j.knosys.2025.114265,DFOcc: Enhanced 3D occupancy perception based on scene flow and class-guided sampling,,2025,Knowledge-Based Systems,Ruijie Shan; Yanchun Zhang; Jian Zeng,10.1016/j.knosys.2025.114265,,https://doi.org/10.1016/j.knosys.2025.114265,crossref,3D scene understanding robot manipulation,concept,scene_understanding,,1,robot manipulation; 3D scene understanding,2026-06-12T15:07:36Z,20.947,20.947
doi:10.1109/iros.2005.1545399,Humatronics (1) - natural interaction between human and networked robot using human motion recognition,"In this research, we show two experiments using non-verbal interaction based on 'humatronics' which construct natural interaction between human and systems. Recently, we use various types of systems based on electronics. However, these systems are not useful and imposes burden. The electronics for solving these problems are called ""humatronics"". Advanced humatronics are mostly needed for natural communication between human and system. Thus, we think nonverbal communication is basic, and important for communication between human. Moreover, We focus on the networked robotics which is fusion of network technology and robot technology. We constructed nonverbal interface by using human natural motion. In the first experiment, we created commands using hand motion which is based on natural motion, such as becking, hissing away and so on. We constructed robot manipulation system using these com",2005,,Eri Sato-Shimokawara; Aika Nakajima; Toru Yamaguchi; Fumio Harashima,10.1109/iros.2005.1545399,,https://doi.org/10.1109/iros.2005.1545399,openalex,robotics,concept,openalex_bulk_robotics,,19,robot manipulation,2026-06-12T18:57:17Z,20.898,20.898
arxiv:2509.14353v3,DreamControl: Human-Inspired Whole-Body Humanoid Control for Scene Interaction via Guided Diffusion,"We introduce DreamControl, a novel methodology for learning autonomous whole-body humanoid skills. DreamControl leverages the strengths of diffusion models and Reinforcement Learning (RL): our core innovation is the use of a diffusion prior trained on human motion data, which subsequently guides an RL policy in simulation to complete specific tasks of interest (e.g., opening a drawer or picking up an object). We demonstrate that this human motion-informed prior allows RL to discover solutions unattainable by direct RL, and that diffusion models inherently promote natural looking motions, aiding in sim-to-real transfer. We validate DreamControl's effectiveness on a Unitree G1 robot across a diverse set of challenging tasks involving simultaneous lower and upper body control and object interaction. Project website at https://genrobo.github.io/DreamControl/",2025,arXiv,Dvij Kalaria; Sudarshan S Harithas; Pushkal Katara; Sangkyung Kwak; Sarthak Bhagat; Shankar Sastry; Srinath Sridhar; Sai Vemprala; Ashish Kapoor; Jonathan Chung-Kuan Huang,,2509.14353v3,http://arxiv.org/abs/2509.14353v3,arxiv,whole body manipulation humanoid,concept,humanoid,,,sim to real transfer,2026-06-12T14:45:03Z,20.850,21.850
arxiv:2503.09040v4,Motion Blender Gaussian Splatting for Dynamic Scene Reconstruction,"Gaussian splatting has emerged as a powerful tool for high-fidelity reconstruction of dynamic scenes. However, existing methods primarily rely on implicit motion representations, such as encoding motions into neural networks or per-Gaussian parameters, which makes it difficult to further manipulate the reconstructed motions. This lack of explicit controllability limits existing methods to replaying recorded motions only, which hinders a wider application in robotics. To address this, we propose Motion Blender Gaussian Splatting (MBGS), a novel framework that uses motion graphs as an explicit and sparse motion representation. The motion of a graph's links is propagated to individual Gaussians via dual quaternion skinning, with learnable weight painting functions that determine the influence of each link. The motion graphs and 3D Gaussians are jointly optimized from input videos via differ",2025,arXiv,Xinyu Zhang; Haonan Chang; Yuhan Liu; Abdeslam Boularias,,2503.09040v4,http://arxiv.org/abs/2503.09040v4,arxiv,Gaussian splatting robot perception,concept,architecture,,,Gaussian splatting robot perception,2026-06-12T14:45:03Z,20.850,20.850
doi:10.1109/iccv.2011.6126381,3D scene flow estimation with a rigid motion prior,,2011,2011 International Conference on Computer Vision,Christoph Vogel; Konrad Schindler; Stefan Roth,10.1109/iccv.2011.6126381,,https://doi.org/10.1109/iccv.2011.6126381,crossref,3D scene understanding robot manipulation,concept,scene_understanding,,84,robot manipulation; 3D scene understanding,2026-06-12T15:07:36Z,20.821,20.821
doi:10.14313/jamris/3-2023/20,Multimodal Robot Programming Interface Based On RGB-D Perception and Neural Scene Understanding Modules,"In this paper, we propose a system for natural and intuitive interaction with the robot. Its purpose is to allow a person with no specialized knowledge and no training in robot programming to program a robotic arm.We utilize data from the RGB-D camera to segment the scene and detect objects. We also estimate the configuration of the operator's hand and the position of the visual marker to determine the intentions of the operator and the actions of the robot. To this end, we utilize trained neural networks and operations on the input point clouds. Also, voice commands are used to define or trigger the execution of the motion. Finally, we performed a set of experiments to show the properties of the proposed system.",2024,"Journal of Automation, Mobile Robotics and Intelligent Systems",Bartłomiej Kulecki,10.14313/jamris/3-2023/20,,https://doi.org/10.14313/jamris/3-2023/20,crossref,Gaussian splatting robot perception,concept,architecture,,,Gaussian splatting robot perception,2026-06-12T15:07:36Z,20.800,20.800
doi:10.1068/p5288,"Perception of Scene Layout from Optical Contact, Shadows, and Motion","Kersten et al (1997 Perception26 171−192) found that the perceived motion of an object in a 3-D scene was determined by the motion of a shadow. In the present study, we compared the effect of a shadow to that of a second object on the ground in determining the perceived position in depth of a floating object in both dynamic and stationary scenes. Changing the second (lower) object from textured to dark increased the influence of the second object on the judged position of the first object. Giving the second object zero thickness had this effect only if it was also dark. Variations in the height of the floating object were important with a second object but not with a shadow, in motion scenes. With alternative shadows present, the position of the floating object was determined primarily by matching speeds, with matching sizes as a secondary factor. These results show some similarities but",2004,Perception,Rui Ni; Myron L Braunstein; George J Andersen,10.1068/p5288,,https://doi.org/10.1068/p5288,crossref,Gaussian splatting robot perception contact rich manipulation,concept,architecture_x_embodiment,,16,Gaussian splatting robot perception; contact rich manipulation,2026-06-12T15:07:36Z,20.717,20.717
doi:10.1109/icra.2015.7139710,Interaction skills for a coat-check robot: Identifying and handling the boundary components of clothes,"Identifying the relevant functional degrees of freedom is a key prerequisite for the proper handling of everyday objects. Recognizing and exploiting these degrees of freedom in the context of non-rigid objects poses challenges that are significantly different from the rigid case. As a major generic subtask, we consider the identification and exploitation of boundary components during clothes manipulation, combining RGBD vision with uni- and bi-manual handling through a robot. Specifically, we present a novel graph-based approach to detecting boundary components by extracting closed contours from depth images. Based on that, we suggest a planner minimizing a heuristic energy function for an optimal grasp pose of a robot hand around the boundary of a garment. We demonstrate the effectiveness of the approach in interactive perception and regrasping experiments with a dual arm and two attach",2015,,Lukas Twardon; Helge Ritter,10.1109/icra.2015.7139710,,https://doi.org/10.1109/icra.2015.7139710,openalex,robotics,concept,openalex_bulk_robotics,,27,robot hand; active perception; interactive perception,2026-06-12T18:57:17Z,20.716,20.716
doi:10.1007/s10846-026-02393-x,Active Perception for Grapevine Information Acquisition Using Information-Theoretic Viewpoint Selection,"Abstract Accurate acquisition of grapevine morphological information is a critical prerequisite for autonomous robotic pruning, yet remains challenging due to complex geometry, severe self-occlusion, and partial observability. Existing grapevine perception systems largely rely on passive sensing strategies and fixed acquisition trajectories, which often result in incomplete or uncertain reconstructions. This paper presents an information-theoretic active perception framework for robotic grapevine morphological reconstruction, in which camera viewpoints are selected to maximise expected information gain with respect to a probabilistic belief over vine structure. Grapevine morphology is modelled as a hybrid discrete–continuous state capturing both the existence of structural elements and their geometric attributes. An RGB-D perception pipeline is developed to detect vine components, infer ",2026,Journal of Intelligent & Robotic Systems,Shen Hin Lim; Joshua Lenin; Mike Duke; Benjamin Mcguinness; Chi Kit Au,10.1007/s10846-026-02393-x,,https://doi.org/10.1007/s10846-026-02393-x,crossref,Gaussian splatting robot perception,concept,architecture,,,Gaussian splatting robot perception; active perception; partial observability; occlusion,2026-06-12T15:07:36Z,20.700,20.700
doi:10.52783/jisem.v11i2s.14375,Camera-Based Depth Perception for Precision Agriculture: A Software-Defined Approach to 3D Scene Understanding,"Autonomous agricultural systems need strong three-dimensional perception skills to carry out specific tasks such as selective crop intervention, weed detection, and avoidance of obstacles. Existing solutions are based on active depth sensing (LiDAR/radar) that provides accuracy at the cost of significant economic, operational, and environmental factors limiting its use in a variety of farming environments. As this article will show, passive camera-based depth perception can perform equally as well at a fraction of the cost in hardware, power, and environmental sensitivity. The fundamental novelty is the systematic combination of multi-view stereo geometry, learning-based refinement, and confidence-conscious orchestration into a software-based system that is optimized to work in agricultural settings. This identification of passive imaging as the main sensing modality, as opposed to suppo",2026,Journal of Information Systems Engineering and Management,Vedashree Kedar Karandikar,10.52783/jisem.v11i2s.14375,,https://doi.org/10.52783/jisem.v11i2s.14375,crossref,3D scene understanding robot manipulation,concept,scene_understanding,,,robot manipulation; 3D scene understanding; deployment,2026-06-12T15:07:36Z,20.650,21.650
doi:10.47191/ijsshr/v8-i7-60,The Influence of Media Manipulation on Young People Through the Dimension of Their Perception and Understanding of Media Content in The Digital Environment,"Manipulation in the media is present today as never before and, due to digital dissemination of information, it has become extremely accessible to the public. It is precisely the presence of new media and digital environment that has created a space for publicly available information to be created and released to the public by people who do not possess expertise, which directly calls into question not only the quality of the information, but its credibility as well. The digital age has also brought the presence of a number of media outlets in the form of web portals and social networks that daily disseminate a multitude of information, which is usually not backed by relevant sources and, not uncommonly, the published articles are not signed, while the portals that publish them do not even have an imprint. All of the above opens the possibility of media manipulation, to which especially y",2025,International Journal of Social Science and Human Research,"SANELA PRAŠOVIĆ GADŽO, PhD",10.47191/ijsshr/v8-i7-60,,https://doi.org/10.47191/ijsshr/v8-i7-60,crossref,3D scene understanding robot manipulation,concept,scene_understanding,,,robot manipulation; 3D scene understanding,2026-06-12T15:07:36Z,20.650,20.650
doi:10.1167/7.11.2,Perception of object trajectory: Parsing retinal motion into self and object movement components,,2007,Journal of Vision,Paul A. Warren; Simon K. Rushton,10.1167/7.11.2,,https://doi.org/10.1167/7.11.2,crossref,Gaussian splatting robot perception deformable object manipulation,concept,architecture_x_embodiment,,55,Gaussian splatting robot perception; deformable object manipulation,2026-06-12T15:07:36Z,20.613,20.613
doi:10.1016/j.rcim.2026.103348,Causal event graph-driven chain-of-thought for scene perception and embodied reasoning in safe lithium-ion battery disassembly,,2027,Robotics and Computer-Integrated Manufacturing,Fei Li; Junchen Liu; Xinyu Li; Jiahui Si; Jinsong Bao,10.1016/j.rcim.2026.103348,,https://doi.org/10.1016/j.rcim.2026.103348,crossref,physical reasoning robotics manipulation,concept,physical_reasoning,,,,2026-06-12T15:07:36Z,20.600,21.600
doi:10.1177/02783649922066655,Stabilization of Lateral Motion in Passive Dynamic Walking,"Passive dynamic walking refers to a class of bipedal machines that are able to walk down a gentle slope with no external control or energy input. The legs swing naturally as pendula, and conservation of angular momentum governs the contact of the swing foot with the ground. Previous machines have been limited to planar motions. We extend the planar motions to allow for tilting side to side (roll motion). Passive walking cycles exist, but the roll motion is unstable, resembling that of an inverted pendulum. The instability is due to mismatching of roll velocity with the ground contact conditions. Several strategies are presented for stabilizing this motion, of which the quasi-static control of step width is determined to be both simple and efficient.",1999,The International Journal of Robotics Research,Arthur D. Kuo,10.1177/02783649922066655,,https://doi.org/10.1177/02783649922066655,crossref,task and motion planning robotics,anti_myopia,classic,,535,motion planning; task and motion planning,2026-06-12T15:07:36Z,20.600,24.600
doi:10.17683/ijomam/issue21.11,ENHANCING VIRTUAL REALITY PRODUCT INTERACTION THROUGH REAL-TIME 3D SCENE PERCEPTION AND MULTI-MODAL INTERACTION,,2025,International Journal of Mechatronics and Applied Mechanics,,10.17683/ijomam/issue21.11,,https://doi.org/10.17683/ijomam/issue21.11,crossref,3D scene understanding robot manipulation,concept,scene_understanding,,,robot manipulation; 3D scene understanding,2026-06-12T15:07:36Z,20.600,20.600
doi:10.1109/icra40945.2020.9196638,Are We Ready for Service Robots? The OpenLORIS-Scene Datasets for Lifelong SLAM,"Service robots should be able to operate autonomously in dynamic and daily changing environments over an extended period of time. While Simultaneous Localization And Mapping (SLAM) is one of the most fundamental problems for robotic autonomy, most existing SLAM works are evaluated with data sequences that are recorded in a short period of time. In real-world deployment, there can be out-of-sight scene changes caused by both natural factors and human activities. For example, in home scenarios, most objects may be movable, replaceable or deformable, and the visual features of the same place may be significantly different in some successive days. Such out-of-sight dynamics pose great challenges to the robustness of pose estimation, and hence a robot’s long-term deployment and operation. To differentiate the forementioned problem from the conventional works which are usually evaluated in a s",2020,,Xuesong Shi; Dongjiang Li; Pengpeng Zhao; Qinbin Tian; Yuxin Tian; Qiwei Long; Chunhao Zhu; Jingwei Song; Fei Qiao; Le Song; Yangquan Guo; Zhigang Wang; Yimin Zhang; Baoxing Qin; Wei Yang; Fangshi Wang; Rosa H. M. Chan; Qi She,10.1109/icra40945.2020.9196638,,https://doi.org/10.1109/icra40945.2020.9196638,openalex,robotics,concept,openalex_bulk_robotics,,163,SLAM; benchmark; robustness; deployment,2026-06-12T18:57:17Z,20.600,24.600
doi:10.1049/iet-ipr.2017.0876,Scene flow for 3D laser scanner and camera system,"Estimating the three‐dimensional (3D) motion from sparse laser point clouds is a highly challenging endeavour facing computer and robotic vision engineers. In this study, a novel method is proposed for robustly estimating the scene flow from a laser scanner assisted by a camera. Conditional random field (CRF) is constructed by a spatial structure of point clouds, the energy of which is minimised by a synchronous calibrated image. With the high frame rate of a laser scanner, the authors’ method allows for estimating the potential motion field as the CRF label. The authors ran an experiment on a public dataset to demonstrate that their method can accurately estimate rigid motion in outdoor scenes. They also tested the method on a laser scanner and omni‐directional camera system to find that it also accurately estimates the rigid and semi‐rigid motion of objects in a controlled indoor envir",2018,IET Image Processing,Cheng Zou; Bingwei He; Liwei Zhang; Jianwei Zhang,10.1049/iet-ipr.2017.0876,,https://doi.org/10.1049/iet-ipr.2017.0876,crossref,3D scene understanding robot manipulation,concept,scene_understanding,,6,robot manipulation; 3D scene understanding,2026-06-12T15:07:36Z,20.573,20.573
arxiv:2603.09170v2,ZeroWBC: Learning Natural Whole-Body Humanoid Interaction from Human Egocentric Data,"Achieving versatile and natural whole-body humanoid interaction control remains challenging due to the high cost of whole-body teleoperation data. We present ZeroWBC, a teleoperation-free framework that learns humanoid whole-body interaction from human egocentric videos paired with synchronized whole-body motion and text annotations. ZeroWBC adopts a generation-then-tracking formulation to tackle the static scene whole-body interaction control problem. Given an initial egocentric image and a language instruction, a fine-tuned Vision-Language Model generates future human whole-body motion tokens, which are decoded into continuous motions and retargeted to the humanoid. The resulting reference motions, together with root and key body-part trajectories, are then executed by a general interactive motion tracking policy. To improve interaction performance, we introduce an interaction-oriented",2026,arXiv,Haoran Yang; Jiacheng Bao; Yucheng Xin; Haoming Song; Yuyang Tian; Bin Zhao; Dong Wang; Xuelong Li,,2603.09170v2,http://arxiv.org/abs/2603.09170v2,arxiv,whole body manipulation humanoid,concept,humanoid,,,humanoid robot; teleoperation,2026-06-12T14:45:03Z,20.550,20.550
arxiv:2503.21860v1,ManipTrans: Efficient Dexterous Bimanual Manipulation Transfer via Residual Learning,"Human hands play a central role in interacting, motivating increasing research in dexterous robotic manipulation. Data-driven embodied AI algorithms demand precise, large-scale, human-like manipulation sequences, which are challenging to obtain with conventional reinforcement learning or real-world teleoperation. To address this, we introduce ManipTrans, a novel two-stage method for efficiently transferring human bimanual skills to dexterous robotic hands in simulation. ManipTrans first pre-trains a generalist trajectory imitator to mimic hand motion, then fine-tunes a specific residual module under interaction constraints, enabling efficient learning and accurate execution of complex bimanual tasks. Experiments show that ManipTrans surpasses state-of-the-art methods in success rate, fidelity, and efficiency. Leveraging ManipTrans, we transfer multiple hand-object datasets to robotic han",2025,arXiv,Kailin Li; Puhao Li; Tengyu Liu; Yuyang Li; Siyuan Huang,,2503.21860v1,http://arxiv.org/abs/2503.21860v1,arxiv,Gaussian splatting robot perception bimanual manipulation,concept,architecture_x_embodiment,,,Gaussian splatting robot perception; bimanual manipulation; teleoperation; deployment,2026-06-12T15:07:36Z,20.550,22.550
doi:10.1007/978-0-85729-965-9,Stereo Scene Flow for 3D Motion Analysis,,2011,,Andreas Wedel; Daniel Cremers,10.1007/978-0-85729-965-9,,https://doi.org/10.1007/978-0-85729-965-9,crossref,3D scene understanding robot manipulation,concept,scene_understanding,,45,robot manipulation; 3D scene understanding,2026-06-12T15:07:36Z,20.514,20.514
doi:10.5089/9781498344715.007,Group of Twenty - Measures Which are Both Macroprudential and Capital Flow Management Measures,"The global financial crisis underscored the costs of systemic instability at both the national and global levels and highlighted the importance of dedicated macroprudential and capital flow management policies. The IMF has been assisting its members with policy advice as well as developing and making operational their policy frameworks. Multilateral aspects of both policies need to be fully considered, including the interaction with other domestic and international legal frameworks. To the extent that capital flows are the source of systemic financial sector risks, the tools used to address those risks can be seen as both capital flow management measures (CFMs) and macroprudential measures (MPMs).",2015,Policy Papers,,10.5089/9781498344715.007,,https://doi.org/10.5089/9781498344715.007,crossref,flow matching policy,concept,architecture,,4,flow matching policy,2026-06-12T15:07:36Z,20.455,20.455
arxiv:2603.03514v1,Sampling-Based Motion Planning with Scene Graphs Under Perception Constraints,"It will be increasingly common for robots to operate in cluttered human-centered environments such as homes, workplaces, and hospitals, where the robot is often tasked to maintain perception constraints, such as monitoring people or multiple objects, for safety and reliability while executing its task. However, existing perception-aware approaches typically focus on low-degree-of-freedom (DoF) systems or only consider a single object in the context of high-DoF robots. This motivates us to consider the problem of perception-aware motion planning for high-DoF robots that accounts for multi-object monitoring constraints. We employ a scene graph representation of the environment, offering a great potential for incorporating long-horizon task and motion planning thanks to its rich semantic and spatial information. However, it does not capture perception-constrained information, such as the vi",2026,arXiv,Qingxi Meng; Emiliano Flores; Thai Duong; Vaibhav Unhelkar; Lydia E. Kavraki,,2603.03514v1,http://arxiv.org/abs/2603.03514v1,arxiv,sampling based motion planning,anti_myopia,anti_thesis,,,motion planning; task and motion planning; long horizon; sampling based motion planning,2026-06-12T15:07:36Z,20.450,24.450
doi:10.1177/17298806221095974,A review on sensory perception for dexterous robotic manipulation,"Sensory perception for dexterous robotic hands is an active research area and recent progress in robotics. Effective dexterous manipulation requires robotic hands to accurately feedback their state or perceive the surrounding environment. This article reviews the state-of-the-art of sensory perception for dexterous robotic manipulation. Two types of sensors, such as intrinsic and extrinsic sensors, are introduced according to their function and layout in robotic hands. These sensors provide rich information to a robotic hand, which contains the posture, the contact information of objects, and the physical information of the environment. Then, a comprehensive analysis of perception methods including planning-level, control-level, and learning-level perceptions is presented. The information obtained from sensory perception can help robotic hands to make decisions effectively. Previously is",2022,International Journal of Advanced Robotic Systems,Ziwei Xia; Zhen Deng; Bin Fang; Yiyong Yang; Fuchun Sun,10.1177/17298806221095974,,https://doi.org/10.1177/17298806221095974,crossref,EBM transformer robotics dexterous manipulation,concept,architecture_x_embodiment,,59,EBM transformer robotics; dexterous manipulation,2026-06-12T15:07:36Z,20.447,20.447
doi:10.1109/3dv.2017.00039,Multiframe Scene Flow with Piecewise Rigid Motion,,2017,2017 International Conference on 3D Vision (3DV),Vladislav Golyanik; Kihwan Kim; Robert Maier; Matthias NieBner; Didier Stricker; Jan Kautz,10.1109/3dv.2017.00039,,https://doi.org/10.1109/3dv.2017.00039,crossref,3D scene understanding robot manipulation,concept,scene_understanding,,16,robot manipulation; 3D scene understanding,2026-06-12T15:07:36Z,20.417,20.417
arxiv:2111.09354v3,Punyo-1: Soft tactile-sensing upper-body robot for large object manipulation and physical human interaction,"The manipulation of large objects and safe operation in the vicinity of humans are key capabilities of a general purpose domestic robotic assistant. We present the design of a soft, tactile-sensing humanoid upper-body robot and demonstrate whole-body rich-contact manipulation strategies for handling large objects. We demonstrate our hardware design philosophy for outfitting off-the-shelf hard robot arms and other components with soft tactile-sensing modules, including: (i) low-cost, cut-resistant, contact pressure localizing coverings for the arms, (ii) paws based on TRI's Soft-bubble sensors for the end effectors, and (iii) compliant force/geometry sensors for the coarse geometry sensing chest. We leverage the mechanical intelligence and tactile sensing of these modules to develop and demonstrate motion primitives for whole-body grasping. We evaluate the hardware's effectiveness in achi",2021,arXiv,Aimee Goncalves; Naveen Kuppuswamy; Andrew Beaulieu; Avinash Uttamchandani; Katherine M. Tsui; Alex Alspach,,2111.09354v3,http://arxiv.org/abs/2111.09354v3,arxiv,tactile language action robotics,concept,tactile,,,contact rich manipulation; force control,2026-06-12T14:45:03Z,20.400,20.400
doi:10.1177/0278364909354391,Roll and Pitch Motion Analysis of a Biologically Inspired Quadruped Water Runner Robot,"In this paper, the roll and pitch dynamics of a biologically inspired quadruped water runner robot are analyzed, and a stable robot design is proposed and tested. The robot’s foot—water interaction force is derived using drag equations. Roll direction instability is attributed to a small roll moment of inertia and large instantaneous roll moments generated by the foot—water interaction forces. Roll dynamics are modeled by approximating the water as a linear spring. Using this model, estimates on the roll moment of inertia that can endure moments generated by water interactions are derived. Instability in the pitch direction is caused by the thrust force the four feet exert on the water. To correct this, a circular tail which can negate the pitch moment around the center of mass is proposed. Both passive and active tail designs which can cope with disturbances are introduced. Based on the",2009,The International Journal of Robotics Research,Hyun Soo Park; Steven Floyd; Metin Sitti,10.1177/0278364909354391,,https://doi.org/10.1177/0278364909354391,openalex,robotics,concept,openalex_bulk_robotics,,51,robustness,2026-06-12T18:57:17Z,20.376,21.376
doi:10.1115/dscc2015-9916,Analysis and Passive Control of a Four-Bar Linkage for the Rehabilitation of Upper-Limb Motion,"In the last two decades robotic rehabilitation research provided significant insight regarding the human-robot interaction, helped understand the process by which the impaired nervous system is retrained to better control movements, and led to the development of a number of mathematical and neurophysiological models that describe both the human motion and the robot control. The human-machine interaction in this research is typically achieved through robotic devices that are based on open kinematic chains. These devices have multiple degrees of freedom (DOF), sophisticated computer control, actuation and sensing. The flexibility of such approach enables the easy implementation of the various models and methods that have to be applied in order to maximize the potential of robotic rehabilitation. On the other hand, mechanisms with fewer DOF’s that are based on closed kinematic chains can ge",2015,"Volume 3: Multiagent Network Systems; Natural Gas and Heat Exchangers; Path Planning and Motion Control; Powertrain Systems; Rehab Robotics; Robot Manipulators; Rollover Prevention (AVS); Sensors and Actuators; Time Delay Systems; Tracking Control Systems; Uncertain Systems and Robustness; Unmanned, Ground and Surface Robotics; Vehicle Dynamics Control; Vibration and Control of Smart Structures/Mech Systems; Vibration Issues in Mechanical Systems",Evagoras G. Xydas; Loucas S. Louca; Andreas Mueller,10.1115/dscc2015-9916,,https://doi.org/10.1115/dscc2015-9916,crossref,task and motion planning robotics,anti_myopia,classic,,3,motion planning; task and motion planning; human robot interaction,2026-06-12T15:07:36Z,20.293,25.293
doi:10.1515/pjbr-2017-0006,Coordination mechanism for integrated design of Human-Robot Interaction scenarios,"Abstract The ultimate long-term goal in Human-Robot Interaction (HRI) is to design robots that can act as a natural extension to humans. This requires the design of robot control architectures to provide structure for the integration of the necessary components into HRI. This paper describes how HBBA, a Hybrid Behavior-Based Architecture, can be used as a unifying framework for integrated design of HRI scenarios. More specifically, we focus here on HBBA’s generic coordination mechanism of behavior-producing modules, which allows to address a wide range or cognitive capabilities ranging from assisted teleoperation to selective attention and episodic memory. Using IRL-1, a humanoid robot equipped with compliant actuators for motion and manipulation, proximity sensors, cameras and a microphone array, three interaction scenarios are implemented: multi-modal teleoperation with physical guidan",2017,"Paladyn, Journal of Behavioral Robotics",François Ferland; Aurélien Reveleau; Francis Leconte; Dominic Létourneau; François Michaud,10.1515/pjbr-2017-0006,,https://doi.org/10.1515/pjbr-2017-0006,crossref,robotics,concept,crossref_bulk_robotics,,9,humanoid robot; teleoperation; human robot interaction,2026-06-12T19:29:26Z,20.251,20.251
doi:10.1109/3dv.2015.15,Motion Cooperation: Smooth Piece-wise Rigid Scene Flow from RGB-D Images,,2015,2015 International Conference on 3D Vision,Mariano Jaimez; Mohamed Souiai; Jorg Stuckler; Javier Gonzalez-Jimenez; Daniel Cremers,10.1109/3dv.2015.15,,https://doi.org/10.1109/3dv.2015.15,crossref,3D scene understanding robot manipulation,concept,scene_understanding,,26,robot manipulation; 3D scene understanding,2026-06-12T15:07:36Z,20.248,20.248
doi:10.1609/aaai.v39i14.33617,FlowPolicy: Enabling Fast and Robust 3D Flow-Based Policy via Consistency Flow Matching for Robot Manipulation,"Robots can acquire complex manipulation skills by learning policies from expert demonstrations, which is often known as vision-based imitation learning. Generating policies based on diffusion and flow matching models has been shown to be effective, particularly in robotic manipulation tasks. However, recursion-based approaches are inference inefficient in working from noise distributions to policy distributions, posing a challenging trade-off between efficiency and quality. This motivates us to propose FlowPolicy, a novel framework for fast policy generation based on consistency flow matching and 3D vision. Our approach refines the flow dynamics by normalizing the self-consistency of the velocity field, enabling the model to derive task execution policies in a single inference step. Specifically, FlowPolicy conditions on the observed 3D point cloud, where consistency flow matching direct",2025,Proceedings of the AAAI Conference on Artificial Intelligence,Qinglun Zhang; Zhen Liu; Haoqiang Fan; Guanghui Liu; Bing Zeng; Shuaicheng Liu,10.1609/aaai.v39i14.33617,,https://doi.org/10.1609/aaai.v39i14.33617,crossref,diffusion policy robot manipulation,concept,diffusion,,11,diffusion policy; robot manipulation; imitation learning,2026-06-12T14:45:03Z,20.242,20.242
doi:10.3390/en15051769,Local Path Planning for Autonomous Vehicles Based on the Natural Behavior of the Biological Action-Perception Motion,"Local path planning is a key task for the motion planners of autonomous vehicles since it commands the vehicle across its environment while avoiding any obstacles. To perform this task, the local path planner generates a trajectory and a velocity profile, which are then sent to the vehicle’s actuators. This paper proposes a new local path planner for autonomous vehicles based on the Attractor Dynamic Approach (ADA), which was inspired by the behavior of movement of living beings, along with an algorithm that takes into account four acceleration policies, the ST dynamic vehicle model, and several constraints regarding the comfort and security. The original functions that define the ADA were modified in order to adapt it to the non-holonomic vehicle’s constraints and to improve its response when an impact scenario is detected. The present approach is validated in a well-known simulator for",2022,Energies,Pedro Bautista-Camino; Alejandro Barranco-Gutiérrez; Ilse Cervantes; Martin Rodríguez-Licea; Juan Prado-Olivarez; Francisco Pérez-Pinal,10.3390/en15051769,,https://doi.org/10.3390/en15051769,crossref,sampling based motion planning,anti_myopia,anti_thesis,,20,motion planning; sampling based motion planning,2026-06-12T15:07:36Z,20.172,24.172
arxiv:2312.16170v1,EmbodiedScan: A Holistic Multi-Modal 3D Perception Suite Towards Embodied AI,"In the realm of computer vision and robotics, embodied agents are expected to explore their environment and carry out human instructions. This necessitates the ability to fully understand 3D scenes given their first-person observations and contextualize them into language for interaction. However, traditional research focuses more on scene-level input and output setups from a global view. To address the gap, we introduce EmbodiedScan, a multi-modal, ego-centric 3D perception dataset and benchmark for holistic 3D scene understanding. It encompasses over 5k scans encapsulating 1M ego-centric RGB-D views, 1M language prompts, 160k 3D-oriented boxes spanning over 760 categories, some of which partially align with LVIS, and dense semantic occupancy with 80 common categories. Building upon this database, we introduce a baseline framework named Embodied Perceptron. It is capable of processing a",2023,arXiv,Tai Wang; Xiaohan Mao; Chenming Zhu; Runsen Xu; Ruiyuan Lyu; Peisen Li; Xiao Chen; Wenwei Zhang; Kai Chen; Tianfan Xue; Xihui Liu; Cewu Lu; Dahua Lin; Jiangmiao Pang,,2312.16170v1,http://arxiv.org/abs/2312.16170v1,arxiv,3D scene understanding robot manipulation,concept,scene_understanding,,,robot manipulation; embodied agent; 3D scene understanding; benchmark,2026-06-12T15:07:36Z,20.150,21.150
doi:10.1049/ipr2.13190,Point'n Move: Interactive scene object manipulation on Gaussian splatting radiance fields,"Abstract The authors propose Point'n Move, a method that achieves interactive scene object manipulation with exposed region inpainting. Interactivity here further comes from intuitive object selection and real‐time editing. To achieve this, Gaussian Splatting Radiance Field is adopted as the scene representation and its explicit nature and speed advantage are fully leveraged. Its explicit representation formulation allows to devise a 2D prompt points to 3D masks dual‐stage self‐prompting segmentation algorithm, perform mask refinement and merging, minimize changes, and provide good initialization for scene inpainting and perform editing in real‐time without per‐editing training; all lead to superior quality and performance. The method was tested by editing both forward‐facing and 360 scenes. The method is also compared against existing methods, showing superior quality despite being more",2024,IET Image Processing,Jiajun Huang; Hongchuan Yu; Jianjun Zhang; Hammadi Nait‐Charif,10.1049/ipr2.13190,,https://doi.org/10.1049/ipr2.13190,crossref,Gaussian splatting robot perception,concept,architecture,,26,Gaussian splatting robot perception,2026-06-12T15:07:36Z,20.098,20.098
doi:10.3390/biomimetics9070436,Task-Motion Planning System for Socially Viable Service Robots Based on Object Manipulation,"This paper presents a software architecture to implement a task-motion planning system that can improve human-robot interactions by including social behavior when social robots provide services related to object manipulation to users. The proposed system incorporates four main modules: knowledge reasoning, perception, task planning, and motion planning for autonomous service. This system adds constraints to the robot motions based on the recognition of the object affordance from the perception module and environment states from the knowledge reasoning module. Thus, the system performs task planning by adjusting the goal of the task to be performed, and motion planning based on the functional aspects of the object, enabling the robot to execute actions consistent with social behavior to respond to the user’s intent and the task environment. The system is verified through simulated experim",2024,Biomimetics,Jeongmin Jeon; Hong-ryul Jung; Nabih Pico; Tuan Luong; Hyungpil Moon,10.3390/biomimetics9070436,,https://doi.org/10.3390/biomimetics9070436,crossref,task and motion planning robotics,anti_myopia,classic,,6,motion planning; task and motion planning; human robot interaction,2026-06-12T15:07:36Z,20.023,24.023
doi:10.1109/3dui.2014.6798866,Poster: Exploring the integrality and separability of the Leap Motion Controller for direct manipulation 3D interaction,,2014,2014 IEEE Symposium on 3D User Interfaces (3DUI),Panagiotis Apostolellis; Brennon Bortz; Mi Peng; Nicholas Polys; Andy Hoegh,10.1109/3dui.2014.6798866,,https://doi.org/10.1109/3dui.2014.6798866,crossref,3D scene understanding robot manipulation,concept,scene_understanding,,16,robot manipulation; 3D scene understanding,2026-06-12T15:07:36Z,20.017,20.017
arxiv:1904.08913v1,Deep Rigid Instance Scene Flow,"In this paper we tackle the problem of scene flow estimation in the context of self-driving. We leverage deep learning techniques as well as strong priors as in our application domain the motion of the scene can be composed by the motion of the robot and the 3D motion of the actors in the scene. We formulate the problem as energy minimization in a deep structured model, which can be solved efficiently in the GPU by unrolling a Gaussian-Newton solver. Our experiments in the challenging KITTI scene flow dataset show that we outperform the state-of-the-art by a very large margin, while being 800 times faster.",2019,arXiv,Wei-Chiu Ma; Shenlong Wang; Rui Hu; Yuwen Xiong; Raquel Urtasun,,1904.08913v1,http://arxiv.org/abs/1904.08913v1,arxiv,3D scene understanding robot manipulation,concept,scene_understanding,,,robot manipulation; 3D scene understanding,2026-06-12T15:07:36Z,20.000,20.000
arxiv:2410.07707v1,MotionGS: Exploring Explicit Motion Guidance for Deformable 3D Gaussian Splatting,"Dynamic scene reconstruction is a long-term challenge in the field of 3D vision. Recently, the emergence of 3D Gaussian Splatting has provided new insights into this problem. Although subsequent efforts rapidly extend static 3D Gaussian to dynamic scenes, they often lack explicit constraints on object motion, leading to optimization difficulties and performance degradation. To address the above issues, we propose a novel deformable 3D Gaussian splatting framework called MotionGS, which explores explicit motion priors to guide the deformation of 3D Gaussians. Specifically, we first introduce an optical flow decoupling module that decouples optical flow into camera flow and motion flow, corresponding to camera movement and object motion respectively. Then the motion flow can effectively constrain the deformation of 3D Gaussians, thus simulating the motion of dynamic objects. Additionally, ",2024,arXiv,Ruijie Zhu; Yanzhe Liang; Hanzhi Chang; Jiacheng Deng; Jiahao Lu; Wenfei Yang; Tianzhu Zhang; Yongdong Zhang,,2410.07707v1,http://arxiv.org/abs/2410.07707v1,arxiv,Gaussian splatting robot perception deformable object manipulation,concept,architecture_x_embodiment,,,Gaussian splatting robot perception; deformable object manipulation,2026-06-12T15:07:36Z,20.000,20.000
doi:10.62311/nesx/rb-978-81-997219-4-4,Raw-Audio Emotion and Intent Understanding for Human–Robot Interaction,"Abstract: Human–robot interaction increasingly depends on speech and paralinguistic audio in settings where language, accent, noise, and social norms vary. Raw-audio modeling—learning directly from waveforms with minimal handcrafted features—promises robust emotion antate and communicative intent under safety, latency, and privacy constraints typical od intent understanding when coupled to disciplined research design, uncertainty-aware evaluation, and accountable deployment practices. This manuscript develops a publisher-ready framework for building and validating raw-audio systems that infer affective sf interactive robots. The central argument is that reliable audio intelligence emerges from co-design across three layers: (i) foundations and uncertainty, where constructs are defined and measurement validity is secured; (ii) statistical explanation and causal reasoning, where confoundin",2025,,Murali Krishna Pasupuleti,10.62311/nesx/rb-978-81-997219-4-4,,https://doi.org/10.62311/nesx/rb-978-81-997219-4-4,crossref,3D scene understanding robot manipulation,concept,scene_understanding,,,robot manipulation; 3D scene understanding; human robot interaction; generalization; reproducibility; deployment; latency,2026-06-12T15:07:36Z,20.000,25.000
doi:10.47852/bonviewswt52025770,Flexible Tactile Sensors for Enhancing Robotic Perception,"As robotic technology advances towards autonomy and intelligence, tactile sensing systems have become a key technology for overcoming the bottleneck of environmental interaction. Unlike visual perception, which captures macroscopic information, tactile sensing provides precise mechanical feedback for robotic manipulation by real-time analysis of microscopic physical parameters such as contact force, material properties, and surface morphology. This is particularly important in application scenarios that require high precision in force control, such as minimally invasive surgery and precision assembly, where the sensitivity, multimodal perception capabilities, and environmental adaptability of tactile sensors directly determine the operational performance of the robotic system. However, traditional tactile sensors are limited by rigid structures, limited sensitivity, and a single percepti",2025,Smart Wearable Technology,Huiwen Ren; Wangyang Li; Yanan Ding; Yuming Feng; Hexin Li; Jianyang Li; Jia Zhang; Haiying Xiao; Jialu Li; Shuai Wang; Cong Huang; Li Jiang; PingAn Hu,10.47852/bonviewswt52025770,,https://doi.org/10.47852/bonviewswt52025770,openalex,energy based model robot learning,concept,ebm,,22,force control,2026-06-12T18:26:24Z,19.968,19.968
doi:10.3758/s13414-013-0441-1,The perception of object versus objectless motion,,2013,"Attention, Perception, & Psychophysics",Howard S. Hock; David F. Nichols,10.3758/s13414-013-0441-1,,https://doi.org/10.3758/s13414-013-0441-1,crossref,Gaussian splatting robot perception deformable object manipulation,concept,architecture_x_embodiment,,14,Gaussian splatting robot perception; deformable object manipulation,2026-06-12T15:07:36Z,19.954,19.954
doi:10.1115/imece2010-38049,Manipulation of Multibody Active Objects Using Simple Passive Manipulators,"In this paper, we study passivity in dynamic manipulation of active objects. Active object is a concept covering a variety of objects, which are not rigid and need to be controlled during manipulation process. In this work, we use multi-link mechanisms with sufficient actuators to be controlled as object and a series of simple 1-DoF passive manipulators to perform such a process. Control of the object, dynamic and motion planning of the system, and stability in presence of impact are significant issues in this study.",2010,"Volume 8: Dynamic Systems and Control, Parts A and B",Borhan Beigzadeh; Ali Meghdari; Saeed Sohrabpour,10.1115/imece2010-38049,,https://doi.org/10.1115/imece2010-38049,crossref,hybrid systems robot control manipulation,anti_myopia,control,,,hybrid systems; motion planning,2026-06-12T15:07:36Z,19.950,23.950
doi:10.1007/s10846-024-02085-4,Trading-Off Safety with Agility Using Deep Pose Error Estimation and Reinforcement Learning for Perception-Driven UAV Motion Planning,"Abstract Navigation and planning for unmanned aerial vehicles (UAVs) based on visual-inertial sensors has been a popular research area in recent years. However, most visual sensors are prone to high error rates when exposed to disturbances such as excessive brightness and blur, which can lead to catastrophic performance drops in perception and motion planning systems. This study proposes a novel framework to address the coupled perception-planning problem in high-risk environments. This achieved by developing algorithms that can automatically adjust the agility of the UAV maneuvers based on the predicted error rate of the pose estimation system. The fundamental idea behind our work is to demonstrate that highly agile maneuvers become infeasible to execute when visual measurements are noisy. Thus, agility should be traded-off with safety to enable efficient risk management. Our study focu",2024,Journal of Intelligent & Robotic Systems,Mehmetcan Kaymaz; Recep Ayzit; Onur Akgün; Kamil Canberk Atik; Mustafa Erdem; Baris Yalcin; Gürkan Cetin; Nazım Kemal Ure,10.1007/s10846-024-02085-4,,https://doi.org/10.1007/s10846-024-02085-4,crossref,robot planning without learning,anti_myopia,anti_thesis,,2,motion planning; robot planning without learning,2026-06-12T15:07:36Z,19.949,23.949
doi:10.1109/hri.2013.6483611,The inversion effect in HRI: Are robots perceived more like humans or objects?,"The inversion effect describes a phenomenon in which certain types of images are harder to recognize when they are presented upside down compared to when they are shown upright. Images of human faces and bodies suffer from the inversion effect whereas images of objects do not. The effect may be caused by the configural processing of faces and body postures, which is dependent on the perception of spatial relations between different parts of the stimuli. We investigated if the inversion effect applies to images of robots in the hope of using it as a measurement tool for robot's anthropomorphism. The results suggest that robots, similarly to humans, are subject to the inversion effect. Furthermore, there is a significant, but weak linear relationship between the recognition accuracy and perceived anthropomorphism. The small variance explained by the inversion effect renders this test infer",2013,2013 8th ACM/IEEE International Conference on Human-Robot Interaction (HRI),Jakub Złotowski; Christoph Bartneck,10.1109/hri.2013.6483611,,https://doi.org/10.1109/hri.2013.6483611,openalex,robotics,concept,openalex_bulk_robotics,,21,,2026-06-12T18:57:17Z,19.946,19.946
doi:10.1109/jiot.2022.3219627,Hybrid Motion Model for Multiple Object Tracking in Mobile Devices,"For an intelligent transportation system, multiple object tracking (MOT) is more challenging from the traditional static surveillance camera to mobile devices of the Internet of Things (IoT). To cope with this problem, previous works always rely on additional information from multivision, various sensors, or precalibration. Only based on a monocular camera, we propose a hybrid motion model to improve the tracking accuracy in mobile devices. First, the model evaluates camera motion hypotheses by measuring optical flow similarity and transition smoothness to perform robust camera trajectory estimation. Second, along the camera trajectory, smooth dynamic projection is used to map objects from image to world coordinate. Third, to deal with trajectory motion inconsistency, which is caused by occlusion and interaction of long time interval, tracklet motion is described by the multimode motion ",2022,IEEE Internet of Things Journal,Yubin Wu; Hao Sheng; Yang Zhang; Shuai Wang; Zhang Xiong; Wei Ke,10.1109/jiot.2022.3219627,,https://doi.org/10.1109/jiot.2022.3219627,openalex,energy based model robot learning,concept,ebm,,68,benchmark; occlusion,2026-06-12T18:26:24Z,19.917,20.917
doi:10.1068/p7688,Perception of Animacy from the Motion of a Single Sound Object,"Research in the visual modality has shown that the presence of certain dynamics in the motion of an object has a strong effect on whether or not the entity is perceived as animate. Cues for animacy are, among others, self-propelled motion and direction changes that are seemingly not caused by entities external to, or in direct contact with, the moving object. The present study aimed to extend this research into the auditory domain by determining if similar dynamics could influence the perceived animacy of a sound source. In two experiments, participants were presented with single, synthetically generated ‘mosquito’ sounds moving along trajectories in space, and asked to rate how certain they were that each sound-emitting entity was alive. At a random point on a linear motion trajectory, the sound source would deviate from its initial path and speed. Results confirm findings from the visu",2015,Perception,Rasmus Høll Nielsen; Peter Vuust; Mikkel Wallentin,10.1068/p7688,,https://doi.org/10.1068/p7688,crossref,Gaussian splatting robot perception deformable object manipulation,concept,architecture_x_embodiment,,11,Gaussian splatting robot perception; deformable object manipulation,2026-06-12T15:07:36Z,19.892,19.892
doi:10.1109/lra.2025.3553046,Semantically Safe Robot Manipulation: From Semantic Scene Understanding to Motion Safeguards,,2025,IEEE Robotics and Automation Letters,Lukas Brunke; Yanni Zhang; Ralf Römer; Jack Naimer; Nikola Staykov; Siqi Zhou; Angela P. Schoellig,10.1109/lra.2025.3553046,,https://doi.org/10.1109/lra.2025.3553046,crossref,robot world models manipulation,concept,world_models,,12,robot world model; robot manipulation,2026-06-12T15:07:36Z,19.882,19.882
doi:10.1145/3470847,Tailored Reality: Perception-aware Scene Restructuring for Adaptive VR Navigation,"In virtual reality (VR), the virtual scenes are pre-designed by creators. Our physical surroundings, however, comprise significantly varied sizes, layouts, and components. To bridge the gap and further enable natural navigation, recent solutions have been proposed to redirect users or recreate the virtual content. However, they suffer from either interrupted experience or distorted appearances. We present a novel VR-oriented algorithm that automatically restructures a given virtual scene for a user’s physical environment. Different from the previous methods, we introduce neither interrupted walking experience nor curved appearances. Instead, a perception-aware function optimizes our retargeting technique to preserve the fidelity of the virtual scene that appears in VR head-mounted displays. Besides geometric and topological properties, it emphasizes the unique first-person view perceptua",2021,ACM Transactions on Graphics,Zhi-Chao Dong; Wenming Wu; Zenghao Xu; Qi Sun; Guanjie Yuan; Ligang Liu; Xiao-Ming Fu,10.1145/3470847,,https://doi.org/10.1145/3470847,crossref,scene graph robot learning,concept,architecture,,24,scene graph robot learning,2026-06-12T15:07:36Z,19.809,19.809
doi:10.1002/rob.22535,Flow Memory Effect on Open‐Frame Remotely Operated Vehicle Motion,"ABSTRACT The flow memory effect is a kind of viscous force caused by acceleration between continuous phases and underwater vehicles and the development of the boundary layer near the interfacial surface. This paper establishes a 6‐degrees‐of‐freedom unsteady equation of motion describing the flow memory effect on viscous hydrodynamic loads. Motion simulations based on the unsteady and steady equations of motion for a work‐class open‐frame remotely operated vehicle are studied. Comparative studies show that the flow memory effect decreases the roll amplitude by over 50% at the natural frequency and has a greater impact on the motions in directions without control forces. The flow memory increases the lateral distance of rotation motions by over 10%. Under the flow memory effect, velocity fluctuations that persist over 2–5 times the length of the remotely operated vehicle are induced after",2025,Journal of Field Robotics,Ruinan Guo; Yingfei Zan; Wenzhi Fu; Chenlei Cao; Duanfeng Han; Nan Sun,10.1002/rob.22535,,https://doi.org/10.1002/rob.22535,crossref,neural radiance field robotics,concept,architecture,,4,neural radiance field robotics,2026-06-12T15:07:36Z,19.805,19.805
doi:10.1007/s40313-022-00915-0,Manipulation Task Planning and Motion Control Using Task Relaxations,"Abstract This paper proposes a robotic manipulation task relaxation method applied to a task and motion planning framework adapted from the literature. The task relaxation method consists of defining regions of interest instead of defining the end-effector pose, which can potentially increase the robot’s redundancy with respect to the manipulation task. Tasks are relaxed by controlling the end-effector distance to a target plane while respecting suitable constraints in the task-space. We formulate the problem as a constrained control problem that enforces both equality and inequality constraints while being reactive to changes in the workspace. We evaluate the adapted framework in a simulated pick-and-place task with similar complexity to the one evaluated in the original framework. The number of plan nodes that our framework generates is 54% smaller than the one in the original framewor",2022,"Journal of Control, Automation and Electrical Systems",Marcos S. Pereira; Bruno V. Adorno,10.1007/s40313-022-00915-0,,https://doi.org/10.1007/s40313-022-00915-0,crossref,task and motion planning robotics,anti_myopia,classic,,4,motion planning; task and motion planning,2026-06-12T15:07:36Z,19.805,23.805
doi:10.1007/s12369-022-00926-6,Age-Related Differences in the Perception of Robotic Referential Gaze in Human-Robot Interaction,"Abstract There is an increased interest in using social robots to assist older adults during their daily life activities. As social robots are designed to interact with older users, it becomes relevant to study these interactions under the lens of social cognition. Gaze following, the social ability to infer where other people are looking at, deteriorates with older age. Therefore, the referential gaze from robots might not be an effective social cue to indicate spatial locations to older users. In this study, we explored the performance of older adults, middle-aged adults, and younger controls in a task assisted by the referential gaze of a Pepper robot. We examined age-related differences in task performance, and in self-reported social perception of the robot. Our main findings show that referential gaze from a robot benefited task performance, although the magnitude of this facilitat",2024,International Journal of Social Robotics,Lucas Morillo-Mendez; Martien G. S. Schrooten; Amy Loutfi; Oscar Martinez Mozos,10.1007/s12369-022-00926-6,,https://doi.org/10.1007/s12369-022-00926-6,crossref,Gaussian splatting robot perception,concept,architecture,,14,Gaussian splatting robot perception; human robot interaction,2026-06-12T15:07:36Z,19.804,19.804
doi:10.3390/s19051166,PMK—A Knowledge Processing Framework for Autonomous Robotics Perception and Manipulation,"Autonomous indoor service robots are supposed to accomplish tasks, like serve a cup, which involve manipulation actions. Particularly, for complex manipulation tasks which are subject to geometric constraints, spatial information and a rich semantic knowledge about objects, types, and functionality are required, together with the way in which these objects can be manipulated. In this line, this paper presents an ontological-based reasoning framework called Perception and Manipulation Knowledge (PMK) that includes: (1) the modeling of the environment in a standardized way to provide common vocabularies for information exchange in human-robot or robot-robot collaboration, (2) a sensory module to perceive the objects in the environment and assert the ontological knowledge, (3) an evaluation-based analysis of the situation of the objects in the environment, in order to enhance the planning o",2019,Sensors,Mohammed Diab; Aliakbar Akbari; Muhayy Ud Din; Jan Rosell,10.3390/s19051166,,https://doi.org/10.3390/s19051166,crossref,physical reasoning robotics manipulation,concept,physical_reasoning,,54,,2026-06-12T15:07:36Z,19.804,20.804
arxiv:2509.10444v1,Coordinated Motion Planning of a Wearable Multi-Limb System for Enhanced Human-Robot Interaction,"Supernumerary Robotic Limbs (SRLs) can enhance human capability within close proximity. However, as a wearable device, the generated moment from its operation acts on the human body as an external torque. When the moments increase, more muscle units are activated for balancing, and it can result in reduced muscular null space. Therefore, this paper suggests a concept of a motion planning layer that reduces the generated moment for enhanced Human-Robot Interaction. It modifies given trajectories with desirable angular acceleration and position deviation limits. Its performance to reduce the moment is demonstrated through the simulation, which uses simplified human and robotic system models.",2025,arXiv,Chaerim Moon; Joohyung Kim,,2509.10444v1,http://arxiv.org/abs/2509.10444v1,arxiv,task and motion planning robotics,anti_myopia,classic,,,motion planning; task and motion planning; human robot interaction,2026-06-12T15:07:36Z,19.800,23.800
doi:10.3389/frobt.2021.714023,Hand-Object Interaction: From Human Demonstrations to Robot Manipulation,"Human-object interaction is of great relevance for robots to operate in human environments. However, state-of-the-art robotic hands are far from replicating humans skills. It is, therefore, essential to study how humans use their hands to develop similar robotic capabilities. This article presents a deep dive into hand-object interaction and human demonstrations, highlighting the main challenges in this research area and suggesting desirable future developments. To this extent, the article presents a general definition of the hand-object interaction problem together with a concise review for each of the main subproblems involved, namely: sensing, perception, and learning. Furthermore, the article discusses the interplay between these subproblems and describes how their interaction in learning from demonstration contributes to the success of robot manipulation. In this way, the article pr",2021,Frontiers in Robotics and AI,Alessandro Carfì; Timothy Patten; Yingyi Kuang; Ali Hammoud; Mohamad Alameh; Elisa Maiettini; Abraham Itzhak Weinberg; Diego Faria; Fulvio Mastrogiovanni; Guillem Alenyà; Lorenzo Natale; Véronique Perdereau; Markus Vincze; Aude Billard,10.3389/frobt.2021.714023,,https://doi.org/10.3389/frobt.2021.714023,crossref,learning robot manipulation from human video,concept,human_data,,22,robot manipulation; human demonstration,2026-06-12T14:45:03Z,19.768,19.768
doi:10.1109/mra.2023.3270222,Collaborative Bimanual Manipulation Using Optimal Motion Adaptation and Interaction Control: Retargeting Human Commands to Feasible Robot Control References,,2024,IEEE Robotics & Automation Magazine,Ruoshi Wen; Quentin Rouxel; Michael Mistry; Zhibin Li; Carlo Tiseo,10.1109/mra.2023.3270222,,https://doi.org/10.1109/mra.2023.3270222,crossref,robot world models manipulation,concept,world_models,,14,robot world model; bimanual manipulation,2026-06-12T15:07:36Z,19.754,19.754
doi:10.1038/s41467-025-58880-6,An interpretable approach to estimate the self-motion in fish-like robots using mode decomposition analysis,"The artificial lateral line system, composed of velocity and pressure sensors, is the sensing system for fish-like robots by mimicking the lateral line system of aquatic organisms. However, accurately estimating the self-motion of the fish-like robot remains challenging due to the complex flow field generated by its movement. In this study, we employ the mode decomposition method to estimate the motion states based on artificial lateral lines for the fish-like robot. We find that primary decomposed modes are strongly correlated with the velocity components and can be interpreted through Lighthill's theoretical pressure model. Moreover, our decomposition analysis indicates the redundancy of the sensor array design, which is verified by further synthetic analysis and explained by flow visualization. Finally, we demonstrate the generalizability of our method by accurately estimating the sel",2025,Nature Communications,Yufan Zhai; Xingwen Zheng; Li-Ming Chao; Shikun Li; Minglei Xiong; Yongxia Jia; Liang Li; Guangming Xie,10.1038/s41467-025-58880-6,,https://doi.org/10.1038/s41467-025-58880-6,openalex,energy based model robot learning,concept,ebm,,14,,2026-06-12T18:26:24Z,19.754,19.754
doi:10.1609/aaai.v38i3.27979,Hand-Centric Motion Refinement for 3D Hand-Object Interaction via Hierarchical Spatial-Temporal Modeling,"Hands are the main medium when people interact with the world. Generating proper 3D motion for hand-object interaction is vital for applications such as virtual reality and robotics. Although grasp tracking or object manipulation synthesis can produce coarse hand motion, this kind of motion is inevitably noisy and full of jitter. To address this problem, we propose a data-driven method for coarse motion refinement. First, we design a hand-centric representation to describe the dynamic spatial-temporal relation between hands and objects. Compared to the object-centric representation, our hand-centric representation is straightforward and does not require an ambiguous projection process that converts object-based prediction into hand motion. Second, to capture the dynamic clues of hand-object interaction, we propose a new architecture that models the spatial and temporal structure in a hie",2024,Proceedings of the AAAI Conference on Artificial Intelligence,Yuze Hao; Jianrong Zhang; Tao Zhuo; Fuan Wen; Hehe Fan,10.1609/aaai.v38i3.27979,,https://doi.org/10.1609/aaai.v38i3.27979,crossref,object centric world model,concept,architecture,,5,object centric world model,2026-06-12T15:07:36Z,19.696,19.696
doi:10.5772/60077,Motion-Based Gesture Recognition Algorithms for Robot Manipulation,"The prevailing trend of integrating inertial sensors in consumer electronics devices has inspired research on new forms of human-computer interaction utilizing hand gestures, which may be set-up on mobile devices themselves. At present, motion gesture recognition is intensely studied, with various recognition techniques being employed and tested. This paper provides an in-depth, unbiased comparison of different algorithms used to recognize gestures based primarily on the single 3D accelerometer recordings. The study takes two of the most popular and arguably the best recognition methods currently in use - dynamic time warping and hidden Markov model - and sets them against a relatively novel approach founded on distance metric learning. The three selected algorithms are evaluated in terms of their overall performance, accuracy, training time, execution time and storage efficacy. The opti",2015,International Journal of Advanced Robotic Systems,Tea Marasović; Vladan Papić; Jadranka Marasović,10.5772/60077,,https://doi.org/10.5772/60077,crossref,robot world models manipulation,concept,world_models,,3,robot world model; robot manipulation,2026-06-12T15:07:36Z,19.693,19.693
doi:10.1038/s44182-024-00012-1,High-speed aerial grasping using a soft drone with onboard perception,"Abstract Contrary to the stunning feats observed in birds of prey, aerial manipulation and grasping with flying robots still lack versatility and agility. Conventional approaches using rigid manipulators require precise positioning and are subject to large reaction forces at grasp, which limit performance at high speeds. The few reported examples of high-speed aerial grasping rely on motion capture systems, or fail to generalize across environments and grasp targets. We describe the first example of a soft aerial manipulator equipped with a fully onboard perception pipeline, capable of robustly localizing and grasping visually and morphologically varied objects. The proposed system features a novel passively closed tendon-actuated soft gripper that enables fast closure at grasp, while compensating for position errors, complying to the target-object morphology, and dampening reaction forc",2024,npj Robotics,Samuel Ubellacker; Aaron Ray; James M. Bern; Jared Strader; Luca Carlone,10.1038/s44182-024-00012-1,,https://doi.org/10.1038/s44182-024-00012-1,crossref,Gaussian splatting robot perception,concept,architecture,,20,Gaussian splatting robot perception,2026-06-12T15:07:36Z,19.672,19.672
doi:10.1126/scirobotics.adt1497,A review of learning-based dynamics models for robotic manipulation,"Dynamics models that predict the effects of physical interactions are essential for planning and control in robotic manipulation. Although models based on physical principles often generalize well, they typically require full-state information, which can be difficult or impossible to extract from perception data in complex, real-world scenarios. Learning-based dynamics models provide an alternative by deriving state transition functions purely from perceived interaction data, enabling the capture of complex, hard-to-model factors and predictive uncertainty and accelerating simulations that are often too slow for real-time control. Recent successes in this field have demonstrated notable advancements in robot capabilities, including long-horizon manipulation of deformable objects, granular materials, and complex multiobject interactions such as stowing and packing. A crucial aspect of the",2025,Science Robotics,Bo Ai; Stephen Tian; Haochen Shi; Yixuan Wang; Tobias Pfaff; Cheston Tan; Henrik I. Christensen; Hao Su; Jiajun Wu; Yunzhu Li,10.1126/scirobotics.adt1497,,https://doi.org/10.1126/scirobotics.adt1497,crossref,robot world models manipulation,concept,world_models,,13,robot world model; state estimation; long horizon,2026-06-12T14:45:03Z,19.670,21.670
doi:10.48550/arxiv.2401.03641,DME-Driver: Integrating Human Decision Logic and 3D Scene Perception in Autonomous Driving,"In the field of autonomous driving, two important features of autonomous driving car systems are the explainability of decision logic and the accuracy of environmental perception. This paper introduces DME-Driver, a new autonomous driving system that enhances the performance and reliability of autonomous driving system. DME-Driver utilizes a powerful vision language model as the decision-maker and a planning-oriented perception model as the control signal generator. To ensure explainable and reliable driving decisions, the logical decision-maker is constructed based on a large vision language model. This model follows the logic employed by experienced human drivers and makes decisions in a similar manner. On the other hand, the generation of accurate control signals relies on precise and detailed environmental perception, which is where 3D scene perception models excel. Therefore, a plan",2024,arXiv (Cornell University),Wencheng Han; Dongqian Guo; Chengzhong Xu; Jianbing Shen,10.48550/arxiv.2401.03641,,https://doi.org/10.48550/arxiv.2401.03641,openalex,energy based transformer robot policy,concept,ebm_transformer,,4,energy based transformer robot policy,2026-06-12T18:05:07Z,19.655,19.655
doi:10.1609/aaai.v38i7.28603,SAMFlow: Eliminating Any Fragmentation in Optical Flow with Segment Anything Model,"Optical Flow Estimation aims to find the 2D dense motion field between two frames. Due to the limitation of model structures and training datasets, existing methods often rely too much on local clues and ignore the integrity of objects, resulting in fragmented motion estimation. Through theoretical analysis, we find the pre-trained large vision models are helpful in optical flow estimation, and we notice that the recently famous Segment Anything Model (SAM) demonstrates a strong ability to segment complete objects, which is suitable for solving the fragmentation problem. We thus propose a solution to embed the frozen SAM image encoder into FlowFormer to enhance object perception. To address the challenge of in-depth utilizing SAM in non-segmentation tasks like optical flow estimation, we propose an Optical Flow Task-Specific Adaption scheme, including a Context Fusion Module to fuse the ",2024,Proceedings of the AAAI Conference on Artificial Intelligence,Shili Zhou; Ruian He; Weimin Tan; Bo Yan,10.1609/aaai.v38i7.28603,,https://doi.org/10.1609/aaai.v38i7.28603,openalex,energy based transformer robot policy,concept,ebm_transformer,,16,energy based transformer robot policy; limitation; benchmark,2026-06-12T18:05:07Z,19.617,21.617
doi:10.1186/s12984-020-00680-8,Exploiting upper-limb functional principal components for human-like motion generation of anthropomorphic robots,"BACKGROUND: Human-likeliness of robot movements is a key component to enable a safe and effective human-robot interaction, since it contributes to increase acceptance and motion predictability of robots that have to closely interact with people, e.g. for assistance and rehabilitation purposes. Several parameters have been used to quantify how much a robot behaves like a human, which encompass aspects related to both the robot appearance and motion. The latter point is fundamental to allow the operator to interpret robotic actions, and plan a meaningful reactions. While different approaches have been presented in literature, which aim at devising bio-aware control guidelines, a direct implementation of human actions for robot planning is not straightforward, still representing an open issue in robotics. METHODS: We propose to embed a synergistic representation of human movements for robot",2020,Journal of NeuroEngineering and Rehabilitation,Giuseppe Averta; Cosimo Della Santina; Gaetano Valenza; Antonio Bicchi; Matteo Bianchi,10.1186/s12984-020-00680-8,,https://doi.org/10.1186/s12984-020-00680-8,openalex,robotics,concept,openalex_bulk_robotics,,45,human robot interaction,2026-06-12T18:57:17Z,19.614,19.614
doi:10.1146/annurev-control-042920-010933,Contact and Physical Interaction,"This article reviews approaches to controlling robots undergoing physical contact and dynamic interaction with objects in the world. Conventional motion control is compared with a hybrid combination of position and force control. Several challenges are reviewed, most importantly the problems of instability: dynamic instability due to coupling, and static instability due to exerting force. Energetically passive interactive dynamics addresses the former; a minimum stiffness proportional to the force exerted addresses the latter. Actuators, which dominate the robot's interactive dynamics, are briefly surveyed, including series elastic, variable-stiffness, and emerging designs. A comparison with human performance is made. A bioinspired approach to controlling interactive dynamics (mechanical impedance or admittance) is reviewed. Robot configuration profoundly modulates apparent inertia, wher",2022,"Annual Review of Control, Robotics, and Autonomous Systems",Neville Hogan,10.1146/annurev-control-042920-010933,,https://doi.org/10.1146/annurev-control-042920-010933,crossref,contact dynamics robot learning,concept,contact,,40,contact dynamics; force control,2026-06-12T15:07:36Z,19.607,19.607
doi:10.1109/cvpr52734.2025.00670,HSI-GPT: A General-Purpose Large Scene-Motion-Language Model for Human Scene Interaction,,2025,2025 IEEE/CVF Conference on Computer Vision and Pattern Recognition (CVPR),Yuan Wang; Yali Li; Xiang Li; Shengjin Wang,10.1109/cvpr52734.2025.00670,,https://doi.org/10.1109/cvpr52734.2025.00670,crossref,vision language action model limitation robotics,hostile,failure,,,vision language action model; limitation,2026-06-12T15:07:36Z,19.600,24.600
doi:10.1121/1.5067952,Effects of spatiotemporal manipulation of audiovisual speech on the perception of prosodic structure,"Work in audiovisual speech processing (AVSP) has established that the availability of visual speech signals can influence auditory perception by improving the intelligibility of speech in noise (Sumby and Pollack, 1954). However, exactly which aspects of visible signals are most responsible for this enhancement remains an open question, although convergent evidence along several lines suggests that visible information may reflect a common articulatory-acoustic temporal signature, and that the multi-modal availability of this temporal signature is at the root of this effect. We evaluated this hypothesis in a perceptual study using simple talking face animations whose motion is driven by a signal derived from the collective motion of perioral structures of an actual talker. We applied spatial and temporal manipulations to the structure of this driving signal using a biologically plausible ",2018,The Journal of the Acoustical Society of America,Robert Fuhrman,10.1121/1.5067952,,https://doi.org/10.1121/1.5067952,crossref,Gaussian splatting robot perception bimanual manipulation,concept,architecture_x_embodiment,,,Gaussian splatting robot perception; bimanual manipulation,2026-06-12T15:07:36Z,19.600,19.600
doi:10.48550/arxiv.2011.01968,Learning 3D Dynamic Scene Representations for Robot Manipulation,"3D scene representation for robot manipulation should capture three key object properties: permanency -- objects that become occluded over time continue to exist; amodal completeness -- objects have 3D occupancy, even if only partial observations are available; spatiotemporal continuity -- the movement of each object is continuous over space and time. In this paper, we introduce 3D Dynamic Scene Representation (DSR), a 3D volumetric scene representation that simultaneously discovers, tracks, reconstructs objects, and predicts their dynamics while capturing all three properties. We further propose DSR-Net, which learns to aggregate visual observations over multiple interactions to gradually build and refine DSR. Our model achieves state-of-the-art performance in modeling 3D scene dynamics with DSR on both simulated and real data. Combined with model predictive control, DSR-Net enables acc",2020,arXiv (Cornell University),Zhenjia Xu; Zhanpeng He; Jiajun Wu; Shuran Song,10.48550/arxiv.2011.01968,,https://doi.org/10.48550/arxiv.2011.01968,openalex,robotics,concept,openalex_bulk_robotics,,21,robot manipulation; model predictive control,2026-06-12T18:57:17Z,19.596,20.596
doi:10.1038/s41467-019-10549-7,Multi-functional soft-bodied jellyfish-like swimming,"The functionalities of the untethered miniature swimming robots significantly decrease as the robot size becomes smaller, due to limitations of feasible miniaturized on-board components. Here we propose an untethered jellyfish-inspired soft millirobot that could realize multiple functionalities in moderate Reynolds number by producing diverse controlled fluidic flows around its body using its magnetic composite elastomer lappets, which are actuated by an external oscillating magnetic field. We particularly investigate the interaction between the robot's soft body and incurred fluidic flows due to the robot's body motion, and utilize such physical interaction to achieve different predation-inspired object manipulation tasks. The proposed lappet kinematics can inspire other existing jellyfish-like robots to achieve similar functionalities at the same length and time scale. Moreover, the ro",2019,Nature Communications,Ziyu Ren; Wenqi Hu; Xiaoguang Dong; Metin Sitti,10.1038/s41467-019-10549-7,,https://doi.org/10.1038/s41467-019-10549-7,openalex,robotics,concept,openalex_bulk_robotics,,573,limitation,2026-06-12T18:57:17Z,19.550,20.550
doi:10.3390/robotics14070096,Development of a Multifunctional Mobile Manipulation Robot Based on Hierarchical Motion Planning Strategy and Hybrid Grasping,"A mobile manipulation robot combines the navigation capability of unmanned ground vehicles and manipulation advantage of robotic arms. However, the development of a mobile manipulation robot is challenging due to the integration requirement of numerous heterogeneous subsystems. In this paper, we propose a multifunctional mobile manipulation robot by integrating perception, mapping, navigation, object detection, and grasping functions into a seamless workflow to conduct search-and-fetch tasks. To realize navigation and collision avoidance in complex environments, a new hierarchical motion planning strategy is proposed by fusing global and local planners. Control Lyapunov Function (CLF) and Control Barrier Function (CBF) are employed to realize path tracking and to guarantee safety during navigation. The convolutional neural network and the gripper’s kinematic constraints are adopted to co",2025,Robotics,Yuning Cao; Xianli Wang; Zehao Wu; Qingsong Xu,10.3390/robotics14070096,,https://doi.org/10.3390/robotics14070096,crossref,physical reasoning robotics manipulation,concept,physical_reasoning,,2,mobile manipulation; control barrier function; motion planning,2026-06-12T14:45:03Z,19.549,20.549
doi:10.1177/02783649251343926,Caging in time: A framework for robust object manipulation under uncertainties and limited robot perception,"Real-world object manipulation has been commonly challenged by physical uncertainties and perception limitations. Being an effective strategy, while caging configuration-based manipulation frameworks have successfully provided robust solutions, they are not broadly applicable due to their strict requirements on the availability of multiple robots, widely distributed contacts, or specific geometries of robots or objects. Building upon previous sensorless manipulation ideas and uncertainty handling approaches, this work proposes a novel framework termed Caging in Time to allow caging configurations to be formed even with one robot engaged in a task. This concept leverages the insight that while caging requires constraining the object’s motion, only part of the cage actively contacts the object at any moment. As such, by strategically switching the end-effector configuration and collapsing ",2025,The International Journal of Robotics Research,Gaotian Wang; Kejia Ren; Andrew S. Morgan; Kaiyu Hang,10.1177/02783649251343926,,https://doi.org/10.1177/02783649251343926,crossref,robot world models manipulation,concept,world_models,,2,robot world model; limitation,2026-06-12T15:07:36Z,19.549,22.549
doi:10.1109/icra46639.2022.9811817,Semantically Grounded Object Matching for Robust Robotic Scene Rearrangement,"Object rearrangement has recently emerged as a key competency in robot manipulation, with practical solutions generally involving object detection, recognition, grasping and high-level planning. Goal-images describing a desired scene configuration are a promising and increasingly used mode of instruction. A key outstanding challenge is the accurate inference of matches between objects in front of a robot, and those seen in a provided goal image, where recent works have struggled in the absence of object-specific training data. In this work, we explore the deterioration of existing methods' ability to infer matches between objects as the visual shift between observed and goal scenes increases. We find that a fundamental limitation of the current setting is that source and target images must contain the same instance of every object, which restricts practical deployment. We present a novel",2022,2022 International Conference on Robotics and Automation (ICRA),Walter Goodwin; Sagar Vaze; Ioannis Havoutis; Ingmar Posner,10.1109/icra46639.2022.9811817,,https://doi.org/10.1109/icra46639.2022.9811817,openalex,robotics,concept,openalex_bulk_robotics,,32,robot manipulation; limitation; deployment,2026-06-12T18:57:17Z,19.548,21.548
doi:10.1007/s40747-021-00632-2,Motion intensity modeling and trajectory control of upper limb rehabilitation exoskeleton robot based on multi-modal information,"Abstract The motion intensity of patient is significant for the trajectory control of exoskeleton robot during rehabilitation, as it may have important influence on training effect and human–robot interaction. To design rehabilitation training task according to situation of patients, a novel control method of rehabilitation exoskeleton robot is designed based on motion intensity perception model. The motion signal of robot and the heart rate signal of patient are collected and fused into multi-modal information as the input layer vector of deep learning framework, which is used for the human–robot interaction model of control system. A 6-degree of freedom (DOF) upper limb rehabilitation exoskeleton robot is designed previously to implement the test. The parameters of the model are iteratively optimized by grouping the experimental data, and identification effect of the model is analyzed ",2022,Complex & Intelligent Systems,WenDong Wang; JunBo Zhang; Xin Wang; XiaoQing Yuan; Peng Zhang,10.1007/s40747-021-00632-2,,https://doi.org/10.1007/s40747-021-00632-2,crossref,trajectory transformer robot control,concept,transformers,,32,trajectory transformer; human robot interaction,2026-06-12T15:07:36Z,19.498,19.498
doi:10.3390/s19132844,Visual and Thermal Image Processing for Facial Specific Landmark Detection to Infer Emotions in a Child-Robot Interaction,"Child-Robot Interaction (CRI) has become increasingly addressed in research and applications. This work proposes a system for emotion recognition in children, recording facial images by both visual (RGB-red, green and blue) and Infrared Thermal Imaging (IRTI) cameras. For this purpose, the Viola-Jones algorithm is used on color images to detect facial regions of interest (ROIs), which are transferred to the thermal camera plane by multiplying a homography matrix obtained through the calibration process of the camera system. As a novelty, we propose to compute the error probability for each ROI located over thermal images, using a reference frame manually marked by a trained expert, in order to choose that ROI better placed according to the expert criteria. Then, this selected ROI is used to relocate the other ROIs, increasing the concordance with respect to the reference manual annotatio",2019,Sensors,Christiane Goulart; Carlos Valadão; Denis Delisle-Rodríguez; Douglas Funayama; Alvaro Favarato; Guilherme Baldo; Vinícius Binotte; Eliete Caldeira; Teodiano Bastos-Filho,10.3390/s19132844,,https://doi.org/10.3390/s19132844,openalex,robotics,concept,openalex_bulk_robotics,,53,,2026-06-12T18:57:17Z,19.494,19.494
doi:10.1609/aaai.v38i8.28724,Multimodal Event Causality Reasoning with Scene Graph Enhanced Interaction Network,"Multimodal event causality reasoning aims to recognize the causal relations based on the given events and accompanying image pairs, requiring the model to have a comprehensive grasp of visual and textual information. However, existing studies fail to effectively model the relations of the objects within the image and capture the object interactions across the image pair, resulting in an insufficient understanding of visual information by the model. To address these issues, we propose a Scene Graph Enhanced Interaction Network (SEIN) in this paper, which can leverage the interactions of the generated scene graph for multimodal event causality reasoning. Specifically, the proposed method adopts a graph convolutional network to model the objects and their relations derived from the scene graph structure, empowering the model to exploit the rich structural and semantic information in the ima",2024,Proceedings of the AAAI Conference on Artificial Intelligence,Jintao Liu; Kaiwen Wei; Chenglong Liu,10.1609/aaai.v38i8.28724,,https://doi.org/10.1609/aaai.v38i8.28724,crossref,scene graph robot learning,concept,architecture,,3,scene graph robot learning,2026-06-12T15:07:36Z,19.493,20.493
doi:10.3390/virtualworlds3010005,"Comparing and Contrasting Near-Field, Object Space, and a Novel Hybrid Interaction Technique for Distant Object Manipulation in VR","In this contribution, we propose a hybrid interaction technique that integrates near-field and object-space interaction techniques for manipulating objects at a distance in virtual reality (VR). The objective of the hybrid interaction technique was to seamlessly leverage the strengths of both the near-field and object-space manipulation techniques. We employed bimanual near-field metaphor with scaled replica (BMSR) as our near-field interaction technique, which enabled us to perform multilevel degrees-of-freedom (DoF) separation transformations, such as 1~3DoF translation, 1~3DoF uniform and anchored scaling, 1DoF and 3DoF rotation, and 6DoF simultaneous translation and rotation, with enhanced depth perception and fine motor control provided by near-field manipulation techniques. The object-space interaction technique we utilized was the classic Scaled HOMER, which is known to be effecti",2024,Virtual Worlds,Wei-An Hsieh; Hsin-Yi Chien; David Brickler; Sabarish V. Babu; Jung-Hong Chuang,10.3390/virtualworlds3010005,,https://doi.org/10.3390/virtualworlds3010005,crossref,deformable object manipulation robot learning,concept,deformable,,3,deformable object manipulation,2026-06-12T15:07:36Z,19.493,20.493
doi:10.1177/02783649241257537,ASIMO: Agent-centric scene representation in multi-object manipulation,"Vision-based reinforcement learning (RL) is a generalizable way to control an agent because it is agnostic of specific hardware configurations. As visual observations are highly entangled, attempts for vision-based RL rely on scene representation that discerns individual entities and establishes intuitive physics to constitute the world model. However, most existing works on scene representation learning cannot successfully be deployed to train an RL agent, as they are often highly unstable and fail to sustain for a long enough temporal horizon. We propose ASIMO, a fully unsupervised scene decomposition to perform interaction-rich tasks with a vision-based RL agent. ASIMO decomposes agent-object interaction videos of episodic-length into the agent, objects, and background, predicting their long-term interactions. Further, we explicitly model possible occlusion in the image observations a",2025,The International Journal of Robotics Research,Cheol-Hui Min; Young Min Kim,10.1177/02783649241257537,,https://doi.org/10.1177/02783649241257537,crossref,physical reasoning robotics manipulation,concept,physical_reasoning,,4,occlusion,2026-06-12T15:07:36Z,19.455,19.455
arxiv:2312.00583v2,DeformGS: Scene Flow in Highly Deformable Scenes for Deformable Object Manipulation,"Teaching robots to fold, drape, or reposition deformable objects such as cloth will unlock a variety of automation applications. While remarkable progress has been made for rigid object manipulation, manipulating deformable objects poses unique challenges, including frequent occlusions, infinite-dimensional state spaces and complex dynamics. Just as object pose estimation and tracking have aided robots for rigid manipulation, dense 3D tracking (scene flow) of highly deformable objects will enable new applications in robotics while aiding existing approaches, such as imitation learning or creating digital twins with real2sim transfer. We propose DeformGS, an approach to recover scene flow in highly deformable scenes, using simultaneous video captures of a dynamic scene from multiple cameras. DeformGS builds on recent advances in Gaussian splatting, a method that learns the properties of a",2023,arXiv,Bardienus P. Duisterhof; Zhao Mandi; Yunchao Yao; Jia-Wei Liu; Jenny Seidenschwarz; Mike Zheng Shou; Deva Ramanan; Shuran Song; Stan Birchfield; Bowen Wen; Jeffrey Ichnowski,,2312.00583v2,http://arxiv.org/abs/2312.00583v2,arxiv,deformable object manipulation robot learning,concept,deformable,,,deformable object manipulation; imitation learning; occlusion,2026-06-12T15:07:36Z,19.450,19.450
doi:10.1049/iet-cvi.2018.5556,Motion boundary emphasised optical flow method for human action recognition,"This study proposes a three‐stream model using two different types of deep convolutional neural networks (CNNs): (i) a spatial stream with a CNN on images; (ii) a ResNet (residual network) on optical flows; and, (iii) a ResNet on the concatenation of motion features. This model is applied to four datasets: (i) UCF Sports; (ii) Youtube Sports; (iii) SBU action interaction; and (iv) a subset of the UCF‐1M Sports. Using two optical flow estimation methods: (i) a motion boundary emphasised Epicflow (Edge Preserving Interpolation Correspondences for Optical Flow) method, (MBEpicflow); and (ii) the Flownet 2 method, a learning optical flow estimation method. It was found that (i) the proposed MBEpicflow outperforms the Flownet 2 method on the SBU dataset, while the Flownet 2 performs equally well or better than the MBEpicflow method on the other three datasets, and these results are the best w",2020,IET Computer Vision,Cheng Peng; Haozhi Huang; Ah‐Chung Tsoi; Sio‐Long Lo; Yun Liu; Zi‐yi Yang,10.1049/iet-cvi.2018.5556,,https://doi.org/10.1049/iet-cvi.2018.5556,crossref,vision language action model,concept,architecture,,16,vision language action model,2026-06-12T15:07:36Z,19.417,19.417
doi:10.1089/soro.2021.0104,Electroactive Polymer-Based Soft Actuator with Integrated Functions of Multi-Degree-of-Freedom Motion and Perception,"Soft actuators have received extensive attention in the fields of soft robotics, biomedicine, and intelligence systems owing to their advantages of pliancy, silence, and essential safety. However, most existing soft actuators have only single actuation elements and lack sensing. Therefore, it is difficult for them to perform complex motions with multiple degrees of freedom (multi-DOFs) and high precision. This article reports a miniature columnar dielectric elastomer actuator (DEA) with multi-DOF actuation and sensing, which was fabricated with an electroactive polymer acrylic film (Very High Bond [VHB] acrylic film by 3M Company) and carbon black grease electrodes. The arrangement of the simulation electrodes on the VHB was optimized to realize multi-DOF actuation, and the sensing electrodes were configured on the outer part of the DEA to realize real-time sensing. The results showed th",2023,Soft Robotics,Ruiqian Wang; Chuang Zhang; Wenjun Tan; Jia Yang; Daojing Lin; Lianqing Liu,10.1089/soro.2021.0104,,https://doi.org/10.1089/soro.2021.0104,crossref,EBM transformer robotics soft robot manipulation,concept,architecture_x_embodiment,,40,EBM transformer robotics; robot manipulation; soft robot manipulation,2026-06-12T15:07:36Z,19.407,19.407
doi:10.1002/admt.202101672,3D Printing of Robotic Soft Grippers: Toward Smart Actuation and Sensing,"Abstract Unlike traditional hard grippers, soft robotic grippers are commonly made of soft materials so that the soft grippers can produce motion via elastic deformations of their compliant components. The advantages of compliance allow soft grippers to effectively eliminate shocks caused by hard contact, which usually occurs when a hard robotic gripper manipulates a hard object. Until now, the soft robotic grippers are able to operate numerous objects with irregular geometries and different textures. Besides, with the help of embedded sensors, soft robotic grippers have facilitated the growing automation of many tasks, which are thought to be far too delicate for robotic manipulation. This paper reviews the advancement in soft robotic grippers. The paper first introduces the actuation technologies followed by the design and fabrication techniques. The use of 3D printing techniques in th",2022,Advanced Materials Technologies,Guo Dong Goh; Guo Liang Goh; Zheng Lyu; Mohammad Zaidi Ariffin; Wai Yee Yeong; Guo Zhan Lum; Domenico Campolo; Boon Siew Han; Hong Yee Alvin Wong,10.1002/admt.202101672,,https://doi.org/10.1002/admt.202101672,openalex,robotics,concept,openalex_bulk_robotics,,90,,2026-06-12T18:57:17Z,19.405,19.405
doi:10.3390/s22155483,Learning-Based Slip Detection for Robotic Fruit Grasping and Manipulation under Leaf Interference,"Robotic harvesting research has seen significant achievements in the past decade, with breakthroughs being made in machine vision, robot manipulation, autonomous navigation and mapping. However, the missing capability of obstacle handling during the grasping process has severely reduced harvest success rate and limited the overall performance of robotic harvesting. This work focuses on leaf interference caused slip detection and handling, where solutions to robotic grasping in an unstructured environment are proposed. Through analysis of the motion and force of fruit grasping under leaf interference, the connection between object slip caused by leaf interference and inadequate harvest performance is identified for the first time in the literature. A learning-based perception and manipulation method is proposed to detect slip that causes problematic grasps of objects, allowing the robot t",2022,Sensors,Hongyu Zhou; Jinhui Xiao; Hanwen Kang; Xing Wang; Wesley Au; Chao Chen,10.3390/s22155483,,https://doi.org/10.3390/s22155483,crossref,contact rich manipulation learning,concept,contact,,26,robot manipulation; contact rich manipulation,2026-06-12T15:07:36Z,19.398,19.398
doi:10.1177/0278364920961809,Multimodal interaction-aware motion prediction for autonomous street crossing,"For mobile robots navigating on sidewalks, the ability to safely cross street intersections is essential. Most existing approaches rely on the recognition of the traffic light signal to make an informed crossing decision. Although these approaches have been crucial enablers for urban navigation, the capabilities of robots employing such approaches are still limited to navigating only on streets that contain signalized intersections. In this article, we address this challenge and propose a multimodal convolutional neural network framework to predict the safety of a street intersection for crossing. Our architecture consists of two subnetworks: an interaction-aware trajectory estimation stream ( interaction-aware temporal convolutional neural network (IA-TCNN)), that predicts the future states of all observed traffic participants in the scene; and a traffic light recognition stream AtteNet",2020,The International Journal of Robotics Research,Noha Radwan; Wolfram Burgard; Abhinav Valada,10.1177/0278364920961809,,https://doi.org/10.1177/0278364920961809,crossref,robotics,concept,crossref_bulk_robotics,,31,robustness; deployment,2026-06-12T19:29:26Z,19.383,21.383
doi:10.1007/s12369-021-00785-7,Communication Models in Human–Robot Interaction: An Asymmetric MODel of ALterity in Human–Robot Interaction (AMODAL-HRI),"Abstract We argue for an interdisciplinary approach that connects existing models and theories in Human–Robot Interaction (HRI) to traditions in communication theory. In this article, we review existing models of interpersonal communication and interaction models that have been applied and developed in the contexts of HRI and social robotics. We argue that often, symmetric models are proposed in which the human and robot agents are depicted as having similar ways of functioning (similar capabilities, components, processes). However, we argue that models of human–robot interaction or communication should be asymmetric instead. We propose an asymmetric interaction model called AMODAL-HRI (an Asymmetric MODel of ALterity in Human–Robot Interaction). This model is based on theory on joint action, common robot architectures and cognitive architectures, and Kincaid’s model of communication. On",2023,International Journal of Social Robotics,Helena Anna Frijns; Oliver Schürer; Sabine Theresia Koeszegi,10.1007/s12369-021-00785-7,,https://doi.org/10.1007/s12369-021-00785-7,crossref,robot world models manipulation,concept,world_models,,33,robot world model; human robot interaction,2026-06-12T15:07:36Z,19.363,19.363
doi:10.4028/www.scientific.net/amm.55-57.1699,Obstacles Perception for Serpentine Robot Based on Optical Flow Modules and Multi-Sensor Fusion,"To move efficiently in an unknown environment, a mobile robot must use observations taken by various sensors to detect obstacles. This paper describes a new approach to detect obstacles for serpentine robot. It captures the image sequence and analyzed the optical flow modules to estimate the deepness of the scene. This avoids one or higher order differential in the traditional optical flow calculation. The data of ultrasonic sensor and attitude transducer sensor are fused into the algorithm to improve the real-time capability and the robustness. The detecting results are presented by fuzzy diagrams which is concise and convenient. Indoor and outdoor experimental results demonstrate that this method can provide useful and comprehensive environment perception for the robot.",2011,Applied Mechanics and Materials,Jie Zhao; Zhen Feng Han; Gang Feng Liu; Yong Min Yang,10.4028/www.scientific.net/amm.55-57.1699,,https://doi.org/10.4028/www.scientific.net/amm.55-57.1699,crossref,Gaussian splatting robot perception,concept,architecture,,,Gaussian splatting robot perception; robustness,2026-06-12T15:07:36Z,19.350,20.350
doi:10.1101/2024.05.30.595378,The Interplay of Prior Information and Motion Cues in Resolving Visual Ambiguity in Agent Perception,"Abstract Agent perception is essential for social interaction, allowing individuals to interpret and respond to the actions of others within dynamic environments. In this study, we examined on how prior knowledge and motion cues are integrated to influence the temporal dynamics of perceiving agents. In order to make realistic but ambiguous stimuli in motion and form characteristics, we used human, robot, and android agents. Using temporal representational similarity analysis (RSA) on EEG recordings, we analyzed the representation of agent identities under varying conditions—Still versus Moving stimuli and Prior versus Naive contexts. Our findings revealed that prior knowledge and motion cues interact to produce distinct temporal patterns of representation. In the naive condition, information about the agent persisted longer during still presentations than during moving ones, suggesting t",,,Sena Er; Hüseyin O. Elmas; Burcu A. Urgen,10.1101/2024.05.30.595378,,https://doi.org/10.1101/2024.05.30.595378,crossref,Gaussian splatting robot perception embodied agent,concept,architecture_x_embodiment,,,Gaussian splatting robot perception; embodied agent,2026-06-12T15:07:36Z,19.350,19.350
doi:10.48550/arxiv.1911.05603,Are We Ready for Service Robots? The OpenLORIS-Scene Datasets for Lifelong SLAM,"Service robots should be able to operate autonomously in dynamic and daily changing environments over an extended period of time. While Simultaneous Localization And Mapping (SLAM) is one of the most fundamental problems for robotic autonomy, most existing SLAM works are evaluated with data sequences that are recorded in a short period of time. In real-world deployment, there can be out-of-sight scene changes caused by both natural factors and human activities. For example, in home scenarios, most objects may be movable, replaceable or deformable, and the visual features of the same place may be significantly different in some successive days. Such out-of-sight dynamics pose great challenges to the robustness of pose estimation, and hence a robot's long-term deployment and operation. To differentiate the forementioned problem from the conventional works which are usually evaluated in a s",2019,arXiv (Cornell University),Xuesong Shi; Dongjiang Li; Pengpeng Zhao; Qinbin Tian; Yuxin Tian; Qiwei Long; Chunhao Zhu; Jingwei Song; Fei Qiao; Le Song; Yangquan Guo; Zhigang Wang; Yimin Zhang; Baoxing Qin; Wei Yang; Fangshi Wang; Rosa H. M. Chan; Qi She,10.48550/arxiv.1911.05603,,https://doi.org/10.48550/arxiv.1911.05603,openalex,robotics,concept,openalex_bulk_robotics,,19,SLAM; benchmark; robustness; deployment,2026-06-12T18:57:17Z,19.348,23.348
doi:10.1007/s10846-025-02333-1,Human-Robot Interaction with Skeleton-Based Action Recognition and Motion Prediction,"Abstract Human-robot interaction (HRI) is inherently challenging due to the dynamic and unpredictable nature of human motion, which complicates the determination of appropriate timing and location for interaction. To address this challenge, we propose a novel framework that integrates skeleton-based action recognition with motion prediction, enabling safe and adaptive trajectory generation. Action recognition is used to determine when to interact, while motion prediction is used to determine where to interact. Since human actions inherently influence subsequent motion patterns, the combination of these two components yields a more comprehensive understanding of human intent, thereby improving both prediction accuracy and interaction timing. A dual-level deep learning architecture is introduced to implement the proposed method. The high-level module performs human action recognition for i",2025,Journal of Intelligent & Robotic Systems,Fan Zeng; Yusheng Wang; Masahiro Nishio; Jun Ota,10.1007/s10846-025-02333-1,,https://doi.org/10.1007/s10846-025-02333-1,crossref,adaptive world action model robot,concept,wam,,1,world action model; adaptive world action model; robot hand; human robot interaction,2026-06-12T15:07:36Z,19.347,19.347
doi:10.3390/s25154687,Which AI Sees Like Us? Investigating the Cognitive Plausibility of Language and Vision Models via Eye-Tracking in Human-Robot Interaction,"As large language models (LLMs) and vision–language models (VLMs) become increasingly used in robotics area, a crucial question arises: to what extent do these models replicate human-like cognitive processes, particularly within socially interactive contexts? Whilst these models demonstrate impressive multimodal reasoning and perception capabilities, their cognitive plausibility remains underexplored. In this study, we address this gap by using human visual attention as a behavioural proxy for cognition in a naturalistic human-robot interaction (HRI) scenario. Eye-tracking data were previously collected from participants engaging in social human-human interactions, providing frame-level gaze fixations as a human attentional ground truth. We then prompted a state-of-the-art VLM (LLaVA) to generate scene descriptions, which were processed by four LLMs (DeepSeek-R1-Distill-Qwen-7B, Qwen1.5-",2025,Sensors,Khashayar Ghamati; Maryam Banitalebi Dehkordi; Abolfazl Zaraki,10.3390/s25154687,,https://doi.org/10.3390/s25154687,crossref,robot foundation model vision language action,concept,vla,,1,robot foundation model; human robot interaction,2026-06-12T15:07:36Z,19.347,19.347
doi:10.3390/app132011295,Human-Robot Collaboration: An Augmented Reality Toolkit for Bi-Directional Interaction,"This work proposes an Augmented Reality (AR) application designed for HoloLens 2 which allows human operators, without particular experience or knowledge of robotics, to easily interact with collaborative robots. Building on the application presented in a previous work of the authors, the novel contributions are focused on a bi-directional interaction that manages the exchange of data from the robot to the human operator and, in the meantime, the flow of commands in the opposite direction. More in detail, the application includes the reading of the robot state, in terms of joint positions, velocities and torques, the visualization of the workspace and the generation and manipulation of the end-effector trajectory by directly moving a set of way-points displayed in the AR environment. Finally, the trajectory feasibility is verified and notified to the user by taking into account the works",2023,Applied Sciences,Graziano Carriero; Nicolas Calzone; Monica Sileo; Francesco Pierri; Fabrizio Caccavale; Rocco Mozzillo,10.3390/app132011295,,https://doi.org/10.3390/app132011295,crossref,retrieval augmented robot policy,concept,architecture,,15,retrieval augmented robot policy,2026-06-12T15:07:36Z,19.336,19.336
doi:10.1109/smc.2018.00067,Human-Robot Cooperative Interaction Control for the Installation of Heavy and Bulky Components,"The paper describes a human-robot cooperative installation methodology of heavy and bulky components based on marker-based visual servoing, force control, and human-robot cooperation. The main advance in the human-robot cooperation is achieved by a shared-control of the interaction during the installation task, relieving the human operator by the manipulated load and giving to the robot a partially autonomous behaviour in the force-tracking direction. Experimental results are shown in the context of the H2020 CleanSky 2 EURECA project in which a side-wall panel is installed in a 1:1 scale mock-up scenario of an A320 plane fuselage environment.",2018,,Loris Roveda; Nicola Castaman; Stefano Ghidoni; Paolo Franceschi; Nicolò Boscolo; Enrico Pagello; Nicola Pedrocchi,10.1109/smc.2018.00067,,https://doi.org/10.1109/smc.2018.00067,openalex,robotics,concept,openalex_bulk_robotics,,28,force control; visual servoing,2026-06-12T18:57:17Z,19.334,19.334
doi:10.1002/rob.21925,Perception‐aware autonomous mast motion planning for planetary exploration rovers,"Abstract Highly accurate real‐time localization is of fundamental importance for the safety and efficiency of planetary rovers exploring the surface of Mars. Mars rover operations rely on vision‐based systems to avoid hazards as well as plan safe routes. However, vision‐based systems operate on the assumption that sufficient visual texture is visible in the scene. This poses a challenge for vision‐based navigation on Mars where regions lacking visual texture are prevalent. To overcome this, we make use of the ability of the rover to actively steer the visual sensor to improve fault tolerance and maximize the perception performance. This paper answers the question of where and when to look by presenting a method for predicting the sensor trajectory that maximizes the localization performance of the rover. This is accomplished by an online assessment of possible trajectories using syntheti",2020,Journal of Field Robotics,Jared Strader; Kyohei Otsu; Ali‐akbar Agha‐mohammadi,10.1002/rob.21925,,https://doi.org/10.1002/rob.21925,crossref,neural radiance field robotics,concept,architecture,,28,neural radiance field robotics; motion planning,2026-06-12T15:07:36Z,19.334,20.334
doi:10.3390/app10051665,Contingent Task and Motion Planning under Uncertainty for Human–Robot Interactions,"Manipulation planning under incomplete information is a highly challenging task for mobile manipulators. Uncertainty can be resolved by robot perception modules or using human knowledge in the execution process. Human operators can also collaborate with robots for the execution of some difficult actions or as helpers in sharing the task knowledge. In this scope, a contingent-based task and motion planning is proposed taking into account robot uncertainty and human–robot interactions, resulting a tree-shaped set of geometrically feasible plans. Different sorts of geometric reasoning processes are embedded inside the planner to cope with task constraints like detecting occluding objects when a robot needs to grasp an object. The proposal has been evaluated with different challenging scenarios in simulation and a real environment.",2020,Applied Sciences,Aliakbar Akbari; Mohammed Diab; Jan Rosell,10.3390/app10051665,,https://doi.org/10.3390/app10051665,crossref,robot world model failure planning,hostile,failure,,13,robot world model; motion planning; task and motion planning; human robot interaction; robot world model failure,2026-06-12T15:07:36Z,19.320,25.320
doi:10.3389/frobt.2020.616128,Soft Origami Optical-Sensing Actuator for Underwater Manipulation,"Soft robots are ideal for underwater manipulation in sampling and other servicing applications. Their unique features of compliance, adaptability, and being naturally waterproof enable robotic designs to be compact and lightweight, while achieving uncompromized dexterity and flexibility. However, the inherent flexibility and high nonlinearity of soft materials also results in combined complex motions, which creates both soft actuator and sensor challenges for force output, modeling, and sensory feedback, especially under highly dynamic underwater environments. To tackle these limitations, a novel Soft Origami Optical-Sensing Actuator (SOSA) with actuation and sensing integration is proposed in this paper. Inspired by origami art, the proposed sensorized actuator enables a large force output, contraction/elongation/passive bending actuation by fluid, and hybrid motion sensing with optical",2021,Frontiers in Robotics and AI,Zhong Shen; Yafei Zhao; Hua Zhong; Kailuan Tang; Yishan Chen; Yin Xiao; Juan Yi; Sicong Liu; Zheng Wang,10.3389/frobt.2020.616128,,https://doi.org/10.3389/frobt.2020.616128,crossref,robot world models manipulation,concept,world_models,,33,robot world model; limitation,2026-06-12T15:07:36Z,19.313,20.313
doi:10.1177/0278364913484072,Integrated task and motion planning in belief space,"We describe an integrated strategy for planning, perception, state estimation and action in complex mobile manipulation domains based on planning in the belief space of probability distributions over states using hierarchical goal regression (pre-image back-chaining). We develop a vocabulary of logical expressions that describe sets of belief states, which are goals and subgoals in the planning process. We show that a relatively small set of symbolic operators can give rise to task-oriented perception in support of the manipulation goals. An implementation of this method is demonstrated in simulation and on a real PR2 robot, showing robust, flexible solution of mobile manipulation problems with multiple objects and substantial uncertainty.",2013,The International Journal of Robotics Research,Leslie Pack Kaelbling; Tomás Lozano-Pérez,10.1177/0278364913484072,,https://doi.org/10.1177/0278364913484072,crossref,task and motion planning robotics,anti_myopia,classic,,222,mobile manipulation; state estimation; motion planning; task and motion planning,2026-06-12T15:07:36Z,19.304,24.304
doi:10.1177/0278364910386985,Randomized multi-modal motion planning for a humanoid robot manipulation task,"Robots that perform complex manipulation tasks must be able to generate strategies that make and break contact with the object. This requires reasoning in a motion space with a particular multi-modal structure, in which the state contains both a discrete mode (the contact state) and a continuous configuration (the robot and object poses). In this paper we address multi-modal motion planning in the common setting where the state is high-dimensional, and there are a continuous infinity of modes. We present a highly general algorithm, Random-MMP, that repeatedly attempts mode switches sampled at random. A major theoretical result is that Random-MMP is formally reliable and scalable, and its running time depends on certain properties of the multi-modal structure of the problem that are not explicitly dependent on dimensionality. We apply the planner to a manipulation task on the Honda humano",2011,The International Journal of Robotics Research,Kris Hauser; Victor Ng-Thow-Hing,10.1177/0278364910386985,,https://doi.org/10.1177/0278364910386985,crossref,robot world models manipulation,concept,world_models,,98,robot world model; robot manipulation; humanoid robot; motion planning,2026-06-12T15:07:36Z,19.298,20.298
doi:10.1364/oe.566399,Motion blur suppression method for time-of-flight imaging systems based on differential correlation sampling data,"Time-of-Flight (ToF) imaging systems, capable of their high frame rate, high resolution, and cost-effectiveness, enable diverse applications. However, their ranging performance is significantly degraded by motion blur caused by relative motion between the system and the scene. To address this challenge, this paper proposes a motion blur suppression method based on differential correlation sampling (DCS) data for time-of-flight imaging systems, which employs a three-step strategy: firstly, adaptive thresholds for motion blur detection are established based on noise levels to identify blurred regions; secondly, the occurrence time of motion blur is determined, and compensation is performed using the complementary properties of DCS data to suppress motion blur; finally, an enhanced bilateral filtering is applied according to the spatial distribution characteristics of motion-blurred regions",2025,Optics Express,Ping Song; Yunjian Bai; Chuangbo Hao; Wuyang Zhang; Yinpeng Wu,10.1364/oe.566399,,https://doi.org/10.1364/oe.566399,crossref,sampling based motion planning,anti_myopia,anti_thesis,,1,motion planning; sampling based motion planning,2026-06-12T15:07:36Z,19.297,23.297
doi:10.3390/jpm11100953,Comparative Assessment of Robotic versus Classical Physical Therapy Using Muscle Strength and Ranges of Motion Testing in Neurological Diseases,"The use of robotic systems in physical rehabilitation protocols has become increasingly attractive and has been given more focus in the last decade as a result of the high prevalence of motor deficits in the population, which is linked to an overburdened healthcare system. In accordance with current trends, three robotic devices have been designed, called ParReEx Elbow, ParReEx Wrist, and ASPIRE, which were designed to improve upper-limb medical recovery (shoulder, elbow, forearm, and wrist). The three automated systems were tested in a hospital setting with 23 patients (12 men and 11 women) suffering from motor deficits caused by various neurological diseases such as stroke, Parkinson's disease, and amyotrophic lateral sclerosis (ALS). The patients were divided into three groups based on their pathology (vascular, extrapyramidal, and neuromuscular). Objective clinical measures, such as ",2021,Journal of Personalized Medicine,Zoltán Zsigmond Major; Călin Vaida; Kinga Andrea Major; Paul Tucan; Emanuela Brusturean; Bogdan Gherman; Iosif Bîrlescu; Raul Craciunaș; Ionuț Ulinici; Gábor Simori; Alexandru Banica; Nicoleta Pop; Alin Burz; Giuseppe Carbone; Doina Pîslă,10.3390/jpm11100953,,https://doi.org/10.3390/jpm11100953,openalex,robotics,concept,openalex_bulk_robotics,,29,,2026-06-12T18:57:17Z,19.251,20.251
doi:10.3390/robotics15060107,Effects of Anthropomorphic Design and Motion on Human Perception of Industrial Robotic Arms,"Industrial robots are increasingly deployed in human-centered settings, where appearance and motion critically shape worker trust and acceptance. This study employed a 2 × 2 factorial design manipulating robot appearance (Sleek vs. Industrial) and motion (Adaptive vs. Rigid) to examine effects on perceived lifelikeness, intelligence, engagement, trust, and predictability. Participants rated each measure using Likert scales, and data were analyzed using descriptive statistics, two-way ANOVA, and Pearson correlations. Results revealed significant main effects of appearance and movement across multiple perceptual dimensions, with a significant interaction effect observed for trust. Findings suggest that anthropomorphic cues, both visual and behavioral, may enhance perceptions of intelligence, relatability, and trust. This work contributes to the limited literature on anthropomorphism in ind",2026,Robotics,Sushma Nln; Abas Sabouni; Yong Zhu,10.3390/robotics15060107,,https://doi.org/10.3390/robotics15060107,crossref,task and motion planning robotics,anti_myopia,classic,,,industrial robot; motion planning; task and motion planning,2026-06-12T15:07:36Z,19.250,23.250
doi:10.1142/s0219843611002599,TOWARD DYNAMIC MANIPULATION FOR HUMANOID ROBOTS: EXPERIMENTS AND DESIGN ASPECTS,"This paper discusses a control architecture to equip humanoid robots with dynamic manipulation skills. Such skills are beneficial, as they increase the dexterity of humanoid robots and improve their handling of unforeseen situations. The nature of manipulation poses challenges with respect to environment perception, action planning, and motion control. These challenges are addressed in the paper: a dynamic force/torque (F/T) observer is discussed to reconstruct the environment F/Ts and to improve the interaction control. A method for online motion planning is investigated, which generates trajectories based on different selection criteria. These elements are integrated in a control design for dynamic manipulation and experimentally validated for two tasks: two-handed ball throwing and one-handed ball catching. Based on the experimental results, a modified end effector design with intrins",2011,International Journal of Humanoid Robotics,GEORG BÄTZ; MICHAEL SCHEINT; DIRK WOLLHERR,10.1142/s0219843611002599,,https://doi.org/10.1142/s0219843611002599,crossref,whole body manipulation humanoid,concept,humanoid,,2,humanoid robot; motion planning,2026-06-12T14:45:03Z,19.249,20.249
doi:10.1038/s41598-023-34311-8,Changes in body perception following virtual object manipulation are accompanied by changes of the internal reference scale,"Abstract Changes in body perception often arise when observers are confronted with related yet discrepant multisensory signals. Some of these effects are interpreted as outcomes of sensory integration of various signals, whereas related biases are ascribed to learning-dependent recalibration of coding individual signals. The present study explored whether the same sensorimotor experience entails changes in body perception that are indicative of multisensory integration and those that indicate recalibration. Participants enclosed visual objects by a pair of visual cursors controlled by finger movements. Then either they judged their perceived finger posture (indicating multisensory integration) or they produced a certain finger posture (indicating recalibration). An experimental variation of the size of the visual object resulted in systematic and opposite biases of the perceived and prod",2023,Scientific Reports,Wladimir Kirsch; Wilfried Kunde,10.1038/s41598-023-34311-8,,https://doi.org/10.1038/s41598-023-34311-8,crossref,whole body manipulation humanoid,concept,humanoid,,1,,2026-06-12T15:07:36Z,19.247,19.247
doi:10.1109/tii.2022.3195171,Deeply Supervised Subspace Learning for Cross-Modal Material Perception of Known and Unknown Objects,"In order to help robots understand and perceive an object's properties during noncontact robot-object interaction, this article proposes a deeply supervised subspace learning method. In contrast to previous work, it takes the advantages of low noise and fast response of noncontact sensors and extracts novel contactless feature information to retrieve cross-modal information, so as to estimate and infer material properties of known as well as unknown objects. Specifically, a depth-supervised subspace cross-modal material retrieval model is trained to learn a common low-dimensional feature representation to capture the clustering structure among different modal features of the same class of objects. Meanwhile, all of unknown objects are accurately perceived by an energy-based model, which forces an unlabeled novel object's features to be mapped beyond the common low-dimensional features. T",2022,IEEE Transactions on Industrial Informatics,Pengwen Xiong; Junjie Liao; MengChu Zhou; Aiguo Song; Peter Liu,10.1109/tii.2022.3195171,,https://doi.org/10.1109/tii.2022.3195171,openalex,energy based model robot learning,concept,ebm,,35,,2026-06-12T18:05:07Z,19.242,19.242
doi:10.3389/frobt.2021.730433,Motion Polytopes in Virtual Reality for Shared Control in Remote Manipulation Applications,"In remote applications that mandate human supervision, shared control can prove vital by establishing a harmonious balance between the high-level cognition of a user and the low-level autonomy of a robot. Though in practice, achieving this balance is a challenging endeavor that largely depends on whether the operator effectively interprets the underlying shared control. Inspired by recent works on using immersive technologies to expose the internal shared control, we develop a virtual reality system to visually guide human-in-the-loop manipulation. Our implementation of shared control teleoperation employs end effector manipulability polytopes, which are geometrical constructs that embed joint limit and environmental constraints. These constructs capture a holistic view of the constrained manipulator’s motion and can thus be visually represented as feedback for users on their operable sp",2021,Frontiers in Robotics and AI,Mark Zolotas; Murphy Wonsick; Philip Long; Taşkın Padır,10.3389/frobt.2021.730433,,https://doi.org/10.3389/frobt.2021.730433,crossref,robot world models manipulation,concept,world_models,,7,robot world model; teleoperation,2026-06-12T15:07:36Z,19.240,19.240
doi:10.7210/jrsj.18.737,Motion Analysis and Experiment of Passive Walking Robot Quartet II.,"Robot, which has no actuators and walks down a slight slope, is called ‘passive walking robot’. It is well known that the passive walking robot is important and interesting target. In the past papers, , a stable steady periodic motion and a chaotic behavior of passive walking robot were analyzed by numerical simulations. To justify the numerical analysis, we have to show the occurrence through experiment. However, we have not ever seen experimental analysis concerned with those behaviors.Therefore, in this research, we constructed a passive walking robot named QUARTET II and tried to show the occurrence of the behaviors. In this paper, at first, we explain QUARTET II. Then, we show that, in passive walking, a few interesting behaviors mentioned above are observed via some numerical simulations. And finally, we show that those behaviors occur in walking experiments. Especially, it is noti",2000,Journal of the Robotics Society of Japan,Koichi Osuka; Ken-Ichi Kirihara,10.7210/jrsj.18.737,,https://doi.org/10.7210/jrsj.18.737,openalex,robotics,concept,openalex_bulk_robotics,,76,,2026-06-12T18:57:17Z,19.222,19.222
doi:10.48550/arxiv.1806.01411,FlowNet3D: Learning Scene Flow in 3D Point Clouds,"Many applications in robotics and human-computer interaction can benefit from understanding 3D motion of points in a dynamic environment, widely noted as scene flow. While most previous methods focus on stereo and RGB-D images as input, few try to estimate scene flow directly from point clouds. In this work, we propose a novel deep neural network named $FlowNet3D$ that learns scene flow from point clouds in an end-to-end fashion. Our network simultaneously learns deep hierarchical features of point clouds and flow embeddings that represent point motions, supported by two newly proposed learning layers for point sets. We evaluate the network on both challenging synthetic data from FlyingThings3D and real Lidar scans from KITTI. Trained on synthetic data only, our network successfully generalizes to real scans, outperforming various baselines and showing competitive results to the prior ar",2018,arXiv (Cornell University),Xingyu Liu; Charles R. Qi; Leonidas Guibas,10.48550/arxiv.1806.01411,,https://doi.org/10.48550/arxiv.1806.01411,openalex,energy based model robot learning,concept,ebm,,22,,2026-06-12T18:26:24Z,19.218,19.218
arxiv:2602.22056v2,FlowCorrect: Efficient Interactive Correction of Generative Flow Policies for Robotic Manipulation,"Generative manipulation policies can fail catastrophically under deployment-time distribution shift, yet many failures are near-misses: the robot reaches almost-correct poses and would succeed with a small corrective motion. We propose FlowCorrect, a modular interactive imitation learning approach that enables deployment-time adaptation of flow-matching manipulation policies from sparse, relative human corrections without retraining. During execution, a human provides brief corrective pose nudges via a lightweight VR interface. FlowCorrect uses these sparse corrections to locally adapt the policy, improving actions without retraining the backbone while preserving the model performance on previously learned scenarios. We evaluate on a real-world robot across four tabletop tasks: pick-and-place, pouring, cup uprighting, and insertion. With a low correction budget, FlowCorrect achieves an 8",2026,arXiv,Edgar Welte; Yitian Shi; Rosa Wolf; Maximillian Gilles; Rania Rayyes,,2602.22056v2,http://arxiv.org/abs/2602.22056v2,arxiv,diffusion policy robot manipulation,concept,diffusion,,,diffusion policy; robot manipulation; imitation learning; distribution shift; deployment,2026-06-12T14:45:03Z,19.200,22.200
arxiv:2603.27452v1,Robotic Dexterous Manipulation via Anisotropic Friction Modulation using Passive Rollers,"Controlling friction at the fingertip is fundamental to dexterous manipulation, yet remains difficult to realize in robotic hands. We present the design and analysis of a robotic fingertip equipped with passive rollers that can be selectively braked or pivoted to modulate contact friction and constraint directions. When unbraked, the rollers permit unconstrained sliding of the contact point along the rolling direction; when braked, they resist motion like a conventional fingertip. The rollers are mounted on a pivoting mechanism, allowing reorientation of the constraint frame to accommodate different manipulation tasks. We develop a constraint-based model of the fingertip integrated into a parallel-jaw gripper and analyze its ability to support diverse manipulation strategies. Experiments show that the proposed design enables a wide range of dexterous actions that are conventionally chall",2026,arXiv,Ethan Fisk; Taeyoon Lee; Shenli Yuan,,2603.27452v1,http://arxiv.org/abs/2603.27452v1,arxiv,physical reasoning robotics manipulation,concept,physical_reasoning,,,dexterous manipulation,2026-06-12T14:45:03Z,19.200,19.200
arxiv:2601.23087v4,CoLA-Flow Policy: Temporally Coherent Imitation Learning via Continuous Latent Action Flow Matching for Robotic Manipulation,"Learning long-horizon robotic manipulation requires jointly achieving expressive behavior modeling, real-time inference, and stable execution, which remains challenging for existing generative policies. Diffusion-based approaches offer strong modeling capacity but incur high inference latency, while flow matching enables fast, near-single-step generation yet often suffers from unstable execution when operating directly in the raw action space. We propose Continuous Latent Action Flow Policy (CoLA-Flow Policy), a trajectory-level imitation learning framework that performs flow matching in a continuous latent action space. By encoding action sequences into temporally coherent latent trajectories and learning an explicit latent-space flow, CoLA-Flow Policy decouples global motion structure from low-level control noise, enabling smooth and reliable long-horizon execution. The framework furth",2026,arXiv,Wu Songwei; Jiang Zhiduo; Sun Wandong; Xie Guanghu; Zhao Rui; Liu Hong; Liu Yang,,2601.23087v4,http://arxiv.org/abs/2601.23087v4,arxiv,flow matching policy,concept,architecture,,,flow matching policy; imitation learning; robustness; long horizon; latency,2026-06-12T14:45:03Z,19.200,20.200
arxiv:2512.24845v2,ArtiSG: Functional 3D Scene Graph Construction via Human-demonstrated Articulated Objects Manipulation,"3D scene graphs have empowered robots with semantic understanding for navigation and planning. However, current functional scene graphs primarily focus on static element detection, lacking the actionable kinematic information required for physical manipulation, particularly regarding articulated objects. Existing approaches for inferring articulation mechanisms from static observations are prone to visual ambiguity, while methods that estimate parameters from state changes typically rely on constrained settings such as fixed cameras and unobstructed views. Furthermore, inconspicuous functional elements like hidden handles are frequently missed by pure visual perception. To bridge this gap, we present ArtiSG, a framework that constructs functional 3D scene graphs by encoding human demonstrations into structured robotic memory. Our approach leverages a robust data collection pipeline utili",2025,arXiv,Qiuyi Gu; Yuze Sheng; Jincheng Yu; Jiahao Tang; Xiaolong Shan; Zhaoyang Shen; Tinghao Yi; Xiaodan Liang; Xinlei Chen; Yu Wang,,2512.24845v2,http://arxiv.org/abs/2512.24845v2,arxiv,3D scene understanding robot manipulation,concept,scene_understanding,,,robot manipulation; 3D scene understanding; human demonstration,2026-06-12T15:07:36Z,19.200,19.200
arxiv:2601.17885v1,PEAfowl: Perception-Enhanced Multi-View Vision-Language-Action for Bimanual Manipulation,"Bimanual manipulation in cluttered scenes requires policies that remain stable under occlusions, viewpoint and scene variations. Existing vision-language-action models often fail to generalize because (i) multi-view features are fused via view-agnostic token concatenation, yielding weak 3D-consistent spatial understanding, and (ii) language is injected as global conditioning, resulting in coarse instruction grounding. In this paper, we introduce PEAfowl, a perception-enhanced multi-view VLA policy for bimanual manipulation. For spatial reasoning, PEAfowl predicts per-token depth distributions, performs differentiable 3D lifting, and aggregates local cross-view neighbors to form geometrically grounded, cross-view consistent representations. For instruction grounding, we propose to replace global conditioning with a Perceiver-style text-aware readout over frozen CLIP visual features, enabl",2026,arXiv,Qingyu Fan; Zhaoxiang Li; Yi Lu; Wang Chen; Qiu Shen; Xiao-xiao Long; Yinghao Cai; Tao Lu; Shuo Wang; Xun Cao,,2601.17885v1,http://arxiv.org/abs/2601.17885v1,arxiv,Gaussian splatting robot perception bimanual manipulation,concept,architecture_x_embodiment,,,vision language action model; Gaussian splatting robot perception; bimanual manipulation; sim to real transfer; occlusion,2026-06-12T15:07:36Z,19.200,20.200
arxiv:2602.01939v3,"Towards Exploratory and Focused Manipulation with Bimanual Active Perception: A New Problem, Benchmark and Strategy","Recently, active vision has reemerged as an important concept for manipulation, since visual occlusion occurs more frequently when main cameras are mounted on the robot heads. We reflect on the visual occlusion issue and identify its essence as the absence of information useful for task completion. Inspired by this, we come up with the more fundamental problem of Exploratory and Focused Manipulation (EFM). The proposed problem is about actively collecting information to complete challenging manipulation tasks that require exploration or focus. As an initial attempt to address this problem, we establish the EFM-10 benchmark that consists of 4 categories of tasks that align with our definition (10 tasks in total). We further come up with a Bimanual Active Perception (BAP) strategy, which leverages one arm to provide active vision and another arm to provide force sensing while manipulating.",2026,arXiv,Yuxin He; Ruihao Zhang; Tianao Shen; Cheng Liu; Qiang Nie,,2602.01939v3,http://arxiv.org/abs/2602.01939v3,arxiv,Gaussian splatting robot perception bimanual manipulation,concept,architecture_x_embodiment,,,Gaussian splatting robot perception; bimanual manipulation; active perception; imitation learning; benchmark; occlusion,2026-06-12T15:07:36Z,19.200,20.200
arxiv:2601.08325v1,ActiveVLA: Injecting Active Perception into Vision-Language-Action Models for Precise 3D Robotic Manipulation,"Recent advances in robot manipulation have leveraged pre-trained vision-language models (VLMs) and explored integrating 3D spatial signals into these models for effective action prediction, giving rise to the promising vision-language-action (VLA) paradigm. However, most existing approaches overlook the importance of active perception: they typically rely on static, wrist-mounted cameras that provide an end-effector-centric viewpoint. As a result, these models are unable to adaptively select optimal viewpoints or resolutions during task execution, which significantly limits their performance in long-horizon tasks and fine-grained manipulation scenarios. To address these limitations, we propose ActiveVLA, a novel vision-language-action framework that empowers robots with active perception capabilities for high-precision, fine-grained manipulation. ActiveVLA adopts a coarse-to-fine paradig",2026,arXiv,Zhenyang Liu; Yongchong Gu; Yikai Wang; Xiangyang Xue; Yanwei Fu,,2601.08325v1,http://arxiv.org/abs/2601.08325v1,arxiv,Gaussian splatting robot perception contact rich manipulation,concept,architecture_x_embodiment,,,vision language action model; Gaussian splatting robot perception; robot manipulation; contact rich manipulation; active perception; limitation; benchmark; occlusion; long horizon,2026-06-12T15:07:36Z,19.200,21.200
doi:10.48550/arxiv.2409.01083,Affordance-based Robot Manipulation with Flow Matching,"We present a framework for assistive robot manipulation, which focuses on two fundamental challenges: first, efficiently adapting large-scale models to downstream scene affordance understanding tasks, especially in daily living scenarios where gathering multi-task data involving humans requires strenuous effort; second, effectively learning robot action trajectories by grounding the visual affordance model. We tackle the first challenge by employing a parameter-efficient prompt tuning method that prepends learnable text prompts to the frozen vision model to predict manipulation affordances in multi-task scenarios. Then we propose to learn robot action trajectories guided by affordances in a supervised flow matching method. Flow matching represents a robot visuomotor policy as a conditional process of flowing random waypoints to desired robot action trajectories. Finally, we introduce a r",2024,arXiv (Cornell University),Fan Zhang; Michael Gienger,10.48550/arxiv.2409.01083,,https://doi.org/10.48550/arxiv.2409.01083,openalex,energy based transformer robot policy,concept,ebm_transformer,,1,energy based transformer robot policy; diffusion policy; robot manipulation; assistive robot; affordance learning; behavior cloning; benchmark; generalization,2026-06-12T18:05:07Z,19.197,21.197
doi:10.1177/02783649251317617,Tracking cloth deformation: A novel dataset for closing the sim-to-real gap for robotic cloth manipulation learning,"Robotic learning for deformable object manipulation—such as textiles—is often done in simulation due to the current limitation of perception methods to understand cloth’s deformation. For this reason, the robotics community is always on the search for more realistic simulators to reduce as much as possible the sim-to-real gap, which is still quite large especially when dynamic motions are applied. We present a cloth dataset consisting of 120 high-quality recordings of several textiles during dynamic motions. Using a Motion Capture System , we record the location of key-points on the cloth surface of four types of fabrics (cotton, denim, wool and polyester) of two sizes and at different speeds. The scenarios considered are all dynamic and involve rapid shaking and twisting of the textiles, collisions with frictional objects, strong hits with a long and thin rigid object and even self-coll",2025,The International Journal of Robotics Research,Franco Coltraro; Júlia Borràs; Maria Alberich-Carramiñana; Carme Torras,10.1177/02783649251317617,,https://doi.org/10.1177/02783649251317617,crossref,sim to real robot manipulation,concept,sim2real,,4,robot manipulation; deformable object manipulation; imitation learning; limitation; benchmark,2026-06-12T14:45:03Z,19.155,22.155
arxiv:2605.08330v1,Hierarchical Prompting with Dual LLM Modules for Robotic Task and Motion Planning,"We present a hierarchical language-driven framework for robotic task and motion planning to improve natural, intuitive human-robot interaction in service and assistance scenarios. The proposed system employs two large language model (LLM) modules: a high-level planning agent and a low-level spatial reasoning sub-module. The primary agent processes natural language commands and generates action sequences using a ReAct-style prompt, interacting with tools for object perception and manipulation (e.g., pick, place, release). For precise spatial placement, such as interpreting ""place the mug next to the plate"", a separate sub-prompting module handles 3D reasoning based on object geometry and scene layout. The system integrates YOLOX-GDRNet for object detection and pose estimation, along with a motion execution stub. We evaluated the system in 24 test scenarios, ranging from simple spatial com",2026,arXiv,Karolina Źróbek; Tessa Pulli; Paweł Gajewski; Antonio Galiza Cerdeira Gonzalez; Bipin Indurkhya,,2605.08330v1,http://arxiv.org/abs/2605.08330v1,arxiv,task and motion planning robotics,anti_myopia,classic,,,motion planning; task and motion planning; human robot interaction,2026-06-12T15:07:36Z,19.150,23.150
doi:10.1115/dscc2015-9871,A Control Theoretic Framework for Optimally Locating Passive Vibration Isolators to Minimize Residual Vibration,"This paper investigates the problem of optimally locating passive vibration isolators to minimize residual vibration caused by exogenous disturbance forces. The stiffness and damping properties of the isolators are assumed to be known and the task is to determine the isolator locations, which are nonlinearly related to system states. This paper proposes an approach for reformulating the nonlinear isolator placement problem as a LTI control problem by linking the control forces to measured outputs using a feedforward term. Accordingly, the isolator locations show up as a static output feedback gain matrix which is optimized for residual vibration reduction using standard H∞ optimal control methods. Simulations and experiments on SISO and MIMO case studies are used to demonstrate the merits of the proposed approach. Even though presented in the specific context of ultra-precision manufactu",2015,"Volume 3: Multiagent Network Systems; Natural Gas and Heat Exchangers; Path Planning and Motion Control; Powertrain Systems; Rehab Robotics; Robot Manipulators; Rollover Prevention (AVS); Sensors and Actuators; Time Delay Systems; Tracking Control Systems; Uncertain Systems and Robustness; Unmanned, Ground and Surface Robotics; Vehicle Dynamics Control; Vibration and Control of Smart Structures/Mech Systems; Vibration Issues in Mechanical Systems",Amir H. Ghasemi; Jihyun Lee; Chinedum E. Okwudire,10.1115/dscc2015-9871,,https://doi.org/10.1115/dscc2015-9871,crossref,hybrid systems robot control manipulation,anti_myopia,control,,2,hybrid systems,2026-06-12T15:07:36Z,19.149,24.149
doi:10.1142/s2424905x2350006x,Head-Mounting Surgical Robots for Passive Compensation of Patient Motion,"A variety of robot-assisted surgical systems have been proposed to improve precision in the most challenging eye surgeries. However, little attention has been paid to patient motion due to breathing, snoring, talking, and other events that are common during eye surgery. This is problematic because patient motion is typically relative to a grounded surgical robot. In this paper, we characterize the benefits of a new paradigm in which robots are mounted semirigidly and noninvasively to the patient’s head. This paradigm utilizes compact high-precision telerobotic systems that have been designed for this use. We present an initial design concept focused on eye surgery, and demonstrate an order-of-magnitude improvement of within-breathing-cycle motion relative to the robot compared to a pillow rest, with an optional head strap, which is the current standard of care, while essentially eliminat",2024,Journal of Medical Robotics Research,Nicholas R. Posselli; Patrick S. Wellborn; Paul S. Bernstein; Robert J. Webster; Jake J. Abbott,10.1142/s2424905x2350006x,,https://doi.org/10.1142/s2424905x2350006x,crossref,EBM transformer robotics surgical robot,concept,architecture_x_embodiment,,3,EBM transformer robotics; surgical robot,2026-06-12T15:07:36Z,19.143,19.143
doi:10.34133/cbsystems.0367,An Integrated Monolithic Synaptic Device for C-Tactile Afferent Perception and Robot Emotional Interaction,"C-tactile afferents are low-threshold mechanoreceptors that innervate the hairy skin of mammals, essential for emotional interactions. Replication of such a mechanism could facilitate emotional interactions between humans and embodied intelligence robotic systems. Herein, we demonstrate a monolithic synaptic device that replicates and integrates tactile sensing and neuromorphic processing functions for in-sensor computing. The device is operable by both mechanical and electrical inputs, with the mechanoelectrical operation mechanism stemming from the synergistic effect of dynamic ionic migration and injection. As a proof of concept, the device effectively converts spatiotemporal tactile stimuli into distinct electrical signals, which are subsequently encoded to enable the microcomputer to classify multiple discrete emotional states, such as happiness, calmness, and excitement. This monol",2025,Cyborg and Bionic Systems,Yue Li; Lu Yang; Qianbo Yu; Yi Du; Ning Wu; Wentao Xu,10.34133/cbsystems.0367,,https://doi.org/10.34133/cbsystems.0367,crossref,Gaussian splatting robot perception,concept,architecture,,4,Gaussian splatting robot perception; tactile perception,2026-06-12T15:07:36Z,19.105,19.105
doi:10.3390/s23249780,Human–Robot Interaction Using Learning from Demonstrations and a Wearable Glove with Multiple Sensors,"Human–robot interaction is of the utmost importance as it enables seamless collaboration and communication between humans and robots, leading to enhanced productivity and efficiency. It involves gathering data from humans, transmitting the data to a robot for execution, and providing feedback to the human. To perform complex tasks, such as robotic grasping and manipulation, which require both human intelligence and robotic capabilities, effective interaction modes are required. To address this issue, we use a wearable glove to collect relevant data from a human demonstrator for improved human–robot interaction. Accelerometer, pressure, and flexi sensors were embedded in the wearable glove to measure motion and force information for handling objects of different sizes, materials, and conditions. A machine learning algorithm is proposed to recognize grasp orientation and position, based on",2023,Sensors,Rajmeet Singh; Saeed Mozaffari; Masoud Akhshik; Mohammed Jalal Ahamed; Simon Rondeau-Gagné; Shahpour Alirezaee,10.3390/s23249780,,https://doi.org/10.3390/s23249780,crossref,learning robot manipulation from human video,concept,human_data,,9,robot manipulation; human robot interaction,2026-06-12T15:07:36Z,19.101,19.101
doi:10.1109/icra.2018.8461210,Multi3: Multi-Sensory Perception System for Multi-Modal Child Interaction with Multiple Robots,"Child-robot interaction is an interdisciplinary research area that has been attracting growing interest, primarily focusing on edutainment applications. A crucial factor to the successful deployment and wide adoption of such applications remains the robust perception of the child's multi-modal actions, when interacting with the robot in a natural and untethered fashion. Since robotic sensory and perception capabilities are platform-dependent and most often rather limited, we propose a multiple Kinect-based system to perceive the child-robot interaction scene that is robot-independent and suitable for indoors interaction scenarios. The audio-visual input from the Kinect sensors is fed into speech, gesture, and action recognition modules, appropriately developed in this paper to address the challenging nature of child-robot interaction. For this purpose, data from multiple children are col",2018,,Antigoni Tsiami; Petros Koutras; Niki Efthymiou; Panagiotis P. Filntisis; Gerasimos Potamianos; Petros Maragos,10.1109/icra.2018.8461210,,https://doi.org/10.1109/icra.2018.8461210,openalex,robotics,concept,openalex_bulk_robotics,,17,deployment,2026-06-12T18:57:17Z,19.095,20.095
doi:10.3390/s22103749,Group Emotion Detection Based on Social Robot Perception,"Social robotics is an emerging area that is becoming present in social spaces, by introducing autonomous social robots. Social robots offer services, perform tasks, and interact with people in such social environments, demanding more efficient and complex Human–Robot Interaction (HRI) designs. A strategy to improve HRI is to provide robots with the capacity of detecting the emotions of the people around them to plan a trajectory, modify their behaviour, and generate an appropriate interaction with people based on the analysed information. However, in social environments in which it is common to find a group of persons, new approaches are needed in order to make robots able to recognise groups of people and the emotion of the groups, which can be also associated with a scene in which the group is participating. Some existing studies are focused on detecting group cohesion and the recognit",2022,Sensors,Marco Quiroz; Raquel Patiño; José Diaz-Amado; Yudith Cardinale,10.3390/s22103749,,https://doi.org/10.3390/s22103749,crossref,Gaussian splatting robot perception,concept,architecture,,28,Gaussian splatting robot perception; human robot interaction,2026-06-12T15:07:36Z,19.084,19.084
title:energy aware reinforcement learning for robotic manipulation of articulated components in infrastructure operation and maintenance,Energy-Aware Reinforcement Learning for Robotic Manipulation of Articulated Components in Infrastructure Operation and Maintenance,"With the growth of intelligent civil infrastructure and smart cities, operation and maintenance (O&M) increasingly requires safe, efficient, and energy-conscious robotic manipulation of articulated components, including access doors, service drawers, and pipeline valves. However, existing robotic approaches either focus primarily on grasping or target object-specific articulated manipulation, and they rarely incorporate explicit actuation energy into multi-objective optimisation, which limits their scalability and suitability for long-term deployment in real O&M settings. Therefore, this paper proposes an articulation-agnostic and energy-aware reinforcement learning framework for robotic manipulation in intelligent infrastructure O&M. The method combines part-guided 3D perception, weighted point sampling, and PointNet-based encoding to obtain a compact geometric representation that gener",2026,ArXiv.org,Xiaowen Tao; Yinuo Wang; Haitao Ding; Yuanyang Qi; Ziyu Song,,,https://openalex.org/W7129180444,openalex,energy based transformer robot policy,concept,ebm_transformer,,,energy based transformer robot policy; deployment; long horizon,2026-06-12T18:05:07Z,19.050,20.050
title:cola flow policy temporally coherent imitation learning via continuous latent action flow matching for robotic manipulation,CoLA-Flow Policy: Temporally Coherent Imitation Learning via Continuous Latent Action Flow Matching for Robotic Manipulation,"Learning long-horizon robotic manipulation requires jointly achieving expressive behavior modeling, real-time inference, and stable execution, which remains challenging for existing generative policies. Diffusion-based approaches provide strong modeling capacity but typically incur high inference latency, while flow matching enables fast one-step generation yet often leads to unstable execution when applied directly in the raw action space. We propose LG-Flow Policy, a trajectory-level imitation learning framework that performs flow matching in a continuous latent action space. By encoding action sequences into temporally regularized latent trajectories and learning an explicit latent-space flow, the proposed approach decouples global motion structure from low-level control noise, resulting in smooth and reliable long-horizon execution. LG-Flow Policy further incorporates geometry-aware ",2026,ArXiv.org,"WU Songwei; Jiang Zhiduo; Xie Guanghu; Liu Yang; Liu Hong; Liu Yang; Yang, Liu",,,https://openalex.org/W7127203498,openalex,energy based transformer robot policy,concept,ebm_transformer,,,energy based transformer robot policy; imitation learning; long horizon; latency,2026-06-12T18:05:07Z,19.050,19.050
doi:10.23919/acc53348.2022.9867807,Causal versus Marginal Shapley Values for Robotic Lever Manipulation Controlled using Deep Reinforcement Learning,,2022,2022 American Control Conference (ACC),Sindre Benjamin Remman; Inga Strumke; Anastasios M. Lekkas,10.23919/acc53348.2022.9867807,,https://doi.org/10.23919/acc53348.2022.9867807,crossref,contact rich manipulation learning,concept,contact,,7,contact rich manipulation,2026-06-12T15:07:36Z,19.040,20.040
doi:10.1002/aisy.202200101,Intelligent Interactive Control via Haptic E‐skin for Human–Robot Interaction and Collaboration,"Human–robot interaction and collaboration are emerging as critical and necessary technologies as robots become more commonplace in our lives. Haptic perception and intelligent control are essential to ensure safe and dexterous interactions between humans and robots. Traditional interaction methods using robot proprioceptors rely on robot dynamic models that complicate robotic controls and narrow their adaptabilities. Herein, an intelligent interactive control method is proposed based on a generalized virtual spring‐damping force‐touch mechanism using haptic e‐skin, which converts contact forces and contact positions on the e‐skin to generalized forces for implementing robot compliance controls of multidimensional movements. By touching the e‐skin mounted on a robot arm, a human can readily manipulate the robot arm, achieving flexible movement and rotation. An intelligent architecture of ",2022,Advanced Intelligent Systems,Guozhen Li; Rong Zhu,10.1002/aisy.202200101,,https://doi.org/10.1002/aisy.202200101,crossref,hybrid systems robot control manipulation,anti_myopia,control,,7,hybrid systems; human robot interaction,2026-06-12T15:07:36Z,19.040,22.040
doi:10.1111/cgf.12603,"A Review of Eye Gaze in Virtual Agents, Social Robotics and HCI: Behaviour Generation, User Interaction and Perception","Abstract A person's emotions and state of mind are apparent in their face and eyes. As a Latin proverb states: ‘The face is the portrait of the mind; the eyes, its informers’. This presents a significant challenge for Computer Graphics researchers who generate artificial entities that aim to replicate the movement and appearance of the human eye, which is so important in human–human interactions. This review article provides an overview of the efforts made on tackling this demanding task. As with many topics in computer graphics, a cross‐disciplinary approach is required to fully understand the workings of the eye in the transmission of information to the user. We begin with a discussion of the movement of the eyeballs, eyelids and the head from a physiological perspective and how these movements can be modelled, rendered and animated in computer graphics applications. Furthermore, we pr",2015,Computer Graphics Forum,Kerstin Ruhland; Christopher Peters; Sean Andrist; Jeremy B. Badler; Norman I. Badler; Michael Gleicher; Bilge Mutlu; Rachel McDonnell,10.1111/cgf.12603,,https://doi.org/10.1111/cgf.12603,openalex,robotics,concept,openalex_bulk_robotics,,214,human robot interaction,2026-06-12T18:57:17Z,19.035,19.035
doi:10.1109/tsmca.2002.1021112,An application of passive human-robot interaction: human tracking based on attention distraction,"In this research, a taxonomy is introduced to cover important considerations for human-robot interactions. As an application of passive human-robot interaction, two modalities for localizing humans based on sound source localization and infrared motion detection were developed and integrated with the face-tracker system of a humanoid ISAC (intelligent soft arm control), in order to direct ISACs attention and to prevent it from being quickly distracted. The sound source localization and passive infrared motion detection systems are used to provide the face-tracker system with candidate regions for finding a face. In order to avoid the situation where the robot appears to be ""hyperactive"" and cannot give sufficient attention to a newly discovered face, these sensing modules should not directly gain control of the tracking if the system has recently acquired a new face. Our goal is to allow",2002,IEEE Transactions on Systems Man and Cybernetics - Part A Systems and Humans,A.S. Sekmen; Mitch Wilkes; K. Kawamura,10.1109/tsmca.2002.1021112,,https://doi.org/10.1109/tsmca.2002.1021112,openalex,robotics,concept,openalex_bulk_robotics,,52,human robot interaction,2026-06-12T18:57:17Z,19.035,19.035
doi:10.1177/1729881418773190,Calibrating intuitive and natural human–robot interaction and performance for power-assisted heavy object manipulation using cognition-based intelligent admittance control schemes,"In the first step, a one degree of freedom power assist robotic system is developed for lifting lightweight objects. Dynamics for human–robot co-manipulation is derived that includes human cognition, for example, weight perception. A novel admittance control scheme is derived using the weight perception–based dynamics. Human subjects lift a small-sized, lightweight object with the power assist robotic system. Human–robot interaction and system characteristics are analyzed. A comprehensive scheme is developed to evaluate the human–robot interaction and performance, and a constrained optimization algorithm is developed to determine the optimum human–robot interaction and performance. The results show that the inclusion of weight perception in the control helps achieve optimum human–robot interaction and performance for a set of hard constraints. In the second step, the same optimization al",2018,International Journal of Advanced Robotic Systems,S M Mizanoor Rahman; Ryojun Ikeura,10.1177/1729881418773190,,https://doi.org/10.1177/1729881418773190,crossref,diffusion policy robot manipulation,concept,diffusion,,16,diffusion policy; robot manipulation; model predictive control; human robot interaction,2026-06-12T15:07:36Z,19.017,20.017
doi:10.1109/iros.2004.1389771,"Natural human-robot interaction using speech, head pose and gestures","In this paper we present our ongoing work in building technologies for natural multimodal human-robot interaction. We present our systems for spontaneous speech recognition, multimodal dialogue processing and visual perception of a user, which includes the recognition of pointing gestures as well as the recognition of a person's head orientation. Each of the components is described in the paper and experimental results are presented. In order to demonstrate and measure the usefulness of such technologies for human-robot interaction, all components have been integrated on a mobile robot platform and have been used for real-time human-robot interaction in a kitchen scenario.",2005,,Rainer Stiefelhagen; C. Fogen; Petra Gieselmann; Hartwig Holzapfel; Kai Nickel; Alex Waibel,10.1109/iros.2004.1389771,,https://doi.org/10.1109/iros.2004.1389771,openalex,robotics,concept,openalex_bulk_robotics,,182,human robot interaction,2026-06-12T18:57:17Z,19.005,19.005
arxiv:2402.06018v1,"A versatile robotic hand with 3D perception, force sensing for autonomous manipulation","We describe a force-controlled robotic gripper with built-in tactile and 3D perception. We also describe a complete autonomous manipulation pipeline consisting of object detection, segmentation, point cloud processing, force-controlled manipulation, and symbolic (re)-planning. The design emphasizes versatility in terms of applications, manufacturability, use of commercial off-the-shelf parts, and open-source software. We validate the design by characterizing force control (achieving up to 32N, controllable in steps of 0.08N), force measurement, and two manipulation demonstrations: assembly of the Siemens gear assembly problem, and a sensor-based stacking task requiring replanning. These demonstrate robust execution of long sequences of sensor-based manipulation tasks, which makes the resulting platform a solid foundation for researchers in task-and-motion planning, educators, and quick p",2024,arXiv,Nikolaus Correll; Dylan Kriegman; Stephen Otto; James Watson,,2402.06018v1,http://arxiv.org/abs/2402.06018v1,arxiv,robot world models manipulation,concept,world_models,,,robot world model; force control; motion planning; task and motion planning,2026-06-12T14:45:03Z,19.000,20.000
arxiv:2407.15208v2,Flow as the Cross-Domain Manipulation Interface,"We present Im2Flow2Act, a scalable learning framework that enables robots to acquire real-world manipulation skills without the need of real-world robot training data. The key idea behind Im2Flow2Act is to use object flow as the manipulation interface, bridging domain gaps between different embodiments (i.e., human and robot) and training environments (i.e., real-world and simulated). Im2Flow2Act comprises two components: a flow generation network and a flow-conditioned policy. The flow generation network, trained on human demonstration videos, generates object flow from the initial scene image, conditioned on the task description. The flow-conditioned policy, trained on simulated robot play data, maps the generated object flow to robot actions to realize the desired object movements. By using flow as input, this policy can be directly deployed in the real world with a minimal sim-to-rea",2024,arXiv,Mengda Xu; Zhenjia Xu; Yinghao Xu; Cheng Chi; Gordon Wetzstein; Manuela Veloso; Shuran Song,,2407.15208v2,http://arxiv.org/abs/2407.15208v2,arxiv,robot world models manipulation,concept,world_models,,,robot world model; human demonstration,2026-06-12T14:45:03Z,19.000,20.000
arxiv:2412.04987v2,FlowPolicy: Enabling Fast and Robust 3D Flow-based Policy via Consistency Flow Matching for Robot Manipulation,"Robots can acquire complex manipulation skills by learning policies from expert demonstrations, which is often known as vision-based imitation learning. Generating policies based on diffusion and flow matching models has been shown to be effective, particularly in robotic manipulation tasks. However, recursion-based approaches are inference inefficient in working from noise distributions to policy distributions, posing a challenging trade-off between efficiency and quality. This motivates us to propose FlowPolicy, a novel framework for fast policy generation based on consistency flow matching and 3D vision. Our approach refines the flow dynamics by normalizing the self-consistency of the velocity field, enabling the model to derive task execution policies in a single inference step. Specifically, FlowPolicy conditions on the observed 3D point cloud, where consistency flow matching direct",2024,arXiv,Qinglun Zhang; Zhen Liu; Haoqiang Fan; Guanghui Liu; Bing Zeng; Shuaicheng Liu,,2412.04987v2,http://arxiv.org/abs/2412.04987v2,arxiv,diffusion policy robot manipulation,concept,diffusion,,,diffusion policy; robot manipulation; imitation learning,2026-06-12T14:45:03Z,19.000,19.000
arxiv:2409.01083v5,Affordance-based Robot Manipulation with Flow Matching,"We present a framework for assistive robot manipulation, which focuses on two fundamental challenges: first, efficiently adapting large-scale models to downstream scene affordance understanding tasks, especially in daily living scenarios where gathering multi-task data involving humans requires strenuous effort; second, effectively learning robot action trajectories by grounding the visual affordance model. We tackle the first challenge by employing a parameter-efficient prompt tuning method that prepends learnable text prompts to the frozen vision model to predict manipulation affordances in multi-task scenarios. Then we propose to learn robot action trajectories guided by affordances in a supervised flow matching method. Flow matching represents a robot visuomotor policy as a conditional process of flowing random waypoints to desired robot action trajectories. Finally, we introduce a r",2024,arXiv,Fan Zhang; Michael Gienger,,2409.01083v5,http://arxiv.org/abs/2409.01083v5,arxiv,flow matching policy,concept,architecture,,,diffusion policy; flow matching policy; robot manipulation; assistive robot; affordance learning; behavior cloning; benchmark; generalization,2026-06-12T14:45:03Z,19.000,21.000
arxiv:2402.17351v2,ICP-Flow: LiDAR Scene Flow Estimation with ICP,"Scene flow characterizes the 3D motion between two LiDAR scans captured by an autonomous vehicle at nearby timesteps. Prevalent methods consider scene flow as point-wise unconstrained flow vectors that can be learned by either large-scale training beforehand or time-consuming optimization at inference. However, these methods do not take into account that objects in autonomous driving often move rigidly. We incorporate this rigid-motion assumption into our design, where the goal is to associate objects over scans and then estimate the locally rigid transformations. We propose ICP-Flow, a learning-free flow estimator. The core of our design is the conventional Iterative Closest Point (ICP) algorithm, which aligns the objects over time and outputs the corresponding rigid transformations. Crucially, to aid ICP, we propose a histogram-based initialization that discovers the most likely transl",2024,arXiv,Yancong Lin; Holger Caesar,,2402.17351v2,http://arxiv.org/abs/2402.17351v2,arxiv,flow matching policy,concept,architecture,,,flow matching policy,2026-06-12T14:45:03Z,19.000,19.000
arxiv:2403.05177v2,Interactive Perception for Deformable Object Manipulation,"Interactive perception enables robots to manipulate the environment and objects to bring them into states that benefit the perception process. Deformable objects pose challenges to this due to significant manipulation difficulty and occlusion in vision-based perception. In this work, we address such a problem with a setup involving both an active camera and an object manipulator. Our approach is based on a sequential decision-making framework and explicitly considers the motion regularity and structure in coupling the camera and manipulator. We contribute a method for constructing and computing a subspace, called Dynamic Active Vision Space (DAVS), for effectively utilizing the regularity in motion exploration. The effectiveness of the framework and approach are validated in both a simulation and a real dual-arm robot setup. Our results confirm the necessity of an active camera and coord",2024,arXiv,Zehang Weng; Peng Zhou; Hang Yin; Alexander Kravberg; Anastasiia Varava; David Navarro-Alarcon; Danica Kragic,,2403.05177v2,http://arxiv.org/abs/2403.05177v2,arxiv,deformable object manipulation robot learning,concept,deformable,,,deformable object manipulation; active perception; interactive perception; occlusion,2026-06-12T15:07:36Z,19.000,19.000
arxiv:2410.16481v4,Caging in Time: A Framework for Robust Object Manipulation under Uncertainties and Limited Robot Perception,"Real-world object manipulation has been commonly challenged by physical uncertainties and perception limitations. Being an effective strategy, while caging configuration-based manipulation frameworks have successfully provided robust solutions, they are not broadly applicable due to their strict requirements on the availability of multiple robots, widely distributed contacts, or specific geometries of robots or objects. Building upon previous sensorless manipulation ideas and uncertainty handling approaches, this work proposes a novel framework termed Caging in Time to allow caging configurations to be formed even with one robot engaged in a task. This concept leverages the insight that while caging requires constraining the object's motion, only part of the cage actively contacts the object at any moment. As such, by strategically switching the end-effector configuration and collapsing ",2024,arXiv,Gaotian Wang; Kejia Ren; Andrew S. Morgan; Kaiyu Hang,,2410.16481v4,http://arxiv.org/abs/2410.16481v4,arxiv,Gaussian splatting robot perception bimanual manipulation,concept,architecture_x_embodiment,,,Gaussian splatting robot perception; bimanual manipulation; limitation,2026-06-12T15:07:36Z,19.000,22.000
doi:10.1017/jfm.2026.11553,Causal analysis of a turbulent shear flow model,"We perform causal analysis on the low-dimensional Galerkin model for shear flow developed by Moehlis et al. ( New J. Phys ., vol. 6, 2004, 56). Our method integrates both equation-based analysis and the proposed Galerkin-based Granger causality (GGC) to investigate the effect of the nonlinear terms on the dynamics. Two types of quadratic interactions are identified: a fully triadic interaction and a modulated two-mode coupling. The propagation of these interactions through the nonlinear dynamics leads to a directed cause-and-effect network. Furthermore, the relative importance of each mode amplitude on the dynamics of the target mode is quantified. This analysis provides a deeper understanding of the nonlinear dynamics and distills control opportunities. To demonstrate the applicability of the proposed GGC to realistic flows where Galerkin projection is impractical, a turbulent lid-drive",2026,Journal of Fluid Mechanics,Yongyi Wang; Jiaqing Kou; Bernd R. Noack; Weiwei Zhang,10.1017/jfm.2026.11553,,https://doi.org/10.1017/jfm.2026.11553,crossref,causal robot world model,concept,architecture,,,robot world model; causal robot world model,2026-06-12T15:07:36Z,19.000,20.000
doi:10.1609/aaai.v40i6.42422,Diffusion Implicit Policy for Unpaired Scene-aware Motion Synthesis,"Scene-aware motion synthesis has been widely researched recently due to its numerous applications. Prevailing methods rely heavily on paired motion-scene data, while it is difficult to generalize to diverse scenes when trained only on a few specific ones. Thus, we propose a unified framework, termed Diffusion Implicit Policy (DIP), for scene-aware motion synthesis, where paired motion-scene data are no longer necessary. In this paper, we disentangle human-scene interaction from motion synthesis during training, and then introduce an interaction-based implicit policy into motion diffusion during inference. Synthesized motion can be derived through iterative diffusion denoising and implicit policy optimization, thus motion naturalness and interaction plausibility can be maintained simultaneously. For long-term motion synthesis, we introduce motion blending in joint rotation power space. Th",2026,Proceedings of the AAAI Conference on Artificial Intelligence,Jingyu Gong; Chong Zhang; Fengqi Liu; Ke Fan; Qianyu Zhou; Xin Tan; Zhizhong Zhang; Yuan Xie,10.1609/aaai.v40i6.42422,,https://doi.org/10.1609/aaai.v40i6.42422,crossref,diffusion policy,concept,architecture,,,diffusion policy,2026-06-12T15:07:36Z,19.000,19.000
doi:10.1002/rob.70017,Improved Motion Tomography for Measuring Ocean Flow Field and Informative Path Planning With Unmanned Surface Vehicles,"ABSTRACT Flow field models with high resolution are essential for the effective navigation of marine vehicles. This paper proposes an improved Motion Tomography (MT) method for measuring and estimating the ocean flow field with unmanned surface vehicles (USVs). The MT method relies on measuring the differences between actual and predicted USV trajectories caused by ocean flows, that is, the motion‐integration error. There are two main differences between the proposed MT and the traditional MT. First, the motion‐integration error formulation is improved by considering the impact of the ocean flow on the heading of the USV. Second, the flow field estimation performance is improved due to the readily available USV actual trajectory information. Alongside the USV traversing within the field of interest, the information of the environmental flow field is gradually revealed with the improved f",2025,Journal of Field Robotics,Jiacheng Li; Ying Yu; Zhuoer Tian; Huarong Zheng; Wen Xu,10.1002/rob.70017,,https://doi.org/10.1002/rob.70017,crossref,neural radiance field robotics,concept,architecture,,,neural radiance field robotics,2026-06-12T15:07:36Z,19.000,19.000
doi:10.1108/ir-07-2025-0244,Motion-intention-based variable admittance control for physical human−robot interaction,"Purpose This study aims to enhance physical human−robot interaction (PHRI) in virtual fixture applications by proposing a variable damping admittance control method. The goal is to balance compliance and stability while incorporating human motion intention, thereby reducing oscillations and improving interaction performance in constrained environments. Design/methodology/approach A variable damping admittance control method is proposed, which dynamically adjusts damping based on estimated human motion intention. The interaction dynamics between the human and virtual fixtures are modeled, and the approach is experimentally validated using a UR5 robot in boundary-restriction scenarios. Findings Experimental results show that the proposed method effectively suppresses undesired motion oscillations while preserving compliance. This improves the smoothness and safety of human−robot interactio",2026,Industrial Robot: the international journal of robotics research and application,Sixian Fei; Yichen Zhang; Xuanxuan Li; Shuai Guo,10.1108/ir-07-2025-0244,,https://doi.org/10.1108/ir-07-2025-0244,crossref,EBM transformer robotics industrial robot,concept,architecture_x_embodiment,,,EBM transformer robotics; industrial robot; human robot interaction,2026-06-12T15:07:36Z,19.000,19.000
doi:10.1142/s0219843606000813,HUMAN MOTION PERCEPTION THROUGH VIDEO MODEL-BASED TRACKING,"As computer vision enables the robot to be aware of its human counterpart, such algorithms could help machines to achieve human-like interaction. However, many video tracking algorithms are not able to cope with some robot vision requirements. The articulated tracking system we develop solves some of those issues. It relies on model-based algorithms, which we believe are more suitable to robot vision than appearance-based ones. Indeed, as they update all the relevant parameters of a surrounding world model, results include some knowledge of the camera and objects relative positions. Our system relies on 3D model silhouette matching and runs in real time. We increase the algorithm robustness by introducing a pre-processing step based on image moments. This allows the iteration refinement to start in a better position by roughly estimating the body motion from one frame to the next.",2006,International Journal of Humanoid Robotics,JEAN-BAPTISTE DE LA RIVIÈRE; PASCAL GUITTON,10.1142/s0219843606000813,,https://doi.org/10.1142/s0219843606000813,crossref,humanoid robot foundation model,concept,humanoid,,,robot foundation model; humanoid robot; robustness,2026-06-12T14:45:03Z,19.000,20.000
doi:10.31224/5901,"Toward Multimodal Agent Intelligence: Perception, Reasoning, Generation and Interaction","The pursuit of Artificial General Intelligence (AGI) necessitates the development of agents that can understand and interact with the world in a manner akin to humans. A cornerstone of this endeavor is multimodal agent intelligence, which equips agents with the ability to process, comprehend, and act upon information from a multitude of sensory channels, such as vision, language, and audio. This survey provides a comprehensive overview of the field, charting a course through the core components required to build such sophisticated systems. We begin by establishing the foundations of multimodal intelligence, defining key concepts and tracing its evolution. We then delve into the three pillars of agent capability: Multimodal Perception, which covers how agents see, hear, and read the world; Multimodal Reasoning and Learning, which explores how they think, infer, and acquire new knowledge f",,,Zixuan Zhou; Maycon Leone de Melo; Tatiane Araújo Rios,10.31224/5901,,https://doi.org/10.31224/5901,crossref,Gaussian splatting robot perception embodied agent,concept,architecture_x_embodiment,,,Gaussian splatting robot perception; embodied agent; benchmark; robustness,2026-06-12T15:07:36Z,19.000,21.000
doi:10.31234/osf.io/u3fn2_v1,How do Naturalistic Visuo-Auditory Cues Guide Human Attention? Insights from Systematic Explorations in Visual Perception of Embodied Multimodal Interaction,"Studies in visual cognition highlight the importance of visual, spatial, and auditory cues in influencing human attention. Such cues often tend to be indicative of actions or events, thereby serving as predictive indicators in both passive observation as well as in interactive engagement. Our research focuses on visual attention in passive observation, particularly examining the manner in which visual, spatial, and auditory cues ---henceforth visuoauditory cues--- influence attention on everyday multimodal interaction. We systematically develop a visuoauditory event model for investigating visual attention in naturalistic embodied settings. Rooted in this event model, we explore the influence of five select visuoauditory cues ---namely, speaking, gaze, relative motion, hand action, and visibility--- on visual attention. Our analysis utilizes eye-tracking data from 90 participants observi",,,Vipul Nair; Mehul Bhatt; Jakob Suchan; Erik Billing; Paul Hemeren,10.31234/osf.io/u3fn2_v1,,https://doi.org/10.31234/osf.io/u3fn2_v1,crossref,Gaussian splatting robot perception embodied agent,concept,architecture_x_embodiment,,,Gaussian splatting robot perception; embodied agent,2026-06-12T15:07:36Z,19.000,19.000
doi:10.1068/v970374,Scene Recognition after Active and Passive Learning,"Most research on visual recognition has been carried out on isolated objects with the main finding being that for certain classes of objects recognition strongly depends on the views learned during training. Recognition of scenes, ie structured environments, is rarely studied, possibly because of the difficulty involved in isolation and control of pertinent cues. We can overcome such problems by using computer graphics to model structured environments where training or learning is facilitated by active explorations with the use of VR technology. We are trying to determine whether there exists the same degree of view-dependence in scenes as has been found for objects. We do this by using a single, sparsely decorated, yet structured room with which subjects familiarise themselves. This learning process can take two forms: either active or passive. In the active case, subjects can manoeuvre",1997,Perception,C G Christou; H H Bülthoff,10.1068/v970374,,https://doi.org/10.1068/v970374,crossref,scene graph robot learning,concept,architecture,,1,scene graph robot learning,2026-06-12T15:07:36Z,18.997,18.997
doi:10.34133/2021/9807452,Knowledge Graph-Based Image Recognition Transfer Learning Method for On-Orbit Service Manipulation,"Visual perception provides state information of current manipulation scene for control system, which plays an important role in on-orbit service manipulation. With the development of deep learning, deep convolutional neural networks (CNNs) have achieved many successful applications in the field of visual perception. Deep CNNs are only effective for the application condition containing a large number of training data with the same distribution as the test data; however, real space images are difficult to obtain during large-scale training. Therefore, deep CNNs can not be directly adopted for image recognition in the task of on-orbit service manipulation. In order to solve the problem of few-shot learning mentioned above, this paper proposes a knowledge graph-based image recognition transfer learning method (KGTL), which learns from training dataset containing dense source domain data and ",2021,Space: Science & Technology,Ao Chen; Yongchun Xie; Yong Wang; Linfeng Li,10.34133/2021/9807452,,https://doi.org/10.34133/2021/9807452,crossref,contact rich manipulation learning,concept,contact,,17,contact rich manipulation; generalization,2026-06-12T15:07:36Z,18.995,19.995
doi:10.1609/aaai.v37i2.25308,Action-Conditioned Generation of Bimanual Object Manipulation Sequences,"The generation of bimanual object manipulation sequences given a semantic action label has broad applications in collaborative robots or augmented reality. This relatively new problem differs from existing works that generate whole-body motions without any object interaction as it now requires the model to additionally learn the spatio-temporal relationship that exists between the human joints and object motion given said label. To tackle this task, we leverage the varying degree each muscle or joint is involved during object manipulation. For instance, the wrists act as the prime movers for the objects while the finger joints are angled to provide a firm grip. The remaining body joints are the least involved in that they are positioned as naturally and comfortably as possible. We thus design an architecture that comprises 3 main components: (i) a graph recurrent network that generates t",2023,Proceedings of the AAAI Conference on Artificial Intelligence,Haziq Razali; Yiannis Demiris,10.1609/aaai.v37i2.25308,,https://doi.org/10.1609/aaai.v37i2.25308,crossref,deformable object manipulation robot learning,concept,deformable,,7,bimanual manipulation; deformable object manipulation,2026-06-12T15:07:36Z,18.990,18.990
doi:10.1068/p5271,Global versus Local Image Expansion in Estimating Time-to-Contact from Complex Optic Flow,"Previous work (Harris and Giachritsis 2000, Vision Research40 601–611) has shown that, when global and local image expansion are placed in conflict, estimates of time-to-contact (TTC) are based almost exclusively upon global expansion. Here we extend this finding by demonstrating that global image expansion continues to predominate even under conditions that seem more favourable to a local analysis. We added a global rotation to the stimulus so that the global pattern of expansion was distorted while leaving the local expansion unaffected. Even under relatively high rotation rates (30° s −1 ), local expansion continued to have little systematic effect upon estimates of TTC.",2005,Perception,Christos D Giachritsis; Mike G Harris,10.1068/p5271,,https://doi.org/10.1068/p5271,crossref,Gaussian splatting robot perception contact rich manipulation,concept,architecture_x_embodiment,,7,Gaussian splatting robot perception; contact rich manipulation,2026-06-12T15:07:36Z,18.990,18.990
doi:10.1002/aisy.202100038,Whole‐Body Multicontact Haptic Human–Humanoid Interaction Based on Leader–Follower Switching: A Robot Dance of the “Box Step”,"For physical human–robot interaction (pHRI) where multi‐contacts play a key role, both robustness to achieve robot‐intended motion and adaptability to follow human‐intended motion are fundamental. However, there are tradeoffs during pHRI when their intentions do not match. This paper focuses on bipedal walking control during pHRI, which handles such tradeoff when a human and a humanoid robot having different footsteps locations and durations. To resolve this, a force‐reactive walking controller is proposed by adequately combining ankle and stepping strategies. The ankle strategy maintains the robot's intention based on an analytically‐optimal center of pressure, leading the robot to oppose resistance to multiple contacts from the human. Based on the robot's kinodynamic constraints and/or the confidence of the robot's intention, the stepping strategy updates the robot's footsteps based on",2022,Advanced Intelligent Systems,Taisuke Kobayashi; Emmanuel Dean-Leon; Julio Rogelio Guadarrama-Olvera; Florian Bergner; Gordon Cheng,10.1002/aisy.202100038,,https://doi.org/10.1002/aisy.202100038,crossref,whole body manipulation humanoid,concept,humanoid,,23,humanoid robot; human robot interaction; robustness,2026-06-12T14:45:03Z,18.989,19.989
doi:10.1002/rob.20313,Leaving Flatland: Efficient real‐time three‐dimensional perception and motion planning,"Abstract In this article we present the complete details of the architecture and implementation of Leaving Flatland, an exploratory project that attempts to surmount the challenges of closing the loop between autonomous perception and action on challenging terrain. The proposed system includes comprehensive localization, mapping, path planning, and visualization techniques for a mobile robot to operate autonomously in complex three‐dimensional (3D) indoor and outdoor environments. In doing so we integrate robust visual odometry localization techniques with real‐time 3D mapping methods from stereo data to obtain consistent global models annotated with semantic labels. These models are used by a multiregion motion planner that adapts existing two‐dimensional planning techniques to operate in 3D terrain. All the system components are evaluated on a variety of real‐world data sets, and their",2009,Journal of Field Robotics,Radu Bogdan Rusu; Aravind Sundaresan; Benoit Morisset; Kris Hauser; Motilal Agrawal; Jean‐Claude Latombe; Michael Beetz,10.1002/rob.20313,,https://doi.org/10.1002/rob.20313,crossref,neural radiance field robotics,concept,architecture,,50,neural radiance field robotics; motion planning,2026-06-12T15:07:36Z,18.966,20.966
doi:10.1177/1059712321989099,Disrupting the Flow of Perception-Action through Design,"It is usually a mark of good design when technologies and tools that mediate goal-directed action are such that the user’s attentional focus is maintained on the intended ends of action rather than on the technologies and tools themselves. When the mediators become the focus, the continuity of goal-directed action is disrupted, and the flow of action can be re-directed. What then is the purpose of the projects designed by the RAAAF studio, as described by Rietveld, which seem to be intended to do both? Disruption of the continuity of goal-directed perception-action may prompt reflection about the circumstances at work, and in so doing provoke a transformation in habitual patterns of action and of thought. The project “The End of Sitting” is intended to remediate the adverse health effects of standard chair-dominated offices through an unconventional office landscape that prompts intermit",2022,Adaptive Behavior,Harry Heft,10.1177/1059712321989099,,https://doi.org/10.1177/1059712321989099,crossref,adaptive world action model,concept,architecture,,2,world action model; adaptive world action model,2026-06-12T14:45:03Z,18.949,18.949
doi:10.1109/lra.2018.2856525,Motion-Based Object Segmentation Based on Dense RGB-D Scene Flow,,2018,IEEE Robotics and Automation Letters,Lin Shao; Parth Shah; Vikranth Dwaracherla; Jeannette Bohg,10.1109/lra.2018.2856525,,https://doi.org/10.1109/lra.2018.2856525,crossref,scene graph robot learning,concept,architecture,,32,scene graph robot learning,2026-06-12T15:07:36Z,18.948,18.948
doi:10.1109/lra.2026.3653273,FlowDreamer: A RGB-D World Model With Flow-Based Motion Representations for Robot Manipulation,,2026,IEEE Robotics and Automation Letters,Jun Guo; Xiaojian Ma; Yikai Wang; Min Yang; Huaping Liu; Qing Li,10.1109/lra.2026.3653273,,https://doi.org/10.1109/lra.2026.3653273,crossref,adaptive world action model robot,concept,wam,,1,world action model; adaptive world action model; robot manipulation,2026-06-12T14:45:03Z,18.947,18.947
doi:10.5772/6834,Toward Human Like Walking – Walking Mechanism of 3D Passive Dynamic Motion with Lateral Rolling – Advances in Human-Robot Interaction,,2009,Advances in Human-Robot Interaction,Tomoo Takeguchi; Minako Ohashi; Jaeho Kim,10.5772/6834,,https://doi.org/10.5772/6834,crossref,learning robot manipulation from human video,concept,human_data,,1,robot manipulation; human robot interaction,2026-06-12T15:07:36Z,18.947,18.947
doi:10.1142/s0218127418501717,Hidden Attractor in a Passive Motion Model of Compass-Gait Robot,"Many studies have been done on different aspects of biped robots such as motion, path planning, control and stability. Dynamical properties of biped robot on a sloping surface such as equilibria and their stabilities, bifurcations and basin of attraction are investigated in this paper. Basin of attraction is an important property since it can determine the unseen conditions which affect the attractor of the system with multistabilities. By the help of basin of attractions, the paper claims that the strange attractors of compass-gait robot are hidden.",2018,International Journal of Bifurcation and Chaos,Mahdi Nourian Zavareh; Fahimeh Nazarimehr; Karthikeyan Rajagopal; Sajad Jafari,10.1142/s0218127418501717,,https://doi.org/10.1142/s0218127418501717,openalex,robotics,concept,openalex_bulk_robotics,,25,,2026-06-12T18:57:17Z,18.929,18.929
doi:10.1109/jsyst.2019.2958747,Visual Perception for Multiple Human–Robot Interaction From Motion Behavior,,2020,IEEE Systems Journal,Emrah Benli; Yuichi Motai; John Rogers,10.1109/jsyst.2019.2958747,,https://doi.org/10.1109/jsyst.2019.2958747,crossref,Gaussian splatting robot perception,concept,architecture,,13,Gaussian splatting robot perception; human robot interaction,2026-06-12T15:07:36Z,18.920,18.920
doi:10.1109/access.2021.3066529,Auto-Tuned Event-Based Perception Scheme for Intrusion Monitoring With UAS,"This paper presents an asynchronous event-based scheme for automatic intrusion monitoring using Unmanned Aerial Systems (UAS). Event cameras are neuromorphic sensors that capture the illumination changes in the camera pixels with high temporal resolution and dynamic range. In contrast to conventional frame-based cameras, they are naturally robust against motion blur and lighting conditions, which make them ideal for outdoor aerial robot applications. The presented scheme includes two main perception components. First, an asynchronous event-based processing system efficiently detects intrusions by combining several asynchronous event-based algorithms that exploit the advantages of the sequential nature of the event stream. The second is an off-line training mechanism that adjusts the parameters of the event-based algorithms to a particular surveillance scenario and mission. The proposed p",2021,IEEE Access,Juan Pablo Rodríguez Gómez; Augusto Gómez Eguíluz; José Ramiro Martínez‐de Dios; Anı́bal Ollero,10.1109/access.2021.3066529,,https://doi.org/10.1109/access.2021.3066529,openalex,energy based policy robotics,concept,ebm,,13,,2026-06-12T18:43:24Z,18.920,18.920
doi:10.1109/tnnls.2020.2980892,Lifelong Visual-Tactile Cross-Modal Learning for Robotic Material Perception,"The material attribute of an object's surface is critical to enable robots to perform dexterous manipulations or actively interact with their surrounding objects. Tactile sensing has shown great advantages in capturing material properties of an object's surface. However, the conventional classification method based on tactile information may not be suitable to estimate or infer material properties, particularly during interacting with unfamiliar objects in unstructured environments. Moreover, it is difficult to intuitively obtain material properties from tactile data as the tactile signals about material properties are typically dynamic time sequences. In this article, a visual-tactile cross-modal learning framework is proposed for robotic material perception. In particular, we address visual-tactile cross-modal learning in the lifelong learning setting, which is beneficial to incrementa",2020,IEEE Transactions on Neural Networks and Learning Systems,Wendong Zheng; Huaping Liu; Fuchun Sun,10.1109/tnnls.2020.2980892,,https://doi.org/10.1109/tnnls.2020.2980892,openalex,robotics,concept,openalex_bulk_robotics,,41,dexterous manipulation,2026-06-12T18:57:17Z,18.919,18.919
doi:10.1038/s44182-026-00077-0,Embodied tactile perception of soft objects properties,"Abstract To enable robots to perform human-like dexterous manipulation, it is essential to understand how mechanical compliance, multi-modal sensing, and purposeful interaction jointly shape tactile perception. In this study, we use a dedicated modular e-Skin with interchangeable mechanical compliance and multi-modal sensing to systematically investigate how sensing embodiment and interaction strategies influence robotic perception of objects. Leveraging a curated set of soft wave objects with controlled viscoelastic and surface properties, we explore a rich set of palpation primitives that vary in indentation depth, frequency, and directionality. In addition, we propose the latent filter , an unsupervised, action-conditioned deep state-space model of the sophisticated interaction dynamics, and infer causal mechanical properties into a structured latent space. This provides in-depth, int",2026,npj Robotics,Anirvan Dutta; Alexis WM Devillard; Zhihua Zhang; Xiaoxiao Cheng; Etienne Burdet,10.1038/s44182-026-00077-0,,https://doi.org/10.1038/s44182-026-00077-0,crossref,tactile language action robotics,concept,tactile,,2,dexterous manipulation; tactile perception,2026-06-12T14:45:03Z,18.899,19.899
doi:10.1145/3777552,Reporting Guidelines for Large Language Models in Human–Robot Interaction,"The comparatively recent advent of Large Language Models (LLMs) has resulted in a wide array of new capabilities and components relevant to Human–Robot Interaction (HRI) researchers. LLMs are being applied to vision, manipulation, planning, reasoning, learning, and HRI problems, frequently as “Scarecrows,” in which LLMs serve as black box modules integrated into robot architectures for the purpose of quickly enabling full-pipeline solutions. However, despite this explosion of applications, general questions remain about the best ways to incorporate LLMs into robot architectures, appropriate safety and guardrail considerations, and, critically, how to report properly on HRI research that involves LLMs. In this article, we explore the question of reporting guidelines for HRI researchers who utilize Scarecrows in robot architectures. We identify five key stakeholder groups in the HRI resear",2026,ACM Transactions on Human-Robot Interaction,Cynthia Matuszek; Tom Williams; Nicholas DePalma; Ross Mead; Ruchen Wen; Eike Schneiders; Casey Kennington; Alemitu Bezabih,10.1145/3777552,,https://doi.org/10.1145/3777552,crossref,robot world models manipulation,concept,world_models,,2,robot world model; human robot interaction,2026-06-12T15:07:36Z,18.899,18.899
doi:10.1145/3682074,Body Movement Mirroring and Synchrony in Human–Robot Interaction,"This review article provides an overview of papers that have studied body movement mirroring and synchrony within the field of human-robot interaction. The papers included in this review cover system studies, which focus on evaluating the technical aspects of mirroring and synchrony robotic systems, and user studies, which focus on measuring particular interaction outcomes or attitudes towards robots expressing mirroring and synchrony behaviors. We review the papers in terms of the employed robotic platforms and the focus on parts of the body, the techniques used to sense and react to human motion, the evaluation methods, the intended applications of the human-robot interaction systems and the scenarios utilized in user studies. Finally, challenges and possible future directions are considered and discussed.",2024,ACM Transactions on Human-Robot Interaction,Darja Stoeva; Andreas Kriegler; Margrit Gelautz,10.1145/3682074,,https://doi.org/10.1145/3682074,crossref,learning robot manipulation from human video,concept,human_data,,8,robot manipulation; human robot interaction,2026-06-12T15:07:36Z,18.899,19.899
doi:10.48550/arxiv.2404.02817,A Survey of Optimization-based Task and Motion Planning: From Classical To Learning Approaches,"Task and Motion Planning (TAMP) integrates high-level task planning and low-level motion planning to equip robots with the autonomy to effectively reason over long-horizon, dynamic tasks. Optimization-based TAMP focuses on hybrid optimization approaches that define goal conditions via objective functions and are capable of handling open-ended goals, robotic dynamics, and physical interaction between the robot and the environment. Therefore, optimization-based TAMP is particularly suited to solve highly complex, contact-rich locomotion and manipulation problems. This survey provides a comprehensive review on optimization-based TAMP, covering (i) planning domain representations, including action description languages and temporal logic, (ii) individual solution strategies for components of TAMP, including AI planning and trajectory optimization (TO), and (iii) the dynamic interplay between",2024,arXiv (Cornell University),Zhigen Zhao; Shuo Chen; Yan Ding; Ziyi Zhou; Shiqi Zhang; Danfei Xu; Ye Zhao,10.48550/arxiv.2404.02817,,https://doi.org/10.48550/arxiv.2404.02817,openalex,energy based transformer robot policy,concept,ebm_transformer,,3,energy based transformer robot policy; motion planning; task and motion planning; long horizon,2026-06-12T18:05:07Z,18.893,20.893
doi:10.1109/robot.2004.1308100,Navigation for human-robot interaction tasks,"One major design goal in human-robot interaction is that the robots behave in an intelligent manner, preferably in a similar way as humans. This constraint must also be taken into consideration when the navigation system for the platform is developed. However, research in human-robot interaction is often restricted to other components of the system including gestures, manipulation, and speech. On the other hand, research for mobile robot navigation focuses primarily on the task of reaching a certain goal point in an environment. We believe that these two problems can not be treated separately for a personal robot that coexists with humans in the same surrounding. Persons move constantly while they are interacting with each other. Hence, also a robot should do that, which poses constraints on the navigation system. This type of navigation is the focus of this paper. Methods have been deve",2004,,Philipp Althaus; Hiroshi Ishiguro; Takayuki Kanda; Takahiro Miyashita; Henrik I. Christensen,10.1109/robot.2004.1308100,,https://doi.org/10.1109/robot.2004.1308100,openalex,robotics,concept,openalex_bulk_robotics,,145,human robot interaction,2026-06-12T18:57:17Z,18.892,18.892
doi:10.1177/02783649211056967,Learning to solve sequential physical reasoning problems from a scene image,"In this article, we propose deep visual reasoning, which is a convolutional recurrent neural network that predicts discrete action sequences from an initial scene image for sequential manipulation problems that arise, for example, in task and motion planning (TAMP). Typical TAMP problems are formalized by combining reasoning on a symbolic, discrete level (e.g., first-order logic) with continuous motion planning such as nonlinear trajectory optimization. The action sequences represent the discrete decisions on a symbolic level, which, in turn, parameterize a nonlinear trajectory optimization problem. Owing to the great combinatorial complexity of possible discrete action sequences, a large number of optimization/motion planning problems have to be solved to find a solution, which limits the scalability of these approaches. To circumvent this combinatorial complexity, we introduce deep vis",2021,The International Journal of Robotics Research,Danny Driess; Jung-Su Ha; Marc Toussaint,10.1177/02783649211056967,,https://doi.org/10.1177/02783649211056967,crossref,physical reasoning robotics manipulation,concept,physical_reasoning,,13,motion planning; task and motion planning; generalization,2026-06-12T14:45:03Z,18.870,20.870
arxiv:2605.09989v2,StereoPolicy: Improving Robotic Manipulation Policies via Stereo Perception,"Recent advances in robot imitation learning have produced powerful visuomotor policies that manipulate diverse objects from visual inputs. However, monocular observations lack depth information, which is critical for precise manipulation in cluttered or geometrically complex scenes. Explicit depth maps and point clouds are often noisy and fragile in real-world manipulation. We introduce StereoPolicy, a visuomotor policy learning framework that directly leverages synchronized stereo image pairs to improve geometric reasoning without constructing explicit 3D representations. StereoPolicy processes each image with pretrained 2D vision encoders and fuses left-right features through a cross-attention-based Stereo Transformer, capturing spatial correspondence and disparity cues implicitly. The framework integrates with diffusion-based and pretrained vision-language-action (VLA) policies, deliv",2026,arXiv,Evans Han; Yunfan Jiang; Yingke Wang; Haoyue Xiao; Huang Huang; Jianwen Xie; Jiajun Wu; Li Fei-Fei; Ruohan Zhang,,2605.09989v2,http://arxiv.org/abs/2605.09989v2,arxiv,diffusion policy robot manipulation,concept,diffusion,,,diffusion policy; robot manipulation; mobile manipulation; imitation learning; benchmark,2026-06-12T14:45:03Z,18.850,20.850
arxiv:2606.03694v1,Face versus Body Tracking for Human-Robot Interaction: An Egocentric Dataset,"To enable meaningful human-robot interaction (HRI), a robot must continuously assess engagement by consistently tracking users over time. State-of-the-art computer vision models, however, are heavily optimized for surveillance or autonomous driving. A social robot faces distinct egocentric challenges, such as humans bouncing, obstructing each other, or leaving the frame. Frequent identity switches (IDSW) cause the robot to lose its footing mid-conversation. To address this, we introduce a novel, custom-annotated egocentric dataset collected via the Furhat robot to capture complex social dynamics. We present a systematic evaluation isolating detection errors from tracking logic, comparing face versus body tracking, and assessing the impact of extended spatial memory and appearance re-identification (ReID). Results indicate that increasing spatial memory mitigates prolonged occlusions but ",2026,arXiv,Jessica Wenninger; Gabriel Skantze,,2606.03694v1,http://arxiv.org/abs/2606.03694v1,arxiv,learning robot manipulation from human video,concept,human_data,,,robot manipulation; human robot interaction; benchmark; occlusion,2026-06-12T14:45:03Z,18.850,20.850
arxiv:2512.06112v2,WAM-Flow: Parallel Coarse-to-Fine Motion Planning via Discrete Flow Matching for Autonomous Driving,"We introduce WAM-Flow, a vision-language-action (VLA) model that casts ego-trajectory planning as discrete flow matching over a structured token space. In contrast to autoregressive decoders, WAM-Flow performs fully parallel, bidirectional denoising, enabling coarse-to-fine refinement with a tunable compute-accuracy trade-off. Specifically, the approach combines a metric-aligned numerical tokenizer that preserves scalar geometry via triplet-margin learning, a geometry-aware flow objective and a simulator-guided GRPO alignment that integrates safety, ego progress, and comfort rewards while retaining parallel generation. A multi-stage adaptation converts a pre-trained auto-regressive backbone (Janus-1.5B) from causal decoding to non-causal flow model and strengthens road-scene competence through continued multimodal pretraining. Thanks to the inherent nature of consistency model training a",2025,arXiv,Yifang Xu; Jiahao Cui; Feipeng Cai; Zhihao Zhu; Hanlin Shang; Shan Luan; Mingwang Xu; Neng Zhang; Yaoyi Li; Jia Cai; Siyu Zhu,,2512.06112v2,http://arxiv.org/abs/2512.06112v2,arxiv,flow matching policy,concept,architecture,,,flow matching policy; motion planning; benchmark,2026-06-12T14:45:03Z,18.850,21.850
arxiv:2503.06135v1,FlowMP: Learning Motion Fields for Robot Planning with Conditional Flow Matching,"Prior flow matching methods in robotics have primarily learned velocity fields to morph one distribution of trajectories into another. In this work, we extend flow matching to capture second-order trajectory dynamics, incorporating acceleration effects either explicitly in the model or implicitly through the learning objective. Unlike diffusion models, which rely on a noisy forward process and iterative denoising steps, flow matching trains a continuous transformation (flow) that directly maps a simple prior distribution to the target trajectory distribution without any denoising procedure. By modeling trajectories with second-order dynamics, our approach ensures that generated robot motions are smooth and physically executable, avoiding the jerky or dynamically infeasible trajectories that first-order models might produce. We empirically demonstrate that this second-order conditional fl",2025,arXiv,Khang Nguyen; An T. Le; Tien Pham; Manfred Huber; Jan Peters; Minh Nhat Vu,,2503.06135v1,http://arxiv.org/abs/2503.06135v1,arxiv,flow matching robot policy,concept,flow,,,motion planning; benchmark,2026-06-12T15:07:36Z,18.850,20.850
doi:10.3390/biomimetics8040371,A Robust Semi-Direct 3D SLAM for Mobile Robot Based on Dense Optical Flow in Dynamic Scenes,"Dynamic objects bring about a large number of error accumulations in pose estimation of mobile robots in dynamic scenes, and result in the failure to build a map that is consistent with the surrounding environment. Along these lines, this paper presents a robust semi-direct 3D simultaneous localization and mapping (SLAM) algorithm for mobile robots based on dense optical flow. First, a preliminary estimation of the robot’s pose is conducted using the sparse direct method and the homography matrix is utilized to compensate for the current frame image to reduce the image deformation caused by rotation during the robot’s motion. Then, by calculating the dense optical flow field of two adjacent frames and segmenting the dynamic region in the scene based on the dynamic threshold, the local map points projected within the dynamic regions are eliminated. On this basis, the robot’s pose is optim",2023,Biomimetics,Bo Hu; Jingwen Luo,10.3390/biomimetics8040371,,https://doi.org/10.3390/biomimetics8040371,crossref,flow matching robot policy,concept,flow,,5,SLAM,2026-06-12T15:07:36Z,18.846,19.846
doi:10.3390/robotics13070107,Human–Robot Collaborative Manufacturing Cell with Learning-Based Interaction Abilities,"This paper presents a collaborative manufacturing cell implemented in a laboratory setting, focusing on developing learning-based interaction abilities to enhance versatility and ease of use. The key components of the system include 3D real-time volumetric monitoring for safety, visual recognition of hand gestures for human-to-robot communication, classification of physical-contact-based interaction primitives during handover operations, and detection of hand–object interactions to anticipate human intentions. Due to the nature and complexity of perception, deep-learning-based techniques were used to enhance robustness and adaptability. The main components are integrated in a system containing multiple functionalities, coordinated through a dedicated state machine. This ensures appropriate actions and reactions based on events, enabling the execution of specific modules to complete a giv",2024,Robotics,Joel Baptista; Afonso Castro; Manuel Gomes; Pedro Amaral; Vítor Santos; Filipe Silva; Miguel Oliveira,10.3390/robotics13070107,,https://doi.org/10.3390/robotics13070107,crossref,learning robot manipulation from human video,concept,human_data,,7,robot manipulation; robustness; deployment,2026-06-12T15:07:36Z,18.840,20.840
doi:10.3390/app11093907,Exoscarne: Assistive Strategies for an Industrial Meat Cutting System Based on Physical Human-Robot Interaction,"Musculoskeletal disorders of the wrist are common in the meat industry. A proof of concept of a physical human-robot interaction (pHRI)-based assistive strategy for an industrial meat cutting system is demonstrated which can be transferred to an exoskeleton later. We discuss how a robot can assist a human in pHRI, specifically in the context of an industrial project i.e for the meat cutting industry. We developed an impedance control-based system that enables a KUKA LWR robot to provide assistive forces to a professional butcher while simultaneously allowing motion of the knife (tool) in all degrees of freedom. We developed two assistive strategies—a force amplification strategy and an intent prediction strategy—and integrated them into an impedance controller.",2021,Applied Sciences,Harsh Maithani; Juan Antonio Corrales Ramon; Laurent Lequievre; Youcef Mezouar; Matthieu Alric,10.3390/app11093907,,https://doi.org/10.3390/app11093907,crossref,Gaussian splatting robot perception assistive robot,concept,architecture_x_embodiment,,25,Gaussian splatting robot perception; assistive robot; impedance control; human robot interaction,2026-06-12T15:07:36Z,18.829,18.829
doi:10.1177/0278364906066768,On the Stability of the Passive Dynamics of Quadrupedal Running with a Bounding Gait,"This paper examines the passive dynamics of quadrupedal bounding. First, an unexpected difference between local and global behavior of the forward speed versus touchdown angle in the self-stabilized Spring Loaded Inverted Pendulum (SLIP) model is exposed and discussed. Next, the stability properties of a simplified sagittal plane model of our Scout II quadrupedal robot are investigated. Despite its simplicity, this model captures the targeted steady state behavior of Scout II without dependence on the fine details of the robot structure. Two variations of the bounding gait, which are observed experimentally in Scout II, are considered. Surprisingly, numerical return map studies reveal that passive generation of a large variety of cyclic bounding motion is possible. Most strikingly, local stability analysis shows that the dynamics of the open loop passive system alone can confer stability",2006,The International Journal of Robotics Research,Ioannis Poulakakis; Evangelos Papadopoulos; Martin Buehler,10.1177/0278364906066768,,https://doi.org/10.1177/0278364906066768,crossref,latent dynamics model robotics,concept,architecture,,141,latent dynamics model robotics,2026-06-12T15:07:36Z,18.828,18.828
arxiv:2012.06410v1,Learning How to Trade-Off Safety with Agility Using Deep Covariance Estimation for Perception Driven UAV Motion Planning,"We investigate how to utilize predictive models for selecting appropriate motion planning strategies based on perception uncertainty estimation for agile unmanned aerial vehicle (UAV) navigation tasks. Although there are variety of motion planning and perception algorithms for such tasks, the impact of perception uncertainty is not explicitly handled in many of the current motion algorithms, which leads to performance loss in real-life scenarios where the measurement are often noisy due to external disturbances. We develop a novel framework for embedding perception uncertainty to high level motion planning management, in order to select the best available motion planning approach for the currently estimated perception uncertainty. We estimate the uncertainty in visual inputs using a deep neural network (CovNet) that explicitly predicts the covariance of the current measurements. Next, we",2020,arXiv,Onur Akgun; Kamil Canberk Atik; Mustafa Erdem; Mehmetcan Kaymaz; Bugrahan Yamak; N. Kemal Ure,,2012.06410v1,http://arxiv.org/abs/2012.06410v1,arxiv,task and motion planning robotics,anti_myopia,classic,,,motion planning; task and motion planning,2026-06-12T15:07:36Z,18.800,23.800
doi:10.5555/1734454.1734473,Perception of affect elicited by robot motion,"Nonverbal behaviors serve as a rich source of information in inter human communication. In particular, motion cues can reveal details on a person's current physical and mental state. Research has shown, that people do not only interpret motion cues of humans in these terms, but also the motion of animals and inanimate devices such as robots. In order to successfully integrate mobile robots in domestic environments, designers have therefore to take into account how the device will be perceived by the user. In this study we analyzed the relationship between motion characteristics of a robot and perceived affect. Based on a literature study we selected two motion characteristics, namely acceleration and curvature, which appear to be most influential for how motion is perceived. We systematically varied these motion parameters and recorded participants interpretations in terms of affective c",2010,Human-Robot Interaction,Martin Saerbeck; Christoph Bartneck,10.5555/1734454.1734473,,https://doi.org/10.5555/1734454.1734473,openalex,robotics,concept,openalex_bulk_robotics,,132,,2026-06-12T18:57:17Z,18.795,18.795
doi:10.3990/1.9789036553568,A geometric approach to robotic manipulation in physical human-robot interaction,"If people think about robots, they think of human-like machines with equivalent cognitive abilities and sensorimotor skills. The reality looks quite different. Most commonly, robots with six serially arranged joints are installed in industrial production. They are placed behind safety fences, isolated from their environment. The main requirements for those robots are fast speed, high accuracy, and repeatability. Coordinates are used to describe the kinematic structure and to program the robot motion. The workpiece is placed as accurately as possible and external sensors are used to capture the environment.In the last decade, a new sort of robot has evolved. The main purpose of these robots is to assist the human co-worker, e.g., to take over dull and heavy tasks. These robots are often called ""collaborative robots."" The most common associated terminology in research is ""physical Human-Ro",2022,,Johannes Lachner,10.3990/1.9789036553568,,https://doi.org/10.3990/1.9789036553568,openalex,robotics,concept,openalex_bulk_robotics,,7,human robot interaction,2026-06-12T18:57:17Z,18.790,18.790
doi:10.1007/978-3-319-92141-9_28,“Which Country Are You from?” A Cross-Cultural Study on Greeting Interaction Design for Social Robots,,2018,Lecture notes in computer science,Mohammad Shidujaman; Haipeng Mi,10.1007/978-3-319-92141-9_28,,https://doi.org/10.1007/978-3-319-92141-9_28,openalex,robotics,concept,openalex_bulk_robotics,,20,,2026-06-12T18:57:17Z,18.772,18.772
doi:10.1109/icra.2011.5980160,Combining high-level causal reasoning with low-level geometric reasoning and motion planning for robotic manipulation,,2011,2011 IEEE International Conference on Robotics and Automation,Esra Erdem; Kadir Haspalamutgil; Can Palaz; Volkan Patoglu; Tansel Uras,10.1109/icra.2011.5980160,,https://doi.org/10.1109/icra.2011.5980160,crossref,physical reasoning robotics manipulation,concept,physical_reasoning,,76,motion planning,2026-06-12T14:45:03Z,18.772,20.772
doi:10.3389/frobt.2017.00014,Detecting Biological Motion for Human–Robot Interaction: A Link between Perception and Action,,2017,Frontiers in Robotics and AI,Alessia Vignolo; Nicoletta Noceti; Francesco Rea; Alessandra Sciutti; Francesca Odone; Giulio Sandini,10.3389/frobt.2017.00014,,https://doi.org/10.3389/frobt.2017.00014,crossref,adaptive world action model robot,concept,wam,,32,world action model; adaptive world action model; human robot interaction,2026-06-12T15:07:36Z,18.748,18.748
doi:10.3390/robotics12030080,Variable Damping Actuator Using an Electromagnetic Brake for Impedance Modulation in Physical Human–Robot Interaction,"Compliance actuation systems are efficient and safe, drawing attention to their development. However, compliance has caused bandwidth loss, instability, and mechanical vibration in robotic systems. Variable physical damping was introduced to address these issues. This paper presents a technique for obtaining variable damping properties using an electromagnetic brake. The relationship mapping of the voltage and the braking torque is studied and applied to the variable damping concept. A new model is proposed to demonstrate the actuation system performance gained by introducing physical damping. The experimental setup comprises an electromagnetic brake and a motor with an integrated controller for speed control and torque feedback. The motor provides the motion, while the electromagnetic brake replicates the damping through a friction mechanism. The variable damping concept was evaluated e",2023,Robotics,Zahid Ullah; Ronnapee Chaichaowarat; Witaya Wannasuphoprasit,10.3390/robotics12030080,,https://doi.org/10.3390/robotics12030080,crossref,physical reasoning robotics manipulation,concept,physical_reasoning,,19,human robot interaction,2026-06-12T15:07:36Z,18.748,18.748
doi:10.1038/s41467-023-36243-3,Piezo robotic hand for motion manipulation from micro to macro,"Multiple degrees of freedom (DOFs) motion manipulation of various objects is a crucial skill for robotic systems, which relies on various robotic hands. However, traditional robotic hands suffer from problems of low manipulation accuracy, poor electromagnetic compatibility and complex system due to limitations in structures, principles and transmissions. Here we present a direct-drive rigid piezo robotic hand (PRH) constructed on functional piezoelectric ceramic. Our PRH holds four piezo fingers and twelve motion DOFs. It achieves high adaptability motion manipulation of ten objects employing pre-planned functionalized hand gestures, manipulating plates to achieve 2L (linear) and 1R (rotary) motions, cylindrical objects to generate 1L and 1R motions and spherical objects to produce 3R motions. It holds promising prospects in constructing multi-DOF ultra-precision manipulation devices, an",2023,Nature Communications,Shijing Zhang; Yingxiang Liu; Jie Deng; Xiang Gao; Jing Li; Weiyi Wang; Mingxin Xun; Xuefeng Ma; Qingbing Chang; Junkao Liu; Weishan Chen; Jie Zhao,10.1038/s41467-023-36243-3,,https://doi.org/10.1038/s41467-023-36243-3,openalex,energy based model robot learning,concept,ebm,,132,limitation,2026-06-12T18:05:07Z,18.745,19.745
doi:10.1109/tcyb.2020.2966730,Audio-Driven Robot Upper-Body Motion Synthesis,"Body language is an important aspect of human communication, which an effective human-robot interaction interface should mimic well. Human beings exchange information and convey their thoughts and feelings through gaze, facial expressions, body language, and tone of voice along with spoken words, and infer 65% of the meaning of the communicated messages from these nonverbal cues. Modern robotic platforms are, however, limited in their ability to automatically generate behaviors that align with their speech. In this article, we develop a neural-network-based system that takes audio from a user as an input and generates upper-body gestures, including head, hand, and torso movements of the user on a humanoid robot, namely, Softbank Robotics' Pepper. Our system was evaluated quantitatively as well as qualitatively using Web surveys when driven by natural speech and synthetic speech. We compa",2020,IEEE Transactions on Cybernetics,Jan Ondras; Oya Çeliktutan; Paul Bremner; Hatice Güneş,10.1109/tcyb.2020.2966730,,https://doi.org/10.1109/tcyb.2020.2966730,openalex,energy based model robot learning,concept,ebm,,27,humanoid robot; human robot interaction,2026-06-12T18:05:07Z,18.716,18.716
doi:10.3390/robotics15010017,Multimodal Control of Manipulators: Coupling Kinematics and Vision for Self-Driving Laboratory Operations,"Autonomous experimental platforms increasingly rely on robust, vision-guided robotic manipulation to support reliable and repeatable laboratory operations. This work presents a modular motion-execution subsystem designed for integration into self-driving laboratory (SDL) workflows, focusing on the coupling of real-time visual perception with smooth and stable manipulator control. The framework enables autonomous detection, tracking, and interaction with textured objects through a hybrid scheme that couples advanced motion planning algorithms with real-time visual feedback. Kinematic analysis of the manipulator is performed using the screw theory formulations, which provide a rigorous foundation for deriving forward kinematics and the space Jacobian. These formulations are further employed to compute inverse kinematic solutions via the Damped Least Squares (DLS) method, ensuring stable an",2026,Robotics,Shifa Sulaiman; Amarnath Harikumar; Simon Bøgh; Naresh Marturi,10.3390/robotics15010017,,https://doi.org/10.3390/robotics15010017,crossref,vision language action model limitation robotics,hostile,failure,,,vision language action model; motion planning; limitation,2026-06-12T15:07:36Z,18.700,24.700
doi:10.5194/egusphere-egu26-12581,Causal Analysis for Model Evaluation in Large Sample Hydrology,"Hydrological and land surface models rely on strong prior assumptions about system functioning, including which processes are represented, their parametrization and how they are simplified across space and time. Model evaluation, however, is often based on measures of predictive performance that provide limited insights into whether models capture underlying processes correctly. Causal discovery methods offer a complementary perspective by learning causal interaction networks directly from time series data to reveal how system components influence each other. Here, we apply the PCMCI+ algorithm for causal discovery in combination with a causal effect estimation to hydrometeorological observations and model simulations from 671 U.S. catchments to infer monthly causal interaction networks and associated effect strengths. We show that inferred interaction strengths vary systematically acros",,,David Strahl; Urmi Ninad; Sebastian Gnann; Karoline Wiesner; Thorsten Wagener,10.5194/egusphere-egu26-12581,,https://doi.org/10.5194/egusphere-egu26-12581,crossref,causal robot world model,concept,architecture,,,robot world model; causal robot world model,2026-06-12T15:07:36Z,18.700,20.700
doi:10.1109/iros51168.2021.9636367,Mobile Robot Yielding Cues for Human-Robot Spatial Interaction,"Mobile robots are increasingly being deployed in public spaces such as shopping malls, airports, and urban sidewalks. Most of these robots are designed with human-aware motion planning capabilities but are not designed to communicate with pedestrians. Pedestrians encounter these robots without prior understanding of the robots’ behaviour, which can cause discomfort, confusion, and delayed social acceptance. In this research, we explore the common human-robot interaction at a doorway or bottleneck in a structured environment. We designed and evaluated communication cues used by a robot when yielding to a pedestrian in this scenario. We conducted an online user study with 102 participants using videos of a set of robot-to-human yielding cues. Results show that a Robot Retreating cue was the most socially acceptable cue. Repeated measures and Friedman’s ANOVAs on components of social accept",2021,2021 IEEE/RSJ International Conference on Intelligent Robots and Systems (IROS),Nicholas J. Hetherington; Ryan Lee; Marlene Haase; Elizabeth A. Croft; H. F. Machiel Van der Loos,10.1109/iros51168.2021.9636367,,https://doi.org/10.1109/iros51168.2021.9636367,openalex,robotics,concept,openalex_bulk_robotics,,8,motion planning; human robot interaction,2026-06-12T18:57:17Z,18.699,19.699
doi:10.3389/frobt.2026.1727433,Intent-driven LLM ensemble planning for flexible multi-robot manipulation,"Introduction In this study, we address intent-driven task planning for complex multi-action manipulation sequences in heterogeneous multi-robot cells. Given a perception back-end that outputs a structured object-level scene description and a human operator’s natural-language intent, we generate a precedence-consistent object-level robot-action sequence, which can then be executed by passing each such action to a lower-level motion planning module. Methods The pipeline integrates i. perception-to-text scene encoding, ii. an ensemble of large language models (LLMs) that generate candidate action sequences based on the operator’s intent, iii. an LLM-based verifier that enforces formatting and precedence constraints, and iv. a deterministic consistency filter that rejects hallucinated objects. The pipeline is evaluated on an example task in which two robot arms work collaboratively to disman",2026,Frontiers in Robotics and AI,Cansu Erdogan; Cesar Alan Contreras; Alireza Rastegarpanah; Manolis Chiou; Rustam Stolkin,10.3389/frobt.2026.1727433,,https://doi.org/10.3389/frobt.2026.1727433,crossref,robot world models manipulation,concept,world_models,,1,robot world model; robot manipulation; motion planning; ablation,2026-06-12T14:45:03Z,18.697,20.697
doi:10.1007/s12369-024-01105-5,Sonic Sleight of Hand: Sound Induces Illusory Distortions in the Perception and Prediction of Robot Action,"Abstract For efficient human–robot interaction, human operators need to be able to efficiently represent the robot’s movements in space and predict its next steps. However, according to frameworks of Bayesian multisensory integration, features outside the motion itself—like the sounds a robot makes while it moves—should affect how otherwise identical motions are perceived. Here, we translate an established psychophysical task from experimental psychology to a human–robot interaction context, which can measure these distortions to motion perception. In two series of preregistered studies, participants watched a humanoid robot make forward and backward reaching movements. When the robot hand suddenly disappeared, they reported its last seen location, either with the mouse cursor (Experiment 1a and 1b) or by matching it to probe stimuli in different locations (Experiment 2a and 2b). The res",2025,International Journal of Social Robotics,Joel Currie; Maria Elena Giannaccini; Patric Bach,10.1007/s12369-024-01105-5,,https://doi.org/10.1007/s12369-024-01105-5,crossref,world action model robotics,concept,wam,,1,world action model; humanoid robot; robot hand; human robot interaction,2026-06-12T15:07:36Z,18.697,18.697
arxiv:2402.11872v1,Real-time 3D Semantic Scene Perception for Egocentric Robots with Binocular Vision,"Perceiving a three-dimensional (3D) scene with multiple objects while moving indoors is essential for vision-based mobile cobots, especially for enhancing their manipulation tasks. In this work, we present an end-to-end pipeline with instance segmentation, feature matching, and point-set registration for egocentric robots with binocular vision, and demonstrate the robot's grasping capability through the proposed pipeline. First, we design an RGB image-based segmentation approach for single-view 3D semantic scene segmentation, leveraging common object classes in 2D datasets to encapsulate 3D points into point clouds of object instances through corresponding depth maps. Next, 3D correspondences of two consecutive segmented point clouds are extracted based on matched keypoints between objects of interest in RGB images from the prior step. In addition, to be aware of spatial changes in 3D fe",2024,arXiv,K. Nguyen; T. Dang; M. Huber,,2402.11872v1,http://arxiv.org/abs/2402.11872v1,arxiv,3D scene understanding robot manipulation,concept,scene_understanding,,,robot manipulation; 3D scene understanding; robustness,2026-06-12T15:07:36Z,18.650,19.650
arxiv:2410.11989v6,Dynamic Open-Vocabulary 3D Scene Graphs for Long-term Language-Guided Mobile Manipulation,"Enabling mobile robots to perform long-term tasks in dynamic real-world environments is a formidable challenge, especially when the environment changes frequently due to human-robot interactions or the robot's own actions. Traditional methods typically assume static scenes, which limits their applicability in the continuously changing real world. To overcome these limitations, we present DovSG, a novel mobile manipulation framework that leverages dynamic open-vocabulary 3D scene graphs and a language-guided task planning module for long-term task execution. DovSG takes RGB-D sequences as input and utilizes vision-language models (VLMs) for object detection to obtain high-level object semantic features. Based on the segmented objects, a structured 3D scene graph is generated for low-level spatial relationships. Furthermore, an efficient mechanism for locally updating the scene graph, allo",2024,arXiv,Zhijie Yan; Shufei Li; Zuoxu Wang; Lixiu Wu; Han Wang; Jun Zhu; Lijiang Chen; Jihong Liu,,2410.11989v6,http://arxiv.org/abs/2410.11989v6,arxiv,3D scene understanding robot manipulation,concept,scene_understanding,,,robot manipulation; mobile manipulation; 3D scene understanding; human robot interaction; limitation,2026-06-12T15:07:36Z,18.650,20.650
arxiv:2409.11870v1,SpotLight: Robotic Scene Understanding through Interaction and Affordance Detection,"Despite increasing research efforts on household robotics, robots intended for deployment in domestic settings still struggle with more complex tasks such as interacting with functional elements like drawers or light switches, largely due to limited task-specific understanding and interaction capabilities. These tasks require not only detection and pose estimation but also an understanding of the affordances these elements provide. To address these challenges and enhance robotic scene understanding, we introduce SpotLight: A comprehensive framework for robotic interaction with functional elements, specifically light switches. Furthermore, this framework enables robots to improve their environmental understanding through interaction. Leveraging VLM-based affordance prediction to estimate motion primitives for light switch interaction, we achieve up to 84% operation success in real world e",2024,arXiv,Tim Engelbracht; René Zurbrügg; Marc Pollefeys; Hermann Blum; Zuria Bauer,,2409.11870v1,http://arxiv.org/abs/2409.11870v1,arxiv,3D scene understanding robot manipulation,concept,scene_understanding,,,robot manipulation; 3D scene understanding; deployment,2026-06-12T15:07:36Z,18.650,20.650
arxiv:2411.18562v6,DexHandDiff: Interaction-aware Diffusion Planning for Adaptive Dexterous Manipulation,"Dexterous manipulation with contact-rich interactions is crucial for advanced robotics. While recent diffusion-based planning approaches show promise for simple manipulation tasks, they often produce unrealistic ghost states (e.g., the object automatically moves without hand contact) or lack adaptability when handling complex sequential interactions. In this work, we introduce DexHandDiff, an interaction-aware diffusion planning framework for adaptive dexterous manipulation. DexHandDiff models joint state-action dynamics through a dual-phase diffusion process which consists of pre-interaction contact alignment and post-contact goal-directed control, enabling goal-adaptive generalizable dexterous manipulation. Additionally, we incorporate dynamics model-based dual guidance and leverage large language models for automated guidance function generation, enhancing generalizability for physica",2024,arXiv,Zhixuan Liang; Yao Mu; Yixiao Wang; Tianxing Chen; Wenqi Shao; Wei Zhan; Masayoshi Tomizuka; Ping Luo; Mingyu Ding,,2411.18562v6,http://arxiv.org/abs/2411.18562v6,arxiv,Gaussian splatting robot perception dexterous manipulation,concept,architecture_x_embodiment,,,Gaussian splatting robot perception; contact rich manipulation; dexterous manipulation; robustness,2026-06-12T15:07:36Z,18.650,19.650
doi:10.1609/aaai.v40i5.37352,Class-Partitioned VQ-VAE and Latent Flow Matching for Point Cloud Scene Generation,"Most 3D scene generation methods are limited to only generating object bounding box parameters while newer diffusion methods also generate class labels and latent features. Using object size or latent feature, they then retrieve objects from a predefined database. For complex scenes of varied, multi-categorical objects, diffusion-based latents cannot be effectively decoded by current autoencoders into the correct point cloud objects which agree with target classes. We introduce a Class-Partitioned Vector Quantized Variational Autoencoder (CPVQ-VAE) that is trained to effectively decode object latent features, by employing a pioneering class-partitioned codebook where codevectors are labeled by class. To address the problem of codebook collapse, we propose a class-aware running average update which reinitializes dead codevectors within each partition. During inference, object features and",2026,Proceedings of the AAAI Conference on Artificial Intelligence,Dasith De Silva Edirimuni; Ajmal Saeed Mian,10.1609/aaai.v40i5.37352,,https://doi.org/10.1609/aaai.v40i5.37352,crossref,flow matching policy,concept,architecture,,,flow matching policy,2026-06-12T15:07:36Z,18.650,18.650
doi:10.3390/s18041086,3D Laser Scanner for Underwater Manipulation,"Nowadays, research in autonomous underwater manipulation has demonstrated simple applications like picking an object from the sea floor, turning a valve or plugging and unplugging a connector. These are fairly simple tasks compared with those already demonstrated by the mobile robotics community, which include, among others, safe arm motion within areas populated with a priori unknown obstacles or the recognition and location of objects based on their 3D model to grasp them. Kinect-like 3D sensors have contributed significantly to the advance of mobile manipulation providing 3D sensing capabilities in real-time at low cost. Unfortunately, the underwater robotics community is lacking a 3D sensor with similar capabilities to provide rich 3D information of the work space. In this paper, we present a new underwater 3D laser scanner and demonstrate its capabilities for underwater manipulation",2018,Sensors,Albert Palomer; Pere Ridao; Dina Youakim; David Ribas; Josep Forest; Yvan Petillot,10.3390/s18041086,,https://doi.org/10.3390/s18041086,crossref,3D scene understanding robot manipulation,concept,scene_understanding,,56,robot manipulation; mobile manipulation; 3D scene understanding,2026-06-12T15:07:36Z,18.622,18.622
doi:10.3390/electronics9122174,Research of HRV as a Measure of Mental Workload in Human and Dual-Arm Robot Interaction,"Robots instead of humans work in unstructured environments, expanding the scope of human work. The interactions between humans and robots are indirect through operating terminals. The mental workloads of human increase with the lack of direct perception to the real scenes. Thus, mental workload assessment is important, which could effectively avoid serious accidents caused by mental overloading. In this paper, the operating object is a dual-arm robot. The classification of operator’s mental workload is studied by using the heart rate variability (HRV) signal. First, two kinds of electrocardiogram (ECG) signals are collected from six subjects who performed tasks or maintained a relaxed state. Then, HRV data is obtained from ECG signals and 20 kinds of HRV features are extracted. Last, six different classifications are used for mental workload classification. Using each subject’s HRV signa",2020,Electronics,Shiliang Shao; Ting Wang; Yongliang Wang; Yun Su; Chunhe Song; Chen Yao,10.3390/electronics9122174,,https://doi.org/10.3390/electronics9122174,openalex,energy based model robot learning,concept,ebm,,22,human robot interaction,2026-06-12T18:26:24Z,18.618,18.618
doi:10.1109/icca.2019.8899490,Predicting Human Intent for Cooperative Physical Human-Robot Interaction Tasks,"In this paper, a robot assistive Impedance and Admittance control methodology is proposed for a cooperative physical human-robot interaction (pHRI) task. In a pHRI task in which the human is the leader, the robot is a passive follower as the human intention of desired motion and force to be applied are unknown. It is generally difficult to predict the intention of the human leader. Recurrent Neural Networks (RNN) with Long Short-Term Memory (LSTM) units are employed to forecast the position,velocity and force anticipated to be applied by the human. The estimated parameters are integrated into the impedance and admittance controllers via a target impedance model which aids the robot in becoming a proactive partner of the human by sharing the physical load. The same methodology is also applied to the Minimum Jerk model which allows the robot to follow the Minimum Jerk trajectory without kn",2019,,Harsh Maithani; Juan Antonio Corrales Ramón; Youcef Mezouar,10.1109/icca.2019.8899490,,https://doi.org/10.1109/icca.2019.8899490,openalex,robotics,concept,openalex_bulk_robotics,,16,human robot interaction,2026-06-12T18:57:17Z,18.617,18.617
doi:10.1126/scirobotics.adl0628,NeuralFeels with neural fields: Visuotactile perception for in-hand manipulation,"To achieve human-level dexterity, robots must infer spatial awareness from multimodal sensing to reason over contact interactions. During in-hand manipulation of novel objects, such spatial awareness involves estimating the object’s pose and shape. The status quo for in-hand perception primarily uses vision and is restricted to tracking a priori known objects. Moreover, visual occlusion of objects in hand is imminent during manipulation, preventing current systems from pushing beyond tasks without occlusion. We combined vision and touch sensing on a multifingered hand to estimate an object’s pose and shape during in-hand manipulation. Our method, NeuralFeels, encodes object geometry by learning a neural field online and jointly tracks it by optimizing a pose graph problem. We studied multimodal in-hand perception in simulation and the real world, interacting with different objects via a ",2024,Science Robotics,Sudharshan Suresh; Haozhi Qi; Tingfan Wu; Taosha Fan; Luis Pineda; Mike Lambeta; Jitendra Malik; Mrinal Kalakrishnan; Roberto Calandra; Michael Kaess; Joseph Ortiz; Mustafa Mukadam,10.1126/scirobotics.adl0628,,https://doi.org/10.1126/scirobotics.adl0628,crossref,visuotactile robot manipulation,concept,tactile,,74,robot manipulation; tactile perception; proprioception; benchmark; occlusion,2026-06-12T14:45:03Z,18.609,20.609
doi:10.5220/0013265700003905,FlowAct: A Proactive Multimodal Human-Robot Interaction System with Continuous Flow of Perception and Modular Action Sub-Systems,,2025,Proceedings of the 14th International Conference on Pattern Recognition Applications and Methods,Timothée Dhaussy; Bassam Jabaian; Fabrice Lefèvre,10.5220/0013265700003905,,https://doi.org/10.5220/0013265700003905,crossref,adaptive world action model robot,concept,wam,,,world action model; adaptive world action model; human robot interaction,2026-06-12T15:07:36Z,18.600,18.600
doi:10.1007/978-3-032-11791-5_35,Passive Power-Assisted Manipulation of Electronic Musical Instruments by Dual-Arm Cooperative Motion with a 3D Printed Humanoid Robot,,2026,Mechanisms and Machine Science Advances in Sustainable Mechanical Manufacturing,Kosuke Kashiwagi; Masao Nakagawa; Toshiki Hirogaki,10.1007/978-3-032-11791-5_35,,https://doi.org/10.1007/978-3-032-11791-5_35,crossref,diffusion policy robot manipulation,concept,diffusion,,,diffusion policy; robot manipulation; humanoid robot,2026-06-12T15:07:36Z,18.600,18.600
doi:10.1109/tase.2026.3654808,Passive Model Predictive Cooperative Interaction Control for Bimanual Humanoid Manipulation,,2026,IEEE Transactions on Automation Science and Engineering,Tao Teng; Yiming Chen; Chenzui Li; Zhuo Li; Miao Li; Chenguang Yang; Darwin Caldwell; Fei Chen,10.1109/tase.2026.3654808,,https://doi.org/10.1109/tase.2026.3654808,crossref,whole body manipulation humanoid,concept,humanoid,,,,2026-06-12T15:07:36Z,18.600,19.600
doi:10.1007/978-3-032-09970-9_14,DeformGS: Scene Flow in Highly Deformable Scenes for Deformable Object Manipulation,,2026,"Springer Proceedings in Advanced Robotics Algorithmic Foundations of Robotics XVI, Volume 2",Bardienus P. Duisterhof; Mandi Zhao; Yunchao Yao; Jia-Wei Liu; Jenny Seidenschwarz; Mike Zheng Shou; Deva Ramanan; Shuran Song; Stan Birchfield; Bowen Wen; Jeffrey Ichnowski,10.1007/978-3-032-09970-9_14,,https://doi.org/10.1007/978-3-032-09970-9_14,crossref,physical reasoning robotics manipulation,concept,physical_reasoning,,,deformable object manipulation,2026-06-12T15:07:36Z,18.600,18.600
doi:10.1109/lra.2026.3674013,Sampling-Based Motion Planning With Scene Graphs Under Perception Constraints,,2026,IEEE Robotics and Automation Letters,Qingxi Meng; Emiliano Flores; Thai Duong; Vaibhav Unhelkar; Lydia E. Kavraki,10.1109/lra.2026.3674013,,https://doi.org/10.1109/lra.2026.3674013,crossref,Gaussian splatting robot perception,concept,architecture,,,Gaussian splatting robot perception; motion planning; sampling based motion planning,2026-06-12T15:07:36Z,18.600,19.600
doi:10.1109/lra.2025.3619749,SSF-PAN: Semantic Scene Flow-Based Perception for Autonomous Navigation in Traffic Scenarios,,2025,IEEE Robotics and Automation Letters,Yinqi Chen; Meiying Zhang; Qi Hao; Guang Zhou,10.1109/lra.2025.3619749,,https://doi.org/10.1109/lra.2025.3619749,crossref,Gaussian splatting robot perception,concept,architecture,,,Gaussian splatting robot perception,2026-06-12T15:07:36Z,18.600,18.600
doi:10.1016/j.dcan.2025.11.004,"A digital twin-based quadruped robot system with scene perception, fast communication, and holographic interaction",,2026,Digital Communications and Networks,Chen Zhu; Jianrong Bao; Zhouxiang Zhao; Zhaohui Yang; Chongwen Huang; Jiawen Kang; Hao Xu; Zhaoyang Zhang,10.1016/j.dcan.2025.11.004,,https://doi.org/10.1016/j.dcan.2025.11.004,crossref,Gaussian splatting robot perception,concept,architecture,,,Gaussian splatting robot perception,2026-06-12T15:07:36Z,18.600,18.600
doi:10.1109/tits.2025.3601545,MliG: Scene-Level Multimodal Motion Prediction Based on Multi-Layer Interaction Graph,,2025,IEEE Transactions on Intelligent Transportation Systems,Yingfeng Cai; Ziheng Lu; Hai Wang; Yubo Lian; Long Chen; Qingchao Liu,10.1109/tits.2025.3601545,,https://doi.org/10.1109/tits.2025.3601545,crossref,scene graph robot learning,concept,architecture,,,scene graph robot learning,2026-06-12T15:07:36Z,18.600,18.600
doi:10.1109/lra.2025.3563829,Self-Supervised Diffusion-Based Scene Flow Estimation and Motion Segmentation With 4D Radar,,2025,IEEE Robotics and Automation Letters,Yufei Liu; Xieyuanli Chen; Neng Wang; Stepan Andreev; Alexander Dvorkovich; Rui Fan; Huimin Lu,10.1109/lra.2025.3563829,,https://doi.org/10.1109/lra.2025.3563829,crossref,scene graph robot learning,concept,architecture,,,scene graph robot learning,2026-06-12T15:07:36Z,18.600,18.600
doi:10.1007/978-0-85729-965-9_5,Motion Metrics for Scene Flow,,2011,Stereo Scene Flow for 3D Motion Analysis,Andreas Wedel; Daniel Cremers,10.1007/978-0-85729-965-9_5,,https://doi.org/10.1007/978-0-85729-965-9_5,crossref,3D scene understanding robot manipulation,concept,scene_understanding,,,robot manipulation; 3D scene understanding,2026-06-12T15:07:36Z,18.600,18.600
doi:10.1109/icassp.2018.8462425,Far-Field Audio-Visual Scene Perception of Multi-Party Human-Robot Interaction for Children and Adults,,2018,"2018 IEEE International Conference on Acoustics, Speech and Signal Processing (ICASSP)",Antigoni Tsiami; Panagiotis Paraskevas Filntisis; Niki Efthymiou; Petros Koutras; Gerasimos Potamianos; Petros Maragos,10.1109/icassp.2018.8462425,,https://doi.org/10.1109/icassp.2018.8462425,crossref,Gaussian splatting robot perception,concept,architecture,,15,Gaussian splatting robot perception; human robot interaction,2026-06-12T15:07:36Z,18.586,18.586
doi:10.1177/02783649211056674,Kimera: From SLAM to spatial perception with 3D dynamic scene graphs,"Humans are able to form a complex mental model of the environment they move in. This mental model captures geometric and semantic aspects of the scene, describes the environment at multiple levels of abstractions (e.g., objects, rooms, buildings), includes static and dynamic entities and their relations (e.g., a person is in a room at a given time). In contrast, current robots’ internal representations still provide a partial and fragmented understanding of the environment, either in the form of a sparse or dense set of geometric primitives (e.g., points, lines, planes, and voxels), or as a collection of objects. This article attempts to reduce the gap between robot and human perception by introducing a novel representation, a 3D dynamic scene graph (DSG), that seamlessly captures metric and semantic aspects of a dynamic environment. A DSG is a layered graph where nodes represent spatial",2021,The International Journal of Robotics Research,Antoni Rosinol; Andrew Violette; Marcus Abate; Nathan Hughes; Yun Chang; Jingnan Shi; Arjun Gupta; Luca Carlone,10.1177/02783649211056674,,https://doi.org/10.1177/02783649211056674,crossref,robotics,concept,crossref_bulk_robotics,,237,SLAM,2026-06-12T19:29:26Z,18.586,18.586
doi:10.1177/0278364905057121,Contact Location Display for Haptic Perception of Curvature and Object Motion,"We present a new tactile display for use in dexterous telemanipulation and virtual reality. Our system renders the location of the contact centroid moving on the user’s fingertip. Constructed in a thimble-sized package and mounted on a haptic force-feedback device, it provides the user with concurrent feedback of contact location and interaction forces. We believe such a design will enable more versatile object manipulation and richer haptic interactions. To evaluate this display concept, we conducted two perceptual experiments. First, human subjects judged object curvature using both direct manipulation of physical models and virtual manipulation via the device. Results show similar levels of discrimination in real and virtual interactions, indicating the device can effectively portray contact information. Secondly, we investigated virtual interactions with rolling and anchored objects ",2005,The International Journal of Robotics Research,William R. Provancher; Mark R. Cutkosky; Katherine J. Kuchenbecker; Günter Niemeyer,10.1177/0278364905057121,,https://doi.org/10.1177/0278364905057121,crossref,EBM transformer robotics contact rich manipulation,concept,architecture_x_embodiment,,94,EBM transformer robotics; contact rich manipulation,2026-06-12T15:07:36Z,18.577,18.577
arxiv:2605.06481v1,OA-WAM: Object-Addressable World Action Model for Robust Robot Manipulation,"World Action Models (WAMs) enhance Vision-Language-Action policies by jointly predicting scene evolution and robot actions, but existing methods usually represent the predicted world as holistic images, video tokens, or global latents. These representations are difficult for an action decoder to address when an instruction refers to a particular object, especially under scene shifts where object identity is entangled with context. We propose OA-WAM, an Object-Addressable World Action Model for robust robot manipulation. OA-WAM decomposes each frame into N+1 slot states, with one robot slot and N object slots. Each slot contains a persistent address vector and a time-varying content vector, and is fused with text, image, proprioception, and past-action tokens in a block-causal sequence. A world head predicts next-frame slot states, while a flow-matching action head decodes a 16-step conti",2026,arXiv,Yushan Liu; Peibo Sun; Shoujie Li; Yifan Xie; Lingfeng Zhang; Xintao Chao; Shiyuan Dong; Fang Chen; Xiao-Ping Zhang; Wenbo Ding,,2605.06481v1,http://arxiv.org/abs/2605.06481v1,arxiv,adaptive world action model robot,concept,wam,,,world action model; adaptive world action model; robot manipulation; proprioception,2026-06-12T14:45:03Z,18.550,19.550
arxiv:2603.19201v2,OmniVTA: Visuo-Tactile World Modeling for Contact-Rich Robotic Manipulation,"Contact-rich manipulation tasks, such as wiping and assembly, require accurate perception of contact forces, friction changes, and state transitions that cannot be reliably inferred from vision alone. Despite growing interest in visuo-tactile manipulation, progress is constrained by two persistent limitations: existing datasets are small in scale and narrow in task coverage, and current methods treat tactile signals as passive observations rather than using them to model contact dynamics or enable closed-loop control explicitly. In this paper, we present \textbf{OmniViTac}, a large-scale visuo-tactile-action dataset comprising $21{,}000+$ trajectories across $86$ tasks and $100+$ objects, organized into six physics-grounded interaction patterns. Building on this dataset, we propose \textbf{OmniVTA}, a world-model-based visuo-tactile manipulation framework that integrates four tightly cou",2026,arXiv,Yuhang Zheng; Songen Gu; Weize Li; Yupeng Zheng; Yujie Zang; Shuai Tian; Xiang Li; Ce Hao; Chen Gao; Si Liu; Haoran Li; Yilun Chen; Shuicheng Yan; Wenchao Ding,,2603.19201v2,http://arxiv.org/abs/2603.19201v2,arxiv,world action model robotics,concept,wam,,,world action model; contact rich manipulation; contact dynamics; limitation,2026-06-12T14:45:03Z,18.550,19.550
arxiv:2603.13825v1,Building Explicit World Model for Zero-Shot Open-World Object Manipulation,"Open-world object manipulation remains a fundamental challenge in robotics. While Vision-Language-Action (VLA) models have demonstrated promising results, they rely heavily on large-scale robot action demonstrations, which are costly to collect and can hinder out-of-distribution generalization. In this paper, we propose an explicit-world-model-based framework for open-world manipulation that achieves zero-shot generalization by constructing a physically grounded digital twin of the environment. The framework integrates open-set perception, digital-twin reconstruction, sampling and evaluation of interaction strategies. By constructing a digital twin of the environment, our approach efficiently explores and evaluates manipulation strategies in physic-enabled simulator and reliably deploys the chosen strategy to the real world. Experimentally, the proposed framework is able to perform multi",2026,arXiv,Xiaotong Li; Gang Chen; Javier Alonso-Mora,,2603.13825v1,http://arxiv.org/abs/2603.13825v1,arxiv,robot world models manipulation,concept,world_models,,,robot world model; generalization; out of distribution,2026-06-12T14:45:03Z,18.550,22.550
arxiv:2603.28545v1,ManipArena: Comprehensive Real-world Evaluation of Reasoning-Oriented Generalist Robot Manipulation,"Vision-Language-Action (VLA) models and world models have recently emerged as promising paradigms for general-purpose robotic intelligence, yet their progress is hindered by the lack of reliable evaluation protocols that reflect real-world deployment. Existing benchmarks are largely simulator-centric, which provide controllability but fail to capture the reality gap caused by perception noise, complex contact dynamics, hardware constraints, and system latency. Moreover, fragmented real-world evaluations across different robot platforms prevent fair and reproducible comparison. To address these challenges, we introduce ManipArena, a standardized evaluation framework designed to bridge simulation and real-world execution. ManipArena comprises 20 diverse tasks across 10,812 expert trajectories emphasizing reasoning-oriented manipulation tasks requiring semantic and spatial reasoning, suppor",2026,arXiv,Yu Sun; Meng Cao; Ping Yang; Rongtao Xu; Yunxiao Yan; Runze Xu; Liang Ma; Roy Gan; Andy Zhai; Qingxuan Chen; Zunnan Xu; Hao Wang; Jincheng Yu; Lucy Liang; Qian Wang; Ivan Laptev; Ian D Reid; Xiaodan Liang,,2603.28545v1,http://arxiv.org/abs/2603.28545v1,arxiv,robot world models manipulation,concept,world_models,,,robot world model; robot manipulation; mobile manipulation; contact dynamics; benchmark; generalization; out of distribution; deployment; real world evaluation; long horizon; latency,2026-06-12T14:45:03Z,18.550,24.550
arxiv:2505.13889v1,Certifiably Safe Manipulation of Deformable Linear Objects via Joint Shape and Tension Prediction,"Manipulating deformable linear objects (DLOs) is challenging due to their complex dynamics and the need for safe interaction in contact-rich environments. Most existing models focus on shape prediction alone and fail to account for contact and tension constraints, which can lead to damage to both the DLO and the robot. In this work, we propose a certifiably safe motion planning and control framework for DLO manipulation. At the core of our method is a predictive model that jointly estimates the DLO's future shape and tension. These predictions are integrated into a real-time trajectory optimizer based on polynomial zonotopes, allowing us to enforce safety constraints throughout the execution. We evaluate our framework on a simulated wire harness assembly task using a 7-DOF robotic arm. Compared to state-of-the-art methods, our approach achieves a higher task success rate while avoiding a",2025,arXiv,Yiting Zhang; Shichen Li,,2505.13889v1,http://arxiv.org/abs/2505.13889v1,arxiv,contact rich manipulation learning,concept,contact,,,contact rich manipulation; safety constraint; motion planning,2026-06-12T14:45:03Z,18.550,19.550
arxiv:2603.03279v1,ULTRA: Unified Multimodal Control for Autonomous Humanoid Whole-Body Loco-Manipulation,"Achieving autonomous and versatile whole-body loco-manipulation remains a central barrier to making humanoids practically useful. Yet existing approaches are fundamentally constrained: retargeted data are often scarce or low-quality; methods struggle to scale to large skill repertoires; and, most importantly, they rely on tracking predefined motion references rather than generating behavior from perception and high-level task specifications. To address these limitations, we propose ULTRA, a unified framework with two key components. First, we introduce a physics-driven neural retargeting algorithm that translates large-scale motion capture to humanoid embodiments while preserving physical plausibility for contact-rich interactions. Second, we learn a unified multimodal controller that supports both dense references and sparse task specifications, under sensing ranging from accurate motio",2026,arXiv,Xialin He; Sirui Xu; Xinyao Li; Runpei Dong; Liuyu Bian; Yu-Xiong Wang; Liang-Yan Gui,,2603.03279v1,http://arxiv.org/abs/2603.03279v1,arxiv,whole body manipulation humanoid,concept,humanoid,,,limitation; out of distribution; robustness,2026-06-12T14:45:03Z,18.550,21.550
arxiv:2508.14441v1,FBI: Learning Dexterous In-hand Manipulation with Dynamic Visuotactile Shortcut Policy,"Dexterous in-hand manipulation is a long-standing challenge in robotics due to complex contact dynamics and partial observability. While humans synergize vision and touch for such tasks, robotic approaches often prioritize one modality, therefore limiting adaptability. This paper introduces Flow Before Imitation (FBI), a visuotactile imitation learning framework that dynamically fuses tactile interactions with visual observations through motion dynamics. Unlike prior static fusion methods, FBI establishes a causal link between tactile signals and object motion via a dynamics-aware latent model. FBI employs a transformer-based interaction module to fuse flow-derived tactile features with visual inputs, training a one-step diffusion policy for real-time execution. Extensive experiments demonstrate that the proposed method outperforms the baseline methods in both simulation and the real wor",2025,arXiv,Yijin Chen; Wenqiang Xu; Zhenjun Yu; Tutian Tang; Yutong Li; Siqiong Yao; Cewu Lu,,2508.14441v1,http://arxiv.org/abs/2508.14441v1,arxiv,visuotactile robot manipulation,concept,tactile,,,diffusion policy; robot manipulation; dexterous manipulation; contact dynamics; imitation learning; partial observability,2026-06-12T14:45:03Z,18.550,19.550
arxiv:2602.02481v1,Flow Policy Gradients for Robot Control,"Likelihood-based policy gradient methods are the dominant approach for training robot control policies from rewards. These methods rely on differentiable action likelihoods, which constrain policy outputs to simple distributions like Gaussians. In this work, we show how flow matching policy gradients -- a recent framework that bypasses likelihood computation -- can be made effective for training and fine-tuning more expressive policies in challenging robot control settings. We introduce an improved objective that enables success in legged locomotion, humanoid motion tracking, and manipulation tasks, as well as robust sim-to-real transfer on two humanoid robots. We then present ablations and analysis on training dynamics. Results show how policies can exploit the flow representation for exploration when training from scratch, as well as improved fine-tuning robustness over baselines.",2026,arXiv,Brent Yi; Hongsuk Choi; Himanshu Gaurav Singh; Xiaoyu Huang; Takara E. Truong; Carmelo Sferrazza; Yi Ma; Rocky Duan; Pieter Abbeel; Guanya Shi; Karen Liu; Angjoo Kanazawa,,2602.02481v1,http://arxiv.org/abs/2602.02481v1,arxiv,flow matching policy,concept,architecture,,,flow matching policy; humanoid robot; sim to real transfer; robustness; ablation,2026-06-12T14:45:03Z,18.550,21.550
arxiv:2603.28542v1,Feel Robot Feels: Tactile Feedback Array Glove for Dexterous Manipulation,"Teleoperation is a key approach for collecting high-quality, physically consistent demonstrations for robotic manipulation. However, teleoperation for dexterous manipulation remains constrained by: (i) inaccurate hand-robot motion mapping, which limits teleoperated dexterity, and (ii) limited tactile feedback that forces vision-dominated interaction and hinders perception of contact geometry and force variation. To address these challenges, we present TAG, a low-cost glove system that integrates precise hand motion capture with high-resolution tactile feedback, enabling effective tactile-in-the-loop dexterous teleoperation. For motion capture, TAG employs a non-contact magnetic sensing design that provides drift-free, electromagnetically robust 21-DoF joint tracking with joint angle estimation errors below 1 degree. Meanwhile, to restore tactile sensation, TAG equips each finger with a 3",2026,arXiv,Feiyu Jia; Xiaojie Niu; Sizhe Yang; Qingwei Ben; Tao Huang; Feng zhao; Jingbo Wang; Jiangmiao Pang,,2603.28542v1,http://arxiv.org/abs/2603.28542v1,arxiv,EBM transformer robotics dexterous manipulation,concept,architecture_x_embodiment,,,EBM transformer robotics; dexterous manipulation; teleoperation,2026-06-12T15:07:36Z,18.550,18.550
arxiv:2502.08449v2,CordViP: Correspondence-based Visuomotor Policy for Dexterous Manipulation in Real-World,"Achieving human-level dexterity in robots is a key objective in the field of robotic manipulation. Recent advancements in 3D-based imitation learning have shown promising results, providing an effective pathway to achieve this goal. However, obtaining high-quality 3D representations presents two key problems: (1) the quality of point clouds captured by a single-view camera is significantly affected by factors such as camera resolution, positioning, and occlusions caused by the dexterous hand; (2) the global point clouds lack crucial contact information and spatial correspondences, which are necessary for fine-grained dexterous manipulation tasks. To eliminate these limitations, we propose CordViP, a novel framework that constructs and learns correspondences by leveraging the robust 6D pose estimation of objects and robot proprioception. Specifically, we first introduce the interaction-aw",2025,arXiv,Yankai Fu; Qiuxuan Feng; Ning Chen; Zichen Zhou; Mengzhen Liu; Mingdong Wu; Tianxing Chen; Shanyu Rong; Jiaming Liu; Hao Dong; Shanghang Zhang,,2502.08449v2,http://arxiv.org/abs/2502.08449v2,arxiv,EBM transformer robotics dexterous manipulation,concept,architecture_x_embodiment,,,EBM transformer robotics; dexterous manipulation; proprioception; imitation learning; limitation; generalization; robustness; occlusion,2026-06-12T15:07:36Z,18.550,22.550
doi:10.3390/app151910372,Generating Multi-View Action Data from a Monocular Camera Video by Fusing Human Mesh Recovery and 3D Scene Reconstruction,"Multi-view data, captured from various perspectives, is crucial for training view-invariant human action recognition models, yet its acquisition is hindered by spatio-temporal constraints and high costs. This study aims to develop the Pose Scene EveryWhere (PSEW) framework, which automatically generates temporally consistent, multi-view 3D human action data from a single monocular video. The proposed framework first predicts 3D human parameters from each video frame using a deep learning-based Human Mesh Recovery (HMR) model. Subsequently, it applies tracking, linear interpolation, and Kalman filtering to refine temporal consistency and produce naturalistic motion. The refined human meshes are then reconstructed into a virtual 3D scene by estimating a stable floor plane for alignment, and finally, novel-view videos are rendered using user-defined virtual cameras. As a result, the framewo",2025,Applied Sciences,Hyunsu Kim; Yunsik Son,10.3390/app151910372,,https://doi.org/10.3390/app151910372,crossref,3D scene understanding robot manipulation,concept,scene_understanding,,2,robot manipulation; 3D scene understanding; limitation,2026-06-12T15:07:36Z,18.549,19.549
doi:10.1142/s0219843619410044,Learn the Temporal-Spatial Feature of sEMG via Dual-Flow Network,"Surface electromyography (sEMG) signals have been widely used in human–machine interaction, providing more nature control expedience for external devices. However, due to the instability of sEMG, it is hard to extract consistent sEMG patterns for motion recognition. This paper proposes a dual-flow network to extract the temporal-spatial feature of sEMG for gesture recognition. The proposed network model uses convolutional neural network (CNN) and long short-term memory methods (LSTM) to, respectively, extract the spatial feature and temporal feature of sEMG, simultaneously. These features extracted by CNN and LSTM are merged into temporal-spatial feature to form an end-to-end network. A dataset was constructed for testing the performance of the network. In this database, the average recognition accuracy by using our dual-flow model reached 78.31%, which was improved by 6.69% compared to ",2019,International Journal of Humanoid Robotics,Runze Tong; Yue Zhang; Hongfeng Chen; Honghai Liu,10.1142/s0219843619410044,,https://doi.org/10.1142/s0219843619410044,crossref,humanoid robot foundation model,concept,humanoid,,15,robot foundation model; humanoid robot,2026-06-12T15:07:36Z,18.536,18.536
doi:10.1017/s0263574718000309,Human to humanoid motion conversion for dual-arm manipulation tasks,"SUMMARY A conversion process for the imitation of human dual-arm motion by a humanoid robot is presented. The conversion process consists of an imitation algorithm and an algorithm for generating human-like motion of the humanoid. The desired motions in Cartesian and joint spaces, obtained from the imitation algorithm, are used to generate the human-like motion of the humanoid. The proposed conversion process improves existing techniques and is developed with the aim to enable imitating of human motion with a humanoid robot, to perform a task with and/or without contact between hands and equipment. A comparative analysis shows that our algorithm, which takes into account the situation of marker frames and the position of joint frames, ensures more precise imitation than previously proposed methods. The results of our conversion algorithm are tested on the robot ROMEO through a complex “o",2018,Robotica,Marija Tomić; Christine Chevallereau; Kosta Jovanović; Veljko Potkonjak; Aleksandar Rodić,10.1017/s0263574718000309,,https://doi.org/10.1017/s0263574718000309,crossref,whole body manipulation humanoid,concept,humanoid,,12,humanoid robot,2026-06-12T15:07:36Z,18.532,18.532
doi:10.1002/rob.22230,"Towards autonomous selective harvesting: A review of robot perception, robot design, motion planning and control","Abstract This paper provides an overview of the current state‐of‐the‐art in selective harvesting robots (SHRs) and their potential for addressing the challenges of global food production. SHRs have the potential to increase productivity, reduce labor costs, and minimize wastage by selectively harvesting only ripe fruits and vegetables. The paper discusses the main components of SHRs, including perception, grasping, cutting, motion planning, and control. It also highlights the challenges in developing SHR technologies, particularly in the areas of robot design, motion planning, and control. The paper also discusses the potential benefits of integrating artificial intelligence and soft robots and data‐driven methods to enhance the performance and robustness of SHR systems. Finally, the paper identifies several open research questions in the field and highlights the need for further researc",2024,Journal of Field Robotics,Vishnu Rajendran; Bappaditya Debnath; Sariah Mghames; Willow Mandil; Soran Parsa; Simon Parsons; Amir Ghalamzan‐E.,10.1002/rob.22230,,https://doi.org/10.1002/rob.22230,crossref,Gaussian splatting robot perception,concept,architecture,,61,Gaussian splatting robot perception; motion planning; robustness,2026-06-12T15:07:36Z,18.514,20.514
doi:10.1177/153244000800800203,The Political Manipulation of U.S. State Rainy Day Funds Under Rules Versus Discretion,"Abstract Anecdotal evidence suggests that U.S. state politicians manipulate rainy day funds for political purposes, but such claims remain untested in the literature. This article finds that lawmakers withdraw nearly three times more funds in response to a deficit shock of a given size if it occurs in an election year rather than in a non-election year; this occurs despite the fact that the magnitude of shocks does not vary over the electoral cycle. This effect is stronger when incumbents are eligible for re-election than when they are term-limited. When it comes to preventing political manipulation of funds, rainy day fund rules that increase the number of veto players who must approve of withdrawals seem to be more effective than rules that specify the economic conditions under which funds may be withdrawn.",2008,State Politics & Policy Quarterly,Shanna Rose,10.1177/153244000800800203,,https://doi.org/10.1177/153244000800800203,crossref,diffusion policy robot manipulation,concept,diffusion,,40,diffusion policy; robot manipulation,2026-06-12T15:07:36Z,18.507,18.507
doi:10.1609/aaai.v38i5.28266,Forecasting Bimanual Object Manipulation Sequences from Unimanual Observations,"Learning to forecast bimanual object manipulation sequences from unimanual observations has broad applications in assistive robots and augmented reality. This challenging task requires us to first infer motion from the missing arm and the object it would have been manipulating were the person bimanual, then forecast the human and object motion while maintaining hand-object contact during manipulation. Previous attempts model the hand-object interactions only implicitly, and thus tend to produce unrealistic motion where the objects float in air. We address this with a novel neural network that (i) identifies and forecasts the pose for only the objects undergoing motion through an object motion module and (ii) refines human pose predictions by encouraging hand-object contact during manipulation through an ensemble of human pose predictors. The components are also designed to be generic eno",2024,Proceedings of the AAAI Conference on Artificial Intelligence,Haziq Razali; Yiannis Demiris,10.1609/aaai.v38i5.28266,,https://doi.org/10.1609/aaai.v38i5.28266,crossref,deformable object manipulation robot learning,concept,deformable,,1,bimanual manipulation; deformable object manipulation; assistive robot,2026-06-12T15:07:36Z,18.497,18.497
doi:10.3389/frobt.2024.1407519,Bridging vision and touch: advancing robotic interaction prediction with self-supervised multimodal learning,"Predicting the consequences of the agent’s actions on its environment is a pivotal challenge in robotic learning, which plays a key role in developing higher cognitive skills for intelligent robots. While current methods have predominantly relied on vision and motion data to generate the predicted videos, more comprehensive sensory perception is required for complex physical interactions such as contact-rich manipulation or highly dynamic tasks. In this work, we investigate the interdependence between vision and tactile sensation in the scenario of dynamic robotic interaction. A multi-modal fusion mechanism is introduced to the action-conditioned video prediction model to forecast future scenes, which enriches the single-modality prototype with a compressed latent representation of multiple sensory inputs. Additionally, to accomplish the interactive setting, we built a robotic interactio",2024,Frontiers in Robotics and AI,Luchen Li; Thomas George Thuruthel,10.3389/frobt.2024.1407519,,https://doi.org/10.3389/frobt.2024.1407519,crossref,robotics,concept,crossref_bulk_robotics,,1,contact rich manipulation; dexterous manipulation; human robot interaction,2026-06-12T19:29:26Z,18.497,18.497
doi:10.1007/s10514-014-9414-z,Push-manipulation of complex passive mobile objects using experimentally acquired motion models,,2015,Autonomous Robots,Tekin Meriçli; Manuela Veloso; H. Levent Akın,10.1007/s10514-014-9414-z,,https://doi.org/10.1007/s10514-014-9414-z,crossref,robot world models manipulation,concept,world_models,,43,robot world model,2026-06-12T14:45:03Z,18.492,18.492
doi:10.1049/iet-cta.2018.5331,Dexterous robotic manipulation via a dynamic sliding mode force/position control with bounded inputs,"Grasping and manipulation are common robotic tasks which require to properly control the interaction forces and position of multiple robots end‐effectors. In this study, the authors focus on the problem of dexterous manipulation of rigid objects by means of a cooperative robotic system. Unlike several works, they consider the more complex case when the manipulated object is not mechanically attached to the robots' end‐effectors. In addition, they address the control problem of designing a control law with continuous and bounded input torques for cooperative robots in constrained motion. To guarantee a stable grasp and a fine manipulation a centralised control algorithm based on the Orthogonalisation principle and a dynamic sliding mode control is proposed. The control algorithm does not require the knowledge of the dynamic model of the robot manipulators and manipulated object for implem",2019,IET Control Theory & Applications,Javier Pliego‐Jiménez; Marco Arteaga‐Pérez; Pablo Sánchez‐Sánchez,10.1049/iet-cta.2018.5331,,https://doi.org/10.1049/iet-cta.2018.5331,crossref,EBM transformer robotics dexterous manipulation,concept,architecture_x_embodiment,,13,EBM transformer robotics; dexterous manipulation,2026-06-12T15:07:36Z,18.470,18.470
title:intuitive and adaptive robotic arm manipulation using the leap motion controller,Intuitive and Adaptive Robotic Arm Manipulation using the Leap Motion Controller,"Robotics provide an efficient approach in the development of assistive devices, due to their enhanced functionality. Statistics predict that by 2035, half of the population in Germany is going to be older than fifty, every third person even over 60. These ageing societies face numerous challenges in performing simple tasks in Activities of Daily Living “ADLs”. Increasingly, a lot of research is being focused on Ambient Assisted Living “AAL” which presents a new approach that promises to address the needs of elderly people. An important goal of AAL is to contribute to the quality of life of the elderly and handicapped people and help them to maintain an independent lifestyle. The introduction of robotics and technology-supported environments will play a huge role in allowing elderly and physically impaired people to keep living a self-determined, independent life in their familiar surroun",2014,mediaTUM – the media and publications repository of the Technical University Munich (Technical University Munich),David Bassily; C. Georgoulas; Joerg Guettler; Thomas Linner; Thomas Böck,,,https://openalex.org/W151252481,openalex,robotics,concept,openalex_bulk_robotics,,136,human robot interaction,2026-06-12T18:57:17Z,18.460,18.460
doi:10.1038/s41467-022-32745-8,Augmented tactile-perception and haptic-feedback rings as human-machine interfaces aiming for immersive interactions,"Advancements of virtual reality technology pave the way for developing wearable devices to enable somatosensory sensation, which can bring more comprehensive perception and feedback in the metaverse-based virtual society. Here, we propose augmented tactile-perception and haptic-feedback rings with multimodal sensing and feedback capabilities. This highly integrated ring consists of triboelectric and pyroelectric sensors for tactile and temperature perception, and vibrators and nichrome heaters for vibro- and thermo-haptic feedback. All these components integrated on the ring can be directly driven by a custom wireless platform of low power consumption for wearable/portable scenarios. With voltage integration processing, high-resolution continuous finger motion tracking is achieved via the triboelectric tactile sensor, which also contributes to superior performance in gesture/object recog",2022,Nature Communications,Zhongda Sun; Minglu Zhu; Xuechuan Shan; Chengkuo Lee,10.1038/s41467-022-32745-8,,https://doi.org/10.1038/s41467-022-32745-8,openalex,energy based model robot learning,concept,ebm,,498,tactile perception,2026-06-12T18:26:24Z,18.450,18.450
doi:10.1109/iros.2017.8206571,Differences in interaction patterns and perception for teleoperated and autonomous humanoid robots,"As the linguistic capabilities of interactive robots advance, it becomes increasingly important to understand how humans will instruct robots through natural language. What is more, with the increased use of teleoperated humanoid robots, it is important to recognize whether any differences between instructions given to humans and to robots are due to the physical embodiment or to the perceived autonomy of the instructee. In this paper, we present the results of a human-subject experiment in which participants interacted in a collaborative, task-based setting with both a human and a suit-based, teleoperated humanoid robot said to be either autonomous or teleoperated. Our results suggest that humans will use politeness strategies equally with human, autonomous robotic, and teleoperated robotic teammates, reinforcing recent findings that autonomous robots must comprehend and appropriately r",2017,,Maxwell R. Bennett; Tom Williams; Daria Thames; Matthias Scheutz,10.1109/iros.2017.8206571,,https://doi.org/10.1109/iros.2017.8206571,openalex,robotics,concept,openalex_bulk_robotics,,28,humanoid robot,2026-06-12T18:57:17Z,18.434,18.434
doi:10.48550/arxiv.1709.02833,Learning Robotic Manipulation of Granular Media,"In this paper, we examine the problem of robotic manipulation of granular media. We evaluate multiple predictive models used to infer the dynamics of scooping and dumping actions. These models are evaluated on a task that involves manipulating the media in order to deform it into a desired shape. Our best performing model is based on a highly-tailored convolutional network architecture with domain-specific optimizations, which we show accurately models the physical interaction of the robotic scoop with the underlying media. We empirically demonstrate that explicitly predicting physical mechanics results in a policy that out-performs both a hand-crafted dynamics baseline, and a ""value-network"", which must otherwise implicitly predict the same mechanics in order to produce accurate value estimates.",2017,arXiv (Cornell University),Connor Schenck; Jonathan Tompson; Dieter Fox; Sergey Levine,10.48550/arxiv.1709.02833,,https://doi.org/10.48550/arxiv.1709.02833,openalex,robotics,concept,openalex_bulk_robotics,,24,,2026-06-12T18:57:17Z,18.409,18.409
arxiv:2103.16772v2,Causal Reasoning in Simulation for Structure and Transfer Learning of Robot Manipulation Policies,"We present CREST, an approach for causal reasoning in simulation to learn the relevant state space for a robot manipulation policy. Our approach conducts interventions using internal models, which are simulations with approximate dynamics and simplified assumptions. These interventions elicit the structure between the state and action spaces, enabling construction of neural network policies with only relevant states as input. These policies are pretrained using the internal model with domain randomization over the relevant states. The policy network weights are then transferred to the target domain (e.g., the real world) for fine tuning. We perform extensive policy transfer experiments in simulation for two representative manipulation tasks: block stacking and crate opening. Our policies are shown to be more robust to domain shifts, more sample efficient to learn, and scale to more compl",2021,arXiv,Tabitha Edith Lee; Jialiang Zhao; Amrita S. Sawhney; Siddharth Girdhar; Oliver Kroemer,,2103.16772v2,http://arxiv.org/abs/2103.16772v2,arxiv,diffusion policy robot manipulation,concept,diffusion,,,diffusion policy; robot manipulation; sim to real transfer; domain randomization,2026-06-12T14:45:03Z,18.400,21.400
doi:10.31256/hsmr2022.47,Head-mounting Surgical Robots for Passive Motion Compensation,"Many up-and-coming therapeutic protocols in ophthal- mology are technically difficult, near/beyond the limits of human ability, and are being attempted by only a few surgeons. For example, subretinal injection of stem cells or gene therapies requires placement of a fine cannula in the subretinal space, holding that position steady for ‚àº90 s to inject a bleb of fluid. Surgeon hand tremor places a limit on achievable precision. A wide variety of robot-assisted surgical systems have been proposed to improve the precision of eye surgery [1]. However, there has not been much consideration of patient head motion, which is common among patients undergoing eye surgery under monitored anesthesia, a.k.a. conscious sedation, which makes a patient calm and somewhat sleepy during a surgery, but the patient may still be awake. Head motion in this state is due to breathing, talking, snoring, and othe",2022,Proceedings of The 14th Hamlyn Symposium on Medical Robotics 2022,Nicholas  R Posselli; Paul  S Bernstein; Jake  J Abbott,10.31256/hsmr2022.47,,https://doi.org/10.31256/hsmr2022.47,crossref,robotics,concept,crossref_bulk_robotics,,1,surgical robot; visual servoing,2026-06-12T19:29:26Z,18.397,18.397
doi:10.1145/3375798,Robot-Centric Perception of Human Groups,"The robotics community continually strives to create robots that are deployable in real-world environments. Often, robots are expected to interact with human groups. To achieve this goal, we introduce a new method, the Robot-Centric Group Estimation Model (RoboGEM), which enables robots to detect groups of people. Much of the work reported in the literature focuses on dyadic interactions, leaving a gap in our understanding of how to build robots that can effectively team with larger groups of people. Moreover, many current methods rely on exocentric vision, where cameras and sensors are placed externally in the environment, rather than onboard the robot. Consequently, these methods are impractical for robots in unstructured, human-centric environments, which are novel and unpredictable. Furthermore, the majority of work on group perception is supervised, which can inhibit performance in ",2020,ACM Transactions on Human-Robot Interaction,Angelique Taylor; Darren M. Chan; Laurel D. Riek,10.1145/3375798,,https://doi.org/10.1145/3375798,crossref,learning robot manipulation from human video,concept,human_data,,31,robot manipulation,2026-06-12T15:07:36Z,18.383,19.383
doi:10.1145/3349537.3352795,Human-Robot Interaction and Collaborative Manipulation with Multimodal Perception Interface for Human,,2019,Proceedings of the 7th International Conference on Human-Agent Interaction,Shouren Huang; Masatoshi Ishikawa; Yuji Yamakawa,10.1145/3349537.3352795,,https://doi.org/10.1145/3349537.3352795,crossref,learning robot manipulation from human video,concept,human_data,,6,robot manipulation; human robot interaction,2026-06-12T14:45:03Z,18.373,18.373
doi:10.1007/s11633-025-1566-0,Online Iterative Learning Enhanced Sim-to-Real Transfer for Efficient Manipulation of Deformable Objects,"Abstract Deformable manipulation has attracted a lot of attention in the field of robotics, especially in medical applications. However, manipulating deformable objects faces various challenges, mainly including their complex dynamic properties and unpredictable nonlinear deformations. It is difficult to provide a basis for deformable object measurements without effective control methods that provide intelligent and accurate position control, and this research also provides a premise for deformable object measurements. To address these issues, this paper proposes an online iterative perception policy (IPP) method, which does not require large-scale deep network training. This method is able to perceive transformations through an iterative process, and achieve efficient and accurate control of deformable objects. Extensive experiments in the simulation environment and the real scene are c",2025,Machine Intelligence Research,Zuyan Chen; Jian-An Huang; Juha Röning; Leopoldo Angrisani; Shuai Li,10.1007/s11633-025-1566-0,,https://doi.org/10.1007/s11633-025-1566-0,crossref,sim to real robot manipulation,concept,sim2real,,,robot manipulation; sim to real transfer; model predictive control; robustness,2026-06-12T14:45:03Z,18.350,21.350
doi:10.1609/aaai.v40i22.38913,SIAM: Towards Generalizable Articulated Object Modeling via Single Robot-Object Interaction,"Articulated object modeling, which represents interconnected rigid bodies with their geometry, part segmentation, articulation tree, and physical properties, is crucial for robotic perception and manipulation. Recently existing methods like SAGCI leverage Interactive Perception (IP) to refine models through robot interaction. However, SAGCI suffers from prior-dependency (requiring initialization), neglects kinematic/dynamic constraints, and generates non-watertight meshes. To overcome these limitations, we propose SIAM, a novel framework for efficient and generalizable Single-Interaction Articulated Modeling. Given an initial point cloud, SIAM first enables minimal robot interaction to trigger object motion. It then precisely segments parts by analyzing point cloud differences pre- and post-interaction. For joint parameter estimation, we introduce an optimization incorporating novel kine",2026,Proceedings of the AAAI Conference on Artificial Intelligence,Yuyan Liu; Li Zhang; Di Wu; Yan Zhang; Anran Huang; Zhi Wang; Liu Liu; Dan Guo,10.1609/aaai.v40i22.38913,,https://doi.org/10.1609/aaai.v40i22.38913,crossref,deformable object manipulation robot learning,concept,deformable,,,deformable object manipulation; active perception; interactive perception; limitation; benchmark; deployment,2026-06-12T15:07:36Z,18.350,21.350
doi:10.1145/3659059,Classification of Co-Manipulation Modus with Human-Human Teams for Future Application to Human-Robot Systems,"Despite the existence of robots that can physically lift heavy loads, robots that can collaborate with people to move heavy objects are not readily available. This article makes progress toward effective human-robot co-manipulation by studying 30 human-human dyads that collaboratively manipulated an object weighing \(27 \mathrm{kg}\) without being co-located (i.e., participants were at either end of the extended object). Participants maneuvered around different obstacles with the object while exhibiting one of four modi–the manner or objective with which a team moves an object together–at any given time. Using force and motion signals to classify modus or behavior was the primary objective of this work. Our results showed that two of the originally proposed modi were very similar, such that one could effectively be removed while still spanning the space of common behaviors during our co-",2024,ACM Transactions on Human-Robot Interaction,Seth Freeman; Shaden Moss; John L. Salmon; Marc D. Killpack,10.1145/3659059,,https://doi.org/10.1145/3659059,crossref,robot world models manipulation,concept,world_models,,2,robot world model,2026-06-12T14:45:03Z,18.349,18.349
doi:10.1364/oe.571109,Geometry-aware deblurring of blur caused by a diffuser using 3D Gaussian splatting,"Objects behind a diffuser are observed with varying blur depending on their location and the viewpoint, making the recovery of the clear scene challenging. Unlike defocus or motion blur, the blurring caused by a diffuser is a phenomenon that depends on the three-dimensional geometry of the scene, including the shape of the diffuser. This paper proposes a method to deblur the scene behind the diffuser from the observations from multiple viewpoints through inverse rendering. By representing the scene with 3D Gaussian primitives, the blurry images from an arbitrary viewpoint can be rendered efficiently. By optimizing to reproduce the observations from each viewpoint, we can obtain a Gaussian distribution representing a consistent, shared, clear scene, along with the blur parameter of the diffuser. Comparative experiments have been done to show that our method outperforms conventional techni",2025,Optics Express,Takafumi Iwaguchi; Hiroshi Kawasaki,10.1364/oe.571109,,https://doi.org/10.1364/oe.571109,crossref,Gaussian splatting robot perception,concept,architecture,,1,Gaussian splatting robot perception,2026-06-12T14:45:03Z,18.347,18.347
doi:10.1609/aaai.v39i6.32598,Multi-view Consistent 3D Panoptic Scene Understanding,"3D panoptic scene understanding seeks to create novel view images with 3D-consistent panoptic segmentation, which is crucial for many vision and robotics applications. Mainstream methods (e.g., Panoptic Lifting) directly use machine-generated 2D panoptic segmentation masks as training labels. However, these generated masks often exhibit multi-view inconsistencies, leading to ambiguities during the optimization process. To address this, we present Multi-view Consistent 3D Panoptic Scene Understanding (MVC-PSU), featuring two key components: 1) Probabilistic Semantic Aligner, which associates semantic information of corresponding pixels across multiple views by probabilistic alignment to ensure that predicted panoptic segmentation masks are consistent across different views. 2) Geometric Consistency Enforcer, which uses multi-view projection and monocular depth consistency to ensure that t",2025,Proceedings of the AAAI Conference on Artificial Intelligence,Xianzhu Liu; Xin Sun; Haozhe Xie; Zonglin Li; Ru Li; Shengping Zhang,10.1609/aaai.v39i6.32598,,https://doi.org/10.1609/aaai.v39i6.32598,crossref,3D scene understanding robot manipulation,concept,scene_understanding,,1,robot manipulation; 3D scene understanding,2026-06-12T15:07:36Z,18.347,18.347
doi:10.31449/inf.v49i9.9830,CMMF and STAM-FNet: Multimodal Fusion Architectures for Complex Scene Understanding in Dynamic Environments,"Multimodal perception has emerged as a vital strategy for understanding complex and dynamic environments, where traditional unimodal approaches fail to handle data heterogeneity and occlusion. This paper proposes two multimodal fusion frameworks—CMMF (Cross-Modal Matching Fusion) and STAM-FNet (Spatio-Temporal Attention Multimodal Fusion Network)—to address structural and temporal challenges in complex scene understanding. The CMMF model adopts a three-stage architecture with cross-modal semantic alignment and dynamic weighting, while STAM-FNet introduces spatio-temporal attention layers and 3D convolutions to enhance feature discrimination in dynamic environments. Experiments are conducted on a dataset of 120000 samples covering three application scenarios: urban monitoring, indoor interaction, and transportation hubs. Evaluation is based on standardized metrics including Top-1 Accuracy",2025,Informatica,Jinzhu Lin; Tianwei Ni,10.31449/inf.v49i9.9830,,https://doi.org/10.31449/inf.v49i9.9830,crossref,3D scene understanding robot manipulation,concept,scene_understanding,,1,robot manipulation; 3D scene understanding; robustness; occlusion,2026-06-12T15:07:36Z,18.347,20.347
doi:10.1177/027836402320556467,Motion Guides for Assisted Manipulation,"This paper explores the use of passive guides to assist a human in manipulating heavy loads. A guide acts as a frictionless rail which confines the load to a one-dimensional curve in its configuration space. In this paper we formulate the problem of designing guides to effectively assist the human, and we apply the formulation to two types of materials handling tasks: pushing a heavy cart and single-arm reaching motions. Guides may be implemented by fixed rails or programmable constraint machines. Initial experiments with humans suggest the potential benefits of guided manipulation.",2002,The International Journal of Robotics Research,Kevin M. Lynch; Caizhen Liu; Allan Sørensen; Songho Kim; Michael Peshkin; J. Edward Colgate; Tanya Tickel; David Hannon; Kerry Shiels,10.1177/027836402320556467,,https://doi.org/10.1177/027836402320556467,crossref,physical reasoning robotics manipulation,concept,physical_reasoning,,28,,2026-06-12T15:07:36Z,18.334,18.334
doi:10.1109/access.2016.2601069,Local Stereo Matching Based on Support Weight With Motion Flow for Dynamic Scene,,2016,IEEE Access,Jiachen Yang; Huanling Wang; Zhiyong Ding; Zhihan Lv; Wei Wei; Houbing Song,10.1109/access.2016.2601069,,https://doi.org/10.1109/access.2016.2601069,crossref,flow matching policy,concept,architecture,,20,flow matching policy,2026-06-12T15:07:36Z,18.322,18.322
doi:10.1162/jocn_a_00232,The Context–Object–Manipulation Triad: Cross Talk during Action Perception Revealed by fMRI,"Abstract To recognize an action, an observer exploits information about the applied manipulation, the involved objects, and the context where the action occurs. Context, object, and manipulation information are hence expected to be tightly coupled in a triadic relationship (the COM triad hereafter). The current fMRI study investigated the hemodynamic signatures of reciprocal modulation in the COM triad. Participants watched short video clips of pantomime actions, that is, actions performed with inappropriate objects, taking place at compatible or incompatible contexts. The usage of pantomime actions enabled the disentanglement of the neural substrates of context–manipulation (CM) and context–object (CO) associations. There were trials in which (1) both manipulation and objects, (2) only manipulation, (3) only objects, or (4) neither manipulation nor objects were compatible with the conte",2012,Journal of Cognitive Neuroscience,Moritz F. Wurm; D. Yves Cramon; Ricarda I. Schubotz,10.1162/jocn_a_00232,,https://doi.org/10.1162/jocn_a_00232,crossref,Gaussian splatting robot perception deformable object manipulation,concept,architecture_x_embodiment,,27,Gaussian splatting robot perception; deformable object manipulation,2026-06-12T15:07:36Z,18.316,18.316
doi:10.1068/p5563,Odour Perception: An Object-Recognition Approach,"Object recognition is a crucial component of both visual and auditory perception. It is also critical for olfaction. Most odours are composed of 10s or 100s of volatile components, yet they are perceived as unitary perceptual events against a continually shifting olfactory background (ie figure—ground segregation). We argue here that this occurs by rapid central adaptation to background odours combined with a pattern-matching system to recognise discrete sets of spatial and temporal olfactory features—an odour object. We present supporting neuropsychological, learning, and developmental evidence and then describe the neural circuitry which underpins this. The vagaries of an object-recognition approach are then discussed, with emphasis on the putative importance of memory, multimodal representations, and top—down processing.",2007,Perception,Richard J Stevenson; Donald A Wilson,10.1068/p5563,,https://doi.org/10.1068/p5563,crossref,Gaussian splatting robot perception deformable object manipulation,concept,architecture_x_embodiment,,101,Gaussian splatting robot perception; deformable object manipulation,2026-06-12T15:07:36Z,18.312,18.312
arxiv:1903.12302v1,Amortized Object and Scene Perception for Long-term Robot Manipulation,"Mobile robots, performing long-term manipulation activities in human environments, have to perceive a wide variety of objects possessing very different visual characteristics and need to reliably keep track of these throughout the execution of a task. In order to be efficient, robot perception capabilities need to go beyond what is currently perceivable and should be able to answer queries about both current and past scenes. In this paper we investigate a perception system for long-term robot manipulation that keeps track of the changing environment and builds a representation of the perceived world. Specifically we introduce an amortized component that spreads perception tasks throughout the execution cycle. The resulting query driven perception system asynchronously integrates results from logged images into a symbolic and numeric (what we call sub-symbolic) representation that forms t",2019,arXiv,Ferenc Balint-Benczedi; Michael Beetz,,1903.12302v1,http://arxiv.org/abs/1903.12302v1,arxiv,3D scene understanding robot manipulation,concept,scene_understanding,,,robot manipulation; 3D scene understanding,2026-06-12T15:07:36Z,18.300,18.300
doi:10.3390/sym17111847,Symmetry-Preserving 4D Gaussian Splatting and Mapping for Motion-Aware Dynamic Scene Reconstruction,"This paper introduces a novel and efficient approach for Gaussian Splatting in dynamic scenes that leverages symmetry principles for enhanced computational efficiency and visual fidelity. First, we diverge from conventional methods that process static and dynamic regions uniformly by implementing an adaptive separation mechanism. This approach exploits the inherent symmetry-breaking properties between static and dynamic Gaussian points, utilizing motion differentials to identify and isolate dynamic elements. This symmetry-aware partitioning allows for the application of specialized processing techniques to each region type, with static regions benefiting from their temporal symmetry while dynamic regions receive targeted deformation modeling. Second, through this fine-grained partitioning of static and dynamic components guided by symmetry analysis, we achieve more judicious allocation o",2025,Symmetry,Rui Zhao; Mingrui Li; Zunjie Zhu,10.3390/sym17111847,,https://doi.org/10.3390/sym17111847,crossref,Gaussian splatting robot perception,concept,architecture,,,Gaussian splatting robot perception,2026-06-12T14:45:03Z,18.300,18.300
doi:10.26717/bjstr.2026.64.010105,A 5-Dimensional Causal Model for Nonlocal Cognitive Interaction,"There are few reports on the diagnosis and treatment of rare Fusarium infection in early chemotherapy of early T-cell precursor acute lymphoblastic leukemia (ETP-ALL) with HOX11 gene positivity. Physical 4-dimensional (4D) spacetime is extended to 5-dimensions (5D) with an additional coordinate τ, representing an informational phase or cognitive dimension. A model proposes that conscious individuals in 4D are embedded within 5D space. A new 5D scalar field Q which includes τ is defined that permits interactions between individuals via 5D without any causality conflicts in 4D spacetime. The model considers that individuals can experience mental activity and connection, enabled by a localized projection of a 5D source J on the individual’s 4D hypersurface. The function of J is to inject information into the Q field. The Q field propagates causally through 5D space controlled by a retarded ",2026,Biomedical Journal of Scientific & Technical Research,Alexander Harrison,10.26717/bjstr.2026.64.010105,,https://doi.org/10.26717/bjstr.2026.64.010105,crossref,causal robot world model,concept,architecture,,,robot world model; causal robot world model,2026-06-12T15:07:36Z,18.300,19.300
doi:10.1029/2025jh000733,Bridging the Gap for Sparse Observations: Data‐Driven Versus Physics‐Informed Neural Networks for a Transient Flow Problem in a Heterogeneous Porous Medium,"Abstract Assimilating field data is essential to calibrate rock properties in hydrogeological applications. While such workflows are challenging for physics‐based reservoir simulators, data‐driven Artificial Neural Networks (ANN) offer a potential solution by effectively managing noisy data to infer fluid pressure diffusion p ( x , t ). Nevertheless, the sparse observation wells in hydrogeology projects make training ANN models difficult. Therefore, we employ Physics‐Informed Neural Networks (PINN) to bridge this gap between sparse spatial data. We train both ANN and PINN on a synthetic p ( x , t ) data set within a low‐permeability porous medium containing a highly permeable material. Having an identical architecture, both models integrate direct observations of the target variable, while the PINN further optimizes the diffusion equation residual. By comparing the model output as a func",2025,Journal of Geophysical Research: Machine Learning and Computation,Linus Walter; Francesco Parisio; Qingkai Kong; Sara Hanson‐Hedgecock; Víctor Vilarrasa,10.1029/2025jh000733,,https://doi.org/10.1029/2025jh000733,crossref,physics informed robot learning,concept,architecture,,,physics informed robot learning; robustness,2026-06-12T15:07:36Z,18.300,19.300
doi:10.1364/josaa.581349,Manipulation of the energy flow field in Bessel–Gaussian beams by polarization,"Based on vector diffraction theory, this paper investigates the energy flow distribution and its variation characteristics of Bessel–Gaussian beams under polarization modulation. The results demonstrate that on the focal plane, the transverse energy flow with nearly zero intensity and the longitudinal energy flow with very high intensity are obtained, with the longitudinal energy flow dominating the total energy flow field. Furthermore, by adjusting the values of the azimuthal index m and the radial index n , vortex-shaped energy flow distributions can be achieved. The degree of vorticity and the number of energy flow spots can be controlled by adjusting the magnitude of the azimuthal index m , while the direction of the vortex is manipulated by altering the signs of the azimuthal index m and the radial index n . By adjusting the magnitude of the radial index n , size-tunable energy flow",2026,Journal of the Optical Society of America A,Shuo Yu; Jinsong Li; Chundi Zheng,10.1364/josaa.581349,,https://doi.org/10.1364/josaa.581349,crossref,Gaussian splatting robot perception bimanual manipulation,concept,architecture_x_embodiment,,,Gaussian splatting robot perception; bimanual manipulation,2026-06-12T15:07:36Z,18.300,18.300
doi:10.1016/j.robot.2016.08.014,Visual motion perception for mobile robots through dense optical flow fields,,2017,Robotics and Autonomous Systems,Andry Maykol Pinto; Paulo G. Costa; Miguel V. Correia; Anibal C. Matos; A. Paulo Moreira,10.1016/j.robot.2016.08.014,,https://doi.org/10.1016/j.robot.2016.08.014,crossref,robotics,concept,crossref_bulk_robotics,,12,,2026-06-12T19:29:26Z,18.282,18.282
title:learning robotic manipulation of granular media,Learning Robotic Manipulation of Granular Media,"In this paper, we examine the problem of robotic manipulation of granular media. We evaluate multiple predictive models used to infer the dynamics of scooping and dumping actions. These models are evaluated on a task that involves manipulating the media in order to deform it into a desired shape. Our best performing model is based on a highly-tailored convolutional network architecture with domain-specific optimizations, which we show accurately models the physical interaction of the robotic scoop with the underlying media. We empirically demonstrate that explicitly predicting physical mechanics results in a policy that out-performs both a hand-crafted dynamics baseline, and a value-network, which must otherwise implicitly predict the same mechanics in order to produce accurate value estimates.",2017,Conference on Robot Learning,Connor Schenck; Jonathan Tompson; Dieter Fox; Sergey Levine,,,https://openalex.org/W2963921646,openalex,robotics,concept,openalex_bulk_robotics,,18,,2026-06-12T18:57:17Z,18.272,18.272
arxiv:2208.10580v1,Robotic Perception in Agri-food Manipulation: A Review,"To better optimise the global food supply chain, robotic solutions are needed to automate tasks currently completed by humans. Namely, phenotyping, quality analysis and harvesting are all open problems in the field of agricultural robotics. Robotic perception is a key challenge for autonomous solutions to such problems as scene understanding and object detection are vital prerequisites to any grasping tasks that a robot may undertake. This work conducts a brief review of modern robot perception models and discusses their efficacy within the agri-food domain.",2022,arXiv,Jack Foster; Mazvydas Gudelis; Amir Ghalamzan Esfahani,,2208.10580v1,http://arxiv.org/abs/2208.10580v1,arxiv,Gaussian splatting robot perception bimanual manipulation,concept,architecture_x_embodiment,,,Gaussian splatting robot perception; bimanual manipulation,2026-06-12T15:07:36Z,18.250,18.250
doi:10.1002/advs.202402705,A Multifunctional Tactile Sensory System for Robotic Intelligent Identification and Manipulation Perception,"Abstract Humans recognize and manipulate objects relying on the multidimensional force features captured by the tactile sense of skin during the manipulation. Since the current sensors integrated in robots cannot support the robots to sense the multiple interaction states between manipulator and objects, achieving human‐like perception and analytical capabilities remains a major challenge for service robots. Prompted by the tactile perception involved in robots performing complex tasks, a multimodal tactile sensory system is presented to provide in situ simultaneous sensing for robots when approaching, touching, and manipulating objects. The system comprises a capacitive sensor owning the high sensitivity of 1.11E‐2 pF mm −1 , a triboelectricity nanogenerator with the fast response speed of 30 ms, and a pressure sensor array capable of 3D force detection. By Combining transfer learning m",2024,Advanced Science,Yue Jiang; Lin Fan; Xilong Sun; Zehe Luo; Herong Wang; Rucong Lai; Jie Wang; Qiyang Gan; Ning Li; Jindong Tian,10.1002/advs.202402705,,https://doi.org/10.1002/advs.202402705,openalex,energy based model robot learning,concept,ebm,,32,tactile perception,2026-06-12T18:05:07Z,18.248,18.248
doi:10.1108/ir-05-2017-0089,Intelligent grasping with natural human-robot interaction,"Purpose The aim of this paper is to propose a grasping method based on intelligent perception for implementing a grasp task with human conduct. Design/methodology/approach First, the authors leverage Kinect to collect the environment information including both image and voice. The target object is located and segmented by gesture recognition and speech analysis and finally grasped through path teaching. To obtain the posture of the human gesture accurately, the authors use the Kalman filtering (KF) algorithm to calibrate the posture use the Gaussian mixture model (GMM) for human motion modeling, and then use Gaussian mixed regression (GMR) to predict human motion posture. Findings In the point-cloud information, many of which are useless, the authors combined human’s gesture to remove irrelevant objects in the environment as much as possible, which can help to reduce the computation whil",2018,Industrial Robot: An International Journal,Yuliang Zhou; Mingxuan Chen; Guanglong Du; Ping Zhang; Xin Liu,10.1108/ir-05-2017-0089,,https://doi.org/10.1108/ir-05-2017-0089,crossref,analytical grasping,anti_myopia,anti_thesis,,7,human robot interaction; analytical grasping,2026-06-12T15:07:36Z,18.240,21.240
doi:10.3390/ijgi10070488,Semantic Relation Model and Dataset for Remote Sensing Scene Understanding,"A deep understanding of our visual world is more than an isolated perception on a series of objects, and the relationships between them also contain rich semantic information. Especially for those satellite remote sensing images, the span is so large that the various objects are always of different sizes and complex spatial compositions. Therefore, the recognition of semantic relations is conducive to strengthen the understanding of remote sensing scenes. In this paper, we propose a novel multi-scale semantic fusion network (MSFN). In this framework, dilated convolution is introduced into a graph convolutional network (GCN) based on an attentional mechanism to fuse and refine multi-scale semantic context, which is crucial to strengthen the cognitive ability of our model Besides, based on the mapping between visual features and semantic embeddings, we design a sparse relationship extracti",2021,ISPRS International Journal of Geo-Information,Peng Li; Dezheng Zhang; Aziguli Wulamu; Xin Liu; Peng Chen,10.3390/ijgi10070488,,https://doi.org/10.3390/ijgi10070488,crossref,3D scene understanding robot manipulation,concept,scene_understanding,,15,robot manipulation; 3D scene understanding,2026-06-12T15:07:36Z,18.236,18.236
